0	1	2	3	4	5	6	7	8	9	10
1	0	0	64.96955	0.10031325	0.18499352	0.018151247	0.024430406	0.99953674	0	0
2	0.0018208105	0.0024506934	65.069817	0.1003138	0.18499255	0.017941259	0.024198966	0.99954616	1	0
3	0.0036205664	0.0048781836	65.170085	0.10031554	0.18499159	0.017682876	0.023863277	0.99955883	2	0
4	0.0053944336	0.007272041	65.270356	0.10031417	0.18499063	0.017445193	0.023543319	0.9995706	3	0
5	0.0071444336	0.0096337695	65.370627	0.10031316	0.18498966	0.017208512	0.023256272	0.99958142	4	0
6	0.0088706738	0.01196668	65.470899	0.10031734	0.1849887	0.016962286	0.022959368	0.99959249	5	0
7	0.010572285	0.014269902	65.571175	0.10031935	0.18498773	0.016730458	0.022650225	0.99960345	6	0
8	0.012250674	0.016542158	65.671455	0.1003157	0.18498677	0.01648565	0.02235102	0.99961425	7	0
9	0.013904443	0.018784316	65.771732	0.10031677	0.1849858	0.016253981	0.02209242	0.9996238	8	0
10	0.01553499	0.021000557	65.872011	0.10031994	0.18498484	0.016048751	0.021824802	0.99963299	9	0
11	0.017145	0.02319002	65.972294	0.10032093	0.18498388	0.015849135	0.021536157	0.99964244	10	0
12	0.018735	0.025350547	66.072579	0.10032035	0.18498291	0.015649866	0.021265276	0.99965137	11	0
13	0.020305	0.027483887	66.172864	0.10032195	0.18498195	0.015450257	0.021000163	0.99966008	12	0
14	0.021855	0.029590664	66.273152	0.10032004	0.18498119	0.015251191	0.020749804	0.99966837	13	0
15	0.023385	0.031672285	66.373439	0.10031916	0.18498061	0.01505196	0.020519374	0.99967614	14	0
16	0.024895	0.033730771	66.473725	0.100323	0.18498003	0.014853099	0.020283897	0.99968392	15	0
17	0.026385107	0.035765713	66.574017	0.10032422	0.18497945	0.014669626	0.020065024	0.99969105	16	0
18	0.027856826	0.037778721	66.67431	0.10032419	0.18497888	0.014515345	0.0198465	0.99969766	17	0
19	0.029313066	0.039769805	66.774604	0.10032579	0.1849783	0.014353141	0.01962532	0.99970437	18	0
20	0.030753057	0.04173873	66.8749	0.10032524	0.18497772	0.014187158	0.019412253	0.9997109	19	0
21	0.032176387	0.04368627	66.975196	0.10032389	0.18497714	0.014021384	0.019226011	0.99971684	20	0
22	0.033583066	0.045615098	67.075492	0.1003263	0.18497656	0.013859171	0.019036905	0.99972272	21	0
23	0.034973506	0.047525	67.17579	0.10032821	0.18497598	0.013709885	0.018838171	0.99972854	22	0
24	0.036348994	0.049415	67.276091	0.10032848	0.1849754	0.013560826	0.018639845	0.99973429	23	0
25	0.037709531	0.051285107	67.376393	0.10032809	0.18497483	0.013434536	0.018456633	0.9997394	24	0
26	0.039057393	0.053136826	67.476695	0.10032958	0.18497425	0.013318409	0.018303055	0.99974378	25	0
27	0.040393623	0.054973164	67.576999	0.10032892	0.18497383	0.013189819	0.01815211	0.99974823	26	0
28	0.041716943	0.056794346	67.677302	0.10032826	0.18497353	0.013058209	0.018007587	0.99975257	27	0
29	0.043027051	0.058601016	67.777606	0.10032903	0.18497323	0.012940333	0.017862711	0.99975671	28	0
30	0.044325342	0.060393164	67.877911	0.10033133	0.18497292	0.01284134	0.01771231	0.99976066	29	0
31	0.04561373	0.062170264	67.978218	0.10033201	0.18497262	0.012728638	0.017576119	0.9997645	30	0
32	0.04689082	0.063933711	68.078526	0.1003309	0.18497232	0.012625994	0.017453088	0.99976796	31	0
33	0.048157598	0.065684795	68.178834	0.10033241	0.18497202	0.012536939	0.017327265	0.99977127	32	0
34	0.049415459	0.067423281	68.279143	0.10033178	0.18497172	0.012458568	0.017197824	0.99977448	33	0
35	0.050665449	0.06914877	68.379452	0.10032947	0.18497142	0.012376411	0.017110423	0.999777	34	0
36	0.051907168	0.070865449	68.47976	0.10033265	0.18497112	0.01227966	0.017026273	0.99977963	35	0
37	0.053139219	0.07257374	68.58007	0.1003338	0.18497091	0.0122109	0.016919792	0.99978228	36	0
38	0.054364385	0.074271367	68.680382	0.10033261	0.18497076	0.012141355	0.016843976	0.99978441	37	0
39	0.055582559	0.075961367	68.780693	0.10033466	0.18497061	0.012077842	0.016768687	0.99978645	38	0
40	0.056794385	0.077643848	68.881006	0.1003358	0.18497046	0.012009282	0.016677298	0.9997888	39	0
41	0.057999346	0.079317178	68.981321	0.10033385	0.18497031	0.011965424	0.016629346	0.99979012	40	0
42	0.059199883	0.080985664	69.081634	0.10033405	0.18497016	0.011943988	0.016576852	0.99979125	41	0
43	0.060398271	0.082648887	69.181947	0.10033519	0.18497001	0.011908424	0.016512425	0.99979274	42	0
44	0.061593105	0.084305664	69.282261	0.10033539	0.18496986	0.011874141	0.016461003	0.999794	43	0
45	0.062784502	0.085957285	69.382576	0.10033378	0.18496971	0.011826151	0.016429147	0.99979509	44	0
46	0.063971064	0.087605684	69.482889	0.1003351	0.18496955	0.01181198	0.016388149	0.99979593	45	0
47	0.065156221	0.08924999	69.583204	0.1003342	0.1849695	0.011792912	0.016382943	0.99979624	46	0
48	0.066339453	0.09089376	69.683517	0.10033418	0.1849695	0.011766051	0.016390441	0.99979644	47	0
49	0.06751999	0.092538281	69.783831	0.100335	0.1849695	0.011760699	0.016361303	0.99979698	48	0
50	0.0687	0.094179893	69.884146	0.10033357	0.1849695	0.01176077	0.016346547	0.99979722	49	0
51	0.06988	0.09582	69.984459	0.10033507	0.1849695	0.011760594	0.016345232	0.99979724	50	0
52	0.07106	0.09746	70.084774	0.10033518	0.1849695	0.011760678	0.016346285	0.99979722	51	0
53	0.07224001	0.099100107	70.185089	0.10033544	0.1849695	0.011766001	0.016361329	0.99979691	52	0
54	0.073420557	0.10074173	70.285404	0.10033425	0.1849695	0.011798259	0.016396756	0.99979595	53	0
55	0.074604326	0.10238688	70.385718	0.10033477	0.1849695	0.011843165	0.016426746	0.99979493	54	0
56	0.075792607	0.10403506	70.486032	0.10033723	0.1849695	0.011860005	0.016462842	0.99979414	55	0
57	0.076982607	0.10568689	70.586348	0.10033441	0.18496963	0.011877566	0.016498733	0.99979334	56	0
58	0.078174336	0.10734229	70.686662	0.10033199	0.18496983	0.011928075	0.016567555	0.9997916	57	0
59	0.079371104	0.10900454	70.786973	0.10033434	0.18497004	0.011987849	0.016643281	0.99978962	58	0
60	0.080573896	0.11067443	70.887286	0.10033577	0.18497024	0.012027291	0.016706307	0.9997881	59	0
61	0.081780664	0.11235067	70.987601	0.10033312	0.18497044	0.012075984	0.016760379	0.99978661	60	0
62	0.082992285	0.11403229	71.087912	0.1003329	0.18497064	0.012144532	0.016833221	0.99978455	61	0
63	0.084210781	0.11572122	71.188224	0.1003343	0.18497084	0.012212883	0.016914451	0.99978235	62	0
64	0.085436152	0.11741832	71.288536	0.10033319	0.18497104	0.012305289	0.017010997	0.99977958	63	0
65	0.086670781	0.11912509	71.388847	0.10033131	0.18497124	0.01237414	0.017117507	0.99977691	64	0
66	0.087912295	0.12084251	71.489156	0.10033019	0.18497144	0.012448156	0.017222626	0.99977419	65	0
67	0.089161221	0.12257046	71.589464	0.10033135	0.18497178	0.012529479	0.017342535	0.9997711	66	0
68	0.09041832	0.12431046	71.689772	0.10033105	0.18497218	0.012625975	0.01746367	0.99976778	67	0
69	0.091685098	0.12606261	71.79008	0.10033041	0.18497258	0.012736433	0.01757961	0.99976434	68	0
70	0.092962949	0.12782638	71.890387	0.10033068	0.18497298	0.012853005	0.017708239	0.99976058	69	0
71	0.0942525	0.12960306	71.990693	0.10033105	0.18497339	0.012952726	0.017841035	0.99975693	70	0
72	0.095552061	0.13139307	72.091	0.10033088	0.18497379	0.013040737	0.017979182	0.99975331	71	0
73	0.096860449	0.13319693	72.191306	0.10032863	0.18497419	0.01315793	0.018140482	0.99974886	72	0
74	0.098180566	0.13501694	72.29161	0.10032772	0.18497459	0.013294128	0.018306801	0.99974403	73	0
75	0.099514336	0.13685362	72.391912	0.10032921	0.18497499	0.013443924	0.01847677	0.9997389	74	0
76	0.10086315	0.13870738	72.492215	0.10032694	0.18497539	0.0135879	0.018656193	0.99973362	75	0
77	0.10222639	0.1405791	72.592515	0.10032744	0.18497594	0.013722742	0.018822256	0.99972867	76	0
78	0.10360315	0.14246749	72.692815	0.10032597	0.18497654	0.013866616	0.019017599	0.99972299	77	0
79	0.10499434	0.14437545	72.793113	0.10032518	0.18497714	0.014017796	0.01923209	0.99971677	78	0
80	0.10640067	0.14630491	72.89341	0.10032526	0.18497774	0.014170122	0.019425976	0.99971088	79	0
81	0.10782229	0.14825383	72.993706	0.100325	0.18497835	0.014342644	0.019623333	0.99970456	80	0
82	0.10926122	0.15022254	73.094002	0.10032658	0.18497895	0.014522495	0.019848169	0.99969753	81	0
83	0.11071821	0.15221384	73.194298	0.10032263	0.18497955	0.014703149	0.020051519	0.99969083	82	0
84	0.11219327	0.15422546	73.294589	0.10032021	0.18498015	0.014868601	0.020273851	0.9996839	83	0
85	0.11368489	0.15625934	73.394878	0.10032207	0.18498075	0.015051622	0.020522186	0.99967609	84	0
86	0.1151949	0.15831816	73.495168	0.10032318	0.18498135	0.015238935	0.020770472	0.99966813	85	0
87	0.11672372	0.16040192	73.595457	0.1003225	0.18498218	0.015421262	0.021027887	0.99965995	86	0
88	0.11827082	0.16251149	73.695746	0.10032033	0.18498309	0.015617745	0.021277058	0.99965163	87	0
89	0.1198376	0.16464602	73.796031	0.10032089	0.18498399	0.015828797	0.021531981	0.99964285	88	0
90	0.12142556	0.16680612	73.896316	0.10032001	0.18498489	0.016060422	0.021801133	0.99963332	89	0
91	0.12303674	0.16899321	73.996599	0.10031779	0.18498579	0.016298693	0.022080417	0.99962333	90	0
92	0.12467179	0.17120827	74.096879	0.10031553	0.1849867	0.016517804	0.022346775	0.99961382	91	0
93	0.12632878	0.17345	74.197156	0.10031516	0.1849876	0.016735538	0.022645817	0.99960347	92	0
94	0.12800761	0.17572172	74.297432	0.10031756	0.1849885	0.016950664	0.022972167	0.99959239	93	0
95	0.12970806	0.17802623	74.397708	0.10031562	0.1849894	0.017184532	0.023259888	0.99958175	94	0
96	0.13143193	0.18035956	74.497982	0.10031362	0.18499031	0.017445288	0.023547731	0.99957049	95	0
97	0.13318193	0.18272172	74.598252	0.1003139	0.18499152	0.017706724	0.023875738	0.99955811	96	0
98	0.13495816	0.18511679	74.698522	0.10031338	0.18499283	0.017955546	0.024195172	0.99954599	97	0
99	0.13675935	0.18754389	74.79879	0.10031305	0.18499413	0.018210667	0.024528584	0.99953325	98	0
100	0.13858611	0.19000442	74.899056	0.10031152	0.18499544	0.018475745	0.024883908	0.9995196	99	0
101	0.14043944	0.19250057	74.999319	0.10030997	0.18499674	0.018741905	0.025221819	0.99950618	100	0
102	0.14231944	0.19503057	75.09958	0.10030973	0.18499804	0.019008897	0.025559507	0.99949256	101	0
103	0.14422622	0.19759443	75.199839	0.10030947	0.18499935	0.019289815	0.025919883	0.9994779	102	0
104	0.14616117	0.20019444	75.300096	0.10031059	0.18500065	0.019590716	0.026286132	0.99946248	103	0
105	0.14812633	0.20283122	75.400352	0.10031164	0.18500195	0.019886464	0.026666311	0.99944657	104	0
106	0.15012117	0.20550616	75.500609	0.10030997	0.18500326	0.020188982	0.027062305	0.99942986	105	0
107	0.15214633	0.20822078	75.600861	0.10030567	0.18500497	0.020486889	0.02743226	0.99941371	106	0
108	0.15420128	0.21097239	75.701108	0.10030344	0.18500677	0.020804546	0.027816667	0.99939652	107	0
109	0.15628805	0.2137625	75.801351	0.10030523	0.18500857	0.021130132	0.028213881	0.99937855	108	0
110	0.15840751	0.2165925	75.901594	0.10030583	0.18501038	0.021434446	0.028613564	0.99936071	109	0
111	0.16055751	0.21946261	76.001836	0.10030459	0.18501218	0.021739254	0.029027796	0.99934218	110	0
112	0.16273806	0.22237423	76.102074	0.10030488	0.18501399	0.022070505	0.029460767	0.99932225	111	0
113	0.16495184	0.22532929	76.202311	0.10030357	0.18501579	0.022420124	0.02988029	0.99930201	112	0
114	0.16720065	0.22832639	76.302545	0.10030553	0.1850176	0.022763849	0.030312758	0.99928121	113	0
115	0.16948399	0.23136692	76.402778	0.10030367	0.1850194	0.023112626	0.030767992	0.99925929	114	0
116	0.17180228	0.23445307	76.503008	0.10029929	0.1850212	0.023476028	0.031206602	0.99923722	115	0
117	0.1741569	0.23758307	76.60323	0.10030149	0.18502355	0.023815308	0.03164327	0.99921546	116	0
118	0.17654562	0.24075693	76.703453	0.10030223	0.18502601	0.024182869	0.032104045	0.99919193	117	0
119	0.17897121	0.24397704	76.803674	0.10029901	0.18502846	0.024558892	0.032581096	0.99916732	118	0
120	0.18143444	0.24724489	76.90389	0.10029988	0.18503092	0.024925253	0.033063251	0.99914241	119	0
121	0.18393444	0.25056113	77.004104	0.10030294	0.18503337	0.025291157	0.033536005	0.99911746	120	0
122	0.18647122	0.25392489	77.104318	0.10030114	0.18503583	0.025672203	0.034020112	0.99909137	121	0
123	0.18904617	0.25733715	77.204528	0.10029935	0.18503828	0.026073511	0.034512896	0.99906408	122	0
124	0.19166133	0.26079877	77.304734	0.10030132	0.18504074	0.026468682	0.035024542	0.99903588	123	0
125	0.19431617	0.26431178	77.404938	0.10030066	0.18504319	0.02687087	0.035537294	0.99900704	124	0
126	0.19701134	0.26787619	77.505139	0.10029897	0.18504565	0.027272274	0.036048088	0.99897786	125	0
127	0.19974672	0.27149178	77.605336	0.1002988	0.18504875	0.027701116	0.03656175	0.99894739	126	0
128	0.20252511	0.27515888	77.705529	0.10030168	0.18505195	0.028114111	0.03708821	0.99891644	127	0
129	0.205345	0.27887889	77.805722	0.10029999	0.18505516	0.028515531	0.037621613	0.99888512	128	0
130	0.20820511	0.28265233	77.90591	0.10029855	0.18505837	0.028930815	0.03816886	0.99885241	129	0
131	0.21110683	0.28648062	78.006094	0.1002986	0.18506157	0.029375664	0.038734827	0.99881764	130	0
132	0.21405316	0.29036566	78.106274	0.10029915	0.18506478	0.029822601	0.039282485	0.99878301	131	0
133	0.21704435	0.29430566	78.206451	0.10030066	0.18506798	0.030275575	0.039830734	0.99874767	132	0
134	0.22008101	0.29830071	78.306626	0.10030039	0.18507119	0.030724892	0.040407719	0.99871077	133	0
135	0.22316272	0.30235362	78.406797	0.10029977	0.18507439	0.0311604	0.040977261	0.99867407	134	0
136	0.22628811	0.30646363	78.506964	0.10030059	0.1850776	0.031623303	0.041551467	0.99863579	135	0
137	0.22945994	0.31063127	78.607127	0.10030248	0.18508164	0.032084785	0.042160752	0.99859553	136	0
138	0.23267812	0.3148601	78.707289	0.10030167	0.18508579	0.032557641	0.042769997	0.99855432	137	0
139	0.23594371	0.31915	78.807446	0.10030079	0.18508995	0.03303306	0.043369547	0.99851284	138	0
140	0.23925695	0.3235	78.907597	0.10030229	0.18509411	0.033504093	0.043967191	0.99847101	139	0
141	0.24261749	0.32791001	79.007746	0.10030461	0.18509826	0.033996542	0.044569609	0.99842766	140	0
142	0.2460275	0.33238055	79.107893	0.10030612	0.18510242	0.034494407	0.045195049	0.99838246	141	0
143	0.2494875	0.33691389	79.208037	0.10030517	0.18510658	0.034994186	0.045827922	0.99833622	142	0
144	0.2529976	0.34151066	79.308175	0.1003063	0.18511073	0.035503069	0.046473762	0.9982884	143	0
145	0.25655878	0.34617228	79.40831	0.10030901	0.18511489	0.036017707	0.047133846	0.99823901	144	0
146	0.26017168	0.35090022	79.508442	0.10030826	0.18511904	0.036520722	0.047768861	0.99819055	145	0
147	0.26383501	0.35569184	79.608569	0.10030854	0.17998515	0.037021906	0.048416827	0.99814087	146	0
148	0.26754862	0.36054846	79.708691	0.10031146	0.17421442	0.0374889	0.049026889	0.99809366	147	0
149	0.27130919	0.36546642	79.808811	0.050155442	0.16988645	0.037699011	0.049318357	0.99807138	148	0
150	0.2732	0.36794	79.85887	0.14449644	0.16438923	0.22636588	-0.026714137	0.97367594	149	0
151	0.30590906	0.3640799	79.999563	0.14195102	0.15660458	0.40441953	-0.071101634	0.91180557	150	0
152	0.36331683	0.35398695	80.128994	0.14472455	0.14946498	0.56474636	-0.11306574	0.81748253	151	0
153	0.44504949	0.33762356	80.247304	0.15052799	0.14290245	0.67174633	-0.1431148	0.72682531	152	0
154	0.54616611	0.31608078	80.356712	0.10385838	0.13775803	0.72901887	-0.16075734	0.66534846	153	0
155	0.62188083	0.29938479	80.425814	0.10627923	0.13384137	0.75870616	-0.17105046	0.62857514	154	0
156	0.70251554	0.28120567	80.492618	0.10812027	0.13003801	0.77762452	-0.17881897	0.60276354	155	0
157	0.78659251	0.26187172	80.557789	0.1092298	0.12696707	0.78767516	-0.18457361	0.58779284	156	0
158	0.87263011	0.24171078	80.621994	0.10952674	0.12534558	0.78993607	-0.18866576	0.58344343	157	0
159	0.95914923	0.22104684	80.685896	0.10898825	0.12372332	0.7846962	-0.19120118	0.58965582	158	0
160	1.0446719	0.20020815	80.750162	0.10764541	0.12208348	0.77147932	-0.19215287	0.60654508	159	0
161	1.1277181	0.17952378	80.815454	0.10560756	0.12040943	0.74917733	-0.19134003	0.63413115	160	0
162	1.2068369	0.15931683	80.882423	0.10333397	0.11868825	0.71990807	-0.18888468	0.66787345	161	0
163	1.2812279	0.13979862	80.951437	0.051116156	0.11737118	0.70353781	-0.18719371	0.68556041	162	0
164	1.31719	0.13023	80.98648	0.11530796	0.058055311	0.60025508	-0.29518633	0.74334303	163	1
165	1.3864042	0.096192666	81.072193	0.11170273	0.052033181	0.66717017	-0.36844795	0.64740256	164	1
166	1.4609289	0.055036025	81.14451	0.054910796	0.047516581	0.72574224	-0.40840831	0.55362519	165	1
167	1.50078	0.03261	81.17491	0.10285341	0.045747725	0.89900147	-0.42492171	0.10600892	166	1
168	1.5932454	-0.011094648	81.185813	0.10306408	0.045221084	0.90430906	-0.42532116	0.036428434	167	1
169	1.6864471	-0.05492998	81.189568	0.10375022	0.044694442	0.90592385	-0.42240895	-0.029540978	168	1
170	1.7804369	-0.098755	81.186503	0.10425038	0.044167797	0.90662604	-0.41779222	-0.058982003	169	1
171	1.8749531	-0.14231	81.180354	0.10418475	0.043641156	0.90943826	-0.41287447	-0.04956527	170	1
172	1.9697027	-0.18532522	81.17519	0.10369541	0.043114514	0.91329096	-0.4072895	-0.0038575455	171	1
173	2.0644067	-0.22755928	81.17479	0.10336794	0.042587869	0.91443504	-0.4015822	0.050401438	172	1
174	2.15893	-0.26907	81.18	0.1078994	0.041732598	0.87329885	-0.23524129	0.42662707	173	1
175	2.2531584	-0.29445239	81.226033	0.10655716	0.040548698	0.82124256	-0.30388399	0.48292357	174	1
176	2.3406677	-0.32683341	81.277492	0.052562033	0.039660773	0.78502109	-0.38500397	0.48529767	175	1
177	2.38193	-0.34707	81.303	0.13030782	0.025674324	0.74893965	-0.55130328	0.3676331	176	2
178	2.4795227	-0.41890913	81.350905	0.064879036	0.022299474	0.74611627	-0.541945	0.38678952	177	2
179	2.52793	-0.45407	81.376	0.1075109	0.020464862	0.7635006	-0.23948916	0.59975976	178	2
180	2.6100146	-0.4798177	81.440481	0.10769821	0.019045538	0.76057818	-0.20130679	0.61724907	179	2
181	2.6919275	-0.50149808	81.506957	0.10783313	0.017626213	0.74868299	-0.18076278	0.63780765	180	2
182	2.7726604	-0.52099029	81.575734	0.1068108	0.016206889	0.71762409	-0.21499922	0.66241301	181	2
183	2.8493104	-0.54395453	81.646487	0.10370174	0.014787564	0.6176186	-0.35603853	0.701273	182	2
184	2.9133585	-0.58087635	81.71921	0.10790604	0.013438469	0.5762162	-0.45437689	0.67935009	183	2
185	2.9755357	-0.62990636	81.792516	0.12198972	0.012553135	0.74099922	-0.3128431	0.59417956	184	2
186	3.06593	-0.66807	81.865	0.10555185	0.012132166	0.28222524	0.0027406185	0.95934426	185	2
187	3.0957194	-0.66778072	81.966261	0.12226826	0.01165153	0.29689312	-0.16052993	0.94132068	186	2
188	3.13202	-0.68740844	82.081354	0.029792789	0.011215456	0.39976116	-0.45855265	0.7936753	187	2
189	3.14393	-0.70107	82.105	0.11136848	0.0062395574	0.63228166	0.051652152	0.77301485	188	3
190	3.2143462	-0.69531758	82.191089	0.11134636	0.0059029622	0.62493062	0.1189763	0.77156099	189	3
191	3.28393	-0.68207	82.277	0.1179025	0.0053650495	0.50041347	0.49193188	0.71245307	190	3
192	3.34293	-0.62407	82.361	0.11009784	0.0048688933	0.87142214	-0.30510823	0.38409949	191	3
193	3.4388717	-0.65766176	82.403289	0.11078081	0.0046386154	0.8541613	-0.086004047	0.51284673	192	3
194	3.5334964	-0.66718936	82.460102	0.056945982	0.0044830104	0.81539771	0.037216945	0.57770363	193	3
195	3.57993	-0.66507	82.493	0.10700024	0.0042529605	0.69896591	0.29680633	0.65065556	194	3
196	3.6547195	-0.63331165	82.56262	0.10365714	0.0039470936	0.77365223	0.33889556	0.53536159	195	3
197	3.7349141	-0.59818271	82.618114	0.14520022	0.0037065045	0.45465425	0.25559675	0.85320561	196	3
198	3.80093	-0.56107	82.742	0.10547553	0.0034057432	0.41174224	0.87660219	0.24907214	197	3
199	3.8443587	-0.46860992	82.768271	0.11109152	0.0030924925	0.6856892	0.52955791	0.49939837	198	3
200	3.920533	-0.40978053	82.82375	0.052518957	0.0028959615	0.8032838	-0.0075547498	0.59554854	199	3
201	3.80093	-0.56107	82.742	0.033925821	0.0024653344	0.27443232	0.47338517	0.83701457	197	4
202	3.57993	-0.66507	82.493	0.016951376	0.0029450974	0.6783004	0.056964403	-0.73257329	194	4
203	3.34293	-0.62407	82.361	0.11090193	0.003195061	0.63585914	0.41822898	0.64866607	191	4
204	3.413448	-0.5776876	82.432938	0.023427117	0.0026304855	0.44742988	0.45321828	0.77097321	203	4
205	3.42393	-0.56707	82.451	0.12685031	0.002516626	0.87504716	0.29168239	0.38628208	204	4
206	3.53493	-0.53007	82.5	0.10427399	0.0023310129	0.65479801	0.36639239	0.66105687	205	4
207	3.6032084	-0.4918648	82.568931	0.083940395	0.0021701356	0.69188266	0.12181716	0.7116593	206	4
208	3.42393	-0.56707	82.451	0.019241847	0.0019483237	0.55505853	0.76743134	-0.3208725	204	5
209	3.28393	-0.68207	82.277	0.05684791	0.0032685564	0.08795192	0.018154251	0.99595928	190	4
210	3.14393	-0.70107	82.105	0.082981926	0.010954656	0.20486389	-0.072304902	0.97611618	188	2
211	3.16093	-0.70707	82.186	0.10261925	0.010581036	0.87068485	-0.24813282	0.42466221	210	2
212	3.250279	-0.7325332	82.229579	0.022840253	0.010271138	0.77280128	0.064062475	0.63140651	211	2
213	3.26793	-0.73107	82.244	0.11533849	0.010033535	0.68938084	-0.28187785	0.66730723	212	2
214	3.3474421	-0.76358137	82.320966	0.097631828	0.0096341597	0.91658482	0.0052377099	0.39980599	213	2
215	3.43693	-0.76307	82.36	0.110949	0.0091781069	0.92740834	0.12542423	0.35239542	214	2
216	3.539825	-0.74915431	82.399098	0.11207677	0.0086836384	0.98920871	-0.056335462	0.13524953	215	2
217	3.6506923	-0.7554682	82.414256	0.12761496	0.0081676337	0.80897768	0.050136778	0.58569738	216	2
218	3.75393	-0.74907	82.489	0.12306909	0.0076314329	0.91005795	0.41440139	0.0081255174	217	2
219	3.86593	-0.69807	82.49	0.085052925	0.0071916366	0.56435449	0.48205279	0.67017096	218	2
220	3.91393	-0.65707	82.547	0.034641016	0.0069273964	0.80829038	0.11547005	0.57735027	219	2
221	3.94193	-0.65307	82.567	0.10091746	0.0066040999	0.65914538	-0.22364309	0.71799104	220	2
222	4.0084493	-0.67563949	82.639458	0.10090575	0.0062059378	0.3058189	-0.27639585	0.91108734	221	2
223	4.0393082	-0.70352942	82.731392	0.1110745	0.0057212492	0.38789587	-0.11502265	0.914498	222	2
224	4.0823935	-0.71630551	82.832969	0.10285038	0.0052268019	0.75326301	0.18176433	0.63210486	223	2
225	4.1598669	-0.69761098	82.897981	0.035377791	0.004969863	0.75447227	0.34696826	0.55712173	224	2
226	3.94193	-0.65307	82.567	0.019059676	0.0035044699	0.1306423	0.84184601	0.52366773	220	3
227	3.91393	-0.65707	82.547	0.022670457	0.0035698556	0.30882704	0.94746106	-0.08332706	219	3
228	3.86593	-0.69807	82.49	0.024202079	0.0037575671	0.90892243	0.37179141	0.18876219	218	3
229	3.86593	-0.69807	82.49	0.025470571	0.0037194217	0.74879309	0.46967194	-0.46767208	218	3
230	3.75393	-0.74907	82.489	0.017143747	0.0040493699	0.75674457	-0.2892454	0.5862378	217	3
231	3.43693	-0.76307	82.36	0.0456618	0.0042100074	0.83220547	-0.087600576	-0.5475036	214	3
232	3.43693	-0.76307	82.36	0.043203523	0.0047446769	0.40614454	0.52106572	0.7506911	214	3
233	3.26793	-0.73107	82.244	0.061473572	0.0045091685	0.048801459	-0.60188466	0.7970905	212	3
234	3.16093	-0.70707	82.186	0.048020829	0.0050462136	0.27071586	-0.60390461	0.74967469	210	3
235	3.06593	-0.66807	81.865	0.062144992	0.0060950578	0.59538185	-0.43446783	0.67583885	185	3
236	3.10293	-0.69507	81.907	0.12237702	0.0040608339	0.96770174	0.16485141	0.19072847	235	3
237	3.2213545	-0.67489598	81.930341	0.11437004	0.0029250289	0.96682263	0.22581067	0.11943004	236	3
238	3.10293	-0.69507	81.907	0.089734549	0.0029544965	0.19879978	0.85787553	0.47384409	235	4
239	2.52793	-0.45407	81.376	0.11903781	0.0089803146	0.546045	-0.10080831	0.83166853	178	3
240	2.59293	-0.46607	81.475	0.038931759	0.0042504987	0.47557474	-0.14716054	0.86727876	239	3
241	2.59293	-0.46607	81.475	0.01624065	0.0036773677	0.79470486	-0.49185633	0.35569866	239	4
242	2.38193	-0.34707	81.303	0.10648345	0.039151255	0.55964848	-0.79686083	0.22761019	176	1
243	2.4415233	-0.43192249	81.327237	0.10774386	0.038724169	0.49860419	-0.84419467	0.19679739	242	1
244	2.4952448	-0.52287929	81.34844	0.1090646	0.038297081	0.45113315	-0.87666579	0.16714059	243	1
245	2.5444475	-0.61849249	81.36667	0.10868141	0.037869995	0.45386114	-0.87769284	0.15383544	244	1
246	2.5937738	-0.71388139	81.383389	0.10646125	0.037442909	0.51110321	-0.84488479	0.15793415	245	1
247	2.6481865	-0.80382888	81.400202	0.10391257	0.037015823	0.61613123	-0.76747353	0.17710643	246	1
248	2.7122102	-0.88357902	81.418606	0.10334173	0.036588736	0.71335914	-0.6724387	0.19734473	247	1
249	2.78593	-0.95307	81.439	0.10407962	0.025590387	0.88801811	-0.40651438	0.21487183	248	2
250	2.8783546	-0.99537986	81.461364	0.10415779	0.025164188	0.92768716	-0.30928653	0.20913724	249	2
251	2.9749804	-1.0275945	81.483147	0.10549485	0.024737987	0.95856826	-0.19883006	0.20399387	250	2
252	3.0761044	-1.04857	81.504667	0.10718386	0.024311786	0.97159067	-0.1181209	0.20508295	251	2
253	3.1802433	-1.0612307	81.526649	0.10828969	0.023885586	0.97420009	-0.070879303	0.21426693	252	2
254	3.2857391	-1.0689062	81.549852	0.10834884	0.023459386	0.97105329	-0.055397328	0.23235027	253	2
255	3.3909516	-1.0749084	81.575027	0.10749846	0.023033185	0.96432692	-0.065717146	0.25642708	254	2
256	3.4946153	-1.0819729	81.602592	0.053456254	0.022713535	0.95993869	-0.076644154	0.26952438	255	2
257	3.54593	-1.08607	81.617	0.11133741	0.022258799	0.92198426	0.012440103	0.38702747	256	2
258	3.6485813	-1.084685	81.660091	0.11182073	0.021562427	0.90070844	0.042591892	0.43233116	257	2
259	3.7492992	-1.0799223	81.708434	0.11158993	0.020866055	0.88915653	0.0073913897	0.45754348	258	2
260	3.8485201	-1.0790975	81.759491	0.055640918	0.020343776	0.88801327	-0.035450705	0.45844922	259	2
261	3.89793	-1.08107	81.785	0.10458211	0.019990308	0.86845649	-0.2518007	0.42705941	260	2
262	3.988755	-1.1074038	81.829663	0.10480423	0.01963156	0.85464303	-0.29928942	0.42427719	261	2
263	4.0783252	-1.1387706	81.874129	0.10511557	0.019272812	0.84532511	-0.33241362	0.41824233	262	2
264	4.167182	-1.1737125	81.918093	0.10510346	0.018914064	0.85292987	-0.32360061	0.40962578	263	2
265	4.2568279	-1.207724	81.961146	0.10616072	0.018555315	0.88930584	-0.24743062	0.38459487	264	2
266	4.3512373	-1.2339914	82.001975	0.11191699	0.018028179	0.94089042	-0.059875922	0.3333768	265	2
267	4.4565389	-1.2406926	82.039285	0.11401178	0.017164267	0.91520664	0.12245608	0.38392878	266	2
268	4.5608832	-1.2267311	82.083057	0.1060273	0.016482269	0.78957133	0.17649135	0.58773117	267	2
269	4.6445993	-1.2080182	82.145373	0.10272403	0.016150573	0.67567852	0.19869026	0.709916	268	2
270	4.7140078	-1.187608	82.218298	0.10193232	0.015818875	0.67071607	0.29137392	0.68208592	269	2
271	4.7823754	-1.1579076	82.287825	0.10249133	0.015494434	0.69217754	0.39693516	0.60277088	270	2
272	4.8533176	-1.1172251	82.349604	0.10327108	0.015177252	0.69607563	0.46019026	0.55109313	271	2
273	4.9252021	-1.0697008	82.406516	0.10355607	0.01486007	0.69857457	0.48839482	0.52293792	272	2
274	4.9975437	-1.0191246	82.460669	0.10366091	0.014542886	0.7110309	0.49106577	0.50327872	273	2
275	5.0712498	-0.96822022	82.51284	0.10467271	0.014225703	0.74349406	0.46636021	0.47929609	274	2
276	5.1490734	-0.91940504	82.563009	0.10890086	0.013790543	0.80766605	0.40691747	0.4267244	275	2
277	5.2370289	-0.87509138	82.609479	0.11114455	0.013119428	0.84109578	0.32802036	0.43007039	276	2
278	5.3305121	-0.8386337	82.657279	0.10000279	0.012361278	0.77611877	0.25031118	0.57877799	277	2
279	5.4081262	-0.81360188	82.715159	0.099791654	0.01167948	0.80972551	0.20574751	0.5495567	278	2
280	5.48893	-0.79307	82.77	0.094720642	0.011223233	0.90793304	0.31672083	0.27449138	279	2
281	5.57493	-0.76307	82.796	0.14040687	0.010831522	0.86922986	0.22702271	0.43920399	280	2
282	5.6969758	-0.73119445	82.857667	0.11275826	0.010411026	0.87848557	0.40679306	0.25056438	281	2
283	5.7960323	-0.68532518	82.88592	0.11829289	0.010061136	0.80131998	0.55033577	0.23455667	282	2
284	5.8908228	-0.62022437	82.913667	0.11682368	0.0096950346	0.73069602	0.60335761	0.31944157	283	2
285	5.9761854	-0.54973791	82.950985	0.11014421	0.0093132069	0.66367496	0.54816437	0.5089709	284	2
286	6.0492854	-0.48936078	83.007045	0.10676936	0.0088999258	0.58507121	0.43830808	0.68233255	285	2
287	6.111753	-0.44256291	83.079898	0.10678155	0.008470918	0.57291709	0.36984771	0.73142237	286	2
288	6.17293	-0.40307	83.158	0.073769913	0.0079367347	0.962452	0.013555662	0.27111324	287	2
289	6.24393	-0.40207	83.178	0.13700587	0.0036093046	0.3400761	0.32401098	0.88281659	288	3
290	6.24393	-0.40207	83.178	0.0990992	0.0074035473	0.65064795	-0.0068721583	0.75934842	288	2
291	6.3084087	-0.40275103	83.253251	0.10770202	0.0069267543	0.10500144	0.14144911	0.98436114	290	2
292	6.3197176	-0.38751667	83.359269	0.046154222	0.0065758608	0.50293214	-0.20698713	0.83917554	291	2
293	6.34293	-0.39707	83.398	0.13930183	0.0063058871	0.3302182	0.53839924	0.77529491	292	2
294	6.38893	-0.32207	83.506	0.033970576	0.0059644352	-0.20606068	0.35324689	0.91255445	293	2
295	6.38193	-0.31007	83.537	0.089330846	0.0056491121	0.51493971	0.55971708	0.64927181	294	2
296	6.42793	-0.26007	83.595	0.10968015	0.0052848553	0.75054774	-0.33931246	0.56704951	295	2
297	6.5102502	-0.29728584	83.657194	0.048282636	0.0049612282	0.8218237	-0.28548897	0.4930536	296	2
298	6.42793	-0.26007	83.595	0.089565144	0.0029905187	0.12102857	0.14434326	0.98209832	295	3
299	6.38193	-0.31007	83.537	0.060507769	0.003122897	-0.18212666	0.39733534	0.89941898	294	3
300	6.38893	-0.32207	83.506	0.06967276	0.0031586648	0.2051412	0.95461727	0.21592347	293	3
301	6.34293	-0.39707	83.398	0.017426471	0.0034782475	0.019564346	-0.88596361	0.4633419	292	3
302	6.17293	-0.40307	83.158	0.085099428	0.003962132	0.19016588	0.93095146	-0.31171511	287	3
303	5.57493	-0.76307	82.796	0.10464694	0.0050396842	-0.099136542	0.9946178	0.030122864	280	3
304	5.5645557	-0.65898629	82.799152	0.023483286	0.0032346763	-0.0078126544	0.98168516	-0.19035023	303	3
305	5.48893	-0.79307	82.77	0.14803117	0.0062525729	-0.094413312	0.13862249	0.98583464	279	3
306	5.4749539	-0.77254955	82.915934	0.10922748	0.0057466691	-0.34462614	0.080578142	0.93527535	305	3
307	5.4373112	-0.7637482	83.018092	0.1095472	0.0054456268	-0.21266063	-0.051141804	0.97578685	306	3
308	5.4140149	-0.76935064	83.124987	0.1395018	0.0051428282	0.11114496	-0.19557375	0.97437041	307	3
309	5.4295198	-0.79663354	83.260913	0.13116779	0.0047950036	0.12822005	-0.10095528	0.98659396	308	3
310	5.4463381	-0.80987562	83.390323	0.10274874	0.0045671081	-0.061756479	0.032181527	0.9975723	309	3
311	5.4399927	-0.806569	83.492822	0.0523277	0.0044580446	-0.058529701	0.047756808	0.9971427	310	3
312	5.43693	-0.80407	83.545	0.048518038	0.0042538492	0.96871189	-0.020610891	0.24733069	311	3
313	5.48393	-0.80507	83.557	0.10765944	0.0040108568	0.55200059	-0.12984085	0.82367269	312	3
314	5.5433581	-0.81904859	83.645676	0.053519319	0.0038981294	0.55254671	-0.09382418	0.82818425	313	3
315	5.57293	-0.82407	83.69	0.1054874	0.0036658876	0.62644664	0.48096348	0.61338303	314	3
316	5.6390122	-0.77333441	83.754704	0.1192606	0.003336332	0.37117966	-0.050187001	0.92720382	315	3
317	5.6832793	-0.77931975	83.865283	0.13632152	0.0030435438	0.23951218	-0.15221555	0.95888703	316	3
318	5.71593	-0.80007	83.996	0.047598933	0.002838217	0.28414502	-0.39611576	0.87312881	317	3
319	5.57293	-0.82407	83.69	0.10958128	0.0026574536	0.4034892	-0.3560485	0.84286768	314	4
320	5.6171449	-0.86308625	83.782363	0.11115427	0.0023313434	0.56484683	-0.035839829	0.8244171	319	4
321	5.67993	-0.86707	83.874	0.032554074	0.0017732258	0.4446736	-0.76657072	0.46328687	320	5
322	5.67993	-0.86707	83.874	0.09778838	0.0021631936	0.075570353	-0.029407212	0.99670675	320	4
323	5.48393	-0.80507	83.557	0.10689177	0.0026521931	0.39062657	0.44288966	0.80700659	312	4
324	5.5256848	-0.75772874	83.643262	0.077844096	0.002170809	0.43072157	0.70489914	0.56355668	323	4
325	5.43693	-0.80407	83.545	0.097985853	0.0028084741	-0.33588813	-0.88944281	0.30995267	311	4
326	5.4040177	-0.89122281	83.575371	0.13951411	0.0022178948	-0.015992936	-0.99686384	0.077502941	325	4
327	3.89793	-1.08107	81.785	0.079233831	0.0090266204	0.56793922	0.66890619	0.47959312	260	3
328	3.94293	-1.02807	81.823	0.01939483	0.0038532009	0.82467208	0.38752273	0.41199768	327	4
329	3.94293	-1.02807	81.823	0.024184703	0.0052641994	0.55771308	0.78581439	-0.26730482	327	3
330	3.94293	-1.02807	81.823	0.017080143	0.0038012838	-0.28642544	0.93690667	-0.20041548	327	4
331	3.54593	-1.08607	81.617	0.10200926	0.012684395	0.69226164	-0.043443512	0.72033775	256	3
332	3.6165471	-1.0905016	81.690481	0.103903	0.011916441	0.55068798	-0.045524731	0.83346881	331	3
333	3.6737652	-1.0952318	81.777081	0.13987005	0.010788293	0.37433302	-0.26526589	0.88854308	332	3
334	3.7261232	-1.1323346	81.901362	0.042662451	0.0096839268	0.20642947	-0.50947493	0.83535751	333	3
335	3.73493	-1.15407	81.937	0.10371727	0.0092496588	0.28055482	0.14921566	0.94816859	334	3
336	3.7640284	-1.1385938	82.035341	0.1039029	0.0091015129	0.29360815	0.20623372	0.93341411	335	3
337	3.7945351	-1.1171655	82.132326	0.10403288	0.0089533671	0.32804861	0.24738751	0.91169267	336	3
338	3.828663	-1.091429	82.227172	0.052009801	0.0088422573	0.35122305	0.25685626	0.90037061	337	3
339	3.84693	-1.07807	82.274	0.13314678	0.008510149	0.55109651	0.25347554	0.79501119	338	3
340	3.9203067	-1.0443205	82.379853	0.11581736	0.0081307105	0.37413821	0.089844872	0.92301056	339	3
341	3.9636384	-1.033915	82.486754	0.11059282	0.0079619771	0.20630665	-0.043498881	0.97752003	340	3
342	3.9864545	-1.0387256	82.594861	0.11056924	0.0077932438	0.1550673	-0.067897129	0.98556791	341	3
343	4.0036001	-1.0462329	82.703834	0.11053482	0.0076245104	0.14773502	-0.05280735	0.98761619	342	3
344	4.01993	-1.05207	82.813	0.11285543	0.0073093353	0.11741377	0.10293339	0.98773414	343	3
345	4.0331808	-1.0404534	82.924471	0.056422677	0.0069631226	0.1196189	0.13085888	0.98415815	344	3
346	4.03993	-1.03307	82.98	0.061181142	0.0038676736	0.92089722	0.021689882	0.38920158	345	4
347	4.03993	-1.03307	82.98	0.10573963	0.0067405302	0.22022328	0.3271952	0.91893689	345	3
348	4.0632163	-0.9984725	83.077168	0.10560941	0.0065261538	0.24347899	0.31628337	0.91688757	347	3
349	4.08893	-0.96507	83.174	0.045749317	0.0062748894	0.41530675	-0.524598	0.74318049	348	3
350	4.10793	-0.98907	83.208	0.12069068	0.006007663	0.54614304	0.43911583	0.71337582	349	3
351	4.1738444	-0.93607281	83.294098	0.037715017	0.0058380309	0.53256306	0.21219167	0.81936029	350	3
352	4.19393	-0.92807	83.325	0.12943724	0.0035328377	0.55625412	-0.28585281	0.78030092	351	4
353	4.19393	-0.92807	83.325	0.12311075	0.0056754249	0.41272289	0.67746387	0.60885345	351	3
354	4.2447406	-0.84466691	83.399956	0.11752954	0.0054185561	0.23984928	0.5240973	0.81718685	353	3
355	4.27293	-0.78307	83.496	0.072256488	0.0030539656	0.38750846	0.91341279	-0.12455629	354	4
356	4.27293	-0.78307	83.496	0.047191101	0.0051853087	0.69928439	-0.14833305	0.69928439	354	3
357	4.30593	-0.79007	83.529	0.10395191	0.0031208507	0.87540477	-0.48099163	-0.048099163	356	4
358	4.30593	-0.79007	83.529	0.13684097	0.0033123983	0.77676976	-0.11482921	0.61922774	356	4
359	4.4122239	-0.80578334	83.613736	0.11855678	0.0025575462	0.80323278	-0.53995555	0.25152555	358	4
360	4.5074526	-0.86979873	83.643556	0.11122083	0.0022011154	0.7699768	-0.63008865	0.1006182	359	4
361	4.30593	-0.79007	83.529	0.11249084	0.0049730067	0.43862044	0.47821967	0.76086665	356	3
362	4.3552708	-0.73627467	83.614591	0.080415255	0.0047485438	0.67971206	0.10202875	0.72634816	361	3
363	4.40993	-0.72807	83.673	0.049859803	0.004585538	0.98275558	-0.12033742	0.14039365	362	3
364	4.45893	-0.73407	83.68	0.065882624	0.0027598695	0.77268276	0.58293716	0.25128793	363	4
365	4.45893	-0.73407	83.68	0.045617979	0.0044753053	0.89876845	-0.35073891	0.26305418	363	3
366	4.49993	-0.75007	83.692	0.10165136	0.0043435934	0.82635388	-0.18691338	0.5312275	365	3
367	4.58393	-0.76907	83.746	0.099094761	0.0041272006	0.81639679	0.097398486	0.56921861	366	3
368	4.6648306	-0.75941832	83.802407	0.097428185	0.0038551374	0.75344358	-0.45440882	0.47522142	367	3
369	4.7382373	-0.80369055	83.848707	0.079187709	0.0036323973	0.66541532	-0.37101027	0.64774519	368	3
370	4.79093	-0.83307	83.9	0.021907928	0.002425885	0.41376288	-0.887621	-0.20230975	369	4
371	4.79093	-0.83307	83.9	0.1278559	0.003399983	0.63696493	-0.2086136	0.7421294	369	3
372	4.8723697	-0.85974248	83.994886	0.052865859	0.0032088766	0.8996406	-0.17643749	0.39939529	371	3
373	4.91993	-0.86907	84.016	0.11384038	0.0030023885	0.63860233	0.50936573	0.57683067	372	3
374	4.91993	-0.86907	84.016	0.019408992	0.0022758181	0.94230446	0.31285435	-0.11909851	372	4
375	4.58393	-0.76907	83.746	0.021197172	0.0028498446	0.98469984	0.1565915	-0.076454775	366	4
376	4.49993	-0.75007	83.692	0.07751774	0.0028437237	0.51601092	-0.68371446	0.51601092	365	4
377	4.40993	-0.72807	83.673	0.057879185	0.0029002233	0.65654	-0.25916053	0.70837211	362	4
378	4.27293	-0.78307	83.496	0.10001108	0.0036460319	0.50324229	0.77069508	0.39086607	354	4
379	4.3232598	-0.70599195	83.535091	0.029669275	0.0032452858	0.69668691	0.70517238	0.13175457	378	4
380	4.34393	-0.68507	83.539	0.037936386	0.0022546579	0.51452911	0.59590712	0.6165667	379	5
381	4.34393	-0.68507	83.539	0.08807951	0.0030639671	0.60172905	0.79473649	-0.079473649	379	4
382	4.39693	-0.61507	83.532	0.091596943	0.0029186305	0.70963067	0.15284353	0.68779588	381	4
383	4.46193	-0.60107	83.595	0.1213554	0.0027395444	0.79511294	0.54814464	0.25948577	382	4
384	4.5584213	-0.53454969	83.62649	0.028126983	0.0025994311	0.83580775	0.2659257	0.4803217	383	4
385	4.58193	-0.52707	83.64	0.11078506	0.0024853446	0.7759966	0.60889356	0.16455367	384	4
386	4.6678988	-0.45961369	83.65823	0.11683671	0.002300852	0.66147207	0.56320792	0.49522877	385	4
387	4.745183	-0.39381033	83.716091	0.056276539	0.0021516278	0.72404867	0.26192677	0.63808142	386	4
388	4.58193	-0.52707	83.64	0.025154094	0.0018983058	0.51840467	0.03758086	0.85430924	384	5
389	4.46193	-0.60107	83.595	0.02873861	0.0020786713	0.3782504	0.86803819	0.32161519	382	5
390	4.46193	-0.60107	83.595	0.066912198	0.0020595685	0.61683563	-0.11642414	0.77843383	382	5
391	4.39693	-0.61507	83.532	0.023012606	0.0021334971	0.84979241	0.52039414	0.083921397	381	5
392	4.10793	-0.98907	83.208	0.11052602	0.0034639743	-0.25333402	-0.12666701	0.95905023	349	4
393	4.07993	-1.00307	83.314	0.13714538	0.0022197989	0.12591473	0.082602098	0.98859616	392	4
394	4.07993	-1.00307	83.314	0.089604866	0.0018019696	-0.35567962	-0.44267441	0.82312294	392	5
395	4.08893	-0.96507	83.174	0.13247404	0.0038942373	-0.5587433	-0.11667527	0.82109245	348	4
396	4.014911	-0.98052645	83.282773	0.10215521	0.0026394119	-0.59694473	-0.3968819	0.69723866	395	4
397	3.95393	-1.02107	83.354	0.096648849	0.002203925	-0.4759498	-0.13450755	0.86912572	396	4
398	3.95393	-1.02107	83.354	0.026689057	0.0018153256	-0.47153866	0.60146155	0.64489945	396	5
399	4.01993	-1.05207	82.813	0.10667561	0.0043432226	-0.60625203	-0.59875357	0.52340485	343	4
400	3.9552577	-1.1159424	82.868835	0.10491634	0.0026131528	-0.22234569	-0.47778638	0.84987209	399	4
401	3.93193	-1.16607	82.958	0.048506136	0.002138373	-0.50152844	-0.50393471	0.70322047	400	4
402	3.84693	-1.07807	82.274	0.090410176	0.0054137159	0.16591053	0.38712456	0.90697755	338	4
403	3.86193	-1.04307	82.356	0.10804465	0.0031804774	0.49964008	0.75427728	0.4259408	402	4
404	3.9159134	-0.96157438	82.402021	0.032051191	0.0021078639	0.12531711	0.9517392	0.2801573	403	4
405	3.86193	-1.04307	82.356	0.023536892	0.0028468294	-0.092102752	0.46145809	0.88236813	402	5
406	3.73493	-1.15407	81.937	0.10076363	0.0055956905	-0.047159216	-0.71886826	0.69354484	334	4
407	3.7301781	-1.2265058	82.006884	0.03306868	0.0035629792	-0.078293495	-0.82717143	0.55646883	406	4
408	2.78593	-0.95307	81.439	0.1046148	0.036082408	0.53172103	-0.58163452	0.61560867	248	1
409	2.8415559	-1.0139176	81.503402	0.10474806	0.035496837	0.50623681	-0.52194414	0.68651191	408	1
410	2.8945832	-1.0685902	81.575313	0.10593227	0.034911265	0.47871178	-0.45078138	0.75341302	409	1
411	2.9452942	-1.1163425	81.655123	0.10729372	0.034325694	0.46588397	-0.39662562	0.79097424	410	1
412	2.9952807	-1.1588979	81.73999	0.10803762	0.033740122	0.4718844	-0.36401255	0.80300684	411	1
413	3.0462619	-1.198225	81.826745	0.10787903	0.033154551	0.49773986	-0.35285744	0.79230465	412	1
414	3.0999576	-1.2362909	81.912218	0.10704151	0.03256898	0.54144392	-0.36126146	0.75916312	413	1
415	3.1579146	-1.2749609	81.99348	0.1063484	0.031983409	0.58313431	-0.37714824	0.71952316	414	1
416	3.21993	-1.31507	82.07	0.1090204	0.031220987	0.78500384	-0.34109064	0.51713262	415	1
417	3.3055114	-1.3522558	82.126378	0.11037676	0.030281713	0.84464864	-0.31239831	0.43471366	416	1
418	3.398741	-1.3867374	82.17436	0.11124584	0.02934244	0.85939645	-0.32074848	0.39819362	417	1
419	3.4943453	-1.4224193	82.218658	0.10995785	0.028403167	0.81083655	-0.3805876	0.4446315	418	1
420	3.5835031	-1.4642679	82.267548	0.10906097	0.027662157	0.73911042	-0.44145714	0.50875474	419	1
421	3.6641112	-1.5124136	82.323034	0.10900643	0.027119413	0.69070146	-0.47710517	0.54341711	420	1
422	3.7394021	-1.5644212	82.38227	0.10907066	0.026576669	0.65896958	-0.50546442	0.55701419	421	1
423	3.8112764	-1.6195525	82.443024	0.10903396	0.026033923	0.63148566	-0.53723122	0.55911401	422	1
424	3.8801298	-1.6781289	82.503986	0.10893061	0.025491177	0.60822515	-0.5697403	0.55268269	423	1
425	3.9463841	-1.7401911	82.56419	0.054443877	0.025084118	0.59778822	-0.58553703	0.54753596	424	1
426	3.97893	-1.77207	82.594	0.10569014	0.024229976	0.23429115	-0.88474548	0.40290582	425	1
427	4.0036923	-1.8655789	82.636583	0.053295158	0.023152292	0.21085845	-0.89109639	0.40185313	426	1
428	4.01493	-1.91307	82.658	0.12082218	0.022397192	0.57936381	-0.43866117	0.68695994	427	1
429	4.08493	-1.96607	82.741	0.10275634	0.015365235	0.52195838	-0.65441951	0.5470782	428	2
430	4.1385645	-2.0333158	82.797216	0.10280245	0.014881531	0.5139355	-0.66869997	0.53731801	429	2
431	4.1913984	-2.1020597	82.852453	0.10280767	0.014397827	0.51515527	-0.67976121	0.52205339	430	2
432	4.2443603	-2.1719444	82.906124	0.10272824	0.013914122	0.53234872	-0.68028246	0.50380614	431	2
433	4.2990475	-2.2418286	82.95788	0.10267444	0.013430418	0.55400818	-0.67437783	0.48814904	432	2
434	4.35593	-2.31107	83.008	0.10947098	0.0065110683	0.24554283	-0.10658941	0.96350787	433	3
435	4.3828098	-2.3227384	83.113476	0.078639553	0.0043314577	0.23200234	-0.27175639	0.93398254	434	3
436	4.35593	-2.31107	83.008	0.042190046	0.01207548	0.85328183	0	-0.52145001	433	2
437	4.39193	-2.31107	82.986	0.100191	0.006125512	0.90035539	0.43362489	-0.036464141	436	3
438	4.4821375	-2.2676247	82.982347	0.13268529	0.0055967709	0.91218343	0.39938954	0.09170269	437	3
439	4.6031708	-2.2146316	82.994514	0.063861709	0.0047532452	0.87312367	0.19669959	0.44605417	438	3
440	4.65893	-2.20207	83.023	0.10241902	0.0027917191	0.76664339	-0.50747704	0.39335096	439	4
441	4.7374489	-2.2540453	83.063287	0.051473151	0.0022799846	0.81937514	-0.52708589	0.22539929	440	4
442	4.65893	-2.20207	83.023	0.067535176	0.0041606881	0.20729938	-0.044421295	0.9772685	439	3
443	4.67293	-2.20507	83.089	0.019686454	0.0027728388	0.97275009	0.23164723	0.0098398085	442	4
444	4.67293	-2.20507	83.089	0.098797773	0.0039600386	0.76924811	-0.040486742	0.63766619	442	3
445	4.74893	-2.20907	83.152	0.041939725	0.0026227276	0.71418155	-0.35911563	0.60081667	444	4
446	4.74893	-2.20907	83.152	0.062593929	0.0037737579	-0.079879951	0.11183193	0.99051139	444	3
447	4.74393	-2.20207	83.214	0.13669136	0.0025302868	0.54984614	0.39891162	0.73385199	446	4
448	4.8190892	-2.1475422	83.314311	0.039035065	0.0021832266	0.56291836	0.46351004	0.68431087	447	4
449	4.74393	-2.20207	83.214	0.11207836	0.0036198977	0.25205964	-0.25983287	0.93217639	446	3
450	4.7721804	-2.2311916	83.318477	0.1210271	0.0033678058	0.14665782	-0.33776204	0.9297356	449	3
451	4.78993	-2.27207	83.431	0.10257166	0.0030930581	-0.041991224	0.17136372	0.98431256	450	3
452	4.7856229	-2.2544929	83.531963	0.052078324	0.0029016435	0.42833769	0.027323065	0.90320555	451	3
453	4.39193	-2.31107	82.986	0.13137829	0.010767058	0.36924413	-0.92868493	-0.034685292	436	2
454	4.4404407	-2.433079	82.981443	0.1484393	0.010371433	0.29333658	-0.81136886	-0.50560283	453	2
455	4.4839833	-2.5535181	82.906392	0.05131583	0.010104383	0.29126802	-0.75126786	-0.59224956	454	2
456	4.49893	-2.59207	82.876	0.098721831	0.0096979035	0.49634411	-0.48621464	-0.71919249	455	2
457	4.54793	-2.64007	82.805	0.066670833	0.0092002299	0.44997188	-0.43497282	-0.77995125	456	2
458	4.57793	-2.66907	82.753	0.10181625	0.008888939	0.50522934	-0.40324185	-0.76298055	457	2
459	4.6293706	-2.7101266	82.675316	0.11265043	0.0085221645	0.7280942	-0.24666504	-0.63955859	458	2
460	4.7113907	-2.7379135	82.60327	0.12087502	0.0080699974	0.91602742	-0.23070632	-0.32812858	459	2
461	4.8221155	-2.7658001	82.563607	0.1305927	0.0075866648	0.94809649	-0.31601975	-0.035278236	460	2
462	4.94593	-2.80707	82.559	0.045662072	0.0038457966	0.8218117	0.5669982	-0.056022972	461	3
463	4.94593	-2.80707	82.559	0.072187256	0.0071455528	0.54026156	-0.78961305	0.29091007	461	2
464	4.98493	-2.86407	82.58	0.11178551	0.0066732998	0.75143908	-0.64409064	0.14313125	463	2
465	5.06893	-2.93607	82.596	0.066648331	0.0062511042	0.60016507	-0.73520221	0.31508666	464	2
466	5.10893	-2.98507	82.617	0.10374355	0.0058931496	0.78702128	-0.26274921	0.55817591	465	2
467	5.1905784	-3.0123285	82.674907	0.10130298	0.0055006911	0.46742572	-0.55024504	0.69191299	466	2
468	5.23793	-3.06807	82.745	0.10940592	0.005177975	-0.12680147	-0.1178989	0.98489656	467	2
469	5.2240572	-3.0809688	82.852754	0.054949972	0.0049653308	-0.12970285	-0.092832842	0.98719767	468	2
470	5.10893	-2.98507	82.617	0.017828023	0.0032472334	0.92991221	-0.20107258	-0.30794984	465	3
471	5.06893	-2.93607	82.596	0.047602521	0.0033777024	-0.44115311	-0.86129892	0.25208749	464	3
472	4.98493	-2.86407	82.58	0.038774496	0.0036651246	0.2124947	-0.55676397	0.80303168	463	3
473	4.57793	-2.66907	82.753	0.11149806	0.0046728786	-0.062689924	-0.97365626	-0.21923378	457	3
474	4.5709402	-2.7776308	82.728556	0.12215742	0.0035212191	-0.27496186	-0.87508625	-0.39827131	473	3
475	4.5373516	-2.8845291	82.679904	0.053108776	0.002855147	0.041036062	-0.99912278	-0.0083496088	474	3
476	4.54793	-2.64007	82.805	0.1181736	0.0051708519	-0.2200153	-0.97314458	0.067697015	456	3
477	4.52193	-2.75507	82.813	0.032519288	0.0032360719	0.0002594614	-0.068680393	-0.99763868	476	4
478	4.52193	-2.75507	82.813	0.14362103	0.0048124813	-0.43865443	-0.88427162	-0.16014368	476	3
479	4.45893	-2.88207	82.79	0.048991834	0.0028340423	0.28232942	-0.95885559	0.0297666	478	4
480	4.45893	-2.88207	82.79	0.086637174	0.0045675544	-0.56557708	-0.092339115	0.81950964	478	3
481	4.40993	-2.89007	82.861	0.059539903	0.0043336942	-0.40309102	-0.62143199	0.67181836	480	3
482	4.38593	-2.92707	82.901	0.092547285	0.0041581633	-0.075637011	-0.86442298	0.49704321	481	3
483	4.37893	-3.00707	82.947	0.03180558	0.0027204086	0.67338812	-0.034978139	0.73846122	482	4
484	4.37893	-3.00707	82.947	0.11011358	0.0039540716	0.045407661	0	0.99896854	482	3
485	4.38393	-3.00707	83.057	0.12116518	0.0036676365	0.33838105	0.016506393	0.94086439	484	3
486	4.42493	-3.00507	83.171	0.10300971	0.0034418791	0.68925542	-0.59217719	0.41743638	485	3
487	4.49593	-3.06607	83.214	0.085174232	0.0032163417	-0.40377942	-0.9130134	0.058040611	486	3
488	4.4615384	-3.1438352	83.218944	0.11447965	0.0029419824	-0.19227284	-0.38082163	0.90443686	487	3
489	4.38393	-3.00707	83.057	0.022253298	0.0025304519	0.42674855	-0.62421929	0.6543974	484	4
490	4.38393	-3.00707	83.057	0.015212005	0.0025562193	-0.48723854	-0.16118027	0.85826542	484	4
491	4.38593	-2.92707	82.901	0.043207292	0.0027684291	-0.67665354	0.11803563	0.7267789	481	4
492	4.40993	-2.89007	82.861	0.10746644	0.0028464921	-0.40924693	-0.86572373	-0.28816553	480	4
493	4.49893	-2.59207	82.876	0.12949856	0.0051731405	-0.89231784	-0.43893133	-0.10539526	455	3
494	4.3833761	-2.648911	82.862351	0.082550513	0.0038341682	-0.92551133	-0.37828306	0.018185125	493	3
495	4.08493	-1.96607	82.741	0.1086994	0.021779626	0.18807871	-0.022556562	0.9818949	428	1
496	4.105374	-1.9685219	82.847731	0.10917397	0.021336239	0.14368221	-0.0070776513	0.98959857	495	1
497	4.1210604	-1.9692946	82.95577	0.054669076	0.021003699	0.12565787	-0.014183886	0.99197224	496	1
498	4.12793	-1.97007	83.01	0.11199107	0.020353639	0.11608068	-0.3750299	0.91971618	497	1
499	4.14093	-2.01207	83.113	0.10618076	0.019627323	0.079787476	-0.09230556	0.99252891	498	1
500	4.1494019	-2.0218711	83.218387	0.10621915	0.019253116	0.075399101	-0.06847926	0.99479926	499	1
501	4.1574107	-2.0291449	83.324054	0.10625507	0.018878909	0.062162473	-0.049407383	0.99684238	500	1
502	4.1640158	-2.0343947	83.429974	0.10624298	0.018504701	0.046254341	-0.044006031	0.99795992	501	1
503	4.16893	-2.03907	83.536	0.063095166	0.010927968	0.25358519	0.79245373	0.55471761	502	2
504	4.18493	-1.98907	83.571	0.033256578	0.0072379735	0.12027696	0.030069239	0.99228489	503	2
505	4.18893	-1.98807	83.604	0.11263418	0.0054064062	0.81081355	-0.022852604	0.58485823	504	2
506	4.2802553	-1.990644	83.669875	0.080947166	0.0050234517	0.67013112	0.31475537	0.67220037	505	2
507	4.18893	-1.98807	83.604	0.050758601	0.0031041541	0.12803249	0.22789857	0.9652305	504	3
508	4.18493	-1.98907	83.571	0.03161588	0.0043530559	-0.66288879	0.60462594	0.44159474	503	3
509	4.16893	-2.03907	83.536	0.069371787	0.0090110413	-0.78491923	-0.36782981	0.49860107	502	2
510	4.16893	-2.03907	83.536	0.041340053	0.017672159	-0.43541308	0.096758463	0.89501578	502	1
511	4.15093	-2.03507	83.573	0.13606249	0.016782221	0.13964172	-0.1028939	0.98484163	510	1
512	4.16993	-2.04907	83.707	0.046711883	0.016286501	0.23548612	-0.12844697	0.9633523	511	1
513	4.18093	-2.05507	83.752	0.11078809	0.0099386147	0.46033831	-0.28883972	0.83944044	512	2
514	4.23193	-2.08707	83.845	0.039661064	0.0071158784	0.83205029	0.5547002	0	513	2
515	4.26493	-2.06507	83.845	0.10862932	0.0055394758	0.63401695	0.37634057	0.67556664	514	2
516	4.3338028	-2.0241884	83.918386	0.11658906	0.0051298656	0.90165762	-0.098031781	0.42119272	515	2
517	4.26493	-2.06507	83.845	0.02227459	0.0030960042	0.45200046	-0.55479416	0.6984977	514	3
518	4.23193	-2.08707	83.845	0.10889663	0.0039060035	-0.33485435	0.2882672	0.8970923	513	3
519	4.1954655	-2.0556787	83.94269	0.026449754	0.0028629276	-0.31745702	0.55862552	0.76626273	518	3
520	4.18093	-2.05507	83.752	0.11881136	0.015840762	0.10761643	-0.6309608	0.7683145	512	1
521	4.1937161	-2.1300353	83.843284	0.11860724	0.015451724	0.13670283	-0.64949399	0.7479772	520	1
522	4.20993	-2.20707	83.932	0.097066987	0.014801511	0.5975255	-0.58722334	0.54601468	521	1
523	4.26793	-2.26407	83.985	0.068709534	0.00916096	0.69859301	-0.71314703	-0.058216084	522	2
524	4.31593	-2.31307	83.981	0.12874005	0.0079884496	0.9165757	-0.34954158	-0.19418977	523	2
525	4.43393	-2.35807	83.956	0.019858629	0.004043654	0.79102499	0.57998441	0.19467293	524	3
526	4.43393	-2.35807	83.956	0.043011626	0.0076701394	0.65098678	-0.34874292	-0.6742363	524	2
527	4.46193	-2.37307	83.927	0.054145066	0.0037842235	0.78447245	-0.27639869	-0.5551637	526	3
528	4.46193	-2.37307	83.927	0.10700896	0.0072701779	0.27258377	-0.88625847	-0.37449167	526	2
529	4.4910989	-2.4679076	83.886926	0.046145317	0.0069288905	0.58144782	-0.56695683	-0.58350526	528	2
530	4.51793	-2.49407	83.86	0.044410163	0.0034611068	0.95237781	-0.2925833	-0.085857582	529	3
531	4.51793	-2.49407	83.86	0.033853547	0.0035326181	0.60562339	-0.20586838	0.76866021	529	3
532	4.51793	-2.49407	83.86	0.070866071	0.0067284385	0.014111125	-0.98777877	0.15522238	529	2
533	4.51893	-2.56407	83.871	0.044356722	0.0034331135	0.32808584	-0.90163899	-0.28179213	532	3
534	4.51893	-2.56407	83.871	0.066490601	0.0065035431	-0.24063552	-0.73694627	0.63166823	532	2
535	4.50293	-2.61307	83.913	0.11745311	0.0062216841	0.52888876	-0.82593525	0.1952118	534	2
536	4.5650496	-2.7100787	83.935928	0.13418622	0.0057482114	0.517357	-0.77108192	0.37117976	535	2
537	4.6344718	-2.8135472	83.985735	0.098989269	0.0052246156	0.54950263	-0.75623363	0.35518666	536	2
538	4.6888667	-2.8884062	84.020895	0.0369492	0.0049480336	0.19306807	-0.967302	0.1644736	537	2
539	4.50293	-2.61307	83.913	0.036733922	0.0032543088	0.023377575	-0.91190406	0.40973708	534	3
540	4.31593	-2.31307	83.981	0.07094364	0.0038982436	0.014095696	-0.64840203	-0.7611676	523	3
541	4.26793	-2.26407	83.985	0.04411349	0.014154227	-0.20401922	-0.65739528	0.72540169	522	1
542	4.25893	-2.29307	84.017	0.038288379	0.0076308534	0.75740996	-0.5223517	0.39176377	541	2
543	4.25893	-2.29307	84.017	0.1092064	0.013762394	0.19108857	-0.95391657	-0.2313619	541	1
544	4.2797981	-2.3972438	83.991734	0.12442706	0.013136019	0.26976168	-0.88420211	-0.38133354	543	1
545	4.3133637	-2.5072625	83.944286	0.10764431	0.012324097	-0.44076278	-0.89576744	-0.057696348	544	1
546	4.2659181	-2.6036867	83.938075	0.12257175	0.011552243	-0.81951654	-0.54944985	0.16278053	545	1
547	4.1654686	-2.6710338	83.958027	0.098021446	0.010773207	-0.12021076	-0.80542244	0.5803827	546	1
548	4.1536853	-2.7499824	84.014917	0.077044622	0.010087327	0.19786803	-0.97459831	0.1049113	547	1
549	4.16893	-2.82507	84.023	0.076854858	0.0062243411	0.63627799	-0.70743345	-0.30771452	548	2
550	4.16893	-2.82507	84.023	0.053488316	0.0096500738	-0.54217448	-0.78521821	-0.29913075	548	1
551	4.13993	-2.86707	84.007	0.022640849	0.0060151165	0.37030689	-0.90646445	-0.20296555	550	2
552	4.13993	-2.86707	84.007	0.066400301	0.0093490612	-0.45180518	-0.3313238	0.8283095	550	1
553	4.10993	-2.88907	84.062	0.050039984	0.0090406999	-0.47961646	-0.75939273	-0.43964842	552	1
554	4.08593	-2.92707	84.04	0.11170637	0.0087008732	-0.30723666	-0.94505547	0.11169507	553	1
555	4.0516097	-3.0326387	84.052477	0.14000798	0.0080827882	-0.47622998	-0.85148769	0.21948512	554	1
556	3.9849337	-3.1518538	84.083207	0.093122646	0.00735382	-0.22569656	-0.97419535	0.0021191811	555	1
557	3.9639162	-3.2425734	84.083404	0.030323568	0.006969253	0.39618524	-0.74188375	-0.54096742	556	1
558	4.08593	-2.92707	84.04	0.10176078	0.0061261221	-0.62969548	-0.77479433	-0.056367936	553	2
559	4.0218517	-3.0059137	84.034264	0.14859506	0.0055197861	-0.77338844	-0.33753699	0.53659958	558	2
560	3.90693	-3.05607	84.114	0.029237854	0.0050106972	-0.59482299	-0.28039555	0.7533684	559	2
561	4.10993	-2.88907	84.062	0.057410971	0.0060566523	-0.65099982	-0.19315148	0.73409247	552	2
562	4.20993	-2.20707	83.932	0.059613924	0.0081028815	-0.043773855	-0.68111906	0.73086297	521	2
563	4.16993	-2.04907	83.707	0.075730584	0.0088957334	-0.42598584	-0.44991227	0.78492994	511	2
564	4.15093	-2.03507	83.573	0.074342443	0.0084395722	0.26886008	-0.64197877	0.71803727	510	2
565	4.14093	-2.01207	83.113	0.078637751	0.010525681	0.075481102	0.38514422	0.91976439	498	2
566	4.12793	-1.97007	83.01	0.11702123	0.010024307	-0.14685837	-0.68362978	0.71490065	497	2
567	4.1107445	-2.0500692	83.093659	0.13208698	0.0050736873	0.18595302	-0.54979234	0.81434014	566	2
568	4.1353064	-2.1226896	83.201222	0.056319723	0.004862535	0.24576516	-0.57071446	0.78350781	567	2
569	4.01493	-1.91307	82.658	0.096721384	0.012174421	-0.091367464	-0.016983786	0.9956724	427	2
570	4.0060928	-1.9147127	82.754303	0.042994778	0.0069071247	-0.027045436	0.48012099	0.87678525	569	2
571	4.00493	-1.89407	82.792	0.084314886	0.0030395	0.29650755	0.23720604	0.92510355	570	3
572	4.00493	-1.89407	82.792	0.12577665	0.0053445409	-0.339709	-0.53558556	0.77314029	570	2
573	3.9622025	-1.9614342	82.889243	0.029796652	0.004986752	-0.5923032	-0.40031927	0.69922915	572	2
574	3.97893	-1.77207	82.594	0.12334512	0.017025289	-0.49713724	-0.67798349	0.54147295	425	2
575	3.9176105	-1.855696	82.660788	0.11996199	0.01587876	-0.56632392	-0.77538802	0.27937544	574	2
576	3.8496732	-1.948713	82.694302	0.11661539	0.015128738	-0.50886563	-0.86041608	0.027201633	575	2
577	3.7903316	-2.0490508	82.697475	0.11572445	0.01457697	-0.48737879	-0.87292878	-0.021383636	576	2
578	3.73393	-2.15007	82.695	0.056030647	0.0055609178	-0.38726958	-0.86637506	-0.31530387	577	3
579	3.73393	-2.15007	82.695	0.10952226	0.01404978	-0.60048626	-0.7047565	0.37780223	577	2
580	3.6681634	-2.2272565	82.736378	0.11375739	0.013547167	-0.706661	-0.66464295	0.24265199	579	2
581	3.5877755	-2.3028646	82.763981	0.12761999	0.012941549	-0.79020126	-0.6127992	-0.0076885362	580	2
582	3.48693	-2.38107	82.763	0.089056917	0.0050464995	-0.79407039	-0.47851815	0.37479674	581	3
583	3.48693	-2.38107	82.763	0.11317593	0.012332523	-0.51192138	-0.85897371	0.010033121	581	2
584	3.4289928	-2.4782851	82.764136	0.1078084	0.011955185	-0.37955891	-0.92382763	-0.049774991	583	2
585	3.3880732	-2.5778815	82.758769	0.10586047	0.011709936	-0.2979387	-0.94925936	-0.10069361	584	2
586	3.3565333	-2.6783706	82.74811	0.10537069	0.011464688	-0.26763494	-0.95834203	-0.099760159	585	2
587	3.3283324	-2.7793517	82.737598	0.10406741	0.011219439	-0.23273218	-0.97145588	-0.045926044	586	2
588	3.3041125	-2.8804486	82.732819	0.13776324	0.010912878	-0.095818618	-0.97267974	0.21145427	587	2
589	3.2909123	-3.0144481	82.761949	0.12682556	0.01002027	0.21131557	-0.49654394	0.84189658	588	2
590	3.3177125	-3.0774226	82.868723	0.1026807	0.0090163259	-0.24348539	-0.55025032	0.79871112	589	2
591	3.2927112	-3.1339227	82.950736	0.083982725	0.0085243239	-0.42605453	-0.65665069	0.6223242	590	2
592	3.25693	-3.18907	83.003	0.12751669	0.0080641301	-0.071564774	-0.93985675	0.33398768	591	2
593	3.2478043	-3.3089174	83.045589	0.033983715	0.0077241864	-0.49654068	-0.74013621	0.4534818	592	2
594	3.23093	-3.33407	83.061	0.10931606	0.007473581	-0.045738935	-0.60375395	0.79585748	593	2
595	3.22593	-3.40007	83.148	0.046324939	0.0071541701	0.53966611	-0.77711921	0.32379967	594	2
596	3.25093	-3.43607	83.163	0.10145622	0.0034942765	0.37157807	-0.92816156	-0.021115365	595	3
597	3.25093	-3.43607	83.163	0.13822084	0.0068373332	0.15916558	-0.54260994	0.8247671	595	2
598	3.27293	-3.51107	83.277	0.06721566	0.0035321614	0.93544979	-0.20842892	0.2854664	597	3
599	3.27293	-3.51107	83.277	0.13244411	0.0063293835	0.59553262	-0.32849249	0.73309861	597	2
600	3.3518048	-3.5545769	83.374095	0.11082511	0.0057742613	0.13453806	-0.29172318	0.94699372	599	2
601	3.366715	-3.5869071	83.479045	0.11685711	0.0052924456	0.52335031	-0.41372942	0.74493786	600	2
602	3.4278722	-3.6352544	83.566097	0.027359158	0.0049522949	0.95243473	-0.2856676	0.10612306	601	2
603	3.22593	-3.40007	83.148	0.10850413	0.0035089595	-0.4167522	-0.34822226	0.83967783	594	3
604	3.23093	-3.33407	83.061	0.060156109	0.0038978217	-0.70618867	-0.69804839	0.11843145	593	3
605	3.25693	-3.18907	83.003	0.060232881	0.0039198761	-0.89652029	-0.43165792	0.099613365	591	3
606	3.25693	-3.18907	83.003	0.058714675	0.0042327556	-0.47095339	0.56090641	0.68087216	591	3
607	3.21993	-1.31507	82.07	0.1162881	0.019113289	0.058775849	-0.56985005	0.81964402	415	2
608	3.2267649	-1.3813368	82.165315	0.11669675	0.012039166	-0.084975355	-0.9003906	0.42670359	607	2
609	2.15893	-0.26907	81.18	0.11722628	0.024852181	0.67391034	-0.43505604	0.59713574	173	2
610	2.23793	-0.32007	81.25	0.099851134	0.0083633649	0.16197746	-0.53759522	0.82749905	609	3
611	2.2541036	-0.37374949	81.332627	0.022293077	0.0051543594	-0.32178747	-0.59751769	0.73445587	610	3
612	2.24693	-0.38707	81.349	0.12222286	0.0048383389	-0.041116938	-0.77437357	0.63139129	611	3
613	2.2419046	-0.48171615	81.42617	0.1350239	0.0045767125	0.35254812	-0.77165347	0.52939659	612	3
614	2.289507	-0.58590781	81.497652	0.045712199	0.0043675864	0.55615369	-0.63795198	0.53264468	613	3
615	2.31493	-0.61507	81.522	0.029681644	0.0042351472	0.3032177	-0.13476342	0.94334397	614	3
616	2.32393	-0.61907	81.55	0.12709445	0.0040603112	0.44848535	-0.3934082	0.80255273	615	3
617	2.38093	-0.66907	81.652	0.03539774	0.0038829793	0.9605133	-0.25425352	0.11300156	616	3
618	2.41493	-0.67807	81.656	0.039970978	0.0025391762	0.44033512	-0.83630992	0.32663543	617	4
619	2.41493	-0.67807	81.656	0.1185096	0.0036725924	0.33663774	-0.16652412	0.92679272	617	3
620	2.4548248	-0.69780471	81.765834	0.093367704	0.0033733909	0.33314727	-0.68830324	0.64440015	619	3
621	2.48593	-0.76207	81.826	0.10155446	0.0030932842	0.12900617	-0.81371324	0.56676995	620	3
622	2.4990312	-0.84470621	81.883558	0.10492771	0.0028784046	-0.46282237	-0.3410823	0.81820432	621	3
623	2.38093	-0.66907	81.652	0.020863838	0.0026124469	-0.18655185	-0.69255595	0.6968247	616	4
624	2.32393	-0.61907	81.55	0.021885053	0.0028056086	0.09127234	0.52678648	0.84508305	615	4
625	2.31493	-0.61507	81.522	0.013552429	0.0028413055	-0.098036506	-0.98557919	0.13792211	614	4
626	2.24693	-0.38707	81.349	0.13427315	0.003547289	-0.097971495	0.11953857	0.98798386	611	4
627	2.2337751	-0.37101918	81.48166	0.10915603	0.0032587203	-0.21499596	0.15511268	0.96421823	626	4
628	2.210307	-0.3540877	81.58691	0.057550094	0.003085039	-0.28456866	-0.051821022	0.95725402	627	4
629	2.19393	-0.35707	81.642	0.030010568	0.0022275907	-0.25889903	-0.34237028	0.90319095	628	5
630	2.19393	-0.35707	81.642	0.10545259	0.0029211679	0.25509371	0.26735207	0.92922014	628	4
631	2.2208303	-0.32887703	81.739989	0.13831193	0.0027050846	0.43452294	0.08536524	0.89660615	630	4
632	2.28093	-0.31707	81.864	0.11705336	0.0024822741	-0.14043341	-0.025957211	0.98974981	631	4
633	2.2644918	-0.32010838	81.979854	0.10770709	0.0022756782	0.34882149	0.20542712	0.91439776	632	4
634	2.3020623	-0.29798242	82.078341	0.039706625	0.0021551919	0.3947822	0.27842488	0.87557216	633	4
635	2.23793	-0.32007	81.25	0.040447497	0.015414852	0.59336181	-0.59336181	0.54391499	609	2
636	2.26193	-0.34407	81.272	0.1029383	0.011023159	0.62967464	-0.50523448	0.59012539	635	2
637	2.3267476	-0.39607798	81.332747	0.051352572	0.010834207	0.62669428	-0.48667516	0.60860625	636	2
638	2.35893	-0.42107	81.364	0.11768149	0.010545261	0.55723688	-0.21911535	0.80092167	637	2
639	2.4245065	-0.44685582	81.458254	0.10388216	0.0099671808	0.715636	0.072853636	0.69466356	638	2
640	2.4988483	-0.43928763	81.530417	0.044262761	0.0095219396	0.65702451	0.38898674	0.64576165	639	2
641	2.52793	-0.42207	81.559	0.10364976	0.0092346186	0.62546143	0.31256178	0.71491477	640	2
642	2.5927589	-0.38967305	81.633101	0.14545879	0.008779488	0.46866246	0.77412336	0.42554498	641	2
643	2.66093	-0.27707	81.695	0.086011627	0.0082367388	0.76733812	0.24415304	0.59294309	642	2
644	2.72693	-0.25607	81.746	0.037429935	0.0078818532	0.61448144	-0.37403218	0.69463119	643	2
645	2.74993	-0.27007	81.772	0.10920612	0.0076829214	0.54801739	0.77777795	0.30779604	644	2
646	2.8097769	-0.18513188	81.805613	0.054502456	0.0074941274	0.55324378	0.79009072	0.26396585	645	2
647	2.83993	-0.14207	81.82	0.017902182	0.0037260296	0.94836117	0.30481401	-0.08774681	646	3
648	2.83993	-0.14207	81.82	0.10071689	0.007114844	0.67490549	0.38238391	-0.63109835	646	2
649	2.9079044	-0.10355748	81.756438	0.036511103	0.0066979434	0.38414658	0.39679657	-0.83365694	648	2
650	2.92193	-0.08907	81.726	0.10939827	0.0064426293	0.92358425	-0.033899217	-0.38189394	649	2
651	3.0229685	-0.092778516	81.684221	0.14889912	0.0059808098	0.93997522	0.34055618	-0.021635217	650	2
652	3.16293	-0.04207	81.681	0.10021058	0.0054113907	0.096429945	0.9923747	-0.076770562	651	2
653	3.1725933	0.057376445	81.673307	0.060956571	0.0050056273	-0.16309415	0.96355549	-0.21204037	652	2
654	2.92193	-0.08907	81.726	0.034586846	0.0033334745	0.25494586	-0.3997478	-0.88045687	649	3
655	2.74993	-0.27007	81.772	0.021589864	0.0040404526	0.55723487	0.18412865	0.80968262	644	3
656	2.72693	-0.25607	81.746	0.024234757	0.0040594309	-0.28158405	0.82243948	0.4942709	643	3
657	2.66093	-0.27707	81.695	0.073708887	0.0038920105	0.067834426	0.37987278	0.92254819	642	3
658	2.52793	-0.42207	81.559	0.049966125	0.0041234386	-0.21500348	-0.41607799	0.88354548	640	3
659	2.35893	-0.42107	81.364	0.038131352	0.0047157812	0.65562847	-0.70807875	0.26225139	637	3
660	2.26193	-0.34407	81.272	0.037815341	0.0048921129	0.15866577	-0.9255503	0.34377583	635	3
661	1.50078	0.03261	81.17491	0.036892307	0.021845218	-0.69701582	-0.11298405	-0.70809854	166	2
662	1.50078	0.03261	81.17491	0.060340914	0.020186838	-0.9519377	-0.16999828	-0.2547846	166	2
663	1.31719	0.13023	80.98648	0.1046605	0.11581552	0.53398828	-0.1004357	0.83950532	163	0
664	1.3730775	0.11971835	81.074343	0.10479202	0.11356488	0.50586977	-0.085345018	0.85837754	663	0
665	1.4260886	0.11077487	81.164294	0.10503231	0.11125549	0.46864736	-0.068487389	0.88072648	664	0
666	1.4753117	0.10358148	81.256799	0.1052807	0.10888475	0.43138451	-0.0559415	0.90043209	665	0
667	1.5207282	0.097691924	81.351597	0.10547936	0.1064601	0.39507091	-0.048292457	0.91738041	666	0
668	1.5624	0.092598066	81.448362	0.10558707	0.10398988	0.35981617	-0.045553805	0.9319105	667	0
669	1.6003919	0.087788174	81.546759	0.1055735	0.10194517	0.32563271	-0.047687268	0.944293	668	0
670	1.6347701	0.082753662	81.646452	0.10542965	0.10112199	0.29243231	-0.054675179	0.95472193	669	0
671	1.6656012	0.076989277	81.747108	0.10516749	0.10029224	0.26078369	-0.066134832	0.9631293	670	0
672	1.6930271	0.070034043	81.848398	0.10492318	0.099458611	0.23734394	-0.077237872	0.96835023	671	0
673	1.71793	0.06193	81.95	0.10210014	0.043709634	0.72946822	0.3833717	0.56648236	672	1
674	1.7924088	0.1010723	82.007838	0.10540996	0.042394234	0.7768417	0.50305706	0.3787487	673	1
675	1.8742957	0.15409953	82.047762	0.11229842	0.041078836	0.78193358	0.5796428	0.22933402	674	1
676	1.9621056	0.2191925	82.073516	0.11423437	0.039763437	0.77167708	0.59672955	0.22006439	675	1
677	2.0502576	0.28735952	82.098655	0.10884576	0.038448039	0.74858036	0.56195221	0.35190503	676	1
678	2.1317374	0.34852563	82.136958	0.10014376	0.037098191	0.65600296	0.44704934	0.6081176	677	1
679	2.197432	0.39329483	82.197857	0.14962265	0.035316144	0.44190152	0.25107576	0.86121078	678	1
680	2.2635505	0.43086146	82.326714	0.10265127	0.033499649	0.37205202	0.20617154	0.90502519	679	1
681	2.3017421	0.45202522	82.419616	0.051078424	0.032409751	0.39523362	0.23306857	0.88852092	680	1
682	2.32193	0.46393	82.465	0.13496771	0.01732521	0.9052091	-0.17328739	-0.38803088	681	2
683	2.444104	0.4405418	82.412628	0.10390668	0.01012595	0.48602771	-0.32920222	-0.80956962	682	2
684	2.4946055	0.40633549	82.328509	0.055220118	0.0082189397	0.45860954	-0.13410852	-0.87846013	683	2
685	2.51993	0.39893	82.28	0.12119746	0.0079305906	0.84441457	0.43178948	-0.31705186	684	2
686	2.6222709	0.45126179	82.241574	0.12997827	0.0074498325	0.84205755	0.52617083	-0.11867324	685	2
687	2.7317201	0.51965256	82.226149	0.026490813	0.0070073209	0.72515411	0.65220502	0.22086224	686	2
688	2.75093	0.53693	82.232	0.016435886	0.0036091227	0.76613989	0.21277755	0.60642838	687	3
689	2.75093	0.53693	82.232	0.1169145	0.0066260589	0.28225755	0.82111287	-0.49608903	687	2
690	2.78393	0.63293	82.174	0.11302865	0.0062059403	0.84942889	0.28269035	-0.44559704	689	2
691	2.8799398	0.66488211	82.123635	0.11812691	0.0057687	0.69982383	0.50386834	-0.50632332	690	2
692	2.9626078	0.72440252	82.063824	0.10216763	0.0053132271	0.82742019	0.36559385	-0.42628273	691	2
693	3.0471434	0.76175437	82.020272	0.058153388	0.0050088551	0.71433795	0.08682134	-0.69439423	692	2
694	2.51993	0.39893	82.28	0.018079863	0.0041251269	0.29255722	0.91171982	-0.28840464	684	3
695	2.32193	0.46393	82.465	0.10945873	0.031716049	0.55829063	0.47426273	0.68072494	681	1
696	2.3830398	0.5158422	82.539511	0.10957875	0.031055241	0.60347072	0.47834854	0.63797003	695	1
697	2.4491674	0.56825903	82.609419	0.10918906	0.030394436	0.67417995	0.38529849	0.63010037	696	1
698	2.5227804	0.61032941	82.678219	0.11027741	0.02978307	0.73466846	0.23013349	0.63820125	697	1
699	2.6037978	0.63570794	82.748598	0.11190404	0.029221146	0.76501073	0.12621226	0.63152914	698	1
700	2.6894056	0.6498316	82.819269	0.11232778	0.028659221	0.77187693	0.10901906	0.62635521	699	1
701	2.7761088	0.66207747	82.889626	0.11211177	0.028097297	0.76549696	0.14139933	0.62771062	700	1
702	2.86193	0.67793	82.96	0.099103411	0.027028822	0.54508719	0.62399467	0.55992018	701	1
703	2.91595	0.73977	83.01549	0.10270397	0.026062509	0.79917938	0.46987147	-0.37487748	702	1
704	2.9980289	0.78802767	82.976989	0.10297897	0.025704906	0.78698534	0.44376732	-0.42863111	703	1
705	3.0790718	0.83372637	82.932849	0.1033055	0.025347304	0.78663546	0.406221	-0.46496146	704	1
706	3.1603356	0.87569123	82.884816	0.10321853	0.024989703	0.8066907	0.36928183	-0.46139034	705	1
707	3.243601	0.91380796	82.837191	0.051555747	0.024721502	0.82103291	0.3515038	-0.44983335	706	1
708	3.28593	0.93193	82.814	0.1052282	0.023814175	0.96868506	-0.21902686	-0.11694654	707	1
709	3.387863	0.9088822	82.801694	0.10310169	0.022827317	0.9013383	-0.41817056	0.11279472	708	1
710	3.4807925	0.86576811	82.813323	0.10471105	0.022489454	0.82573505	-0.51009607	0.24075638	709	1
711	3.5672561	0.81235541	82.838533	0.10507857	0.022151592	0.80256749	-0.53086224	0.27215934	710	1
712	3.6515887	0.75657316	82.867131	0.10514897	0.021813729	0.79708184	-0.53499172	0.28007929	711	1
713	3.7354011	0.70031934	82.896581	0.10502533	0.021475867	0.80343	-0.52833713	0.27451796	712	1
714	3.8197816	0.64483056	82.925413	0.10477577	0.021138005	0.82088696	-0.51073737	0.25552289	713	1
715	3.9057906	0.59131766	82.952185	0.10461416	0.020800143	0.8443689	-0.48521541	0.22717212	714	1
716	3.9941236	0.54055726	82.975951	0.052308773	0.020546746	0.85657611	-0.47080546	0.2112335	715	1
717	4.03893	0.51593	82.987	0.12543658	0.019172015	0.97774202	-0.026071986	-0.20818452	716	1
718	4.1615746	0.51265962	82.960886	0.11269229	0.017667672	0.97081725	-0.23664993	-0.038867505	717	1
719	4.2709782	0.485991	82.956506	0.10874201	0.01723952	0.91035752	-0.38248031	0.15798098	718	1
720	4.3699724	0.44439932	82.973685	0.10647117	0.016811369	0.86938085	-0.32714632	0.37034069	719	1
721	4.4625363	0.40956767	83.013116	0.10765432	0.016220184	0.76270037	-0.15609388	0.62763273	720	1
722	4.5446443	0.39276349	83.080683	0.11278554	0.015465964	0.63204613	-0.033989165	0.77418501	721	1
723	4.61593	0.38893	83.168	0.10020668	0.014562422	0.17026207	-0.060476377	0.98354127	722	1
724	4.6329914	0.38286986	83.266557	0.10023456	0.013796716	0.012942104	-0.27232617	0.96211795	723	1
725	4.6342886	0.35557337	83.362995	0.14704458	0.013241112	0.12918189	-0.49008407	0.86204967	724	1
726	4.6532841	0.28350916	83.489755	0.098108349	0.012424764	-0.27866472	-0.63339948	0.72190793	725	1
727	4.6259448	0.22136738	83.56058	0.1401593	0.011622356	-0.50217226	-0.48812463	0.71383287	726	1
728	4.5555607	0.15295218	83.66063	0.051811393	0.011233016	-0.34028603	-0.57945128	0.74056845	727	1
729	4.53793	0.12293	83.699	0.045221676	0.010868341	0.26535947	-0.57494552	0.77396512	728	1
730	4.54993	0.09693	83.734	0.032403703	0.010488105	-0.33946737	-0.70979541	0.6172134	729	1
731	4.53893	0.07393	83.754	0.015480104	0.0066329603	0.16353653	-0.8395252	0.51812474	730	2
732	4.53893	0.07393	83.754	0.067941151	0.010181608	-0.50043309	-0.26493516	0.82424273	730	1
733	4.50493	0.05593	83.81	0.029342802	0.0098941692	-0.44303881	-0.13631964	0.88607763	732	1
734	4.49193	0.05193	83.836	0.067955868	0.0096831498	-0.39731668	0.25016236	0.88292596	733	1
735	4.46493	0.06893	83.896	0.033902061	0.0059686048	-0.32507933	-0.74899461	0.57734782	734	2
736	4.46493	0.06893	83.896	0.10912763	0.0091612513	-0.49427541	-0.2195947	0.84111235	734	1
737	4.4109909	0.044966152	83.987789	0.041087463	0.0086122701	0.53396097	-0.14690983	0.8326483	736	1
738	4.43293	0.03893	84.022	0.10371114	0.0082838156	0.23141198	0.61709862	0.75208895	737	1
739	4.45693	0.10293	84.1	0.1086872	0.0078763461	0.19082113	0.57430426	0.79609165	738	1
740	4.4776698	0.16534952	84.186525	0.096745292	0.0073645459	0.26487117	0.45596978	0.84966748	739	1
741	4.43293	0.03893	84.022	0.051019604	0.0054250298	0.29400463	-0.4508071	0.84281328	737	2
742	4.49193	0.05193	83.836	0.019435536	0.0061502919	-0.64080429	-0.51638657	0.5680799	733	2
743	4.50493	0.05593	83.81	0.016255243	0.0062487015	-0.77115384	0.4858877	0.41138169	732	2
744	4.54993	0.09693	83.734	0.019226017	0.0067690403	-0.73793032	-0.67464531	-0.017679291	729	2
745	4.53793	0.12293	83.699	0.030066973	0.0069927351	-0.73006809	-0.48395086	0.48248538	728	2
746	4.61593	0.38893	83.168	0.036027767	0.010197178	0.77717833	-0.47185827	0.41634554	722	2
747	4.64393	0.37193	83.183	0.10201632	0.0094976652	0.87154162	-0.47945561	0.10265247	746	2
748	4.7328415	0.32301771	83.193472	0.10199426	0.009111459	0.87783213	-0.4704396	0.089985151	747	2
749	4.8223753	0.27503557	83.20265	0.10195879	0.0087252529	0.88814994	-0.45219804	0.081893914	748	2
750	4.91293	0.22893	83.211	0.039115214	0.0082060334	0.99705449	0.076696499	0	749	2
751	4.95193	0.23193	83.211	0.13974978	0.0077118138	0.82289935	-0.057245172	0.56529607	750	2
752	5.06693	0.22393	83.29	0.067683085	0.0073496094	0.94558338	-0.01477474	0.32504429	751	2
753	5.13093	0.22293	83.312	0.073681552	0.0035263776	0.99836781	-0.051680911	0.024306457	752	3
754	5.13093	0.22293	83.312	0.10527247	0.0069186852	0.93402833	0.14732334	0.32540271	752	2
755	5.2292575	0.23843909	83.346256	0.045597864	0.0066003502	0.89198321	0.23007455	0.38914219	754	2
756	5.26993	0.24893	83.364	0.01792192	0.0034041433	0.94894268	-0.085736488	-0.30357378	755	3
757	5.26993	0.24893	83.364	0.11319209	0.0062694717	0.81909051	0.37772711	-0.43175567	755	2
758	5.3626446	0.29168572	83.315129	0.10958593	0.0057856485	0.9255317	-0.07603016	-0.37095888	757	2
759	5.4640698	0.28335389	83.274477	0.10932785	0.0053410541	0.92104009	0.034057361	-0.38797583	758	2
760	5.5647652	0.2870773	83.23206	0.078599574	0.0049823669	0.99618388	-0.03373756	-0.080495029	759	2
761	5.06693	0.22393	83.29	0.038361917	0.0038786556	0.63846686	-0.70238115	0.31467569	751	3
762	4.95193	0.23193	83.211	0.131929	0.0041136065	0.85761329	0.51027447	-0.064182694	750	3
763	5.0650741	0.29925	83.202532	0.11853669	0.0034182642	0.85437153	0.51923549	-0.021066295	762	3
764	5.1663484	0.36079846	83.200035	0.099656016	0.003056121	0.91009915	0.41298466	0.034105697	763	3
765	5.2570453	0.40195486	83.203434	0.03600193	0.0029038285	0.94038145	0.1566051	0.30192311	764	3
766	4.95193	0.23193	83.211	0.055844269	0.0039099265	0.52613179	-0.81645769	-0.2378701	750	3
767	4.91293	0.22893	83.211	0.084826111	0.0039384711	0.14027387	-0.36714723	0.91952496	749	3
768	4.64393	0.37193	83.183	0.031780497	0.0053464462	0.62931678	-0.4090559	0.66078261	746	3
769	4.66393	0.35893	83.204	0.11322696	0.0049834622	0.58254265	-0.14756417	0.79929274	768	3
770	4.7298895	0.34222176	83.294501	0.13121153	0.0046924243	0.63510221	-0.033317801	0.77170921	769	3
771	4.8132223	0.33785008	83.395759	0.030793295	0.0044328723	0.70495003	0.16496844	0.68980495	770	3
772	4.83493	0.34293	83.417	0.10318072	0.0042359614	0.5267546	-0.044454863	0.84885415	771	3
773	4.8892809	0.33834312	83.504585	0.052428804	0.0040629886	0.52736435	-0.065100002	0.84714157	772	3
774	4.91693	0.33493	83.549	0.046432747	0.0039517748	0.81838794	0.12921915	0.55994964	773	3
775	4.95493	0.34093	83.575	0.11722347	0.002609948	0.14146507	0.091911368	0.98566725	774	4
776	4.971513	0.35170417	83.690543	0.11870814	0.0021955428	-0.085726435	0.10171357	0.99111318	775	4
777	4.95493	0.34093	83.575	0.033015148	0.0038500551	0	-0.57549341	0.81780642	774	3
778	4.95493	0.32193	83.602	0.040490977	0.0026186452	0.45763716	-0.55582985	0.69398949	777	4
779	4.95493	0.32193	83.602	0.05626722	0.0037597034	0.39099142	0.15995103	0.9063892	777	3
780	4.97693	0.33093	83.653	0.10422092	0.0024863368	0.64286518	-0.16311505	0.74841021	779	4
781	4.97693	0.33093	83.653	0.11797457	0.0035918933	0.27972129	-0.22886287	0.9324043	779	3
782	5.00993	0.30393	83.763	0.019551284	0.0023796044	0.57299827	-0.22961048	0.78673503	781	4
783	5.00993	0.30393	83.763	0.10550176	0.0033308906	0.91058611	0.32144606	0.25981794	781	3
784	5.1059984	0.33784312	83.790411	0.036505378	0.0031610689	0.87470845	0.4680646	0.12570066	783	3
785	5.13793	0.35493	83.795	0.061305538	0.0022382128	0.89947921	-0.40862996	0.15478599	784	4
786	5.13793	0.35493	83.795	0.080448228	0.0029853044	0.79970298	0.59445403	0.084258867	784	3
787	5.2022647	0.40275277	83.801778	0.017121276	0.0028207555	0.80717828	0.48316165	-0.3391431	786	3
788	5.00993	0.30393	83.763	0.02141019	0.0023893107	-0.094170624	0.65173406	0.75257864	781	4
789	4.95493	0.34093	83.575	0.016711932	0.0026284645	0.076254229	0.92582033	0.37019186	774	4
790	4.91693	0.33493	83.549	0.10485376	0.0027564846	-0.083283221	0.27731202	0.95716349	773	4
791	4.9081974	0.36400721	83.649362	0.10924998	0.0024276997	0.022538083	0.57472103	0.81803898	790	4
792	4.9106597	0.42679547	83.738733	0.11708322	0.0022464645	0.28329342	0.47484203	0.83322859	791	4
793	4.9438286	0.4823915	83.83629	0.02400645	0.0021134551	0.25368305	0.30597734	0.91761799	792	4
794	4.83493	0.34293	83.417	0.09433179	0.0026881092	0.45655485	-0.61429937	0.64357902	771	4
795	4.66393	0.35893	83.204	0.10051954	0.0034279153	0.31631607	-0.91601919	0.24668399	768	4
796	4.6957259	0.26685217	83.228797	0.10009193	0.0025814505	0.24754109	-0.81356754	0.52614758	795	4
797	4.03893	0.51593	82.987	0.11455204	0.010096157	0.11462534	-0.7168593	0.68773089	716	2
798	3.28593	0.93193	82.814	0.10092596	0.016584763	0.70480008	-0.061222361	-0.70675928	707	2
799	3.3570626	0.92575107	82.74267	0.10075509	0.015489364	0.88932003	-0.13194724	-0.43783537	798	2
800	3.4466661	0.91245672	82.698555	0.1045188	0.015075611	0.9624421	-0.14623753	-0.22873521	799	2
801	3.5472594	0.89717215	82.674648	0.10257664	0.014661858	0.99278508	-0.069570025	-0.097661634	800	2
802	3.649096	0.89003589	82.664631	0.10051569	0.014248104	0.99418041	0.092373927	0.055429	801	2
803	3.7490267	0.89932092	82.670202	0.10175551	0.013894721	0.95486724	0.23924468	0.17604132	802	2
804	3.8461897	0.92366538	82.688115	0.10284295	0.013601708	0.9191287	0.31548198	0.23595244	803	2
805	3.9407156	0.95611048	82.712381	0.10322584	0.013308695	0.89414498	0.35649099	0.27095928	804	2
806	4.0330145	0.99290956	82.740351	0.10359902	0.013015682	0.87388917	0.3833144	0.29897791	805	2
807	4.1235486	1.0326206	82.771325	0.10393787	0.012722669	0.85861541	0.39874135	0.32215666	806	2
808	4.2127912	1.0740649	82.804809	0.10412853	0.012429656	0.84915096	0.40336849	0.34093476	807	2
809	4.3012121	1.1160671	82.84031	0.10409378	0.012136643	0.84582065	0.39740044	0.35589368	808	2
810	4.3892567	1.157434	82.877357	0.10247882	0.011843629	0.84366069	0.37592133	0.38330119	809	2
811	4.4757141	1.1959579	82.916637	0.13336359	0.011058847	0.7816911	0.21154721	0.5866914	810	2
812	4.5799632	1.2241706	82.99488	0.12615128	0.0097590788	0.67353089	-0.26349819	0.69059745	811	2
813	4.66493	1.19093	83.082	0.12271337	0.0040241298	0.68709977	-0.65147846	0.32166708	812	3
814	4.66493	1.19093	83.082	0.10346195	0.0088899363	0.57898019	0.055872931	0.81342495	812	2
815	4.7248324	1.1967107	83.166159	0.12824835	0.008417462	0.58556369	0.11867036	0.80189308	814	2
816	4.79993	1.21193	83.269	0.1002658	0.0079538901	0.14020389	0.040816508	0.98928099	815	2
817	4.8139877	1.2160225	83.368191	0.064106289	0.007590043	0.17069064	-0.26662751	0.94856443	816	2
818	4.82493	1.19893	83.429	0.11121062	0.0072183615	0.69803311	0.073869199	0.71224513	817	2
819	4.9025587	1.207145	83.508209	0.13117274	0.0067811134	0.46786632	-0.12361592	0.87511154	818	2
820	4.96393	1.19093	83.623	0.096786386	0.0035967487	0.63505227	0.32000158	0.70307013	819	3
821	5.0253944	1.2219018	83.691048	0.10091885	0.0032705455	0.81770965	0.38397827	0.42884918	820	3
822	5.1079167	1.2606524	83.734327	0.12380541	0.0029962267	0.51413059	0.39385206	0.76193851	821	3
823	4.96393	1.19093	83.623	0.10643903	0.006272025	0.38673887	-0.4958131	0.77756184	819	2
824	5.0050941	1.1381561	83.705763	0.12612554	0.0058254987	0.36112434	-0.12390131	0.92424979	823	2
825	5.0506411	1.122529	83.822334	0.10162731	0.0055338315	0.3570781	-0.20269172	0.91181758	824	2
826	5.08693	1.10193	83.915	0.061773729	0.0051251591	0.15305575	-0.046541136	0.987121	825	2
827	4.82493	1.19893	83.429	0.037472754	0.0036465891	-0.31683958	-0.89882701	0.30285754	817	3
828	4.79993	1.21193	83.269	0.03544009	0.0042062085	0.45146612	-0.73363244	0.50789938	815	3
829	4.81593	1.18593	83.287	0.023195088	0.0034601024	0.79005226	-0.58079965	0.19618664	828	3
830	4.81593	1.18593	83.287	0.019101707	0.0025518527	0.95198154	0.29892411	-0.06614776	828	4
831	2.91595	0.73977	83.01549	0.040130613	0.014567813	0.17393206	-0.020931651	0.98453517	702	2
832	2.92293	0.73893	83.055	0.040621627	0.0049702877	0.25575585	0.68691377	0.68024879	831	3
833	2.92293	0.73893	83.055	0.042647427	0.0086478747	-0.48112516	0.43197946	0.76283178	831	2
834	2.86193	0.67793	82.96	0.039749214	0.018912332	0.55347007	-0.35220822	0.75473191	701	2
835	2.88393	0.66393	82.99	0.10752431	0.017881463	0.72663476	0.22759135	0.64823152	834	2
836	2.9620609	0.6884016	83.059701	0.10735959	0.017459236	0.71782945	0.25169793	0.64912944	835	2
837	3.0391268	0.71542379	83.129391	0.10674432	0.017037008	0.67296604	0.28506539	0.6825353	836	2
838	3.1109621	0.7458529	83.202248	0.053268471	0.016720337	0.63767402	0.30181267	0.70871782	837	2
839	3.14493	0.76193	83.24	0.14766855	0.0075665666	0.35891191	0.4469469	0.81940265	838	3
840	3.19793	0.82793	83.361	0.028253236	0.0046589838	0.83216131	-0.08507875	0.5479682	839	3
841	3.19793	0.82793	83.361	0.025467892	0.0033320985	0.8827414	0.46956184	-0.01671222	839	4
842	3.19793	0.82793	83.361	0.027329541	0.0034118209	0.65795334	-0.63572464	0.40367263	839	4
843	3.19793	0.82793	83.361	0.020880213	0.0033095628	-0.014330254	0.88543291	-0.46454624	839	4
844	3.19793	0.82793	83.361	0.017354822	0.0033331068	0.085715549	0.93557164	0.34257634	839	4
845	3.14493	0.76193	83.24	0.10048383	0.016137419	-0.2587481	0.44783325	0.8558591	838	2
846	3.11893	0.80693	83.326	0.043965896	0.015515392	0	0.29568373	0.95528589	845	2
847	3.11893	0.81993	83.368	0.039673669	0.007214918	0.63014086	0.63014086	0.45370142	846	3
848	3.14393	0.84493	83.386	0.01919451	0.0047564428	0.082380325	0.33811751	0.93749135	847	3
849	3.14393	0.84493	83.386	0.021971295	0.0033925003	-0.20039286	0.83426146	0.51366382	847	4
850	3.11893	0.81993	83.368	0.13810797	0.015167665	0.0087031374	-0.052666136	0.99857425	846	2
851	3.120132	0.81265639	83.505911	0.11168448	0.014682729	0.15975985	-0.20059983	0.9665591	850	2
852	3.1379747	0.7902525	83.613861	0.15310397	0.014217591	0.36916537	0.1745343	0.91282786	851	2
853	3.1944954	0.81697439	83.753618	0.10941952	0.013912155	0.40510664	0.2477771	0.88005404	852	2
854	3.2388219	0.84408604	83.849913	0.10814751	0.013667805	0.47601848	0.2302883	0.84874832	853	2
855	3.2903021	0.86899115	83.941703	0.10597493	0.013188724	0.60363377	0.19955089	0.77188452	854	2
856	3.3542722	0.89013854	84.023504	0.10497549	0.012461181	0.58858176	0.29988333	0.75076061	855	2
857	3.4160588	0.92161895	84.102315	0.10776885	0.011940915	0.44624989	0.44642279	0.77560798	856	2
858	3.4641507	0.96972941	84.185902	0.10887289	0.011641654	0.43885412	0.48864861	0.75407532	857	2
859	3.51193	1.02293	84.268	0.14005468	0.011014622	0.91678244	0.38399707	0.10980073	858	2
860	3.6403297	1.0767106	84.283378	0.099704861	0.010311279	0.8986556	0.41341429	0.14665177	859	2
861	3.72993	1.11793	84.298	0.11448682	0.00994883	0.98418051	0.078371213	0.15889205	860	2
862	3.8426057	1.1269025	84.316191	0.11438619	0.0096758154	0.98208774	0.071621834	0.17428136	861	2
863	3.954943	1.135095	84.336126	0.057161957	0.0094710547	0.97944566	0.067089733	0.19022397	862	2
864	4.01093	1.13893	84.347	0.052440442	0.0090799566	0.74370082	-0.038138504	0.66742381	863	2
865	4.04993	1.13693	84.382	0.14890447	0.0085218319	0.7553527	-0.42421311	0.49948526	864	2
866	4.1624054	1.0737628	84.456376	0.055816788	0.0081864547	0.63645026	-0.60613974	0.47699653	865	2
867	4.19793	1.03993	84.483	0.074386689	0.0041923079	0.45771798	-0.87344676	-0.16608734	866	3
868	4.19793	1.03993	84.483	0.084023806	0.0078926219	-0.57126667	-0.23802778	0.78549167	866	2
869	4.14993	1.01993	84.549	0.10979864	0.0074319936	0.68452047	-0.099343254	0.72219294	868	2
870	4.2250894	1.0090222	84.628296	0.098841941	0.0069590016	0.018621507	-0.88112642	0.47251398	869	2
871	4.22693	0.92193	84.675	0.041388404	0.0066634668	0.77316342	-0.60403392	0.19329085	870	2
872	4.25893	0.89693	84.683	0.050576674	0.006488945	0.67224665	-0.61293077	0.41521117	871	2
873	4.29293	0.86593	84.704	0.10680803	0.0061905102	0.13498846	-0.30315598	0.94333163	872	2
874	4.3073479	0.83355051	84.804755	0.045536116	0.0058506905	0.45199614	-0.7602868	0.46654417	873	2
875	4.32793	0.79893	84.826	0.046526794	0.0030442088	0.85457353	-0.015218466	0.51910739	874	3
876	4.32793	0.79893	84.826	0.10355218	0.0056170625	-0.23174684	-0.74837911	0.6214677	874	2
877	4.3039321	0.72143371	84.890354	0.1025432	0.0054027497	-0.19506033	-0.71680729	0.66943168	876	2
878	4.28393	0.64793	84.959	0.049316595	0.0051513263	0.47465679	-0.27644171	0.83563204	877	2
879	4.29293	0.86593	84.704	0.030621429	0.0033975492	0.31361373	-0.83318579	0.45546445	872	3
880	4.25893	0.89693	84.683	0.02079553	0.0033595189	0.44954822	-0.86256234	-0.2321478	871	3
881	4.22693	0.92193	84.675	0.018526762	0.0034910782	-0.1574749	-0.97408075	0.16238334	870	3
882	4.14993	1.01993	84.549	0.038286217	0.0040050369	-0.10413649	0.16359714	0.98101558	868	3
883	4.04993	1.13693	84.382	0.088017884	0.0040846334	0.6217077	-0.77787026	0.091637316	864	3
884	4.01093	1.13893	84.347	0.10084146	0.0050587904	0.99165562	-0.11899867	0.049582781	863	3
885	4.11093	1.12693	84.352	0.070345108	0.0028564363	0.72843718	0.67694578	0.10546887	884	4
886	4.11093	1.12693	84.352	0.11195395	0.0045189372	0.73561825	-0.25356285	0.6281494	884	3
887	4.1932854	1.0985426	84.422324	0.054158778	0.0042794357	0.95357819	0.21025887	0.21559186	886	3
888	4.24493	1.10993	84.434	0.11203571	0.0026965321	0.6605037	0.23206887	0.71405805	887	4
889	4.24493	1.10993	84.434	0.04678675	0.0041551793	0.89769005	0.10686786	-0.42747145	887	3
890	4.28693	1.11493	84.414	0.027380311	0.0027416663	0.76068717	-0.26487298	0.59261904	889	4
891	4.28693	1.11493	84.414	0.12509596	0.0039588287	0.98324516	-0.17586499	-0.047963178	889	3
892	4.40993	1.09293	84.408	0.077942286	0.002474971	0.70565033	-0.60301028	-0.37207017	891	4
893	4.40993	1.09293	84.408	0.036069378	0.0037594397	0.69310872	0.27724349	0.66538437	891	3
894	4.43493	1.10293	84.432	0.10711985	0.0035981531	0.95160493	0.28658283	-0.11098805	893	3
895	4.5368658	1.1336287	84.420111	0.023341486	0.0034512158	0.81675259	0.56985615	-0.090438826	894	3
896	4.55593	1.14693	84.418	0.058304046	0.0023315584	0.91645923	-0.00055909767	0.40012768	895	4
897	4.55593	1.14693	84.418	0.053009433	0.0033459835	0.15091654	0.66025984	-0.73571811	895	3
898	4.56393	1.18193	84.379	0.018677218	0.0023451323	0.90966438	-0.26282019	-0.32161508	897	4
899	4.56393	1.18193	84.379	0.029495762	0.0032434908	0.06780635	0.98319208	0.16951588	897	3
900	4.56593	1.21093	84.384	0.11936782	0.0030826677	0.12994434	0.97732272	-0.16719682	899	3
901	4.5814412	1.3275909	84.364042	0.046968916	0.0028852193	0.13815154	0.77368448	-0.61832554	900	3
902	4.56593	1.21093	84.384	0.02503852	0.0023081295	0.49903108	0.77877505	-0.38010183	899	4
903	4.55593	1.14693	84.418	0.020515552	0.002385269	-0.1698102	0.63573721	0.75299581	895	4
904	4.43493	1.10293	84.432	0.03226321	0.0025260757	0.44095915	-0.77963039	0.44467009	893	4
905	3.72993	1.11793	84.298	0.058352378	0.0052910854	0.65121596	0.68549049	0.32560798	860	3
906	3.76793	1.15793	84.317	0.037762415	0.0028733326	0.95332885	0.29129493	0.079444071	905	4
907	3.76793	1.15793	84.317	0.13328468	0.0041589926	-0.40833944	0.88013298	-0.24212566	905	3
908	3.7135046	1.2752382	84.284728	0.097000803	0.0034229062	-0.69663969	0.57413708	-0.43018571	907	3
909	3.64593	1.33093	84.243	0.13223464	0.003177003	-0.70329529	0.71085761	-0.007562315	908	3
910	3.55293	1.42493	84.242	0.092915292	0.0029318118	-0.87753547	0.41023358	0.24827385	909	3
911	3.51193	1.02293	84.268	0.13263179	0.0059511967	0.47124089	0.18200058	0.86302249	858	3
912	3.5744315	1.0470691	84.382464	0.13030837	0.0046597276	0.37985646	-0.0087412843	0.92500414	911	3
913	3.62393	1.04593	84.503	0.11459152	0.0027730245	0.099622458	-0.3308398	0.93841376	912	4
914	3.6353459	1.0080186	84.610534	0.13143131	0.0024062908	-0.47489362	-0.63218244	0.6122266	913	4
915	3.57293	0.92493	84.691	0.082088369	0.0017952748	0.3299179	-0.44623738	0.83188123	914	5
916	3.57293	0.92493	84.691	0.10526268	0.0022022419	-0.36552602	-0.92357264	-0.11577695	914	4
917	3.62393	1.04593	84.503	0.11029517	0.0039124345	-0.57651992	-0.60255677	0.5518606	912	3
918	3.5603426	0.9794709	84.563868	0.12089146	0.003617738	-0.51728948	-0.67206182	0.52985329	917	3
919	3.4978068	0.89822437	84.627922	0.12195977	0.0033371773	-0.62147445	-0.46219638	0.63256938	918	3
920	3.4220119	0.841855	84.70507	0.10768851	0.0030365177	-0.70649946	-0.12930813	0.6958002	919	3
921	3.34593	0.82793	84.78	0.032015621	0.0028306552	-0.49975604	-0.37481703	0.78086881	920	3
922	3.11893	0.80693	83.326	0.1289186	0.0080551619	-0.6751635	0.19529493	0.7113467	845	3
923	3.0318889	0.83210715	83.417706	0.13514317	0.006061999	-0.52506438	0.14668038	0.83832706	922	3
924	2.96093	0.85193	83.531	0.031064449	0.0049705225	0.19314683	-0.64382278	0.7403962	923	3
925	2.96693	0.83193	83.554	0.14913098	0.0047608073	-0.02375743	-0.15720451	0.98728027	924	3
926	2.963387	0.80848594	83.701234	0.10312494	0.0045625185	-0.15334952	-0.33559016	0.9294424	925	3
927	2.9475729	0.77387822	83.797083	0.052069043	0.0044360645	-0.18519394	-0.34470045	0.92026344	926	3
928	2.93793	0.75593	83.845	0.10325613	0.0029604442	0.13748162	-0.72407418	0.6758812	927	4
929	2.9521258	0.6811649	83.914789	0.051896184	0.0024638679	0.15038061	-0.73675749	0.65922232	928	4
930	2.93793	0.75593	83.845	0.11758002	0.0041948682	-0.32878275	0.54550359	0.77092654	927	3
931	2.8992717	0.82007032	83.935646	0.14080308	0.0038769664	-0.50498543	0.58645892	0.63328955	930	3
932	2.8281682	0.90264555	84.024815	0.10606375	0.0036809778	-0.46423226	0.67209065	0.57687309	931	3
933	2.77893	0.97393	84.086	0.088820821	0.0034089611	-0.33562555	0.79661398	0.50275407	932	3
934	2.7491195	1.0446859	84.130655	0.11336769	0.0030706972	-0.51869568	0.6218598	0.58672411	933	3
935	2.6903161	1.1151847	84.197171	0.089243087	0.002853104	-0.016800802	0.36575049	0.93056129	934	3
936	2.93793	0.75593	83.845	0.044023071	0.0028976657	-0.92529918	-0.36895471	0.087714572	927	4
937	2.96693	0.83193	83.554	0.022431686	0.0032152913	-0.68160943	-0.49107607	0.54245081	924	4
938	2.96093	0.85193	83.531	0.046676002	0.0033399223	-0.72606318	0.4802965	0.49208488	923	4
939	2.88393	0.66393	82.99	0.13502396	0.0071337972	0.11363956	-0.98838769	0.10087533	834	3
940	1.71793	0.06193	81.95	0.10123626	0.09862765	-0.09777388	-0.046855704	0.99410503	672	0
941	1.7080317	0.057186504	82.050639	0.10371929	0.097803688	-0.26015277	-0.068057135	0.96316601	940	0
942	1.6810489	0.050127666	82.150538	0.10431903	0.096996973	-0.33972194	-0.17294641	0.92448826	941	0
943	1.6456094	0.032086064	82.24698	0.10082393	0.096236256	-0.27641229	-0.38673766	0.87978988	942	0
944	1.6177404	-0.0069063477	82.335684	0.10035234	0.095557949	-0.15681759	-0.62931657	0.76116286	943	0
945	1.6020034	-0.070059736	82.412068	0.10351228	0.094978418	-0.075881506	-0.77717282	0.62469545	944	0
946	1.5941488	-0.15050667	82.476732	0.10537063	0.094463552	-0.023313634	-0.81743428	0.57554989	945	0
947	1.5916922	-0.23664023	82.537378	0.10449637	0.09394676	0.020369371	-0.78232372	0.6225389	946	0
948	1.5938207	-0.31839022	82.602431	0.051918937	0.093491787	0.040626547	-0.74500323	0.66582255	947	0
949	1.59593	-0.35707	82.637	0.10718399	0.092937516	0.47876815	-0.33916882	0.80978119	948	0
950	1.6472463	-0.39342347	82.723796	0.10888048	0.092145587	0.56412822	-0.22146696	0.79543179	949	0
951	1.7086688	-0.41753689	82.810403	0.11170821	0.091351498	0.61004827	-0.13244571	0.78121651	950	0
952	1.7768162	-0.43233217	82.897671	0.11161296	0.090543795	0.57896946	-0.1432456	0.80266747	951	0
953	1.8414367	-0.44832023	82.987259	0.11001204	0.089698461	0.40817646	-0.28229722	0.86815912	952	0
954	1.8863411	-0.47937633	83.082767	0.11464533	0.088783782	0.086864191	-0.39658203	0.91388036	953	0
955	1.8962996	-0.52484261	83.187539	0.11457085	0.087799455	-0.1165096	-0.22775191	0.96672363	954	0
956	1.882951	-0.55093634	83.298297	0.11035185	0.086793811	-0.12733073	-0.01595695	0.99173195	955	0
957	1.8688998	-0.55269722	83.407737	0.14266788	0.085680465	0.087925679	-0.32494839	0.94163561	956	0
958	1.881444	-0.59905691	83.542078	0.10102781	0.084798494	0.325873	-0.75570001	0.56808827	957	0
959	1.9143663	-0.67540363	83.599471	0.10337777	0.084064757	0.24331288	-0.86560375	0.43764025	958	0
960	1.9395194	-0.76488782	83.644713	0.050786179	0.08358199	0.12622736	-0.889655	0.4388401	959	0
961	1.94593	-0.81007	83.667	0.14321313	0.026539915	0.57257321	-0.59352101	0.56559061	960	1
962	2.02793	-0.89507	83.748	0.10399038	0.024094959	0.4038835	-0.50966251	0.75968563	961	1
963	2.06993	-0.94807	83.827	0.10231324	0.013823817	0.82100808	-0.3518606	0.44959966	962	2
964	2.15393	-0.98407	83.873	0.097264879	0.0088328564	0.98774211	-0.14993569	-0.043414389	963	2
965	2.2500026	-0.99865348	83.868777	0.064245149	0.0062063128	0.85496545	0.040212788	0.51712379	964	2
966	2.30493	-0.99607	83.902	0.030789111	0.0032093548	0.99824285	-0.044747773	-0.038843824	965	3
967	2.30493	-0.99607	83.902	0.042201896	0.0059828302	0.28434742	0.61608607	0.73456416	965	2
968	2.31693	-0.97007	83.933	0.02490815	0.0032349966	0.68368688	0.70123887	0.20207995	967	3
969	2.31693	-0.97007	83.933	0.10533545	0.0057044138	0.23257098	-0.30207105	0.9244803	967	2
970	2.341428	-1.0018888	84.030381	0.12719089	0.0052969985	0.37347039	-0.63826277	0.67315711	969	2
971	2.38893	-1.08307	84.116	0.039635842	0.0049730161	0.731661	0.02522969	0.68120162	970	2
972	2.15393	-0.98407	83.873	0.025921414	0.005470088	0.0203673	-0.13343742	0.99084793	963	3
973	2.06993	-0.94807	83.827	0.11088837	0.022817615	0.254848	0.12363663	0.95904457	962	1
974	2.0981897	-0.93436014	83.933347	0.11128293	0.022404974	0.23661341	0.16122439	0.95813401	973	1
975	2.1245207	-0.91641861	84.039971	0.11136357	0.021992333	0.22816516	0.15578356	0.96107864	974	1
976	2.14993	-0.89907	84.147	0.034496377	0.011586665	0.52179393	0.14494276	0.840668	975	2
977	2.14993	-0.89907	84.147	0.047296934	0.021249861	0.16914416	-0.57086152	0.80343474	975	1
978	2.15793	-0.92607	84.185	0.061081912	0.013420113	0.21282896	-0.96591606	0.14734313	977	2
979	2.17093	-0.98507	84.194	0.10425553	0.010838743	0.44029364	-0.28782196	0.85047047	978	2
980	2.216833	-1.015077	84.282666	0.10532943	0.0093218023	0.46612759	-0.49362243	0.73420839	979	2
981	2.26593	-1.06707	84.36	0.12441016	0.0087950414	0.50889117	-0.12228076	0.85210163	980	2
982	2.3292412	-1.082283	84.46601	0.12368449	0.0082371045	0.70649126	-0.65223961	0.27468818	981	2
983	2.4166232	-1.1629549	84.499985	0.045722929	0.0077961093	0.40038462	-0.85548122	0.32839616	982	2
984	2.43493	-1.20207	84.515	0.12875017	0.0073700079	0.38399538	-0.92307316	-0.021988289	983	2
985	2.4843695	-1.3209158	84.512169	0.089428648	0.0069739192	0.42000554	-0.90747397	0.0092922806	984	2
986	2.52193	-1.40207	84.513	0.10819871	0.0064923024	0.91799398	-0.39178441	-0.06157941	985	2
987	2.6212558	-1.4444606	84.506337	0.10552961	0.005950577	0.25784214	-0.50919081	0.82112249	986	2
988	2.6484657	-1.4981953	84.59299	0.029021199	0.0056708706	0.084912336	-0.71929235	0.68949867	987	2
989	2.65093	-1.51907	84.613	0.029293978	0.0030558067	0.77180433	-0.59360404	0.22793054	988	3
990	2.65093	-1.51907	84.613	0.10393933	0.0053946715	-0.19168917	-0.70770263	0.680009	988	2
991	2.631006	-1.5926281	84.68368	0.093565508	0.0049912582	0.36256997	-0.89180155	0.27061599	990	2
992	2.52193	-1.40207	84.513	0.042405353	0.0034664545	-0.32983749	-0.94329925	-0.037333141	985	3
993	2.43493	-1.20207	84.515	0.037459431	0.0039498615	-0.32360008	-0.34759271	0.88003539	983	3
994	2.26593	-1.06707	84.36	0.12859772	0.0044872489	-0.20921301	-0.19277943	0.9586793	980	3
995	2.2390257	-1.091861	84.483284	0.064471822	0.0033165251	-0.21863324	-0.18936961	0.95725579	994	3
996	2.17093	-0.98507	84.194	0.043116122	0.0049537547	0.95092039	-0.30151134	-0.069579541	978	3
997	2.15793	-0.92607	84.185	0.11535679	0.020457778	-0.40099013	-0.50335851	0.76539998	977	1
998	2.1116731	-0.98413582	84.273294	0.10279827	0.019995172	-0.27099562	-0.78113339	0.56248734	997	1
999	2.0838152	-1.064435	84.331117	0.14316351	0.019244847	-0.021186167	-0.72635494	0.68699319	998	1
1000	2.0807821	-1.1684225	84.429469	0.10717734	0.01845603	0.021669328	-0.39272691	0.91939981	999	1
1001	2.0831046	-1.2105139	84.528008	0.058680078	0.01808828	-0.0029747838	-0.29918287	0.95419116	1000	1
1002	2.08293	-1.22807	84.584	0.11271646	0.017556755	0.88718188	-0.36374457	0.2838982	1001	1
1003	2.18293	-1.26907	84.616	0.039560081	0.010045066	0.80889622	-0.53083815	0.25278007	1002	2
1004	2.21493	-1.29007	84.626	0.015341928	0.0069538839	0.78288316	0.06609746	0.61864778	1003	2
1005	2.21493	-1.29007	84.626	0.034569399	0.0039987253	-0.3325585	-0.86715738	0.37073296	1003	3
1006	2.18293	-1.26907	84.616	0.062633857	0.016905973	0.33528192	0.015965806	0.94198255	1002	1
1007	2.20393	-1.26807	84.675	0.10594517	0.016412756	0.57022319	-0.50801991	0.64557051	1006	1
1008	2.2643424	-1.3218923	84.743395	0.10087531	0.015825689	0.41772023	-0.26897233	0.86785004	1007	1
1009	2.30648	-1.3490249	84.83094	0.10196487	0.015161962	0.20944329	-0.30527296	0.92894668	1008	1
1010	2.3278359	-1.380152	84.92566	0.10197544	0.014611207	0.2456132	-0.16834611	0.95463802	1009	1
1011	2.3528824	-1.3973192	85.023009	0.10575886	0.014165773	0.32193594	0.049633752	0.94545954	1010	1
1012	2.38693	-1.39207	85.123	0.081159118	0.0074862696	0.22369685	-0.96264792	0.15254082	1011	2
1013	2.38693	-1.39207	85.123	0.10864886	0.013427885	0.46078522	0.13136499	0.87773585	1011	1
1014	2.4369938	-1.3777973	85.218365	0.03112754	0.012809273	0.67259446	-0.13726289	0.72716957	1013	1
1015	2.45793	-1.38207	85.241	0.062804254	0.006969754	0.91399437	-0.14720962	0.37807886	1014	2
1016	2.45793	-1.38207	85.241	0.068183576	0.012531971	-0.24932691	0.55731897	0.79197958	1014	1
1017	2.44093	-1.34407	85.295	0.075446434	0.006908975	0.52448583	0.32264406	0.78791841	1016	2
1018	2.44093	-1.34407	85.295	0.10444986	0.01203742	-0.33677307	0.42626259	0.83957376	1016	1
1019	2.4057541	-1.2995469	85.382693	0.10084238	0.011368687	0.25214493	0.23942745	0.93760196	1018	1
1020	2.431181	-1.2754025	85.477243	0.12206494	0.010712931	0.32563816	0.33861073	0.88278115	1019	1
1021	2.47093	-1.23407	85.585	0.10791893	0.010067831	0.96509819	-0.24374905	-0.095769952	1020	1
1022	2.5750824	-1.2603751	85.574665	0.072767023	0.0094558368	0.83619796	-0.36685386	-0.40766556	1021	1
1023	2.63593	-1.28707	85.545	0.032817591	0.0058592453	0.51831957	-0.85305811	0.060304928	1022	2
1024	2.63593	-1.28707	85.545	0.11062141	0.0089351876	0.76439275	-0.28183648	0.57988958	1022	1
1025	2.7204882	-1.3182471	85.609148	0.10290673	0.0083851623	0.93763534	-0.026488641	0.34660976	1024	1
1026	2.8169772	-1.320973	85.644817	0.10036886	0.0077412394	0.90550331	0.40773178	0.11755233	1025	1
1027	2.9078615	-1.2800494	85.656615	0.10365024	0.0070961014	0.93261604	-0.30303903	-0.19594556	1026	1
1028	2.47093	-1.23407	85.585	0.01607451	0.0065408745	-0.31037106	0.50122058	0.80774237	1020	2
1029	2.20393	-1.26807	84.675	0.032802439	0.0091304637	-0.18291323	-0.48776861	0.85359507	1006	2
1030	2.08293	-1.22807	84.584	0.075808581	0.0088668473	-0.67200506	-0.34342099	0.65610306	1001	2
1031	2.14993	-0.89907	84.147	0.11367937	0.011872839	-0.69493697	0.18473008	0.69493697	975	2
1032	2.07093	-0.87807	84.226	0.016234511	0.0038373869	-0.28074836	0.64981168	0.70634633	1031	3
1033	2.07093	-0.87807	84.226	0.019924172	0.0067699037	-0.78021398	-0.19970443	0.59277676	1031	2
1034	2.02793	-0.89507	83.748	0.14377313	0.015241543	0.26291272	-0.85119422	0.45425245	961	2
1035	2.0657298	-1.0174489	83.813309	0.086940354	0.010646635	0.37037133	-0.92731555	0.053953117	1034	2
1036	2.09793	-1.09807	83.818	0.072034714	0.0085107838	0.30540831	-0.94398931	-0.12493976	1035	2
1037	2.11993	-1.16607	83.809	0.11381636	0.0082064384	0.80682669	-0.47934475	0.3453394	1036	2
1038	2.2117601	-1.2206273	83.848305	0.057088975	0.007977026	0.80873622	-0.46318443	0.36249953	1037	2
1039	2.25793	-1.24707	83.869	0.11924916	0.0042294434	0.67158854	-0.52854606	-0.51923781	1038	3
1040	2.3380164	-1.3100987	83.807081	0.11051119	0.0035691928	0.9481559	-0.21982396	-0.22951649	1039	3
1041	2.4427982	-1.3343917	83.781717	0.10655077	0.003104268	0.86680985	-0.48896181	0.097760027	1040	3
1042	2.5351575	-1.3864909	83.792134	0.093721292	0.0028763373	0.47772004	-0.87044321	-0.11879471	1041	3
1043	2.25793	-1.24707	83.869	0.077903787	0.0076668517	0.60330828	-0.66749002	0.43643578	1038	2
1044	2.30493	-1.29907	83.903	0.074249579	0.0072541956	0.83502157	-0.20202135	0.51178741	1043	2
1045	2.36693	-1.31407	83.941	0.02133455	0.0037234956	-0.064420155	-0.16377484	0.98439212	1044	3
1046	2.36693	-1.31407	83.941	0.13512587	0.0068569456	-0.022201523	-0.99906852	0.037002538	1044	2
1047	2.36393	-1.44907	83.946	0.040217521	0.0034011991	0.58796085	-0.55700468	-0.5865559	1046	3
1048	2.36393	-1.44907	83.946	0.10597316	0.0064310665	0.27901227	-0.96016203	0.015524826	1046	2
1049	2.3934978	-1.5508214	83.947645	0.11374792	0.0059385306	0.34100959	-0.882423	0.324102	1048	2
1050	2.4322869	-1.6511952	83.984511	0.11676366	0.0054375836	0.29176599	-0.95641284	-0.012127612	1049	2
1051	2.4663546	-1.7628695	83.983095	0.077798338	0.0050414017	0.75291313	-0.65811877	-0.00122211	1050	2
1052	2.36393	-1.44907	83.946	0.02475652	0.0034137936	-0.73030794	-0.67859019	0.078521772	1046	3
1053	2.30493	-1.29907	83.903	0.069226515	0.0036333866	0.049164632	-0.43110979	0.90095904	1043	3
1054	2.30493	-1.29907	83.903	0.028032238	0.0038164352	-0.24456496	-0.87738964	0.41276555	1043	3
1055	2.11993	-1.16607	83.809	0.029308702	0.0038818978	0.10235868	-0.37531516	0.92122811	1036	3
1056	2.09793	-1.09807	83.818	0.052763308	0.0039714533	-0.44101748	-0.48138626	0.75747663	1035	3
1057	2.09793	-1.09807	83.818	0.094762862	0.0039486716	-0.52763286	-0.75979132	0.37989566	1035	3
1058	1.94593	-0.81007	83.667	0.1206779	0.083079129	-0.82215159	-0.40682863	0.39819244	960	0
1059	1.8467145	-0.85916522	83.715053	0.12312044	0.082454885	-0.85268817	-0.41377597	0.3189237	1058	0
1060	1.7417311	-0.9101095	83.754319	0.11873169	0.081942464	-0.76610209	-0.58186784	0.27297877	1059	0
1061	1.6507705	-0.97919565	83.78673	0.11659887	0.081470568	-0.63222815	-0.71920771	0.28814551	1060	0
1062	1.5770534	-1.0630545	83.820328	0.058165145	0.081096892	-0.56947244	-0.7567339	0.32102173	1061	0
1063	1.54393	-1.10707	83.839	0.12887979	0.080284249	0.17846088	-0.65177015	0.73712101	1062	0
1064	1.56693	-1.19107	83.934	0.07553145	0.079147558	-0.039718554	-0.52958072	0.84732915	1063	0
1065	1.56393	-1.23107	83.998	0.11811736	0.077947225	0.4049913	-0.24938617	0.87965254	1064	0
1066	1.6117665	-1.2605268	84.101902	0.11326706	0.076493832	0.34624319	-0.33168464	0.87755396	1065	0
1067	1.6509845	-1.2980958	84.2013	0.05501323	0.07544223	0.27167187	-0.41761261	0.86706061	1066	0
1068	1.66593	-1.32107	84.249	0.10401049	0.074655066	-0.22244799	-0.76843515	0.60002026	1067	0
1069	1.6427931	-1.4009953	84.311408	0.10516106	0.073821752	-0.30898272	-0.79958083	0.5149759	1068	0
1070	1.6103001	-1.4850801	84.365564	0.10715008	0.07309223	-0.36810699	-0.81531585	0.44694218	1069	0
1071	1.5708574	-1.5724412	84.413454	0.10745247	0.072411536	-0.37011312	-0.81794719	0.44043009	1070	0
1072	1.5310879	-1.6603317	84.460779	0.05354176	0.071900052	-0.35781157	-0.81690087	0.45237579	1071	0
1073	1.51193	-1.70407	84.485	0.041509035	0.071548171	-0.072273422	-0.79500764	0.60227851	1072	0
1074	1.50893	-1.73707	84.51	0.037815341	0.071326552	-0.13222147	-0.97843889	0.15866577	1073	0
1075	1.50393	-1.77407	84.516	0.049689033	0.07126936	0.4628788	-0.88550727	0.04025033	1074	0
1076	1.52693	-1.81807	84.518	0.033496268	0.071133529	0.83591401	-0.2089785	0.50751922	1075	0
1077	1.55493	-1.82507	84.535	0.046173586	0.070869016	0.73635174	-0.5197777	0.43314808	1076	0
1078	1.58893	-1.84907	84.555	0.10215924	0.070357011	0.49055336	-0.6136325	0.61871848	1077	0
1079	1.6390446	-1.9117582	84.618208	0.051092613	0.069908611	0.48706531	-0.61284334	0.62224627	1078	0
1080	1.66393	-1.94307	84.65	0.13637379	0.069262246	0.35049921	-0.53164741	0.77103913	1079	0
1081	1.7117289	-2.0155728	84.75515	0.052588243	0.068554246	0.13693353	-0.50386218	0.85286114	1080	0
1082	1.71893	-2.04207	84.8	0.066610321	0.012389375	0.73451749	-0.67047782	0.10461146	1081	1
1083	1.71893	-2.04207	84.8	0.12219871	0.06821056	-0.54633381	-0.80569844	0.22884361	1081	0
1084	1.6521687	-2.1405253	84.827964	0.099272288	0.067921738	0.12706884	-0.93371704	0.33470286	1083	0
1085	1.6647831	-2.2332175	84.861191	0.041249818	0.06765725	0.36719859	-0.74794175	0.55294515	1084	0
1086	1.67993	-2.26407	84.884	0.068625693	0.011251789	0.30589599	-0.86611716	-0.39530837	1085	1
1087	1.67993	-2.26407	84.884	0.12064433	0.06747267	0.53834311	-0.83182878	0.13508359	1085	0
1088	1.744878	-2.3644254	84.900297	0.05895732	0.06743019	0.67933809	-0.72331257	-0.12376869	1087	0
1089	1.78493	-2.40707	84.893	0.02225533	0.011388604	0.80932858	-0.40404646	-0.42630236	1088	1
1090	1.78493	-2.40707	84.893	0.13595722	0.067462948	0.38390552	-0.92336865	0.00262347	1088	0
1091	1.8371247	-2.5326086	84.893357	0.039128886	0.067425188	0.68505077	-0.70181827	0.19533703	1090	0
1092	1.86393	-2.56007	84.901	0.09994865	0.067027402	0.59864959	-0.23183076	0.76672887	1091	0
1093	1.9237642	-2.5832412	84.977634	0.037244668	0.066555402	0.56829023	-0.53239374	0.62737797	1092	0
1094	1.94493	-2.60307	85.001	0.04922201	0.0098062693	0.4861682	-0.81371714	0.31859834	1093	1
1095	1.94493	-2.60307	85.001	0.10518324	0.065965512	0.18695572	0.17842494	0.96602904	1093	0
1096	1.9645946	-2.5843027	85.10261	0.10449904	0.064996552	-0.040868909	0.11823477	0.99214428	1095	0
1097	1.9603238	-2.5719473	85.206288	0.14029589	0.063851572	-0.13579607	-0.036420514	0.99006716	1096	0
1098	1.9412722	-2.5770569	85.345191	0.11004806	0.062691625	0.20592113	-0.12201736	0.97093164	1097	0
1099	1.9639334	-2.5904847	85.45204	0.10612909	0.061875965	0.44282449	-0.6462442	0.62151018	1098	0
1100	2.01093	-2.65907	85.518	0.10970282	0.061265043	0.7421441	0.33832311	0.57858415	1099	0
1101	2.0923453	-2.621955	85.581472	0.10045323	0.060826044	0.96148926	-0.021054575	0.27403486	1100	0
1102	1.86393	-2.56007	84.901	0.11218154	0.010046329	0.40992305	-0.66527313	0.623999	1091	1
1103	1.9099158	-2.6347014	84.971001	0.12192609	0.0079141673	-0.31887666	-0.16800481	0.93278725	1102	1
1104	1.8710364	-2.6551855	85.084732	0.05667471	0.0074070595	-0.37241331	-0.10382873	0.92224071	1103	1
1105	1.84993	-2.66107	85.137	0.096423552	0.0070221115	0.45986145	-0.16433406	0.87265214	1104	1
1106	1.84993	-2.66107	85.137	0.067663885	0.0050306865	-0.037898725	0.059032599	0.99753638	1104	2
1107	1.67993	-2.26407	84.884	0.046658333	0.010540483	-0.57867477	-0.81443116	-0.042864798	1085	1
1108	1.66393	-1.94307	84.65	0.086046499	0.012824826	0.023243247	-0.30216221	0.95297311	1079	1
1109	1.58893	-1.84907	84.555	0.051662365	0.016222034	0.71618866	-0.6968322	-0.0387129	1077	1
1110	1.62593	-1.88507	84.553	0.035284558	0.013767058	0.73686626	0.36843313	0.5668202	1109	1
1111	1.65193	-1.87207	84.573	0.12619033	0.01233975	0.58641576	-0.41207594	0.69735928	1110	1
1112	1.72593	-1.92407	84.661	0.02907619	0.0075122165	0.8059107	-0.36228096	0.46825255	1111	2
1113	1.72593	-1.92407	84.661	0.047113363	0.0068460471	0.4115941	-0.90169793	0.13240525	1111	2
1114	1.72593	-1.92407	84.661	0.039146685	0.0075539298	0.17988432	0.034078556	0.98309729	1111	2
1115	1.72593	-1.92407	84.661	0.039673669	0.011901764	0.42849579	0.45370142	0.78137467	1111	1
1116	1.74293	-1.90607	84.692	0.10079683	0.011368772	0.91272716	0.19841895	0.35715411	1115	1
1117	1.83493	-1.88607	84.728	0.14848906	0.010810314	0.6734503	-0.2155041	0.70712282	1116	1
1118	1.93493	-1.91807	84.833	0.1323326	0.010158222	0.81397993	-0.07440023	0.57610873	1117	1
1119	2.0426461	-1.9279156	84.909238	0.096880773	0.0092945347	-0.13004124	-0.41691981	0.89959277	1118	1
1120	2.0300476	-1.9683071	84.996391	0.11532611	0.0084767661	0.46721779	-0.87372154	0.13534479	1119	1
1121	2.08393	-2.06907	85.012	0.097374407	0.0077976548	-0.021567846	-0.85048335	0.5255596	1120	1
1122	2.0818298	-2.1518853	85.063176	0.10218487	0.0071972323	0.34517212	-0.34581606	0.87250643	1121	1
1123	1.93493	-1.91807	84.833	0.047542405	0.0067571186	0.097071236	-0.9250426	0.36725109	1117	2
1124	1.83493	-1.88607	84.728	0.02666234	0.0068401697	0.78542431	0.48864569	0.3799132	1116	2
1125	1.83493	-1.88607	84.728	0.029421763	0.0068337304	0.20723659	0.81914015	0.53484803	1116	2
1126	1.74293	-1.90607	84.692	0.015973603	0.0072289592	0.051304126	0.82583148	0.56157836	1115	2
1127	1.65193	-1.87207	84.573	0.064722485	0.0068729974	0.94248545	0.18540697	0.27811046	1110	2
1128	1.62593	-1.88507	84.553	0.021606261	0.0091539429	0.66980006	-0.74217492	-0.023329465	1109	2
1129	1.55493	-1.82507	84.535	0.045110974	0.01352463	-0.022167555	-0.066502665	0.99753997	1076	1
1130	1.52693	-1.81807	84.518	0.056107041	0.013666454	-0.74856916	-0.53469225	0.39210765	1075	1
1131	1.50393	-1.77407	84.516	0.034770677	0.013685525	-0.28759865	-0.63271704	-0.71899664	1074	1
1132	1.50893	-1.73707	84.51	0.12907797	0.016175719	-0.72215196	-0.5097785	0.46757078	1073	1
1133	1.4157161	-1.8028712	84.570353	0.024476552	0.013246638	-0.44067047	-0.82523176	0.35327337	1132	1
1134	1.40493	-1.82307	84.579	0.061204575	0.012390146	0.14704783	-0.91496428	0.3757889	1133	1
1135	1.41393	-1.87907	84.602	0.040249224	0.0071087912	0.099380799	-0.0496904	0.99380799	1134	2
1136	1.41393	-1.87907	84.602	0.076026311	0.012074561	-0.21045346	-0.89442719	0.39460023	1134	1
1137	1.39793	-1.94707	84.632	0.027531871	0.0074152806	0.052076011	-0.32918668	0.94282778	1136	2
1138	1.39793	-1.94707	84.632	0.11893323	0.011521494	-0.25218424	-0.68683282	0.68166251	1136	1
1139	1.3679369	-2.0287572	84.713072	0.12486092	0.010730534	0.032875955	-0.62834211	0.77724216	1138	1
1140	1.3720418	-2.1072126	84.810119	0.12354041	0.009918301	0.24037033	-0.46662347	0.85116664	1139	1
1141	1.4017373	-2.1648595	84.915273	0.086040595	0.0092439286	0.15333128	-0.97873019	0.13629649	1140	1
1142	1.41493	-2.24907	84.927	0.026679478	0.0057908315	-0.068332893	-0.99601367	0.057335735	1141	2
1143	1.41493	-2.24907	84.927	0.14030445	0.0086074798	-0.62301224	-0.4314725	0.65244711	1141	1
1144	1.3275186	-2.3096075	85.018541	0.14852278	0.0079577842	-0.32840408	-0.55461813	0.76455836	1143	1
1145	1.2787431	-2.3919809	85.132096	0.07229015	0.0073776222	-0.089018303	-0.49365395	0.86509047	1144	1
1146	1.40493	-1.82307	84.579	0.051461426	0.007239411	-0.39934531	-0.74613874	0.53272912	1133	2
1147	1.51193	-1.70407	84.485	0.051	0.014812877	-0.43137255	-0.90196078	-0.019607843	1072	1
1148	1.66593	-1.32107	84.249	0.10302623	0.016424434	-0.49886854	-0.3251804	0.80336037	1067	1
1149	1.6145335	-1.3545721	84.331767	0.11700703	0.0088857104	-0.52352424	-0.62571979	0.5782708	1148	1
1150	1.56393	-1.23107	83.998	0.067668309	0.019832217	-0.4876729	-0.0443339	0.87190002	1064	1
1151	1.53093	-1.23407	84.057	0.084891253	0.0086802121	-0.064236595	0.77622562	0.62717417	1150	2
1152	1.53093	-1.23407	84.057	0.1068156	0.013534986	-0.71266433	0.39211302	0.58168456	1150	1
1153	1.4548063	-1.1921862	84.119133	0.12067773	0.010010402	-0.53133807	0.36881294	0.76266432	1152	1
1154	1.3906857	-1.1476787	84.21117	0.056176948	0.0094220249	-0.33386745	0.064238113	0.94042862	1153	1
1155	1.37193	-1.14407	84.264	0.10672174	0.0089476606	-0.81641597	0.56162754	0.13431111	1154	1
1156	1.2848007	-1.0841321	84.278334	0.098816073	0.0083684753	-0.80375651	-0.0080387273	0.59490407	1155	1
1157	1.2053766	-1.0849265	84.33712	0.10446314	0.0077544191	-0.5766333	-0.73702808	0.35253885	1156	1
1158	1.1451397	-1.1619187	84.373947	0.090219694	0.0071305501	-0.81708759	-0.54165479	0.19742833	1157	1
1159	1.37193	-1.14407	84.264	0.036586798	0.0057512515	-0.88818752	-0.23226445	0.39645448	1154	2
1160	1.56693	-1.19107	83.934	0.06888396	0.020243961	-0.37744636	-0.90006439	0.21775751	1063	1
1161	1.54093	-1.25307	83.949	0.025620624	0.010180858	0.5441905	-0.7614959	-0.35210891	1160	2
1162	1.54093	-1.25307	83.949	0.11831803	0.014738035	-0.22109133	-0.87302366	0.43468186	1160	1
1163	1.5147709	-1.3563644	84.000431	0.10280752	0.011310873	-0.53227758	-0.69145816	0.48843237	1162	1
1164	1.4600488	-1.4274515	84.050645	0.10173668	0.0097713127	-0.80716978	-0.35010439	0.47529345	1163	1
1165	1.37793	-1.46307	84.099	0.039711459	0.0092197565	-0.35254308	0.37772472	0.85617604	1164	1
1166	1.36393	-1.44807	84.133	0.11363478	0.0087032851	-0.09028943	-0.62885952	0.77225872	1165	1
1167	1.35367	-1.5195303	84.220755	0.12634434	0.0081294944	-0.10875027	-0.54248326	0.83299777	1166	1
1168	1.33993	-1.58807	84.326	0.116559	0.0074406295	-0.14584889	-0.72066508	0.67776835	1167	1
1169	1.32293	-1.67207	84.405	0.033211926	0.0069790916	-0.61002419	-0.68429862	0.39950705	1168	1
1170	1.36393	-1.44807	84.133	0.040301278	0.0056985272	0.250893	-0.26881659	0.92994104	1165	2
1171	1.36393	-1.44807	84.133	0.027741547	0.0057731094	-0.75586087	-0.27107356	0.59598109	1165	2
1172	1.37793	-1.46307	84.099	0.041901795	0.0061721711	-0.9779787	-0.20548046	0.036543781	1164	2
1173	1.54393	-1.10707	83.839	0.1092934	0.021349531	-0.81526053	-0.52281566	0.24902623	1062	1
1174	1.4548274	-1.1642103	83.866217	0.09843643	0.013959882	-0.66610764	-0.62959295	0.39989165	1173	1
1175	1.59593	-0.35707	82.637	0.10702481	0.037020526	0.25879367	-0.39947714	0.87945657	948	1
1176	1.6236273	-0.39982396	82.731124	0.10724964	0.036245383	0.23848866	-0.33164029	0.91276387	1175	1
1177	1.6492052	-0.43539227	82.829017	0.10333732	0.03547024	-0.013793476	-0.38156413	0.92423945	1176	1
1178	1.6477798	-0.47482208	82.924526	0.10708549	0.034674766	-0.43357773	-0.49441423	0.75336905	1177	1
1179	1.6013499	-0.52776667	83.005201	0.11352688	0.033858961	-0.6255198	-0.63450308	0.45401633	1178	1
1180	1.5303366	-0.59979982	83.056744	0.1143469	0.033151999	-0.57054438	-0.8042671	0.16623338	1179	1
1181	1.4650966	-0.69176527	83.075752	0.10898624	0.032553878	-0.3557328	-0.93362973	0.042304921	1180	1
1182	1.4263266	-0.79351807	83.080363	0.052467653	0.032105286	-0.17909379	-0.98254698	0.050267765	1181	1
1183	1.41693	-0.84507	83.083	0.10211557	0.031723615	0.60215023	-0.72635051	0.33140614	1182	1
1184	1.4784189	-0.9192417	83.116842	0.10442818	0.031259333	0.70802081	-0.61384686	0.34913976	1183	1
1185	1.5523562	-0.98334461	83.153302	0.10711206	0.03079505	0.76743527	-0.54348738	0.34009496	1184	1
1186	1.6345578	-1.0415587	83.18973	0.10539971	0.030330768	0.74763021	-0.5948717	0.29525706	1185	1
1187	1.7133578	-1.104258	83.22085	0.10091552	0.029866486	0.63844726	-0.74729381	0.18422016	1186	1
1188	1.7777871	-1.1796715	83.239441	0.10007131	0.029322501	0.45376167	-0.89106047	-0.010563561	1187	1
1189	1.8231956	-1.2688411	83.238384	0.10376752	0.028698815	0.28697139	-0.94472701	-0.15855059	1188	1
1190	1.8529739	-1.3668731	83.221931	0.10324346	0.02807513	0.19269674	-0.97133995	-0.1391642	1189	1
1191	1.8728686	-1.4671576	83.207563	0.14621229	0.027295524	0.15088626	-0.98427035	0.091897828	1190	1
1192	1.89493	-1.61107	83.221	0.15040367	0.017248252	0.77951029	-0.60346556	-0.16790777	1191	2
1193	2.0121712	-1.7018334	83.195746	0.050917079	0.014871492	0.80049346	-0.57419952	-0.17177055	1192	2
1194	2.05293	-1.73107	83.187	0.10634139	0.0061811254	0.84630331	-0.27452086	0.45651836	1193	3
1195	2.1429271	-1.7602629	83.235547	0.046158645	0.0037432918	0.71498913	-0.68908154	0.11814045	1194	3
1196	2.17593	-1.79207	83.241	0.0916697	0.0023177494	0.44824046	-0.78305441	-0.43116851	1195	4
1197	2.17593	-1.79207	83.241	0.12317453	0.00324359	0.88214923	0.39465436	0.25702271	1195	3
1198	2.2845883	-1.7434586	83.272659	0.10521699	0.002957962	0.96316837	0.23179367	0.13630258	1197	3
1199	2.05293	-1.73107	83.187	0.10985639	0.013235647	0.43572806	-0.89348469	-0.10874816	1193	2
1200	2.1007975	-1.829225	83.175053	0.11126443	0.011152337	0.31362785	-0.94911134	0.028727049	1199	2
1201	2.1356931	-1.9348273	83.17825	0.11522615	0.0098879936	0.15526464	-0.96242931	0.22276158	1200	2
1202	2.1535837	-2.0457244	83.203918	0.10444993	0.0094426174	-0.062100625	-0.94504111	0.32099971	1201	2
1203	2.1470973	-2.1444338	83.237446	0.083839658	0.0089159915	-0.39560366	-0.86636997	0.30479637	1202	2
1204	2.11393	-2.21707	83.263	0.13009186	0.0048436973	0.53975201	-0.81935341	0.19320392	1203	3
1205	2.1841473	-2.3236612	83.288134	0.12114835	0.0045505774	0.69157078	-0.72150212	-0.034125582	1204	3
1206	2.26793	-2.41107	83.284	0.073139642	0.0028129521	0.86288866	0.061333339	-0.50165864	1205	4
1207	2.26793	-2.41107	83.284	0.099569072	0.004223567	0.84363547	-0.53229381	0.070302955	1205	3
1208	2.35193	-2.46407	83.291	0.096384646	0.0039843361	0.38387857	-0.92338358	0	1207	3
1209	2.38893	-2.55307	83.291	0.022396491	0.0026119464	0.98306414	-0.18254813	0.016157665	1208	4
1210	2.38893	-2.55307	83.291	0.052659282	0.0038337795	-0.28485007	-0.79758018	-0.53172012	1208	3
1211	2.37393	-2.59507	83.263	0.059015358	0.0025089889	0.64733646	-0.37720584	-0.66232263	1210	4
1212	2.37393	-2.59507	83.263	0.064451532	0.0036913663	0.015515535	-0.74474568	0.667168	1210	3
1213	2.37493	-2.64307	83.306	0.048456907	0.0025329596	0.70838069	-0.57015865	0.416072	1212	4
1214	2.37493	-2.64307	83.306	0.11030989	0.0035205178	0.069512619	-0.97571604	-0.20771666	1212	3
1215	2.3825979	-2.7507011	83.283087	0.044033188	0.0033702287	0.23464279	-0.96220303	-0.13823203	1214	3
1216	2.39293	-2.79307	83.277	0.099396143	0.0031940255	0.92089919	-0.38963644	0.011319133	1215	3
1217	2.4844638	-2.8317984	83.278125	0.096321566	0.0029457968	0.64851699	-0.48038713	0.59046924	1216	3
1218	2.39293	-2.79307	83.277	0.061525128	0.0022917158	0.20244713	-0.89675313	0.39350855	1215	4
1219	2.35193	-2.46407	83.291	0.074906812	0.0026237755	0.48402367	0.051120419	0.87356041	1207	4
1220	2.11393	-2.21707	83.263	0.029154759	0.0085144036	-0.51449576	-0.82319321	0.24009802	1203	2
1221	2.09893	-2.24107	83.27	0.11518126	0.0042107149	-0.086792375	-0.97264914	0.21545473	1220	3
1222	2.0889331	-2.353101	83.294816	0.099448272	0.0032588892	0.097393892	-0.97594904	-0.19503308	1221	3
1223	2.0986188	-2.4501574	83.275421	0.07765072	0.00289333	0.13278951	-0.92610342	-0.35312801	1222	3
1224	2.09893	-2.24107	83.27	0.14769563	0.0082045131	-0.20312043	-0.57550788	0.79216966	1220	2
1225	2.06893	-2.32607	83.387	0.057490958	0.0037009299	0.23960086	-0.55675331	0.79537235	1224	3
1226	2.06893	-2.32607	83.387	0.11472477	0.0077003288	-0.35057596	-0.90459331	0.24250243	1224	2
1227	2.0287103	-2.4298493	83.414821	0.11216425	0.0072086475	-0.46260665	-0.85470322	0.23553662	1226	2
1228	1.9768223	-2.5257164	83.44124	0.049035782	0.0069350187	-0.4464561	-0.88412159	0.1378621	1227	2
1229	1.95493	-2.56907	83.448	0.0601415	0.0066958036	0.14964708	-0.9311374	-0.33254907	1228	2
1230	1.96393	-2.62507	83.428	0.10446449	0.0062509211	0.44037599	-0.60614031	0.66231632	1229	2
1231	2.0099337	-2.6883901	83.497189	0.022779409	0.0059314233	0.74612768	-0.64443565	0.16732062	1230	2
1232	2.02693	-2.70307	83.501	0.10272944	0.005683451	0.38067057	-0.67912104	0.62760221	1231	2
1233	2.0660361	-2.7728357	83.565473	0.11573348	0.0052294016	0.1718943	-0.53773788	0.82540313	1232	2
1234	2.08593	-2.83507	83.661	0.052364661	0.004907913	0.51659362	-0.21088888	0.82985355	1233	2
1235	2.02693	-2.70307	83.501	0.036523736	0.0032305059	-0.20505554	-0.72623043	0.65615667	1231	3
1236	1.96393	-2.62507	83.428	0.038201454	0.0033326698	-0.041781991	-0.92815997	-0.3698288	1229	3
1237	1.95493	-2.56907	83.448	0.070852241	0.0034517902	-0.44058488	-0.75758206	0.48161643	1228	3
1238	1.89493	-1.61107	83.221	0.10003337	0.02655064	0.068694652	-0.7049618	0.7059107	1191	1
1239	1.9018018	-1.6815897	83.291615	0.10211626	0.025996397	0.019990046	-0.575337	0.81767214	1238	1
1240	1.9038431	-1.740341	83.375112	0.10616811	0.025442154	-0.011780955	-0.46737087	0.88398285	1239	1
1241	1.9025923	-1.7899608	83.468963	0.10709495	0.024887912	-0.0032415015	-0.45976725	0.88803354	1240	1
1242	1.9022452	-1.8391996	83.564067	0.10572629	0.02433367	0.025394286	-0.50952699	0.86007987	1241	1
1243	1.90493	-1.89307	83.655	0.1277928	0.023140615	0.33648218	-0.85294319	0.39908351	1242	1
1244	1.94793	-2.00207	83.706	0.10630616	0.012205759	0.92186566	-0.38567849	-0.03762717	1243	2
1245	2.04593	-2.04307	83.702	0.041705405	0.0039335101	0.61003784	-0.65766918	-0.44195598	1244	3
1246	2.04593	-2.04307	83.702	0.016579223	0.0070432887	0.48541555	-0.57012247	0.66282133	1244	2
1247	1.94793	-2.00207	83.706	0.12660527	0.021925905	0.24131761	-0.91383256	0.3266127	1243	1
1248	1.9784821	-2.117766	83.747351	0.063174907	0.021477741	0.2445262	-0.90706876	0.34268529	1247	1
1249	1.99393	-2.17507	83.769	0.10109183	0.021098917	0.31432997	-0.79781106	0.51448438	1248	1
1250	2.0257062	-2.2557222	83.82101	0.10038847	0.020640045	0.33441876	-0.74832493	0.57286464	1249	1
1251	2.059278	-2.3308454	83.878519	0.099739635	0.020181172	0.35745089	-0.67400115	0.64649154	1250	1
1252	2.09493	-2.39807	83.943	0.10817891	0.019587036	0.41157028	-0.24164659	0.87875869	1251	1
1253	2.1394532	-2.4242111	84.038063	0.1320983	0.018661655	0.26328087	-0.054176187	0.96319682	1252	1
1254	2.1742322	-2.4313676	84.1653	0.10492012	0.017657288	0.027364383	-0.22214027	0.97463064	1253	1
1255	2.1771033	-2.4546746	84.267558	0.11658422	0.016829037	0.4558148	-0.17774068	0.87214742	1254	1
1256	2.2302441	-2.4753964	84.369237	0.15349829	0.01602655	0.44006304	-0.15357446	0.88473691	1255	1
1257	2.297793	-2.4989698	84.505042	0.13426106	0.015142784	0.27660301	-0.030538977	0.96049891	1256	1
1258	2.33493	-2.50307	84.634	0.062617889	0.0087182372	0.25551804	0.36730718	0.89431313	1257	2
1259	2.35093	-2.48007	84.69	0.049142803	0.0061982286	0.75589813	-0.31380087	0.57458423	1258	2
1260	2.35093	-2.48007	84.69	0.021163158	0.0034914323	-0.3506979	0.328268	0.87706961	1258	3
1261	2.33493	-2.50307	84.634	0.12297154	0.014411525	-0.49604973	-0.32527851	0.80506432	1257	1
1262	2.27393	-2.54307	84.733	0.058830264	0.013899808	0.067992215	-0.23797275	0.96888907	1261	1
1263	2.27793	-2.55707	84.79	0.10604841	0.013384564	-0.042917364	0.13096447	0.99045768	1262	1
1264	2.2733787	-2.5431814	84.895036	0.1272202	0.01273709	0.097801404	0.36346152	0.92646134	1263	1
1265	2.285821	-2.4969418	85.012901	0.14698694	0.011986663	0.58503418	0.070366185	0.80795025	1264	1
1266	2.3718134	-2.4865989	85.131659	0.14481368	0.01114095	0.5619009	0.19945639	0.80279793	1265	1
1267	2.4531843	-2.4577149	85.247915	0.10575259	0.010456588	0.39441716	-0.065108023	0.91662209	1266	1
1268	2.494895	-2.4646002	85.34485	0.055571786	0.010140775	0.34253081	-0.18840144	0.92042248	1267	1
1269	2.51393	-2.47507	85.396	0.058546781	0.0065130082	0.85308917	0.094235539	0.5131847	1268	2
1270	2.51393	-2.47507	85.396	0.10942644	0.0095240792	0.25956613	-0.43380239	0.86280989	1268	1
1271	2.5423334	-2.5225395	85.490414	0.039393675	0.0089010511	0.3705316	-0.013467819	0.92872221	1270	1
1272	2.55693	-2.52307	85.527	0.032150942	0.0057171614	-0.23852941	0.8978037	0.37020567	1271	2
1273	2.55693	-2.52307	85.527	0.067334983	0.0085871188	-0.490087	-0.13366009	0.86136503	1271	1
1274	2.52393	-2.53207	85.585	0.030758023	0.0056160825	0.047239961	0.73299473	0.67859201	1273	2
1275	2.52393	-2.53207	85.585	0.11298145	0.0080311512	0.005801042	-0.74433902	0.66777674	1273	1
1276	2.5245854	-2.6161665	85.660446	0.10831066	0.0073931473	0.4093514	-0.80079371	0.43721947	1275	1
1277	2.5689225	-2.702901	85.707802	0.056363172	0.0069719944	0.33723209	-0.57074509	0.74868188	1276	1
1278	2.51393	-2.47507	85.396	0.053644808	0.0062438755	-0.59339969	-0.64172683	0.48586365	1268	2
1279	2.27793	-2.55707	84.79	0.064830548	0.0084385265	-0.47816964	-0.44731999	0.75581653	1262	2
1280	2.24693	-2.58607	84.839	0.025317817	0.0065869804	-0.062699793	-0.9923718	0.10614591	1279	2
1281	2.24693	-2.58607	84.839	0.03758133	0.0036177932	-0.60140402	0.21160773	0.77041247	1279	3
1282	2.27393	-2.54307	84.733	0.080024996	0.0080734226	-0.39987506	-0.89971888	-0.17494534	1261	2
1283	2.09493	-2.39807	83.943	0.043370497	0.011296764	-0.069171446	-0.83005736	0.55337157	1251	2
1284	2.09193	-2.43407	83.967	0.020512849	0.0072134856	-0.024055045	-0.052375709	0.99833769	1283	2
1285	2.09193	-2.43407	83.967	0.024000758	0.0039783742	-0.81229204	-0.58323678	0.0040623716	1283	3
1286	1.99393	-2.17507	83.769	0.085922092	0.010108875	0.086821021	-0.98059627	0.17576424	1248	2
1287	1.90493	-1.89307	83.655	0.10494744	0.011713777	0.30181571	-0.1378229	0.94335154	1242	2
1288	1.9366048	-1.9075342	83.754002	0.11346949	0.0062047419	0.30808296	-0.47164547	0.82621755	1287	2
1289	1.9715628	-1.9610515	83.847753	0.051926385	0.0059851904	0.23816788	-0.55883857	0.79433967	1288	2
1290	1.98393	-1.99007	83.889	0.1193173	0.0031790533	0.69397236	-0.56496351	0.4463391	1289	3
1291	2.0667329	-2.0574799	83.942256	0.035630029	0.0028628612	0.69275993	-0.65025688	0.31184879	1290	3
1292	1.98393	-1.99007	83.889	0.099348126	0.0055957562	0.28963434	0.09901066	0.95200254	1289	2
1293	2.0127046	-1.9802335	83.98358	0.11938103	0.0050568832	0.37045561	0.085134773	0.92494038	1292	2
1294	1.90493	-1.89307	83.655	0.065069194	0.013534728	-0.59936197	0.046104767	0.79914929	1242	2
1295	1.86593	-1.89007	83.707	0.030998904	0.0048461724	-0.41098227	-0.1427369	0.90039977	1294	3
1296	1.86593	-1.89007	83.707	0.015470704	0.0085676746	-0.98623399	-0.14178133	0.085091523	1294	2
1297	1.41693	-0.84507	83.083	0.053347915	0.018602367	-0.20619363	-0.28117313	0.93724376	1182	2
1298	1.40593	-0.86007	83.133	0.027557516	0.0068918783	0.12603186	0.50537484	0.85364644	1297	3
1299	1.40593	-0.86007	83.133	0.1173925	0.010759675	-0.54517961	-0.74110354	0.39184785	1297	2
1300	1.34193	-0.94707	83.179	0.023778735	0.0035534971	-0.10289032	0.45966507	0.88211201	1299	3
1301	1.34193	-0.94707	83.179	0.031796226	0.0068965124	-0.97495847	0.15725137	0.15725137	1299	2
1302	1.31093	-0.94207	83.184	0.051127292	0.006732961	-0.64544783	-0.58677076	0.48897563	1301	2
1303	1.27793	-0.97207	83.209	0.10106306	0.0064228982	0.17714806	-0.66849042	0.72231511	1302	2
1304	1.2958331	-1.0396297	83.281999	0.097084795	0.0059857243	0.3301954	-0.34518552	0.8785317	1303	2
1305	1.3278901	-1.073142	83.367291	0.099344308	0.0055748153	0.40782269	-0.90740505	0.10147277	1304	2
1306	1.3684049	-1.1632875	83.377372	0.11909863	0.0051200123	-0.19643433	-0.98051351	0.0026107564	1305	2
1307	1.27793	-0.97207	83.209	0.02534866	0.0033964777	-0.35544286	0.39351193	0.84782589	1302	3
1308	1.31093	-0.94207	83.184	0.022945307	0.003479147	-0.93698694	-0.035623093	0.34754349	1301	3
1309	1.31719	0.13023	80.98648	0.15028662	0.055980337	0.24262792	-0.20082252	0.9491059	163	1
1310	1.3536537	0.10004906	81.129118	0.10479981	0.047503601	0.023008899	-0.19961086	0.97960507	1309	1
1311	1.3560651	0.079129883	81.23178	0.10682228	0.040722211	-0.044188283	-0.18537233	0.98167433	1310	1
1312	1.3513448	0.059327988	81.336645	0.053246561	0.03563617	-0.04535064	-0.17649944	0.98325544	1311	1
1313	1.34893	0.04993	81.389	0.099029675	0.015593387	0.63431902	0.15051557	0.75827729	1312	2
1314	1.34893	0.04993	81.389	0.084267431	0.027273641	-0.22547264	0.047467924	0.97309243	1312	1
1315	1.32993	0.05393	81.471	0.074759615	0.012362368	0.34778135	-0.62868168	0.69556271	1314	2
1316	1.35593	0.00693	81.523	0.12897194	0.0078813449	0.13955313	-0.80655355	0.57445304	1315	2
1317	1.3739284	-0.097092773	81.597088	0.10366913	0.0054806842	-0.17242695	-0.8719534	0.4582207	1316	2
1318	1.3560531	-0.18748742	81.644592	0.089951309	0.0051297194	-0.38635149	-0.91042842	0.14782629	1317	2
1319	1.35593	0.00693	81.523	0.019650977	0.0048834249	-0.10117877	-0.093283171	0.99048529	1315	3
1320	1.32993	0.05393	81.471	0.11197095	0.020410187	-0.6128411	-0.45476717	0.64622953	1314	1
1321	1.2613096	0.0030092871	81.543359	0.11218965	0.020017644	-0.6147532	-0.48114686	0.62496096	1320	1
1322	1.1923407	-0.05097041	81.613473	0.11208229	0.0196251	-0.59251694	-0.49159944	0.63816429	1321	1
1323	1.12593	-0.10607	81.685	0.071372264	0.012908841	-0.51840867	-0.85467375	-0.02802209	1322	2
1324	1.08893	-0.16707	81.683	0.10636876	0.011717429	-0.39509175	-0.87823131	0.26946663	1323	2
1325	1.0469046	-0.26048638	81.711663	0.13759045	0.010922393	-0.3355943	-0.87422572	0.35086444	1324	2
1326	1.00073	-0.38077148	81.759938	0.12123346	0.010009585	-0.33215381	-0.86879058	0.36725573	1325	2
1327	0.96046186	-0.48609797	81.804462	0.10768633	0.0093735851	-0.3980985	-0.63651529	0.66057995	1326	2
1328	0.91759209	-0.55464196	81.875598	0.11200219	0.0089184536	-0.27066714	-0.5762383	0.77116063	1327	2
1329	0.88727678	-0.61918191	81.961969	0.10640565	0.0084158143	-0.43058521	0.040070251	0.90166	1328	2
1330	0.84146008	-0.61491821	82.057911	0.11027758	0.0079334018	-0.4944802	0.2071882	0.8441341	1329	2
1331	0.78693	-0.59207	82.151	0.10679892	0.0075114575	-0.81538602	0.57547473	0.063043418	1330	2
1332	0.69984766	-0.53060992	82.157733	0.054438002	0.0072398683	-0.8067463	0.54263421	-0.23389853	1331	2
1333	0.65593	-0.50107	82.145	0.11314997	0.003931385	-0.80652051	0.50353801	-0.30979694	1332	3
1334	0.56467223	-0.44409469	82.109946	0.11223381	0.0035831529	-0.93671658	0.14149348	-0.32022123	1333	3
1335	0.45954096	-0.42821434	82.074007	0.095639329	0.0032969609	-0.84513092	0.014825495	0.53435375	1334	3
1336	0.3787132	-0.42679644	82.125112	0.11139813	0.0030260885	-0.65503075	-0.11720604	0.7464566	1335	3
1337	0.305744	-0.43985297	82.208266	0.041937303	0.0028456419	-0.82036991	-0.51683365	0.2446961	1336	3
1338	0.65593	-0.50107	82.145	0.11061798	0.006990353	-0.91680595	0.18234834	-0.35526883	1332	2
1339	0.55451478	-0.48089899	82.105701	0.10721313	0.0066599923	-0.96618373	0.1042106	-0.23585833	1338	2
1340	0.4509272	-0.46972625	82.080414	0.10506573	0.0061928389	-0.99934768	0.015763941	-0.03249175	1339	2
1341	0.34593	-0.46807	82.077	0.11593643	0.0056267075	-0.99183132	-0.12539443	-0.023385071	1340	2
1342	0.23094062	-0.48260778	82.074289	0.10878836	0.005120867	-0.95113477	-0.25625794	0.17226296	1341	2
1343	0.34593	-0.46807	82.077	0.090848535	0.0031323053	-0.31338004	-0.69249556	0.64980216	1340	3
1344	0.78693	-0.59207	82.151	0.11923313	0.0037884733	-0.9688604	0.2340686	0.080755334	1330	3
1345	0.67140975	-0.56416127	82.160629	0.10672638	0.0030028119	-0.84863994	0.44112074	0.29192936	1344	3
1346	0.58083748	-0.51708205	82.191785	0.034363674	0.0028400114	-0.78302106	0.43685814	0.44275611	1345	3
1347	1.08893	-0.16707	81.683	0.072422372	0.0052304387	-0.66277862	-0.6903944	-0.28996565	1323	3
1348	1.12593	-0.10607	81.685	0.10518496	0.019048276	-0.36316162	-0.44769426	0.81711902	1322	1
1349	1.0877309	-0.1531607	81.770949	0.10563186	0.018287171	-0.32945418	-0.42514915	0.84303508	1348	1
1350	1.05293	-0.19807	81.86	0.027976963	0.0097217095	-0.097736664	-0.82929141	0.55020297	1349	2
1351	1.05293	-0.19807	81.86	0.11075198	0.017461904	-0.42437166	-0.26184635	0.8668017	1349	1
1352	1.00593	-0.22707	81.956	0.14345041	0.016585898	0.31212665	-0.2011879	0.92849361	1351	1
1353	1.0507047	-0.25593049	82.089193	0.10290052	0.015867255	0.39728783	-0.09956038	0.91227743	1352	1
1354	1.0915858	-0.2661753	82.183067	0.14892066	0.015215506	0.44192595	-0.24049378	0.86421305	1353	1
1355	1.1573977	-0.30198979	82.311766	0.10087761	0.014652004	0.2137983	-0.12780261	0.96848169	1354	1
1356	1.1789652	-0.31488222	82.409464	0.10261527	0.014253799	0.11487244	-0.11013568	0.98725602	1355	1
1357	1.1907529	-0.32618382	82.510771	0.10222475	0.013855593	0.089774236	-0.1749692	0.98047252	1356	1
1358	1.19993	-0.34407	82.611	0.084817451	0.0072959956	0.29475066	0.15327035	0.94320212	1357	2
1359	1.19993	-0.34407	82.611	0.11208429	0.012934047	-0.16687837	-0.81893734	0.54908401	1357	1
1360	1.1812256	-0.43586001	82.672544	0.11121058	0.011917615	-0.86949077	-0.41874002	0.26199733	1359	1
1361	1.084529	-0.48242833	82.701681	0.1129942	0.011394429	-0.96339045	-0.21755006	0.15668696	1360	1
1362	0.97567146	-0.50701022	82.719385	0.12086061	0.010936033	-0.94937018	-0.21561844	0.22848402	1361	1
1363	0.86093	-0.53307	82.747	0.092547285	0.0062390541	-0.010805287	-0.99408643	-0.10805287	1362	2
1364	0.86093	-0.53307	82.747	0.042672385	0.0067776055	-0.088223039	-0.81724399	-0.56949887	1362	2
1365	0.86093	-0.53307	82.747	0.10779362	0.010165072	0.080191218	-0.92889239	0.36156368	1362	1
1366	0.8695741	-0.63319867	82.785974	0.027485939	0.0095312562	0.34038853	-0.9048746	0.25561223	1365	1
1367	0.87893	-0.65807	82.793	0.015762862	0.0059217077	0.0040443164	-0.1919266	0.98140095	1366	2
1368	0.87893	-0.65807	82.793	0.10222035	0.0091085635	-0.23478691	-0.85110254	0.46957382	1366	1
1369	0.85493	-0.74507	82.841	0.022453478	0.005593046	0.46825986	-0.57724909	0.66896651	1368	2
1370	0.85493	-0.74507	82.841	0.10345712	0.0084969217	-0.49266016	-0.52760406	0.6920404	1368	1
1371	0.8039608	-0.79965439	82.912597	0.11110452	0.0078659643	-0.53254771	-0.44684777	0.71883239	1370	1
1372	0.74479234	-0.8493012	82.992462	0.12135239	0.0072154981	-0.49329347	-0.73973653	0.45765862	1371	1
1373	0.86093	-0.53307	82.747	0.058474394	0.0067501018	-0.86384499	0.50269867	-0.032647837	1362	2
1374	1.00593	-0.22707	81.956	0.04419276	0.0090409117	0.090512564	0.022628141	0.99563821	1351	2
1375	0.2732	0.36794	79.85887	0.10058185	0.12042081	0.14907839	0.20085505	0.96821118	149	1
1376	0.28819458	0.38814237	79.956254	0.10055056	0.11504826	0.23470518	0.31619044	0.91920459	1375	1
1377	0.31179432	0.4199355	80.048681	0.10319591	0.10967571	0.32075481	0.43029123	0.84378066	1376	1
1378	0.3448949	0.46433979	80.135756	0.10672502	0.10430316	0.37475425	0.4988187	0.78149802	1377	1
1379	0.38489056	0.51757623	80.219161	0.1092491	0.098930608	0.40218991	0.52920388	0.74711882	1378	1
1380	0.42882944	0.57539128	80.300783	0.10989811	0.09355806	0.40879281	0.52900608	0.74366727	1379	1
1381	0.473755	0.63352805	80.382511	0.10859484	0.088185506	0.39555799	0.49909886	0.77099559	1380	1
1382	0.51671056	0.68772761	80.466237	0.10601003	0.082812952	0.35889154	0.43418706	0.82624358	1381	1
1383	0.55475666	0.73375579	80.553827	0.10360221	0.077440403	0.29594792	0.3314552	0.89585282	1382	1
1384	0.58541752	0.76809528	80.646639	0.10260007	0.073290769	0.22641862	0.22239882	0.94830026	1383	1
1385	0.60864809	0.79091342	80.743935	0.10235453	0.071586968	0.1832161	0.15521228	0.9707425	1384	1
1386	0.62740108	0.8068001	80.843295	0.1022448	0.071106085	0.16241599	0.12195522	0.97915676	1385	1
1387	0.64400728	0.81926938	80.943409	0.10224543	0.070625198	0.14743056	0.097370258	0.98426788	1386	1
1388	0.65908138	0.82922505	81.044046	0.1023142	0.070144315	0.13416316	0.07544096	0.98808345	1387	1
1389	0.67280817	0.83694373	81.145141	0.10243257	0.069663431	0.1224443	0.055912828	0.99089916	1388	1
1390	0.68535046	0.84267103	81.246641	0.1025782	0.069182547	0.11234979	0.038832894	0.99290963	1389	1
1391	0.6968751	0.84665443	81.348492	0.10273139	0.068701664	0.10391776	0.0242335	0.99429062	1390	1
1392	0.70755071	0.84914397	81.450637	0.10287511	0.068220777	0.09714278	0.012087719	0.99519705	1391	1
1393	0.71754429	0.8503875	81.553018	0.10299927	0.067739894	0.091997962	0.0023652891	0.99575639	1392	1
1394	0.72702001	0.85063112	81.65558	0.10309451	0.06725901	0.088522104	-0.0049399077	0.99606196	1393	1
1395	0.73614615	0.85012185	81.758268	0.10314965	0.066778126	0.086721504	-0.0098283323	0.99618411	1394	1
1396	0.74509145	0.84910806	81.861024	0.10316582	0.066297242	0.086532791	-0.012314633	0.99617289	1395	1
1397	0.75401867	0.84783761	81.963795	0.10313876	0.065816356	0.088011927	-0.012399292	0.99604225	1396	1
1398	0.76309611	0.84655876	82.066526	0.10306397	0.065335473	0.091147314	-0.010072249	0.99578648	1397	1
1399	0.77249012	0.84552067	82.169156	0.10295251	0.064854589	0.095926834	-0.005370536	0.9953739	1398	1
1400	0.78236603	0.84496776	82.271632	0.10281258	0.064373703	0.10217497	0.0014903103	0.99476533	1399	1
1401	0.7928709	0.84512099	82.373906	0.10269418	0.063892819	0.10768967	0.0078778923	0.99415335	1400	1
1402	0.80393	0.84593	82.476	0.10065493	0.062991751	0.12223383	-0.00059696916	0.99250115	1401	1
1403	0.81623344	0.84586991	82.5759	0.10068154	0.061670498	0.12538141	-0.016326036	0.99197427	1402	1
1404	0.82885703	0.84422618	82.675774	0.10069193	0.060349244	0.12492913	-0.037551886	0.99145477	1403	1
1405	0.84143639	0.84044501	82.775605	0.10066552	0.05902799	0.11782629	-0.059526884	0.99124846	1404	1
1406	0.85329743	0.83445271	82.87539	0.10063386	0.057706739	0.10585637	-0.079815957	0.99117296	1405	1
1407	0.86395017	0.82642052	82.975135	0.05031361	0.056715801	0.098975884	-0.089250555	0.99107927	1406	1
1408	0.86893	0.82193	83.025	0.10153064	0.055837063	0.051003211	-0.046154382	0.99763142	1407	1
1409	0.87410839	0.81724392	83.12629	0.10222596	0.054740214	0.028269751	-0.064325849	0.99752845	1408	1
1410	0.87699829	0.81066814	83.228263	0.10277287	0.053643368	0.010131565	-0.075118148	0.99712317	1409	1
1411	0.87803954	0.80294804	83.330741	0.1026496	0.052546522	0.0084788599	-0.067478592	0.99768469	1410	1
1412	0.87890989	0.79602139	83.433153	0.10185544	0.051449673	0.024532125	-0.040087259	0.99889498	1411	1
1413	0.88140862	0.79193828	83.534895	0.100645	0.050352826	0.058879604	0.0080868052	0.99823234	1412	1
1414	0.88733456	0.79275218	83.635363	0.14875245	0.048981769	0.13048019	0.10223663	0.9861656	1413	1
1415	0.90674381	0.80796013	83.782057	0.14525368	0.047158174	0.28140282	0.31333362	0.906992	1414	1
1416	0.9476186	0.85347299	83.913801	0.15049458	0.044799604	0.47567256	0.61722523	0.62671256	1415	1
1417	1.0192047	0.94636204	84.008118	0.10837116	0.042536921	0.54318687	0.70745317	0.45217037	1416	1
1418	1.0780705	1.0230296	84.05712	0.10720671	0.040726776	0.55402049	0.66788501	0.49698179	1417	1
1419	1.1374653	1.0946313	84.1104	0.10299849	0.038916631	0.52535242	0.53765596	0.65949292	1418	1
1420	1.1915758	1.1500091	84.178327	0.10269525	0.037761832	0.46441716	0.37835768	0.80072603	1419	1
1421	1.2392692	1.1888646	84.260557	0.10367256	0.037262379	0.41945711	0.27767573	0.8642638	1420	1
1422	1.2827554	1.217652	84.350158	0.10426405	0.036762928	0.39410783	0.21772367	0.89290281	1421	1
1423	1.3238467	1.2403527	84.443256	0.10483015	0.036263477	0.38042658	0.1765814	0.90779658	1422	1
1424	1.3637268	1.2588638	84.53842	0.10521351	0.035764024	0.37804905	0.15190595	0.91323792	1423	1
1425	1.4035027	1.2748463	84.634505	0.10526762	0.035264571	0.38737399	0.14355171	0.91067793	1424	1
1426	1.4442807	1.2899577	84.73037	0.10500922	0.034765119	0.40752021	0.15055412	0.90070013	1425	1
1427	1.487074	1.3057672	84.824952	0.10471201	0.034265666	0.42837463	0.16390436	0.88861158	1426	1
1428	1.53193	1.32293	84.918	0.10540292	0.033457927	0.62588307	0.19029887	0.75634431	1427	1
1429	1.5978999	1.3429881	84.997721	0.1035818	0.032341902	0.61265806	0.15637683	0.77472342	1428	1
1430	1.6613601	1.3591858	85.077968	0.14613273	0.031112493	0.36916593	0.058282709	0.92753417	1429	1
1431	1.7153074	1.3677029	85.213511	0.14849477	0.030100946	0.026015094	-0.038842579	0.99890664	1430	1
1432	1.7191705	1.3619349	85.361844	0.10075625	0.029534028	-0.096356947	-0.082914562	0.99188735	1431	1
1433	1.7094619	1.3535808	85.461783	0.10080064	0.029080495	-0.12232559	-0.12245561	0.98490663	1432	1
1434	1.6971314	1.3412372	85.561062	0.13398593	0.028513577	-0.065484078	-0.27933487	0.95795818	1433	1
1435	1.6883575	1.3038102	85.689415	0.12543146	0.027164585	0.18792587	-0.42085095	0.88745047	1434	1
1436	1.7119293	1.2510223	85.800729	0.11197699	0.025929833	0.2605126	-0.12925429	0.95677924	1435	1
1437	1.7411007	1.2365488	85.907866	0.060427222	0.025590967	0.26195671	-0.076435407	0.96204798	1436	1
1438	1.75693	1.23193	85.966	0.14358969	0.024924693	0.36214298	-0.57803592	0.73125026	1437	1
1439	1.80893	1.14893	86.071	0.12929671	0.011275702	0.75942241	-0.05460664	0.64830218	1438	2
1440	1.9071208	1.1418695	86.154823	0.082712731	0.0051297453	0.97879111	0.060090201	0.19584975	1439	2
1441	1.80893	1.14893	86.071	0.11552489	0.024002452	0.069249147	-0.51071246	0.85695819	1438	1
1442	1.81693	1.08993	86.17	0.10887441	0.023269698	0.26376821	-0.92358578	0.27823666	1441	1
1443	1.8456476	0.98937515	86.200293	0.13665392	0.022620348	-0.043721375	-0.41072733	0.91070934	1442	1
1444	1.8396729	0.93324765	86.324745	0.10442375	0.022144484	-0.19279543	-0.031762392	0.98072477	1443	1
1445	1.8195405	0.9299309	86.427156	0.1043725	0.021763791	-0.26040117	0.092360652	0.9610727	1444	1
1446	1.7923618	0.93957081	86.527465	0.10278692	0.021383098	-0.35335607	0.23037704	0.9066785	1445	1
1447	1.7560414	0.96325056	86.62066	0.10235604	0.020882555	-0.45968495	0.40364674	0.79104934	1446	1
1448	1.7089899	1.0045662	86.701629	0.10521217	0.020262161	-0.52765664	0.53387111	0.66072695	1447	1
1449	1.653474	1.060736	86.771145	0.10675139	0.019641766	-0.54695926	0.55561071	0.62620469	1448	1
1450	1.5950853	1.1200482	86.837993	0.10588627	0.019021371	-0.53978	0.50886489	0.67059233	1449	1
1451	1.53793	1.17393	86.909	0.099516346	0.01797082	0.11109994	-0.4166924	0.90223292	1450	1
1452	1.5489863	1.1324623	86.998787	0.10248477	0.016986069	0.6028614	-0.49066428	0.6291317	1451	1
1453	1.6107704	1.0821767	87.063263	0.12280622	0.016292993	0.69424477	-0.34484364	0.63174921	1452	1
1454	1.6960279	1.0398277	87.140846	0.028916988	0.015640032	0.34243022	-0.031045224	0.93903021	1453	1
1455	1.70593	1.03893	87.168	0.1166628	0.015150399	0.70097548	-0.16628679	0.69352872	1454	1
1456	1.7877078	1.0195305	87.248909	0.10481599	0.014658019	0.30983241	0.062434191	0.94873909	1455	1
1457	1.8201832	1.0260746	87.348352	0.056653877	0.014347479	0.24264616	0.10335358	0.96459363	1456	1
1458	1.83393	1.03193	87.403	0.10826179	0.013762931	0.53132275	0.2420057	0.81186784	1457	1
1459	1.891452	1.05813	87.490894	0.13851806	0.012919202	0.37752326	0.57172035	0.72843121	1458	1
1460	1.9437457	1.1373236	87.591795	0.14218731	0.012142905	0.35704485	0.51406615	0.77990703	1459	1
1461	1.994513	1.2104172	87.702688	0.12141381	0.011260796	0.58761007	0.042937885	0.80800417	1460	1
1462	2.065857	1.2156305	87.800791	0.12238636	0.010406357	0.66243526	0.075984793	0.74525555	1461	1
1463	2.14693	1.22493	87.892	0.11157672	0.0060862042	0.66600556	0.44635375	0.59766623	1462	2
1464	2.2212407	1.2747327	87.958686	0.078807708	0.0049439139	0.89932758	0.24150866	0.36453185	1463	2
1465	2.14693	1.22493	87.892	0.10929318	0.0060166866	0	-0.073197612	0.99731746	1462	2
1466	2.14693	1.22493	87.892	0.043428102	0.0098789343	-0.48355786	0.3914516	0.78290321	1462	1
1467	2.12593	1.24193	87.926	0.029747912	0.0060619861	0.31547383	0.57096445	0.75794186	1466	2
1468	2.12593	1.24193	87.926	0.10213962	0.0095366379	-0.18835623	0.89006271	0.41510277	1466	1
1469	2.1066914	1.3328407	87.968398	0.093936662	0.0090741016	-0.21036906	0.7780704	0.59190482	1468	1
1470	2.08693	1.40593	88.024	0.10109957	0.0085230154	0.15484261	0.22201089	0.96267073	1469	1
1471	2.1025845	1.4283752	88.121326	0.11323821	0.0078122529	0.57073683	0.21378044	0.79281612	1470	1
1472	2.1672137	1.4525833	88.211103	0.088067332	0.0070848606	0.54181566	0.5376191	0.64606617	1471	1
1473	2.08693	1.40593	88.024	0.06138067	0.0057812037	-0.68528801	0.072819138	0.72462246	1469	2
1474	1.83393	1.03193	87.403	0.057017541	0.0074953681	-0.017538462	-0.26307694	0.96461543	1457	2
1475	1.70593	1.03893	87.168	0.11652038	0.0091567999	0.20597254	0.65224639	0.72948609	1454	2
1476	1.72993	1.11493	87.253	0.0565444	0.0037287451	0.47478072	0.59777675	0.64594599	1475	3
1477	1.72993	1.11493	87.253	0.055757273	0.0037287451	0.40983863	-0.30181881	0.86077738	1475	3
1478	1.72993	1.11493	87.253	0.10858796	0.0061583851	0.39136539	0.23729314	0.88911478	1475	2
1479	1.72993	1.11493	87.253	0.059286638	0.0037547528	0.039633324	0.61575782	0.78693806	1475	3
1480	1.72993	1.11493	87.253	0.049033318	0.0037415186	-0.053235486	0.064717435	0.99648263	1475	3
1481	1.53793	1.17393	86.909	0.097572845	0.0099433811	-0.56160985	-0.076072471	0.82389766	1450	2
1482	1.81693	1.08993	86.17	0.11404798	0.015158564	0.38636581	-0.109376	0.91583751	1441	2
1483	1.8609942	1.0774559	86.274449	0.12064581	0.010488041	0.4842559	-0.14933563	0.86208764	1482	2
1484	1.9194177	1.0594392	86.378457	0.11006243	0.0072122479	0.5325095	0.06629645	0.84382369	1483	2
1485	1.978027	1.0667359	86.47133	0.11183327	0.0067370417	0.83044818	0.22517014	0.50956278	1484	2
1486	2.0708987	1.0919174	86.528316	0.10295295	0.0061846011	0.65108662	-0.22328094	0.72541839	1485	2
1487	2.13793	1.06893	86.603	0.11585336	0.0056877004	0.53515929	0.11221082	0.83726535	1486	2
1488	2.19993	1.08193	86.7	0.097562741	0.0052153184	0.60219542	0.020495425	0.79808559	1487	2
1489	2.2586818	1.0839296	86.777863	0.023130226	0.004899028	0.17494822	-0.35049807	0.92007838	1488	2
1490	2.19993	1.08193	86.7	0.047169906	0.0029887622	0.21199958	0.063599873	0.97519805	1487	3
1491	1.75693	1.23193	85.966	0.038196859	0.015060442	-0.07854049	-0.39270245	0.91630572	1437	2
1492	1.75393	1.21693	86.001	0.030680593	0.0058728298	0.59392313	0.69962665	0.39721261	1491	3
1493	1.75393	1.21693	86.001	0.084687661	0.0093174156	-0.094464765	-0.37785906	0.92103145	1491	2
1494	1.74593	1.18493	86.079	0.046061449	0.0033555509	0.26934638	-0.59492368	0.75730994	1493	3
1495	1.74593	1.18493	86.079	0.054827001	0.0064582768	-0.32830539	-0.1641527	0.93019861	1493	2
1496	1.72793	1.17593	86.13	0.10383877	0.0060826443	0.34800798	0.25911566	0.90097143	1495	2
1497	1.7640667	1.2028362	86.223556	0.11588332	0.0055620903	0.25611362	0.30293132	0.91795339	1496	2
1498	1.793746	1.2379409	86.329931	0.090873868	0.005077884	0.45113226	0.65325995	0.6080552	1497	2
1499	1.72793	1.17593	86.13	0.024535012	0.0033802722	-0.66931137	-0.3084113	0.6759473	1495	3
1500	1.53193	1.32293	84.918	0.1093874	0.023677032	-0.25923972	0.30069279	0.91781186	1427	2
1501	1.5035724	1.355822	85.018397	0.11399595	0.02277129	-0.45209392	0.33000017	0.82868026	1500	2
1502	1.4520356	1.3934407	85.112863	0.11609889	0.021865548	-0.53272692	0.44148407	0.72200682	1501	2
1503	1.3901866	1.4446965	85.196687	0.11315186	0.020766189	-0.44909589	0.71792209	0.53188416	1502	2
1504	1.3393705	1.5259307	85.256871	0.058865714	0.019699648	-0.34723995	0.86636657	0.35893367	1503	2
1505	1.31893	1.57693	85.278	0.054899909	0.019096692	0.56466396	0.76502859	-0.30965443	1504	2
1506	1.34993	1.61893	85.261	0.11600498	0.018720573	0.91709696	0.19343492	0.34859159	1505	2
1507	1.4563178	1.6413694	85.301438	0.10416686	0.018282704	0.85067543	-0.17701805	0.49499084	1506	2
1508	1.54493	1.62293	85.353	0.11984156	0.0087583764	0.70926979	0.67589239	-0.20026441	1507	3
1509	1.62993	1.70393	85.329	0.1087658	0.0054898283	0.71713717	0.68955497	-0.10113473	1508	3
1510	1.70793	1.77893	85.318	0.10402032	0.0037333621	0.82941935	0.16388888	-0.53404493	1509	3
1511	1.7942065	1.7959778	85.262448	0.10989781	0.0034449527	0.84585397	0.074634676	-0.52816733	1510	3
1512	1.887164	1.80418	85.204404	0.033560092	0.0032801308	0.91674466	-0.0074481601	-0.39940424	1511	3
1513	1.91793	1.80393	85.191	0.10705919	0.0031195048	0.73415015	-0.1882317	0.65237442	1512	3
1514	1.9965275	1.7837781	85.260843	0.094932986	0.0028945804	0.81288973	-0.36052745	0.45741693	1513	3
1515	1.91793	1.80393	85.191	0.10240931	0.0022967855	0.67322593	0.73794106	0.047008916	1512	4
1516	1.9868746	1.879502	85.195814	0.035472566	0.002121041	0.9276422	0.36075744	0.096612678	1515	4
1517	1.70793	1.77893	85.318	0.096607453	0.0025676947	0.062107009	0.99371215	-0.093160514	1509	4
1518	1.62993	1.70393	85.329	0.035292319	0.0045006291	0.20165507	0.3420716	-0.91778116	1508	4
1519	1.54493	1.62293	85.353	0.10626193	0.017877344	0.3668669	0.36940044	0.85378686	1507	2
1520	1.583914	1.6621832	85.443725	0.1053175	0.017555927	0.38945108	0.47235071	0.7907039	1519	2
1521	1.62493	1.71193	85.527	0.11433072	0.017137012	0.79458218	0.60650921	0.028031087	1520	2
1522	1.7157752	1.7812726	85.530205	0.058073273	0.016749703	0.78702029	0.61607279	-0.032455799	1521	2
1523	1.76148	1.81705	85.52832	0.092273286	0.016354328	0.41669698	0.90903883	-0.0034679593	1522	2
1524	1.79993	1.90093	85.528	0.11755424	0.015877475	0.55293623	0.38280201	0.74008388	1523	2
1525	1.86493	1.94593	85.615	0.1005485	0.01544855	0.78569052	0.61661788	0.049727248	1524	2
1526	1.94393	2.00793	85.62	0.10850346	0.015021455	0.91241333	-0.33178667	0.2396237	1525	2
1527	2.04293	1.97193	85.646	0.10120048	0.01466882	0.80710925	-0.39297132	0.44062252	1526	2
1528	2.1246098	1.9321611	85.690591	0.10121832	0.014381052	0.789224	-0.41171757	0.45564692	1527	2
1529	2.2044938	1.8904878	85.736711	0.050619456	0.014165226	0.77907258	-0.42587881	0.46007951	1528	2
1530	2.24393	1.86893	85.76	0.076164296	0.013767197	0.65647557	-0.64334606	0.39388534	1529	2
1531	2.29393	1.81993	85.79	0.11683269	0.0052963925	0.81704179	-0.45018437	-0.3602454	1530	3
1532	2.29393	1.81993	85.79	0.076756351	0.0054039518	0.90542996	0.42402436	0.019998345	1530	3
1533	2.29393	1.81993	85.79	0.12067947	0.013236786	0.28255569	-0.58295792	0.76178891	1530	2
1534	2.3280287	1.7495789	85.881932	0.11189415	0.012881469	0.31531351	-0.30751439	0.89778187	1533	2
1535	2.3633104	1.7151699	85.982389	0.10875864	0.01257948	0.36606296	-0.045430747	0.92948048	1534	2
1536	2.4031229	1.7102289	86.083478	0.099424421	0.01227749	0.51587513	0.22304975	0.82711647	1535	2
1537	2.4544135	1.7324055	86.165713	0.14183715	0.011651202	0.59156111	0.54119091	0.59763521	1536	2
1538	2.5383188	1.8091665	86.25048	0.14410655	0.010873312	0.30263131	0.38696046	0.87102003	1537	2
1539	2.58193	1.86493	86.376	0.11438072	0.010399903	0.67392626	0.70061635	0.23443577	1538	2
1540	2.6590142	1.945067	86.402815	0.11578233	0.010058278	0.70215869	0.68915299	0.17900095	1539	2
1541	2.7403117	2.0248587	86.42354	0.058034929	0.0098020602	0.71712436	0.67323697	0.18023494	1540	2
1542	2.78193	2.06393	86.434	0.1282513	0.0092645973	0.35644497	0.040134218	0.93345392	1541	2
1543	2.8276445	2.0690773	86.553717	0.042426285	0.0087267941	0.077439463	-0.027041387	0.99663027	1542	2
1544	2.83093	2.06793	86.596	0.054426995	0.0044001895	0.60467466	0.51586303	0.60683926	1543	3
1545	2.83093	2.06793	86.596	0.12467544	0.008417398	0.27506356	0.25932966	0.92579056	1543	2
1546	2.8652237	2.100262	86.711423	0.10564233	0.0079139899	0.21493589	0.62160651	0.75326483	1545	2
1547	2.88793	2.16593	86.791	0.030692019	0.0075401002	0.81454402	-0.45614465	0.35839937	1546	2
1548	2.91293	2.15193	86.802	0.0938616	0.0073294503	0.18111773	0.90558865	0.38354343	1547	2
1549	2.92993	2.23693	86.838	0.029741666	0.0036707508	0.60279492	0.70762471	-0.3686537	1548	3
1550	2.92993	2.23693	86.838	0.050368641	0.0070784322	-0.33751159	0.83385216	0.4367797	1548	2
1551	2.91293	2.27893	86.86	0.11987493	0.0067358129	0.34202313	0.76746653	0.54223179	1550	2
1552	2.95393	2.37093	86.925	0.055407789	0.0033075375	0.63285467	0.69232531	-0.34667078	1551	3
1553	2.95393	2.37093	86.925	0.1106715	0.0062958437	-0.54340736	0.0059064157	0.83944836	1551	2
1554	2.8937903	2.3715837	87.017903	0.10547957	0.005833352	-0.61086568	0.061013742	0.78937978	1553	2
1555	2.8293564	2.3780194	87.101166	0.12198821	0.0053365309	-0.56897661	-0.068711975	0.81947805	1554	2
1556	2.759948	2.3696373	87.201133	0.044012742	0.0049842607	-0.5002644	0.097532569	0.86036209	1555	2
1557	2.91293	2.27893	86.86	0.10847981	0.0037632473	-0.52116076	0.58692184	0.61960812	1550	3
1558	2.8563946	2.3425992	86.927215	0.089718956	0.003242125	-0.65851762	0.75237016	0.017137282	1557	3
1559	2.92993	2.23693	86.838	0.025539685	0.0036516343	-0.6410711	0.25513909	0.7238314	1548	3
1560	2.91293	2.15193	86.802	0.02330609	0.0038199067	0.33979182	-0.046709392	0.93934006	1547	3
1561	2.88793	2.16593	86.791	0.052333382	0.0038095216	-0.56933292	-0.1939832	0.79889332	1546	3
1562	2.78193	2.06393	86.434	0.067290415	0.0044105761	0.89165745	0.41610681	0.17833149	1541	3
1563	2.58193	1.86493	86.376	0.11451604	0.0054695149	0.1683989	0.072626632	0.98303977	1538	3
1564	2.6012144	1.8732469	86.488574	0.11107829	0.0041873612	0.16990005	0.19613525	0.96574579	1563	3
1565	2.6200866	1.8950333	86.595847	0.054547402	0.003225746	0.16514861	0.46890051	0.86767405	1564	3
1566	2.24393	1.86893	85.76	0.12005777	0.0063633155	0.22727063	0.27179168	0.93513493	1529	3
1567	2.2712156	1.9015607	85.87227	0.13846275	0.0039289166	0.11058113	0.52895579	0.84141404	1566	3
1568	2.286527	1.9748014	85.988775	0.1193759	0.0031173556	0.20716467	0.54796831	0.81044033	1567	3
1569	2.3112574	2.0402156	86.085522	0.077101236	0.0028676093	0.39231902	0.52319707	0.75653857	1568	3
1570	2.04293	1.97193	85.646	0.097887877	0.0061433931	0.74723446	0.65359018	-0.12025198	1526	3
1571	1.94393	2.00793	85.62	0.10806017	0.0066591526	0.5182298	0.83286933	0.19433618	1525	3
1572	1.86493	1.94593	85.615	0.094382202	0.0071239681	0.19071392	0.5297609	0.826427	1524	3
1573	1.88293	1.99593	85.693	0.027626598	0.004307579	0.53869833	0.83886478	-0.078166433	1572	3
1574	1.88293	1.99593	85.693	0.014398468	0.0031780234	0.95208423	-0.29478504	0.081470254	1572	4
1575	1.88293	1.99593	85.693	0.020797344	0.0030869647	0.019009714	0.98911929	0.14588232	1572	4
1576	1.79993	1.90093	85.528	0.06212085	0.0070050235	-0.37024606	0.8209804	-0.43463668	1523	3
1577	1.76148	1.81705	85.52832	0.079963028	0.0072249957	0.030709017	-0.75454745	0.65552659	1522	3
1578	1.76148	1.81705	85.52832	0.047587806	0.0073334208	0.51378708	-0.82205933	0.24544103	1522	3
1579	1.78593	1.77793	85.54	0.024921146	0.0029822512	0.98411655	-0.1023729	-0.14503245	1578	4
1580	1.78593	1.77793	85.54	0.031937668	0.0040483028	0.83273595	0.54517509	0.096617641	1578	3
1581	1.62493	1.71193	85.527	0.033955854	0.0076102577	0	-0.23560003	0.97185011	1520	3
1582	1.62493	1.70393	85.56	0.049243377	0.0029821874	0.49661501	-0.30453334	0.81279332	1581	4
1583	1.62493	1.70393	85.56	0.031038576	0.004089193	-0.72606222	-0.1925628	0.66011606	1581	3
1584	1.34993	1.61893	85.261	0.1457738	0.0090384795	-0.082319321	0.99469179	-0.061739491	1505	3
1585	1.33793	1.76393	85.252	0.09692265	0.005316942	0.87698799	0.46428776	0.12381007	1584	3
1586	1.42293	1.80893	85.264	0.10528058	0.0025099184	0.93084596	0.17097171	-0.32294656	1585	4
1587	1.52093	1.82693	85.23	0.045477596	0.0018292202	0.73973237	-0.54020418	-0.40121747	1586	5
1588	1.52093	1.82693	85.23	0.13526581	0.0022615589	0.58886227	0.80209903	-0.099390028	1586	4
1589	1.42293	1.80893	85.264	0.042626283	0.0034163756	0.32843586	0.23459704	-0.91492847	1585	3
1590	1.43693	1.81893	85.225	0.11778655	0.00323927	0.25098002	0.69387896	-0.67493779	1589	3
1591	1.4664921	1.9006596	85.145501	0.096812065	0.0029866939	0.3557194	0.13707373	-0.92448607	1590	3
1592	1.43693	1.81893	85.225	0.05187822	0.0023070288	0.17172052	0.35002346	-0.92086679	1589	4
1593	1.33793	1.76393	85.252	0.041436699	0.0037160103	0.14479918	0.21719877	0.96532787	1584	4
1594	1.31893	1.57693	85.278	0.10248311	0.010504816	-0.71258476	0.66518785	0.22304276	1504	3
1595	1.2459021	1.6451005	85.300858	0.14252816	0.0086065482	-0.59595118	0.39229015	0.7006787	1594	3
1596	1.1609623	1.7010129	85.400725	0.13471757	0.0071875873	-0.66030315	0.13545185	0.73868298	1595	3
1597	1.0720078	1.7192607	85.500238	0.13348193	0.0068396842	-0.46876599	0.72260807	0.50803153	1596	3
1598	1.0094361	1.8157158	85.568051	0.14707304	0.0065156825	-0.45468851	0.83402524	0.31250642	1597	3
1599	0.94256363	1.9383784	85.614012	0.10603821	0.0061839217	-0.57221396	0.78395266	0.24080989	1598	3
1600	0.88188709	2.0215073	85.639547	0.12469475	0.0057989052	-0.33173595	0.91633463	-0.22423672	1599	3
1601	0.84052136	2.1357695	85.611586	0.11161396	0.0054832942	-0.15612249	0.5950305	0.7883936	1600	3
1602	0.82309591	2.2021832	85.699582	0.10004423	0.0052128283	0.10829302	0.027456216	0.99373979	1601	3
1603	0.83393	2.20493	85.799	0.11168259	0.0029911829	0.61782237	-0.39397369	0.6805	1602	4
1604	0.83393	2.20493	85.799	0.037496667	0.0049869191	-0.82674016	0.29335941	0.48004267	1602	3
1605	0.80293	2.21593	85.817	0.05376802	0.004856044	0.39056673	-0.13018891	0.91132238	1604	3
1606	0.82393	2.20893	85.866	0.11725046	0.0046555141	0.40914736	0.75099905	0.51826524	1605	3
1607	0.87190271	2.296985	85.926767	0.10265051	0.004396653	0.46288289	0.71804061	0.5197664	1606	3
1608	0.91941788	2.3706922	85.980121	0.10492455	0.0041763562	0.06206478	0.92674005	0.37054128	1607	3
1609	0.92593	2.46793	86.019	0.034667592	0.0026840763	0.67089743	0.7353387	-0.095779069	1608	4
1610	0.92593	2.46793	86.019	0.039127995	0.0039772012	0.23001434	0.48558583	0.84338592	1608	3
1611	0.93493	2.48693	86.052	0.060811183	0.0038364838	0.7893285	0.21377647	0.57555203	1610	3
1612	0.98293	2.49993	86.087	0.043761321	0.002483181	0.50509073	0.7876319	0.35287298	1611	4
1613	0.98293	2.49993	86.087	0.038557791	0.0025118079	0.58438254	-0.23259728	0.77742881	1611	4
1614	0.98293	2.49993	86.087	0.021919338	0.0025107958	0.60342693	0.55934841	-0.56833555	1611	4
1615	0.98293	2.49993	86.087	0.12542328	0.0036834862	-0.32689305	0.83716514	0.43851507	1611	3
1616	0.94193	2.60493	86.142	0.11325635	0.0034231773	-0.60923738	0.62689644	0.485624	1615	3
1617	0.87293	2.67593	86.197	0.10077902	0.0031636327	0.33759699	0.93155653	-0.1350211	1616	3
1618	0.9069527	2.7698114	86.183393	0.10122408	0.0029529741	0.40632636	0.83241105	0.37681658	1617	3
1619	0.87293	2.67593	86.197	0.019784929	0.0022679683	-0.77803856	-0.36767649	0.50938197	1616	4
1620	0.93493	2.48693	86.052	0.032059665	0.0025957532	-0.097801047	0.036510295	0.99453605	1610	4
1621	0.82393	2.20893	85.866	0.098295473	0.0029603426	0.21364158	-0.14242772	0.96647381	1605	4
1622	0.80293	2.21593	85.817	0.076811783	0.0030586372	-0.7989863	0.043648699	0.59976302	1604	4
1623	0.86893	0.82193	83.025	0.10517129	0.039280567	-0.095082984	-0.41836513	0.90328835	1407	2
1624	0.85893	0.77793	83.12	0.10488483	0.022134646	0.008940703	-0.16720963	0.98588083	1623	3
1625	0.85986774	0.76039225	83.223404	0.10578855	0.021819947	-0.012044312	-0.14158384	0.989853	1624	3
1626	0.85859359	0.7454143	83.328119	0.10632539	0.021505248	-0.02009429	-0.12351668	0.99213903	1625	3
1627	0.85645706	0.73228134	83.433609	0.10575196	0.021190549	-0.00033992056	-0.12769876	0.99181294	1626	3
1628	0.85642111	0.71877694	83.538495	0.10422689	0.02087585	0.049802142	-0.15579002	0.98653394	1627	3
1629	0.86161184	0.70253943	83.641318	0.10244561	0.020561152	0.132133	-0.20817745	0.96912487	1628	3
1630	0.87514828	0.68121257	83.740601	0.10127818	0.020246453	0.24435349	-0.28284827	0.92751724	1629	3
1631	0.89989596	0.65256621	83.834538	0.10072266	0.019909953	0.37123599	-0.37111237	0.85115183	1630	3
1632	0.93728783	0.61518679	83.920268	0.10072719	0.019529854	0.48613327	-0.45392093	0.74674643	1631	3
1633	0.98625467	0.56946461	83.995486	0.10197041	0.019127956	0.56972638	-0.5104461	0.64409365	1632	3
1634	1.0443499	0.51741421	84.061164	0.1038601	0.018726057	0.62223852	-0.53682896	0.56976653	1633	3
1635	1.1089757	0.4616591	84.12034	0.10519562	0.018324158	0.65192988	-0.53955237	0.53279515	1634	3
1636	1.1775558	0.40490056	84.176388	0.10533485	0.01792226	0.66416515	-0.52266847	0.53451129	1635	3
1637	1.2475156	0.34984535	84.232691	0.10434983	0.017520361	0.65921692	-0.48570117	0.5740448	1636	3
1638	1.3163047	0.29916252	84.292592	0.10314755	0.017118461	0.63715318	-0.43237305	0.63803556	1637	3
1639	1.3820255	0.2545643	84.358404	0.051386241	0.016817038	0.62087598	-0.40155296	0.67325199	1638	3
1640	1.41393	0.23393	84.393	0.10147902	0.016563046	0.64530414	-0.2086334	0.73488412	1639	3
1641	1.4794148	0.21275809	84.467575	0.10197455	0.016256012	0.64495574	-0.12062532	0.75464006	1640	3
1642	1.5451839	0.20045737	84.544529	0.10305212	0.015948978	0.63545337	-0.048815561	0.77059462	1641	3
1643	1.6106687	0.19542683	84.623941	0.10339546	0.015641945	0.62145074	-0.039324801	0.78246568	1642	3
1644	1.6749239	0.19136082	84.704844	0.10291346	0.015334912	0.60594601	-0.082588733	0.79120701	1643	3
1645	1.7372839	0.18286133	84.78627	0.05131561	0.015104637	0.59720802	-0.11558526	0.79371445	1644	3
1646	1.76793	0.17693	84.827	0.11996895	0.010046025	0.82998169	-0.080398163	-0.55196606	1645	4
1647	1.867502	0.16728472	84.760781	0.11563574	0.0074531478	0.73478632	0.17386992	-0.65563581	1646	4
1648	1.9524696	0.18739029	84.684966	0.10409877	0.0052671458	0.76708004	0.27310592	-0.58051819	1647	4
1649	2.0323217	0.21582028	84.624535	0.14619558	0.0043763152	0.90025565	0.056680078	-0.43165627	1648	4
1650	2.1639351	0.22410666	84.561429	0.10539581	0.004161526	0.98840225	-0.053166027	-0.14224754	1649	4
1651	2.2681085	0.21850318	84.546437	0.12647693	0.003875236	0.92258584	-0.27076811	0.27480904	1650	4
1652	2.3847944	0.18425727	84.581194	0.033871996	0.0036849469	0.77160037	-0.51155137	0.37808473	1651	4
1653	2.41093	0.16693	84.594	0.043289722	0.0027906148	0.64680481	-0.43890326	-0.62370463	1652	5
1654	2.43893	0.14793	84.567	0.11444573	0.0024882531	0.76812097	-0.63835328	0.049952546	1653	5
1655	2.5268382	0.074873193	84.572717	0.1229946	0.002207865	0.72765906	-0.68182276	-0.075033385	1654	5
1656	2.6163363	-0.0089873242	84.563488	0.10166819	0.0019546725	0.52390411	-0.64804271	-0.55277945	1655	5
1657	2.6696007	-0.074872656	84.507288	0.099776956	0.0017848942	0.41421705	-0.31267083	-0.85478722	1656	5
1658	2.43893	0.14793	84.567	0.01717287	0.0019280006	0.19128555	-0.94327337	0.27137645	1653	6
1659	2.41093	0.16693	84.594	0.10342366	0.0035749362	0.13570018	-0.52085329	0.84279138	1652	4
1660	2.4249646	0.11306145	84.681165	0.082305082	0.0034194964	0.084628925	-0.69414238	0.71484565	1659	4
1661	2.43193	0.05593	84.74	0.055479726	0.003265266	-0.12617222	-0.90123012	0.41456585	1660	4
1662	2.42493	0.00593	84.763	0.083462566	0.0031144389	0.44331251	-0.88662502	-0.13179561	1661	4
1663	2.46193	-0.06807	84.752	0.018070232	0.0021754088	0.44971667	0.031139352	-0.89262829	1662	5
1664	2.46193	-0.06807	84.752	0.11517874	0.0029483256	0.35478128	-0.87075605	-0.34046165	1662	4
1665	2.5027933	-0.16836259	84.712786	0.10884413	0.0027472856	0.17907479	-0.85122621	-0.49330128	1664	4
1666	2.5222845	-0.26101356	84.659093	0.12124563	0.002545965	0.3388794	-0.93534225	-0.10146741	1665	4
1667	2.5633721	-0.37441973	84.646791	0.12348232	0.0023640477	0.66687786	-0.74452411	-0.030947781	1666	4
1668	2.6457198	-0.46635529	84.642969	0.068646358	0.0022120731	0.7460006	-0.66594512	0.00044982585	1667	4
1669	2.42493	0.00593	84.763	0.021949989	0.0022827699	0.16224293	-0.78718897	0.59498803	1661	5
1670	2.43193	0.05593	84.74	0.11468754	0.0024641813	0.73503416	-0.5682206	0.36993261	1660	5
1671	2.5162293	-0.0092378223	84.782427	0.096480376	0.0021234855	0.98481571	0.016131741	-0.1728519	1670	5
1672	2.6112446	-0.0076814258	84.76575	0.11852043	0.0019687619	0.95291246	-0.11880526	-0.27900386	1671	5
1673	2.7241842	-0.021762275	84.732682	0.12856302	0.0018038652	0.98245518	-0.16690312	0.08321764	1672	5
1674	1.76793	0.17693	84.827	0.10211891	0.014935445	0.57018988	-0.21209879	0.79366089	1645	3
1675	1.8261572	0.1552707	84.908048	0.10210717	0.014750579	0.56404547	-0.22266023	0.7951573	1674	3
1676	1.8837503	0.1325355	84.989239	0.10211831	0.014565713	0.55667472	-0.23503357	0.79678885	1675	3
1677	1.9405969	0.10853427	85.070606	0.10214402	0.014380847	0.55042934	-0.245339	0.79802025	1676	3
1678	1.99682	0.083474355	85.152119	0.10217292	0.014195981	0.54557677	-0.25323423	0.79888574	1677	3
1679	2.0525632	0.057600674	85.233743	0.10219622	0.014011115	0.542178	-0.25870134	0.7994477	1678	3
1680	2.1079717	0.031162373	85.315444	0.10221063	0.01382625	0.54027117	-0.26172412	0.79975468	1679	3
1681	2.1631932	0.0044113867	85.397187	0.10221447	0.013641383	0.53981431	-0.26236557	0.79985299	1680	3
1682	2.21837	-0.022406172	85.478944	0.10220712	0.013456517	0.54083664	-0.26062648	0.79973094	1681	3
1683	2.2736474	-0.049044053	85.560682	0.10218943	0.013271651	0.54325486	-0.25666498	0.79937303	1682	3
1684	2.3291623	-0.0752725	85.642369	0.10217191	0.013086785	0.54582257	-0.25249112	0.79895303	1683	3
1685	2.38493	-0.10107	85.724	0.13771347	0.012243196	0.55187049	-0.23962797	0.79875991	1684	3
1686	2.46093	-0.13407	85.834	0.10756517	0.011406039	0.51589211	-0.42666777	0.74283911	1685	3
1687	2.516422	-0.17996459	85.913904	0.10718697	0.011234037	0.51627672	-0.42005311	0.74633353	1686	3
1688	2.5717602	-0.22498881	85.993901	0.10546177	0.011062035	0.53030177	-0.33471281	0.7789399	1687	3
1689	2.6276867	-0.26028821	86.076049	0.052416492	0.010933033	0.53882433	-0.26292845	0.80033554	1688	3
1690	2.65593	-0.27407	86.118	0.10532146	0.010754551	0.53389831	0.2300052	0.81366467	1689	3
1691	2.7121609	-0.24984552	86.203696	0.10730944	0.010483587	0.50094022	0.33187973	0.79932143	1690	3
1692	2.7659166	-0.21423169	86.289471	0.10825893	0.010212622	0.47121689	0.35250384	0.80851449	1691	3
1693	2.81693	-0.17607	86.377	0.088977525	0.0067692507	0.41583535	0.58441724	0.69680517	1692	4
1694	2.85393	-0.12407	86.439	0.10108949	0.0053093744	0.91510692	-0.34102711	-0.21512749	1693	4
1695	2.9464377	-0.15854426	86.417253	0.14024678	0.004516118	0.90557054	0.13422539	-0.40239972	1694	4
1696	3.073441	-0.13971958	86.360818	0.052458738	0.004348438	0.88620041	0.39363471	-0.24433694	1695	4
1697	3.11993	-0.11907	86.348	0.11292169	0.0041883272	0.94375552	0.31449728	-0.10206361	1696	4
1698	3.2265005	-0.083556436	86.336475	0.12526768	0.0039704408	0.99127192	0.10714937	-0.076804901	1697	4
1699	3.3506748	-0.070134082	86.326854	0.044553468	0.0038259328	0.99330529	0.0014383175	0.11550991	1698	4
1700	3.39493	-0.07007	86.332	0.11569356	0.002631593	0.56182902	0.74334301	-0.36302798	1699	5
1701	3.45993	0.01593	86.29	0.017888069	0.0019630733	0.13712002	0.86840352	-0.47652222	1700	5
1702	3.39493	-0.07007	86.332	0.067089492	0.003723954	0.95394968	0.26829835	0.13414917	1699	4
1703	3.45893	-0.05207	86.341	0.1021677	0.0035712246	0.86981217	0.11361385	0.48012361	1702	4
1704	3.5477967	-0.040462334	86.390053	0.13468705	0.0033901967	0.71469759	-0.5769203	0.39543687	1703	4
1705	3.6440572	-0.11816603	86.443313	0.10181625	0.0032274425	0.42107998	-0.81425094	0.39960863	1704	4
1706	3.68693	-0.20107	86.484	0.036619667	0.0030657143	0.54615461	-0.27307731	0.79192419	1705	4
1707	3.70693	-0.21107	86.513	0.062369865	0.0021007547	0.78563583	-0.52910168	-0.32066768	1706	5
1708	3.70693	-0.21107	86.513	0.050764161	0.0029333175	0.078795748	-0.86675323	0.49247342	1706	4
1709	3.71093	-0.25507	86.538	0.040082635	0.002100477	0.32865892	-0.77011021	-0.54672989	1708	5
1710	3.71093	-0.25507	86.538	0.11187254	0.002784505	0.27637201	0.049328076	0.95978396	1708	4
1711	3.7418484	-0.24955154	86.645373	0.1001325	0.0025822855	0.4202588	-0.065098318	0.90506616	1710	4
1712	3.78393	-0.25607	86.736	0.11373568	0.0024109368	0.96801575	-0.1273433	0.21616938	1711	4
1713	3.8940279	-0.27055348	86.760586	0.1236799	0.0022293918	0.80774703	-0.068859399	0.58549392	1712	4
1714	3.68693	-0.20107	86.484	0.028927902	0.0023055741	0.12210313	-0.62267953	-0.77289134	1705	5
1715	3.68693	-0.20107	86.484	0.03042186	0.0022784691	-0.55426838	-0.65722683	0.51072444	1705	5
1716	3.45893	-0.05207	86.341	0.13131578	0.0023787828	0.39594217	0.00089196365	0.91827501	1702	5
1717	3.5109235	-0.051952871	86.461584	0.050989438	0.0017556377	0.51003784	0.44877668	0.73379894	1716	5
1718	3.11993	-0.11907	86.348	0.042213742	0.0028397598	0.30795659	-0.9001808	0.30795659	1696	5
1719	2.85393	-0.12407	86.439	0.036619667	0.003539686	0.10923092	0.95577057	0.27307731	1693	5
1720	2.81693	-0.17607	86.377	0.098792712	0.0098324644	0.20244408	-0.12146645	0.9717316	1692	3
1721	2.83693	-0.18807	86.473	0.099587692	0.0094641362	0.76321447	0.11336821	0.6361221	1720	3
1722	2.9129368	-0.17677992	86.53635	0.14779289	0.0092389984	0.42669014	0.10453547	0.89833616	1721	3
1723	2.9759985	-0.16133032	86.669118	0.10449583	0.0090698546	0.35347947	0.11662818	0.92814338	1722	3
1724	3.0129357	-0.14914316	86.766105	0.10440229	0.0089345393	0.32888004	0.15264796	0.93195307	1723	3
1725	3.0472715	-0.13320637	86.863403	0.052179205	0.0088330532	0.31925565	0.17509594	0.93135237	1724	3
1726	3.06393	-0.12407	86.912	0.13701565	0.0062127148	0.45192102	0.7325352	0.50907718	1725	4
1727	3.1258503	-0.023701211	86.981752	0.12452098	0.0056918746	0.4790573	0.80417571	0.3518601	1726	4
1728	3.1855029	0.076435537	87.025566	0.14682841	0.0054016807	0.52839213	0.60831109	0.59224942	1727	4
1729	3.2630859	0.16575289	87.112525	0.053156737	0.0052012911	0.4673741	0.2855162	0.8366851	1728	4
1730	3.28793	0.18093	87.157	0.10752108	0.0050838425	0.54404541	0.66328838	0.51387073	1729	4
1731	3.3464263	0.25224748	87.212252	0.10787133	0.0049533899	0.5470044	0.67474874	0.49547989	1730	4
1732	3.4054324	0.32503353	87.2657	0.053888332	0.0048555507	0.54738303	0.66612703	0.50660299	1731	4
1733	3.43493	0.36093	87.293	0.035735137	0.0034075487	0.83950987	0.30782029	0.4477386	1732	5
1734	3.46493	0.37193	87.309	0.048234001	0.0020722838	0.84257212	0.31873911	0.43414007	1733	6
1735	3.46493	0.37193	87.309	0.11053531	0.0024174995	0.81600058	-0.20095919	0.54199488	1733	5
1736	3.5551269	0.34971691	87.36891	0.11106669	0.0018740157	0.6955553	0.28532265	0.65938897	1735	5
1737	3.6323799	0.38140676	87.442146	0.040095408	0.0017717754	0.78491006	0.22031922	0.57911625	1736	5
1738	3.43493	0.36093	87.293	0.10397635	0.0046550879	-0.04790199	0.19999413	0.97862544	1732	4
1739	3.4299493	0.38172466	87.394754	0.097376114	0.0044266068	-0.24666548	0.55665953	0.79327568	1738	4
1740	3.40593	0.43593	87.472	0.037376463	0.0027061169	0.45483169	0.74913455	0.4815865	1739	5
1741	3.40593	0.43593	87.472	0.11980936	0.0041999665	-0.39010723	0.87346612	-0.29133019	1739	4
1742	3.3591915	0.54057941	87.437096	0.025830771	0.0040056414	-0.66825353	0.63298869	-0.39084849	1741	4
1743	3.34193	0.55693	87.427	0.12159621	0.0039150301	-0.37225698	0.92431244	0.084090755	1742	4
1744	3.296665	0.66932289	87.437225	0.12187003	0.0037904403	-0.32604374	0.94040437	0.096618362	1743	4
1745	3.25693	0.78393	87.449	0.12799247	0.0035466649	-0.24914093	0.76456125	-0.59445344	1744	4
1746	3.2250418	0.88178809	87.372914	0.12731149	0.0032804761	-0.19739955	0.92000776	-0.33855448	1745	4
1747	3.1999106	0.99891564	87.329813	0.10086469	0.0030643331	-0.0096232345	0.89908724	-0.43766372	1746	4
1748	3.19894	1.0896018	87.285668	0.12223157	0.0028066853	0.37033798	0.9202247	-0.12663447	1747	4
1749	3.244207	1.2020823	87.270189	0.12725359	0.0025915493	0.38755807	0.88817402	-0.24687173	1748	4
1750	3.2935251	1.3151056	87.238774	0.11130162	0.0024019966	0.47936371	0.83451442	-0.27165442	1749	4
1751	3.3468791	1.4079884	87.208538	0.034828831	0.0022745461	0.69054679	0.71611828	-0.1015861	1750	4
1752	3.37093	1.43293	87.205	0.067166764	0.0021716925	0.2939538	0.62181895	-0.72590107	1751	4
1753	3.37093	1.43293	87.205	0.033235903	0.0017862555	-0.46290302	0.5859251	-0.66514102	1751	5
1754	3.25693	0.78393	87.449	0.030265492	0.0027509201	-0.13216372	0.79298232	0.59473674	1744	5
1755	3.25293	0.80793	87.467	0.12657409	0.0018410619	0.0079005111	0.9954644	0.094806134	1754	6
1756	3.25393	0.93393	87.479	0.048826902	0.0015358955	-0.16335129	0.97291396	0.1635689	1755	6
1757	3.25293	0.80793	87.467	0.10838358	0.0022291999	-0.30447417	0.06458543	0.95032847	1754	5
1758	3.21993	0.81493	87.57	0.11752954	0.0019131748	-0.53899048	0.54462536	0.64255154	1757	5
1759	3.1565827	0.87893957	87.645519	0.053179781	0.001792827	-0.66662142	0.20655612	0.71620559	1758	5
1760	3.34193	0.55693	87.427	0.094747017	0.0026196468	-0.29509628	0.90937065	0.29319483	1742	5
1761	3.28793	0.18093	87.157	0.074493142	0.0029674158	0.30259077	0.95312046	-0.00046564689	1729	5
1762	3.06393	-0.12407	86.912	0.11464173	0.0084138779	0.19455925	0.39886422	0.89613282	1725	3
1763	3.0862346	-0.078343516	87.014734	0.026560314	0.0079803404	0.47798346	-0.065002409	0.87596033	1762	3
1764	3.09893	-0.08007	87.038	0.061497967	0.005392274	0.5528638	-0.8292957	0.0813035	1763	4
1765	3.13293	-0.13107	87.043	0.10393825	0.002895835	0.68368717	0.26850377	0.67858498	1764	5
1766	3.13293	-0.13107	87.043	0.12110252	0.0042335925	0.79991467	-0.55719014	0.2228804	1764	4
1767	3.2298017	-0.19854713	87.069991	0.057655278	0.0035648547	0.85210447	-0.33861377	0.39907228	1766	4
1768	3.27893	-0.21807	87.093	0.10108031	0.0034253891	0.99451123	0.073353451	0.074610187	1767	4
1769	3.3794555	-0.21065541	87.100542	0.10369235	0.003251582	0.85923748	0.4499713	-0.24338608	1768	4
1770	3.4685519	-0.16399683	87.075304	0.1292884	0.0030526111	0.96859075	0.10229273	-0.22664544	1769	4
1771	3.5937794	-0.15077156	87.046002	0.055121174	0.0029023986	0.98239175	-0.1868327	-3.1181303e-05	1770	4
1772	3.64793	-0.16107	87.046	0.12559459	0.0027577236	0.86787181	0.18312891	0.46180335	1771	4
1773	3.75693	-0.13807	87.104	0.080279614	0.0019519028	0.85224781	0.46430345	0.24103109	1772	5
1774	3.75693	-0.13807	87.104	0.10464292	0.0025503122	0.86218036	-0.11909735	0.49240313	1772	4
1775	3.8471511	-0.1505327	87.155527	0.11999285	0.0023305252	0.83503217	0.0020836202	0.55019717	1774	4
1776	3.947349	-0.15028268	87.221546	0.05829259	0.0021600436	0.57250657	-0.58977365	0.56956411	1775	4
1777	3.64793	-0.16107	87.046	0.03396256	0.0021179099	0.75519741	0.55528978	-0.34832474	1771	5
1778	3.27893	-0.21807	87.093	0.10283249	0.0023772812	-0.16676393	-0.76790239	0.61847855	1767	5
1779	3.09893	-0.08007	87.038	0.10299001	0.0078533079	0.18174776	0.52049279	0.83429911	1763	3
1780	3.1176482	-0.026464443	87.123924	0.05156531	0.0077350452	0.14121503	0.53125723	0.83535865	1779	3
1781	3.12493	0.00093	87.167	0.1036068	0.0055592085	0.45514845	0.55983633	0.69240391	1780	4
1782	3.1720865	0.058932852	87.238738	0.099860225	0.0051086309	0.67011478	0.35635708	0.65111889	1781	4
1783	3.2390043	0.09451875	87.303759	0.050962481	0.0047214985	0.78343346	0.18467017	0.59340453	1782	4
1784	3.27893	0.10393	87.334	0.11219803	0.0044591366	0.66047335	-0.27520136	0.698598	1783	4
1785	3.3530338	0.073052949	87.412381	0.066034645	0.0042817142	0.84646765	-0.19872825	0.49396315	1784	4
1786	3.40893	0.05993	87.445	0.12618009	0.004100687	0.70017688	-0.57932151	0.41729955	1785	4
1787	3.4972784	-0.013168838	87.497655	0.13108103	0.0038613664	0.5401187	-0.33656551	0.77135948	1786	4
1788	3.5680777	-0.057286191	87.598765	0.10707474	0.0036428317	0.59894871	-0.55364239	0.57856767	1787	4
1789	3.63221	-0.1165673	87.660715	0.13353243	0.0034479131	0.4689112	-0.60416326	0.64428957	1788	4
1790	3.6948248	-0.1972427	87.746749	0.10529953	0.0032812803	0.55403375	-0.54364143	0.63047649	1789	4
1791	3.7531643	-0.25448788	87.813138	0.087872494	0.0030941117	0.66876085	-0.65529174	0.35121456	1790	4
1792	3.81193	-0.31207	87.844	0.072090221	0.002896689	0.62421781	-0.22194411	0.74906137	1791	4
1793	3.85693	-0.32807	87.898	0.1174436	0.002750009	0.28098593	-0.85147251	0.44276571	1792	4
1794	3.88993	-0.42807	87.95	0.055478932	0.0019877266	-0.21595895	-0.15421535	0.96414696	1793	5
1795	3.88993	-0.42807	87.95	0.12381376	0.0025690751	-0.72941934	-0.54527494	0.41306496	1793	4
1796	3.7996179	-0.49558254	88.001143	0.10571268	0.0023468114	-0.35651213	-0.70462183	0.61352031	1795	4
1797	3.76193	-0.57007	88.066	0.10760112	0.0021843267	-0.41821128	-0.11152301	0.90147765	1796	4
1798	3.85693	-0.32807	87.898	0.071365258	0.0022319451	0.53247198	0.098086944	0.84074523	1792	5
1799	3.89493	-0.32107	87.958	0.039236572	0.0016848555	0.67766815	-0.36521253	0.63826773	1798	6
1800	3.89493	-0.32107	87.958	0.080907354	0.0021018015	0.049439263	0.21011687	0.97642545	1798	5
1801	3.89893	-0.30407	88.037	0.051827786	0.0016440167	0.56898774	0.060139072	0.82014404	1800	6
1802	3.89893	-0.30407	88.037	0.10775435	0.0019412209	0.32481287	0.69602758	0.64034538	1800	5
1803	3.93393	-0.22907	88.106	0.11795762	0.0018020217	0.10173145	0.53409013	0.83928449	1802	5
1804	3.81193	-0.31207	87.844	0.068688162	0.0021446637	0.7160287	-0.12211552	-0.68730684	1791	5
1805	3.40893	0.05993	87.445	0.067156534	0.0028248839	0.80409153	0.55095161	-0.22335876	1785	5
1806	3.27893	0.10393	87.334	0.085394814	0.0028382673	0.16995278	-0.060759371	0.98357732	1783	5
1807	3.12493	0.00093	87.167	0.10688429	0.0075912764	-0.14655579	0.34606568	0.92669302	1780	3
1808	3.1092655	0.037918984	87.266049	0.10399835	0.0073825803	-0.077508555	0.048022848	0.99583444	1807	3
1809	3.1012047	0.042913281	87.369614	0.10866418	0.007123887	0.054402845	-0.41966558	0.90604698	1808	3
1810	3.1071164	-0.0026893359	87.468069	0.13847279	0.0067361857	0.032552439	-0.70561868	0.70784364	1809	3
1811	3.111624	-0.10039832	87.566086	0.12079857	0.0063351683	-0.13995463	-0.28267034	0.94895215	1810	3
1812	3.0947177	-0.13454449	87.680718	0.12709344	0.0060002749	-0.016977005	0.059437075	0.99808768	1811	3
1813	3.09256	-0.12699043	87.807568	0.12301644	0.0056665665	-0.34201571	-0.19140957	0.91999328	1812	3
1814	3.0504865	-0.15053695	87.920743	0.071084218	0.0054154548	-0.28918451	0.38640016	0.87582375	1813	3
1815	3.02993	-0.12307	87.983	0.050803543	0.0052556951	0.177153	0	0.98418332	1814	3
1816	3.03893	-0.12307	88.033	0.10502886	0.0035796018	0.3134214	-0.77137524	0.55384769	1815	4
1817	3.0718483	-0.20408666	88.09117	0.10547753	0.002679627	-0.3026075	-0.85310438	0.42501954	1816	4
1818	3.03893	-0.12307	88.033	0.11996721	0.0050960738	-0.35874491	0.10197171	0.92784905	1815	3
1819	2.9958924	-0.11083674	88.144311	0.05988675	0.0049693287	-0.35003357	0.11299224	0.92989744	1818	3
1820	2.97493	-0.10407	88.2	0.092801878	0.003013509	0.082706014	-0.72570469	0.68301714	1819	4
1821	2.97493	-0.10407	88.2	0.10634532	0.0047457185	0.40457345	0.18039883	0.89653588	1819	3
1822	3.0179545	-0.08488543	88.295342	0.092189911	0.0044770859	0.17328911	0.35595467	0.91829579	1821	3
1823	3.03393	-0.05207	88.38	0.054230987	0.0042924087	0.55318926	-0.073758568	0.8297839	1822	3
1824	3.06393	-0.05607	88.425	0.13295864	0.0040940882	0.56408519	-0.28580316	0.774677	1823	3
1825	3.13893	-0.09407	88.528	0.040120761	0.0026602781	0.76155241	-0.23609971	-0.60356843	1824	4
1826	3.13893	-0.09407	88.528	0.047169906	0.0027768411	0.52999894	-0.67839864	0.50879898	1824	4
1827	3.16393	-0.12607	88.552	0.014642659	0.0019512449	0.8549506	0.44215843	0.27121099	1826	5
1828	3.16393	-0.12607	88.552	0.095975879	0.0023488442	-0.06589933	-0.94773172	0.31218883	1826	4
1829	3.13893	-0.09407	88.528	0.052833223	0.0026837124	0.28377659	0.57306767	0.76880706	1824	4
1830	3.13893	-0.09407	88.528	0.11152578	0.0038620739	-0.33176185	0.76215561	0.55592527	1824	3
1831	3.10193	-0.00907	88.59	0.1184566	0.0035843645	-0.02427412	0.90542194	0.4238182	1830	3
1832	3.0990546	0.098183203	88.640204	0.041025022	0.0033935416	-0.07616255	0.77383985	0.62878546	1831	3
1833	3.09593	0.12993	88.666	0.12409614	0.0032038714	0.40163638	0.34179728	0.84962512	1832	3
1834	3.1457715	0.17234572	88.771435	0.11881071	0.0029186913	0.33800385	0.55200645	0.76226129	1833	3
1835	3.09593	0.12993	88.666	0.021250729	0.0023738951	-0.4497934	0.82294236	-0.34706163	1832	4
1836	3.10193	-0.00907	88.59	0.096589263	0.0024635157	-0.20725647	0.34763423	0.91443709	1830	4
1837	3.06393	-0.05607	88.425	0.11853019	0.0027449467	0.54424484	0.6882428	0.47970762	1823	4
1838	3.03393	-0.05207	88.38	0.14210208	0.0028291165	-0.87261216	0.39408291	0.28852499	1822	4
1839	2.90993	0.00393	88.421	0.054506588	0.0022502289	-0.58283665	0.63610573	0.50563913	1838	4
1840	3.02993	-0.12307	87.983	0.064163853	0.0037978713	-0.65457416	0.73249965	-0.18702119	1814	4
1841	2.98793	-0.07607	87.971	0.10219688	0.0025968471	0.32374006	0.94566338	0.030218365	1840	5
1842	3.0210152	0.020573848	87.974088	0.051293662	0.0020910488	0.36501791	0.93011746	0.040539395	1841	5
1843	2.98793	-0.07607	87.971	0.12068751	0.0033600097	-0.81901357	0.55392596	-0.14960884	1840	4
1844	2.8890853	-0.0092180566	87.952944	0.11467975	0.003004584	-0.69069806	0.47220416	0.54768551	1843	4
1845	2.8098762	0.044934199	88.015753	0.15368393	0.0027605316	-0.62430869	0.78079604	-0.024417124	1844	4
1846	2.71393	0.16493	88.012	0.10506893	0.0025340583	0.11253541	0.892465	0.43685468	1845	4
1847	2.725754	0.25870034	88.0579	0.1441692	0.0023638944	0.29948162	0.78539425	0.54172561	1846	4
1848	2.76893	0.37193	88.136	0.039012818	0.0021953246	0.69208022	-0.076897802	0.71771282	1847	4
1849	2.71393	0.16493	88.012	0.037456056	0.0019736118	-0.67489868	0.71917374	0.16522982	1845	5
1850	2.83693	-0.18807	86.473	0.11391951	0.0069392999	0.40210623	0.23688472	0.88441857	1720	4
1851	2.8827377	-0.16108421	86.573753	0.10676323	0.0064534124	0.43096268	0.3260935	0.84138826	1850	4
1852	2.9287487	-0.12626941	86.663582	0.12079481	0.005506303	0.48165387	0.59770293	0.6409062	1851	4
1853	2.98693	-0.05407	86.741	0.068745909	0.0031424815	0.66913073	0.56730649	-0.48002856	1852	5
1854	2.98693	-0.05407	86.741	0.11249469	0.0046970306	0.85800502	0.48853931	0.15860871	1852	4
1855	3.083451	0.00088807617	86.758843	0.14578194	0.0044906983	0.82342174	0.56428417	-0.059665915	1854	4
1856	3.203491	0.083150518	86.750144	0.10286463	0.004331447	0.73291588	0.63968105	0.23160843	1855	4
1857	3.2788821	0.14895107	86.773969	0.1039571	0.0042153951	0.72694304	0.63194132	0.26870798	1856	4
1858	3.354453	0.21464586	86.801903	0.051906435	0.0041283561	0.7412754	0.62196799	0.25232244	1857	4
1859	3.39293	0.24693	86.815	0.067386942	0.0031214764	0.74198351	-0.31163307	0.59358681	1858	5
1860	3.44293	0.22593	86.855	0.11605229	0.0027300455	0.73121232	-0.22553747	0.64378676	1859	5
1861	3.5277889	0.19975586	86.929713	0.088811079	0.0024878684	0.68844038	-0.22323633	0.69008361	1860	5
1862	3.58893	0.17993	86.991	0.12178125	0.0023248244	0.87028489	-0.015972542	0.49228965	1861	5
1863	3.6949144	0.17798484	87.050952	0.1458116	0.0021622163	0.74764708	-0.15811392	0.6449991	1862	5
1864	3.80393	0.15493	87.145	0.13796974	0.0019718336	0.91607763	0.049561931	0.39792635	1863	5
1865	3.930321	0.16176805	87.199902	0.072098942	0.0017929652	0.83756078	0.31554728	0.44600657	1864	5
1866	3.58893	0.17993	86.991	0.029393877	0.0018431107	-0.13608276	-0.27216553	0.95257934	1861	6
1867	3.44293	0.22593	86.855	0.026670161	0.002148297	0.16895052	-0.97381772	0.15210117	1859	6
1868	3.44293	0.22593	86.855	0.028275664	0.0021649768	-0.2605708	-0.72703862	0.63523043	1859	6
1869	3.39293	0.24693	86.815	0.07140028	0.0038897825	0.96638276	-0.12604993	0.22408876	1858	4
1870	3.46193	0.23793	86.831	0.04907267	0.0025040668	0.93717517	-0.29689387	-0.18318496	1869	5
1871	3.46193	0.23793	86.831	0.076694198	0.0036287757	0.16950435	0.88663813	0.43028027	1869	4
1872	3.47493	0.30593	86.864	0.038639358	0.0035301545	0.51760694	0.85405145	-0.051760694	1871	4
1873	3.49493	0.33893	86.862	0.029098658	0.0025093627	0.91602833	-0.1129898	0.38487063	1872	5
1874	3.49493	0.33893	86.862	0.10428932	0.0034194732	0.31202484	0.8561354	0.41191344	1872	4
1875	3.5274709	0.42821578	86.904958	0.11871844	0.0032295546	0.59441458	0.77514979	0.21404234	1874	4
1876	3.5980388	0.52024035	86.930369	0.12202438	0.0030041415	0.71603056	0.66399522	0.21543115	1875	4
1877	3.685412	0.60126396	86.956657	0.10967519	0.0028315991	0.77062084	0.63520332	-0.051577725	1876	4
1878	3.76993	0.67093	86.951	0.11725944	0.0026152286	0.73517202	0.62287179	0.26749362	1877	4
1879	3.8561359	0.7439676	86.982366	0.095742441	0.0023666541	0.27548152	0.848204	0.45239354	1878	4
1880	3.8825111	0.82517672	87.025679	0.093407686	0.0021739314	0.61055728	0.73540021	0.29394956	1879	4
1881	3.76993	0.67093	86.951	0.021732215	0.0020812527	0.055850266	0.78288153	-0.61965898	1877	5
1882	3.47493	0.30593	86.864	0.059299548	0.0024315366	0.34033314	-0.0060168566	0.94028567	1871	5
1883	2.65593	-0.27407	86.118	0.11205802	0.0070098767	0	-0.54436086	0.83885115	1689	4
1884	2.65593	-0.33507	86.212	0.099292497	0.0048324731	0.070498781	-0.5740615	0.81577161	1883	4
1885	2.66293	-0.39207	86.293	0.11627983	0.0037273795	0.47299689	-0.55039638	0.68799547	1884	4
1886	2.71793	-0.45607	86.373	0.14665862	0.0035318387	0.83787864	-0.4733179	0.2718999	1885	4
1887	2.8408121	-0.52548615	86.412876	0.12217097	0.0033363434	0.95045383	-0.21759545	0.22201292	1886	4
1888	2.95693	-0.55207	86.44	0.065285962	0.0023594292	0.82000305	0.20155558	-0.53569614	1887	5
1889	2.95693	-0.55207	86.44	0.12181954	0.0031054256	0.82088638	-0.180595	0.54178501	1887	4
1890	3.05693	-0.57407	86.506	0.095592887	0.0028862519	0.67996691	-0.54397353	0.49166838	1889	4
1891	3.12193	-0.62607	86.553	0.046826325	0.0020596071	0.50904109	-0.40265645	0.76075288	1890	5
1892	3.12193	-0.62607	86.553	0.11442902	0.002738522	0.13108563	-0.98751176	-0.087390421	1890	4
1893	3.13693	-0.73907	86.543	0.12255507	0.0025830388	0.92033118	-0.38460708	-0.071189299	1892	4
1894	3.2497213	-0.78620555	86.534275	0.12396147	0.0024399659	0.94552565	-0.32158745	-0.050623719	1893	4
1895	3.36693	-0.82607	86.528	0.066618316	0.0022455723	0.85562055	-0.45032661	0.25518508	1894	4
1896	3.13693	-0.73907	86.543	0.13065366	0.0019705954	0.074397999	-0.983055	0.16753449	1892	5
1897	3.1466504	-0.86750974	86.564889	0.037320099	0.001748724	0.36260779	-0.87141094	0.33039152	1896	5
1898	3.05693	-0.57407	86.506	0.050457903	0.0020506047	0.69364753	0.71346603	0.099092504	1889	5
1899	2.95693	-0.55207	86.44	0.059834304	0.0023411942	0.079589587	-0.95108485	0.29850143	1887	5
1900	2.71793	-0.45607	86.373	0.018333313	0.0026469726	0.056352336	-0.81574523	0.57565974	1885	5
1901	2.66293	-0.39207	86.293	0.059366312	0.0024315837	0.36640954	0.347161	0.86326316	1884	5
1902	2.65593	-0.33507	86.212	0.056115951	0.0032425376	0.053460735	-0.99793372	0.03564049	1883	5
1903	2.46093	-0.13407	85.834	0.12521501	0.0081580857	0.34907066	-0.67905336	0.6457834	1685	4
1904	2.5046389	-0.21909768	85.914862	0.12181054	0.0071528491	0.28834907	-0.53495242	0.7941541	1903	4
1905	2.5397628	-0.28426052	86.011598	0.12072386	0.0062112359	0.28217127	-0.56720143	0.77373246	1904	4
1906	2.5738276	-0.35273526	86.105006	0.11415265	0.0057176053	0.18574643	-0.91137874	0.36726974	1905	4
1907	2.5950311	-0.45677156	86.146931	0.11893684	0.005513241	-0.11093171	-0.99272602	0.046788882	1906	4
1908	2.5818372	-0.57484326	86.152496	0.11582187	0.0053102994	-0.33431776	-0.92029722	0.2031863	1907	4
1909	2.5431159	-0.68143381	86.176029	0.057920616	0.005152512	-0.38304009	-0.85696933	0.34479539	1908	4
1910	2.52093	-0.73107	86.196	0.12873633	0.0049724753	0.58462004	-0.72095491	0.37207987	1909	4
1911	2.5961918	-0.82388309	86.2439	0.13668622	0.0047302592	0.7735832	-0.57933355	0.2567911	1910	4
1912	2.70193	-0.90307	86.279	0.10981292	0.0036111206	0.69654617	-0.59422139	0.40214969	1911	5
1913	2.7784198	-0.96832318	86.323161	0.13140748	0.0033661358	0.45286792	-0.55359721	0.69888538	1912	5
1914	2.83793	-1.04107	86.415	0.12464117	0.0031664723	-0.36375501	-0.80153392	0.47457947	1913	5
1915	2.7925912	-1.1409741	86.474152	0.10453032	0.0029918398	-0.55122508	-0.72042455	0.42087929	1914	5
1916	2.7349714	-1.2162803	86.518147	0.11083646	0.0028652635	-0.43667361	-0.83408003	0.33708554	1915	5
1917	2.6865721	-1.3087268	86.555508	0.10630652	0.0027559316	-0.29561931	-0.89246992	0.34074429	1916	5
1918	2.6551458	-1.4036022	86.591731	0.052811187	0.0026739325	-0.26918162	-0.89882135	0.34592114	1917	5
1919	2.64093	-1.45107	86.61	0.063161781	0.0018441686	0.11094649	-0.91032834	-0.39873951	1918	6
1920	2.64093	-1.45107	86.61	0.034234486	0.0025486042	-0.58420624	-0.70104749	0.40894437	1918	5
1921	2.62093	-1.47507	86.624	0.11124618	0.0023891106	0.32733603	-0.55165203	0.76715785	1920	5
1922	2.6573449	-1.5364392	86.709343	0.12528362	0.0022314638	0.27112763	-0.70184068	0.65871805	1921	5
1923	2.6913127	-1.6243683	86.79187	0.087366716	0.0020774597	0.19020133	-0.19116753	0.96295297	1922	5
1924	2.70793	-1.64107	86.876	0.098131422	0.0019492329	0.16880026	-0.24598908	0.95446102	1923	5
1925	2.7244946	-1.6652093	86.969663	0.13253435	0.0017928721	-0.034440954	-0.62520203	0.77970266	1924	5
1926	2.70793	-1.64107	86.876	0.050949185	0.0015933023	-0.66801911	-0.23348363	0.70656625	1923	6
1927	2.62093	-1.47507	86.624	0.030015318	0.0018463127	-0.70302646	-0.43281026	0.56429521	1920	6
1928	2.83793	-1.04107	86.415	0.10248422	0.0021618666	-0.28068766	-0.1422882	0.94919361	1913	6
1929	2.70193	-0.90307	86.279	0.1183751	0.0044857012	0.9473514	-0.31993209	0.012991674	1911	4
1930	2.8140728	-0.94094199	86.280538	0.055433322	0.0043143125	0.77313042	-0.6336984	0.026376001	1929	4
1931	2.85693	-0.97607	86.282	0.071393277	0.0041872159	0.7283599	-0.44822148	0.51825608	1930	4
1932	2.90893	-1.00807	86.319	0.10180178	0.0027431822	0.98357084	0.10918699	0.14375881	1931	5
1933	3.0090593	-0.99695457	86.333635	0.049645101	0.0019921061	0.99634784	0.052454155	-0.067376086	1932	5
1934	2.90893	-1.00807	86.319	0.10471916	0.0040162726	0.08650667	0.064968036	0.99413065	1931	4
1935	2.9179889	-1.0012666	86.423105	0.13426555	0.0038095213	0.46552757	-0.088995961	0.88054744	1934	4
1936	2.9804932	-1.0132157	86.541332	0.088952248	0.0036017825	0.30844389	-0.63915537	0.70451599	1935	4
1937	3.00793	-1.07007	86.604	0.12699383	0.0026560683	0.91995092	-0.20430035	0.33459181	1936	5
1938	3.1247581	-1.0960149	86.646491	0.033196747	0.002383771	0.63777075	-0.30289466	0.70816898	1937	5
1939	3.14593	-1.10607	86.67	0.058762233	0.0022781862	0.68070933	-0.37439013	0.62965613	1938	5
1940	3.18593	-1.12807	86.707	0.11063654	0.0021523931	0.93574987	-0.35251973	-0.010100642	1939	5
1941	3.2894581	-1.1670716	86.705882	0.10429389	0.0019913112	0.5689044	-0.6591494	0.49180266	1940	5
1942	3.3487914	-1.2358168	86.757175	0.13677406	0.0018303338	0.46782609	-0.3167053	0.82512818	1941	5
1943	3.18593	-1.12807	86.707	0.10797347	0.0017938811	0.24515445	-0.75585609	0.60710861	1939	6
1944	3.2124002	-1.2096824	86.772552	0.054063176	0.00163506	0.23176264	-0.76554136	0.60019372	1943	6
1945	3.14593	-1.10607	86.67	0.014618817	0.0017498855	0.2374615	-0.72325449	0.64847127	1938	6
1946	3.00793	-1.07007	86.604	0.12844277	0.0034370879	0.46120627	-0.64841019	0.60568392	1936	4
1947	3.0671686	-1.1533536	86.681796	0.064065985	0.0033197062	0.44893381	-0.65114735	0.61193592	1946	4
1948	3.09593	-1.19507	86.721	0.1161011	0.0023636034	0.62385881	-0.6410157	0.44710073	1947	5
1949	3.1683607	-1.2694926	86.772909	0.10172302	0.0019558372	0.45666297	-0.86792365	0.19536498	1948	5
1950	3.2148138	-1.3577804	86.792782	0.11211894	0.0017884499	-0.43191874	-0.88290623	-0.18418142	1949	5
1951	3.09593	-1.19507	86.721	0.11319894	0.0031568001	-0.19434811	-0.76855843	0.60954634	1947	4
1952	3.07393	-1.28207	86.79	0.10109371	0.0029620861	-0.40284173	-0.53025136	0.74602415	1951	4
1953	3.0332052	-1.3356751	86.865418	0.050361608	0.0028556836	-0.42244947	-0.48439521	0.7660925	1952	4
1954	3.01193	-1.36007	86.904	0.018520099	0.0020815473	0.13478599	-0.86318381	0.48656596	1953	5
1955	3.01193	-1.36007	86.904	0.024227548	0.0020083658	0.14624526	-0.32802922	0.93327871	1953	5
1956	3.01193	-1.36007	86.904	0.10820813	0.0026882831	-0.32345073	0.20331189	0.92414496	1953	4
1957	2.97693	-1.33807	87.004	0.11435336	0.0024473404	-0.36365301	-0.79093477	0.49211653	1956	4
1958	2.9353451	-1.428516	87.060275	0.10800448	0.0022473957	0.15597679	-0.76166013	0.62892375	1957	4
1959	2.9521912	-1.5107788	87.128202	0.032830319	0.0021317875	0.022502066	-0.61806435	0.7858054	1958	4
1960	2.97693	-1.33807	87.004	0.055112877	0.0019209216	-0.94984944	0.25305948	0.18370342	1956	5
1961	3.07393	-1.28207	86.79	0.052593593	0.0021785186	-0.6503358	0.13925101	0.74677474	1951	5
1962	2.85693	-0.97607	86.282	0.030789609	0.0028607386	0.71452678	0.6495698	-0.25982792	1930	5
1963	2.52093	-0.73107	86.196	0.10431562	0.003363859	-0.043907839	-0.93226053	0.35911336	1909	5
1964	2.5163497	-0.82831934	86.233461	0.043849078	0.002216669	-0.16655139	-0.86934554	0.46529449	1963	5
1965	2.38493	-0.10107	85.724	0.031843367	0.0083732078	-0.062807429	0.40824829	0.91070772	1684	4
1966	2.38293	-0.08807	85.753	0.12708265	0.0047213943	0.51147816	-0.23606684	0.82623395	1965	5
1967	2.44793	-0.11807	85.858	0.11470836	0.0023609401	0.78742255	0.61183935	0.074955546	1966	6
1968	2.5382539	-0.047886914	85.866598	0.080908478	0.001504461	0.9600484	0.12133357	0.25216112	1967	6
1969	2.44793	-0.11807	85.858	0.045044423	0.0034154861	-0.26640368	0.59940828	0.75481043	1966	5
1970	2.43593	-0.09107	85.892	0.13119083	0.0030163026	0.63300248	-0.090075578	0.76889157	1969	5
1971	2.5189741	-0.10288709	85.992872	0.098204904	0.0028577269	0.49850748	0.008320255	0.86684547	1970	5
1972	2.56793	-0.10207	86.078	0.042169055	0.0021073755	-0.067548052	0.86346641	0.49986299	1971	6
1973	2.56793	-0.10207	86.078	0.12468557	0.0027005362	-0.33308598	0.1522912	0.93051659	1971	5
1974	2.526399	-0.083081484	86.194022	0.041599471	0.0025895215	-0.035312574	0.16854744	0.9850608	1973	5
1975	2.52493	-0.07607	86.235	0.11197768	0.0024712636	0.24111949	-0.16967668	0.9555476	1974	5
1976	2.55193	-0.09507	86.342	0.10593098	0.0022835076	-0.024104912	0.35403091	0.93492303	1975	5
1977	2.5493765	-0.057567158	86.441037	0.10029007	0.0021059691	-0.18036218	0.1491012	0.97223367	1976	5
1978	2.531288	-0.042613789	86.538543	0.11049816	0.001962997	0.092771266	0.0242994	0.99539089	1977	5
1979	2.5415391	-0.03992875	86.648532	0.10407186	0.0018120764	-0.35176717	-0.34727207	0.8692882	1978	5
1980	2.50493	-0.07607	86.739	0.020133101	0.0017095122	0.019712562	-0.96894225	0.24650015	1979	5
1981	2.55193	-0.09507	86.342	0.041842189	0.0017613377	-0.59368159	-0.037058888	0.80384626	1975	6
1982	2.52493	-0.07607	86.235	0.030083524	0.0019610975	-0.097031932	-0.97781927	0.18561863	1974	6
1983	2.52493	-0.07607	86.235	0.1089406	0.0019329916	-0.53746354	0.63452833	0.55543384	1974	6
1984	2.4663784	-0.0069441016	86.295509	0.091552899	0.001568096	-0.49178045	0.57534553	0.65355146	1983	6
1985	2.43593	-0.09107	85.892	0.071668621	0.0020985811	-0.16769673	-0.37243951	0.91277961	1969	6
1986	2.38293	-0.08807	85.753	0.12664542	0.0063982977	0.53923914	0.66078436	0.5220969	1965	4
1987	2.4512222	-0.0043846875	85.819121	0.063335815	0.005477289	0.54799693	0.66810047	0.50333004	1986	4
1988	2.48593	0.03793	85.851	0.067512962	0.0037099989	0.97759006	0.16293168	0.13330773	1987	5
1989	2.55193	0.04893	85.86	0.11172843	0.0027267792	0.45307576	0.074724816	0.88833471	1988	5
1990	2.6025514	0.057278887	85.959252	0.12504348	0.0021457239	-0.10093645	0.54901792	0.82969341	1989	5
1991	2.58993	0.12593	86.063	0.077077883	0.0015951401	0.077843342	-0.57085118	0.81735509	1990	6
1992	2.58993	0.12593	86.063	0.088896666	0.0019666011	-0.12380069	0.73494918	0.66672565	1990	5
1993	2.5789245	0.19126453	86.12227	0.12648994	0.0017948671	0.16503906	0.74844265	0.64233614	1992	5
1994	2.55193	0.04893	85.86	0.11467345	0.002141974	0.86332103	0.15696746	0.47962279	1988	6
1995	2.65093	0.06693	85.915	0.077353299	0.0015033024	0.56811976	0.82230656	-0.03243236	1994	6
1996	2.48593	0.03793	85.851	0.033256578	0.0050759128	0.48110782	0.87200793	-0.090207717	1987	4
1997	2.50193	0.06693	85.848	0.052990565	0.0049451635	-0.26419797	0.83033649	0.49065338	1996	4
1998	2.48793	0.11093	85.874	0.044103575	0.0031549625	-0.31119018	0.93809115	0.15213699	1997	5
1999	2.48793	0.11093	85.874	0.10730165	0.0048379365	-0.11493436	0.3975109	0.9103709	1997	4
2000	2.4755974	0.15358357	85.971684	0.10589835	0.0046954916	0.088481628	0.68428753	0.72382427	1999	4
2001	2.4849674	0.2260485	86.048336	0.11255473	0.0045523033	0.19512807	0.80744275	0.55674163	2000	4
2002	2.50693	0.31693	86.111	0.088436418	0.004349527	0.022615118	0.72368377	0.68976109	2001	4
2003	2.50893	0.38093	86.172	0.082425724	0.0041474247	0.7643245	0.64300315	-0.048528539	2002	4
2004	2.57193	0.43393	86.168	0.13000385	0.0039886428	0.89228129	0.41537233	0.17691784	2003	4
2005	2.68793	0.48793	86.191	0.055072679	0.0025179324	0.58105036	0.63552383	-0.50841906	2004	5
2006	2.68793	0.48793	86.191	0.11809911	0.0037552224	0.85323188	0.32557549	0.40742601	2004	4
2007	2.7886959	0.52638018	86.239117	0.095742829	0.0034987707	0.73357006	0.58019828	0.35389961	2006	4
2008	2.85893	0.58193	86.273	0.066174013	0.0033457055	0.80091863	0.40801515	-0.4382385	2007	4
2009	2.91193	0.60893	86.244	0.12920526	0.0032242717	0.94423398	-0.30184529	-0.13157359	2008	4
2010	3.03393	0.56993	86.227	0.047	0.0030738372	0.80851064	-0.38297872	-0.44680851	2009	4
2011	3.07193	0.55193	86.206	0.13862956	0.0029195078	0.94611265	0.3237459	0.007710381	2010	4
2012	3.2030892	0.59681075	86.207069	0.14430618	0.0026735898	0.96321686	-0.22916315	0.14034788	2011	4
2013	3.3420873	0.56374109	86.227322	0.13339549	0.0024075742	0.81413316	-0.44801357	0.36941988	2012	4
2014	3.450689	0.50397811	86.276601	0.10736192	0.0022349994	0.90573072	-0.39164823	0.16206027	2013	4
2015	3.54793	0.46193	86.294	0.033822923	0.0021240708	0.8735662	0.039156136	-0.48512771	2014	4
2016	3.07193	0.55193	86.206	0.022094134	0.0021276231	0.7690531	-0.61338395	-0.17977056	2010	5
2017	3.03393	0.56993	86.227	0.027908598	0.002236309	0.6959185	-0.6930254	0.18818406	2009	5
2018	2.91193	0.60893	86.244	0.036046042	0.002372663	0.65325307	0.69154611	-0.30826027	2008	5
2019	2.85893	0.58193	86.273	0.045299007	0.0026271199	0.88302157	0.30905755	0.35320863	2007	5
2020	2.89893	0.59593	86.289	0.041985792	0.0018413378	0.96494696	-0.081917592	0.24933286	2019	6
2021	2.89893	0.59593	86.289	0.064683847	0.0023551174	0.80391014	0.58747279	0.092758862	2019	5
2022	2.95093	0.63393	86.295	0.03032144	0.0017446668	0.97230086	0.23304467	0.017922549	2021	6
2023	2.95093	0.63393	86.295	0.030083218	0.0021845204	0.06648225	-0.033241125	0.99723374	2021	5
2024	2.95293	0.63293	86.325	0.030809912	0.0016504444	0.28564202	-0.72007062	0.63238196	2023	6
2025	2.95293	0.63293	86.325	0.088369672	0.0020840633	0.41765646	-0.15338221	0.89556517	2023	5
2026	2.9898382	0.61937566	86.404141	0.11301523	0.0019356793	-0.055384889	-0.32348551	0.94461084	2025	5
2027	2.9835788	0.58281687	86.510896	0.093569573	0.0017864734	-0.0069341786	-0.41559317	0.90952418	2026	5
2028	2.57193	0.43393	86.168	0.070213959	0.0026313722	0.21363273	0.69786693	-0.68362475	2003	5
2029	2.50893	0.38093	86.172	0.069388248	0.0026388631	0.48398542	-0.20080723	0.85172446	2002	5
2030	2.50693	0.31693	86.111	0.12054323	0.0027318316	-0.3510738	0.92649658	-0.13546683	2001	5
2031	2.50193	0.06693	85.848	0.042185945	0.0028844958	-0.70056102	0.71148271	-0.054832577	1996	5
2032	1.41393	0.23393	84.393	0.11009399	0.012326502	0.53467499	0.014476356	0.84493378	1639	4
2033	1.4727945	0.23552376	84.486022	0.1110168	0.011934641	0.40415292	0.13427664	0.90478185	2032	4
2034	1.5176623	0.25043072	84.586468	0.10796049	0.011542781	0.15320221	0.11621747	0.98133714	2033	4
2035	1.5342021	0.26297762	84.692414	0.10683728	0.011236655	-0.16594636	-0.0065747804	0.98611286	2034	4
2036	1.5164728	0.26227519	84.797767	0.11048643	0.011016265	-0.3718976	-0.10034418	0.92283434	2035	4
2037	1.4753832	0.25118852	84.899728	0.11176591	0.010795875	-0.40494367	-0.17861516	0.89672585	2036	4
2038	1.4301243	0.23122543	84.999951	0.055724635	0.010630582	-0.38033911	-0.22064621	0.89814109	2037	4
2039	1.40893	0.21893	85.05	0.10657342	0.010498495	-0.21303197	-0.36693244	0.90552635	2038	4
2040	1.3862265	0.17982476	85.146505	0.10672593	0.010344518	-0.19172181	-0.4051874	0.89390487	2039	4
2041	1.3657648	0.13658075	85.241908	0.10700676	0.01019054	-0.16634244	-0.43520121	0.88483337	2040	4
2042	1.347965	0.090011279	85.336591	0.1070651	0.010036563	-0.14514288	-0.43734573	0.88750338	2041	4
2043	1.3324253	0.043186816	85.431612	0.10685392	0.0098825855	-0.12804107	-0.40927417	0.90338261	2042	4
2044	1.3187436	-0.00054573242	85.528142	0.10670438	0.0097286079	-0.10744584	-0.3462959	0.931952	2043	4
2045	1.3072786	-0.037497021	85.627585	0.10710739	0.0095320341	-0.071185582	-0.25353697	0.96470286	2044	4
2046	1.2996541	-0.064652705	85.730912	0.10796696	0.009292864	-0.032914439	-0.17652192	0.98374623	2045	4
2047	1.2961005	-0.08371124	85.837124	0.10829708	0.009053694	-0.019706624	-0.16227741	0.98654837	2046	4
2048	1.2939663	-0.10128541	85.943964	0.1080963	0.008814524	-0.028088743	-0.19227846	0.98093833	2047	4
2049	1.29093	-0.12207	86.05	0.054799635	0.0084793405	-0.23722786	-0.85766995	0.45620742	2048	4
2050	1.27793	-0.16907	86.075	0.11874194	0.0066051137	0.16723018	-0.92646436	0.33719114	2049	5
2051	1.2977872	-0.27908018	86.115039	0.11695743	0.0063542337	0.16337258	-0.9468831	0.27698698	2050	5
2052	1.3168949	-0.38982519	86.147434	0.1144746	0.0061033535	0.12260473	-0.98052161	0.15344528	2051	5
2053	1.33093	-0.50207	86.165	0.11396915	0.0046179835	0.24341394	-0.91736526	0.31494543	2052	6
2054	1.3586717	-0.60662134	86.200894	0.10477973	0.003821765	0.40143234	-0.91538729	-0.030301662	2053	6
2055	1.4007337	-0.70253537	86.197719	0.10239194	0.0032604752	0.52860537	-0.76346787	-0.3710703	2054	6
2056	1.4548586	-0.78070833	86.159724	0.11998706	0.0028489637	0.57576999	-0.76171525	-0.29711748	2055	6
2057	1.5239435	-0.87210431	86.124074	0.14134211	0.002596833	0.13043195	-0.98461541	-0.11627553	2056	6
2058	1.5423791	-1.0112719	86.10764	0.10427123	0.0024790978	-0.12712789	-0.93594787	-0.32839012	2057	6
2059	1.5291233	-1.1088644	86.073398	0.10639997	0.0023323432	-0.093364729	-0.95860104	-0.2690113	2058	6
2060	1.5191893	-1.2108595	86.044775	0.021406519	0.0022044433	0.22146163	-0.94412955	0.24407814	2059	6
2061	1.52393	-1.23107	86.05	0.03028146	0.001579201	0.48028562	-0.66064556	0.57695161	2060	7
2062	1.52393	-1.23107	86.05	0.11282287	0.0020980516	-0.070907609	-0.96611618	-0.24817663	2060	6
2063	1.51593	-1.34007	86.022	0.054926961	0.0014750642	0.74464228	-0.4285862	0.51168519	2062	7
2064	1.51593	-1.34007	86.022	0.1330291	0.0019612484	0.050084054	-0.95569152	0.29007809	2062	6
2065	1.5225926	-1.4672048	86.060589	0.12371509	0.001817556	0.54180831	-0.81082896	0.22135979	2064	6
2066	1.5896225	-1.5675166	86.087974	0.039331249	0.00172277	0.44004451	-0.85309871	0.28032736	2065	6
2067	1.60693	-1.60107	86.099	0.073212772	0.0012854673	0.62092671	-0.11094002	0.77597831	2066	7
2068	1.60693	-1.60107	86.099	0.10973149	0.0016363271	-0.48299718	-0.87486281	-0.036452617	2066	6
2069	1.55393	-1.69707	86.095	0.079132631	0.0015090179	-0.3036358	-0.93598793	0.17813448	2068	6
2070	1.52393	-1.23107	86.05	0.041571552	0.001608981	-0.78053677	-0.56632779	0.26464161	2060	7
2071	1.33093	-0.50207	86.165	0.1035033	0.0058825885	-0.057047548	-0.97576713	-0.21124412	2052	5
2072	1.3250254	-0.60306512	86.143136	0.10373819	0.0056919384	-0.090430191	-0.95684941	-0.27615502	2071	5
2073	1.3156443	-0.70232694	86.114488	0.10451452	0.0055012884	-0.11698052	-0.93376391	-0.33823146	2072	5
2074	1.3034182	-0.79991883	86.079138	0.10505242	0.0053106385	-0.11976071	-0.92136919	-0.36977857	2073	5
2075	1.290837	-0.89671089	86.040291	0.10496443	0.0051199885	-0.099369045	-0.92316554	-0.37133702	2074	5
2076	1.2804068	-0.99361043	86.001314	0.10462613	0.0049293385	-0.071462039	-0.93150312	-0.35664423	2075	5
2077	1.27293	-1.09107	85.964	0.082734515	0.0045879935	0.48347416	-0.83399292	-0.26591079	2076	5
2078	1.31293	-1.16007	85.942	0.085133618	0.0028816362	0.45536414	-0.70986664	-0.53733868	2077	6
2079	1.31293	-1.16007	85.942	0.10371891	0.0042619199	-0.6326285	-0.73032428	-0.25769677	2077	5
2080	1.2473145	-1.2358184	85.915272	0.1056555	0.0040986774	-0.1599015	-0.87067527	-0.46514093	2079	5
2081	1.23042	-1.3278101	85.866127	0.15773114	0.0039338498	-0.041145904	-0.92093378	-0.38754096	2080	5
2082	1.22393	-1.47307	85.805	0.03082207	0.0037790336	-0.16222142	-0.71377425	-0.68132997	2081	5
2083	1.21893	-1.49507	85.784	0.09747818	0.0025216862	0.589326	-0.80394294	-0.07981614	2082	6
2084	1.21893	-1.49507	85.784	0.11225871	0.0036459868	-0.33401387	-0.70562001	-0.6249281	2082	5
2085	1.181434	-1.574282	85.713846	0.12248761	0.0034944787	-0.65192268	-0.75033529	-0.1095161	2084	5
2086	1.1015816	-1.6661888	85.700432	0.12704712	0.0033081565	-0.83577414	-0.52291047	0.16747009	2085	5
2087	0.99539889	-1.732623	85.721709	0.036838726	0.00317059	-0.98996059	-0.12071435	-0.073525983	2086	5
2088	0.95893	-1.73707	85.719	0.063655322	0.0021345169	-0.62838422	-0.53412659	-0.5655458	2087	6
2089	0.95893	-1.73707	85.719	0.11836298	0.003036945	-0.73057826	0.3473424	-0.58788491	2087	5
2090	0.87245658	-1.6959575	85.649416	0.12285225	0.0028606401	-0.47587461	-0.2179053	-0.85209191	2089	5
2091	0.81399432	-1.7227277	85.544735	0.046214248	0.0027443172	-0.56398876	-0.22379082	-0.79488008	2090	5
2092	0.78793	-1.73307	85.508	0.066166457	0.0019149321	0.40806175	-0.10579379	-0.90680388	2091	6
2093	0.78793	-1.73307	85.508	0.11587493	0.0018799934	-0.62998958	-0.7508095	-0.19848987	2091	6
2094	0.78793	-1.73307	85.508	0.10072943	0.0026674701	-0.85711766	0.021585615	-0.51466822	2091	5
2095	0.70159303	-1.7308957	85.456158	0.13755047	0.002552302	-0.84867348	-0.085039593	-0.522036	2094	5
2096	0.58485759	-1.7425929	85.384351	0.074478052	0.0023780697	-0.72407356	-0.40920875	-0.55521679	2095	5
2097	0.53093	-1.77307	85.343	0.021359823	0.0017796836	0.15522169	-0.98026109	0.12245171	2096	6
2098	0.53093	-1.77307	85.343	0.076557168	0.0022256388	-0.99272219	0.026124268	0.11755921	2096	5
2099	0.45493	-1.77107	85.352	0.11972889	0.002100126	-0.83835155	-0.33643277	0.42892852	2098	5
2100	0.3545551	-1.8113507	85.403355	0.11841008	0.001916951	-0.86933825	0.14840136	0.47141069	2099	5
2101	0.25161669	-1.7937785	85.459175	0.064065489	0.0017707932	-0.93299443	-0.26555362	0.24290467	2100	5
2102	0.45493	-1.77107	85.352	0.022264743	0.0016796263	-0.7655268	0.63817264	-0.081880435	2098	6
2103	1.22393	-1.47307	85.805	0.11164676	0.0027931981	-0.62697742	-0.55532286	0.54636604	2081	6
2104	1.15393	-1.53507	85.866	0.058961021	0.0018875761	0.20525875	-0.85288206	0.48006358	2103	6
2105	1.15393	-1.53507	85.866	0.025870427	0.0016163588	-0.65968181	-0.51885982	0.54369513	2103	7
2106	1.15393	-1.53507	85.866	0.033163001	0.0016128704	-0.83008547	0.22135927	0.51181851	2103	7
2107	1.27293	-1.09107	85.964	0.11660617	0.0034792473	0	-0.80613227	0.59173539	2076	6
2108	1.27293	-1.18507	86.033	0.11554937	0.0018266093	0.19137382	-0.77410312	0.60344048	2107	7
2109	1.27293	-1.18507	86.033	0.11398353	0.0023899444	-0.30127056	-0.87819189	0.37150377	2107	6
2110	1.2385901	-1.2851694	86.075345	0.11795624	0.0018490193	-0.044228862	-0.92530638	0.37663232	2109	6
2111	1.233373	-1.3943151	86.119771	0.11470942	0.0017123287	-0.25667505	-0.79989001	0.5424886	2110	6
2112	1.20393	-1.48607	86.182	0.10132621	0.0015814884	-0.79939833	-0.44411018	0.40463372	2111	6
2113	1.12293	-1.53107	86.223	0.045742188	0.001486446	-0.21401153	-0.72056959	0.65952903	2112	6
2114	1.27793	-0.16907	86.075	0.12017764	0.0082012045	-0.36301698	-0.25592511	0.89594699	2049	4
2115	1.2343035	-0.19982647	86.182673	0.11980068	0.008076129	-0.32564483	-0.24869483	0.91219862	2114	4
2116	1.195291	-0.22962028	86.291955	0.059750078	0.0079823221	-0.29056039	-0.25857233	0.9212573	2115	4
2117	1.17793	-0.24507	86.347	0.10089994	0.0077873863	0.62526326	-0.23951319	0.74275116	2116	4
2118	1.241019	-0.26923687	86.421944	0.10262746	0.0074600523	0.74388407	-0.21241241	0.63365405	2117	4
2119	1.317362	-0.29103621	86.486974	0.10587056	0.0071327179	0.82525776	-0.17268259	0.53770843	2118	4
2120	1.4047325	-0.30931821	86.543901	0.10758274	0.0068053839	0.85390974	-0.10666082	0.50937376	2119	4
2121	1.4965984	-0.32079308	86.598701	0.10983013	0.006237661	0.86120552	0.062623783	0.50438409	2120	4
2122	1.5911847	-0.3139151	86.654098	0.056353923	0.0055113826	0.84723974	0.19244619	0.49512552	2121	4
2123	1.63893	-0.30307	86.682	0.1100097	0.0038960667	0.86148076	0.068177138	0.50319258	2122	5
2124	1.7337012	-0.29556985	86.737356	0.054908939	0.0034005593	0.8601288	0.081951201	0.50345055	2123	5
2125	1.78093	-0.29107	86.765	0.10689487	0.0029048149	0.78450007	0.43266188	0.44425594	2124	5
2126	1.864789	-0.24482066	86.812489	0.053455383	0.002408952	0.76963188	0.44430819	0.45853789	2125	5
2127	1.90593	-0.22107	86.837	0.10839875	0.0021324441	0.57475456	0.37065641	0.72956907	2126	5
2128	1.9682327	-0.18089131	86.916084	0.1083633	0.0019339396	0.2704145	0.5418058	0.79581561	2127	5
2129	1.9975357	-0.12217944	87.002322	0.088453137	0.0017760586	0.2599059	0.57997486	0.77206093	2128	5
2130	1.90593	-0.22107	86.837	0.040472844	0.001687815	0.41073065	0.91175332	0.0024939562	2126	6
2131	1.78093	-0.29107	86.765	0.036421278	0.0023873637	0.62389697	0.6131691	-0.48453712	2124	6
2132	1.63893	-0.30307	86.682	0.11169593	0.0051218604	0.14448782	0.71882256	0.68001279	2122	4
2133	1.6550687	-0.22278045	86.757955	0.11274129	0.0049872607	0.077270991	0.73031404	0.67872719	2132	4
2134	1.6637803	-0.14044391	86.834475	0.056620474	0.0048863111	0.055627722	0.73072342	0.68040344	2133	4
2135	1.66693	-0.09907	86.873	0.03573364	0.0031088683	0.91552495	0.3575314	0.18435119	2134	5
2136	1.66693	-0.09907	86.873	0.029832868	0.0047221712	0.40224091	0.36872084	0.8380019	2134	4
2137	1.67893	-0.08807	86.898	0.037456472	0.0029348844	0.32509324	0.91734737	0.2297568	2136	5
2138	1.67893	-0.08807	86.898	0.030610456	0.0045663719	-0.098005728	-0.39202291	0.91472013	2136	4
2139	1.67593	-0.10007	86.926	0.14111765	0.0044647657	0.81670876	-0.22167369	0.53277347	2138	4
2140	1.791182	-0.13135207	87.001184	0.1359491	0.0042583862	0.59339992	-0.31604026	0.74026691	2139	4
2141	1.8718542	-0.17431746	87.101822	0.13273836	0.0040164557	0.19371734	-0.52392109	0.82944577	2140	4
2142	1.8975679	-0.24386188	87.211922	0.10440876	0.0038140037	-0.46584147	-0.528769	0.7095034	2141	4
2143	1.84893	-0.29907	87.286	0.11592208	0.0036242592	-0.094134743	0.54368933	0.83399075	2142	4
2144	1.8380177	-0.2360444	87.382678	0.13630449	0.0033551133	0.0014235276	0.014839177	0.99988888	2143	4
2145	1.8382117	-0.23402176	87.518967	0.10604268	0.003088364	-0.085610708	-0.17505104	0.98083023	2144	4
2146	1.8291333	-0.25258464	87.622977	0.11726263	0.0029021246	0.26531349	0.049849041	0.96287269	2145	4
2147	1.8602447	-0.24673921	87.735886	0.064302657	0.0027678809	0.47720101	0.10371592	0.87265239	2146	4
2148	1.89093	-0.24007	87.792	0.10207773	0.0025843508	0.70634321	-0.45143982	0.54523514	2147	4
2149	1.9630319	-0.28615195	87.847656	0.029948378	0.0024180495	0.86475755	-0.36456221	0.34538207	2148	4
2150	1.98893	-0.29707	87.858	0.025270444	0.0018478141	0.99047281	-0.12277188	-0.06237524	2149	5
2151	1.98893	-0.29707	87.858	0.10139527	0.002299181	0.039449573	-0.078899147	0.99610173	2149	4
2152	1.99293	-0.30507	87.959	0.082667897	0.0021460818	0.12297936	-0.71408747	0.68916991	2151	4
2153	1.89093	-0.24007	87.792	0.040673834	0.0019659646	-0.20548377	-0.12316733	0.9708791	2147	5
2154	1.84893	-0.29907	87.286	0.02888102	0.0026674803	-0.74556968	0.66640869	0.0050314186	2142	5
2155	1.84893	-0.29907	87.286	0.039413585	0.0026487543	-0.81049942	-0.030993438	0.58491888	2142	5
2156	1.67593	-0.10007	86.926	0.14496606	0.00318591	-0.22756081	0.44785497	0.86466294	2138	5
2157	1.6429414	-0.03514623	87.051347	0.11854206	0.0024463467	0.0035634767	0.42236162	0.90642041	2156	5
2158	1.6433638	0.014921387	87.158796	0.14046196	0.002107987	0.21761175	0.19940355	0.95544929	2157	5
2159	1.67393	0.04293	87.293	0.11518733	0.0019143271	0.31547245	0.21198257	0.92495434	2158	5
2160	1.7102684	0.067347705	87.399543	0.063976343	0.0017754567	0.069474991	0.12871106	0.98924551	2159	5
2161	1.17793	-0.24507	86.347	0.14291256	0.0063175203	0.22391314	-0.51779913	0.8256797	2116	5
2162	1.20993	-0.31907	86.465	0.11913594	0.0051119991	0.14042946	-0.29571294	0.94489863	2161	6
2163	1.2266602	-0.35430004	86.577571	0.11926402	0.0048786124	0.13558833	-0.27482494	0.95188605	2162	6
2164	1.242831	-0.38707677	86.691097	0.059659967	0.0047035725	0.13575257	-0.2680731	0.95378617	2163	6
2165	1.25093	-0.40307	86.748	0.065642974	0.0043796975	0.22850884	-0.3351463	0.91403537	2164	6
2166	1.26593	-0.42507	86.808	0.10288297	0.0032430406	0.62749958	-0.68853193	0.36354924	2165	7
2167	1.330489	-0.49590821	86.845403	0.1027156	0.0030143794	0.63966825	-0.700689	0.31600548	2166	7
2168	1.3961929	-0.5678799	86.877862	0.14460191	0.002728553	0.63886673	-0.74416599	0.19510583	2167	7
2169	1.4885743	-0.67548772	86.906074	0.12460152	0.0021473407	0.62545941	-0.77901015	0.044087497	2168	7
2170	1.5665075	-0.77255357	86.911568	0.15168174	0.0016837336	0.82149122	-0.5464301	0.16299175	2169	7
2171	1.6911127	-0.85543704	86.936291	0.1196793	0.0015936569	0.88417392	-0.42307199	0.19810749	2170	7
2172	1.79693	-0.90607	86.96	0.049552905	0.001337795	0.2756155	-0.65510909	-0.70346867	2171	8
2173	1.79693	-0.90607	86.96	0.11397053	0.0014456828	0.76291478	-0.53774179	0.35887994	2171	7
2174	1.8838798	-0.96735672	87.000902	0.10432183	0.0012705868	0.79442974	-0.59470862	-0.12330064	2173	7
2175	1.9667562	-1.0293978	86.988039	0.021814796	0.0011953723	0.77029498	-0.63620899	-0.043402486	2174	7
2176	1.26593	-0.42507	86.808	0.106149	0.0040697304	-0.027530858	0.0018394324	0.99961926	2165	6
2177	1.2630076	-0.42487475	86.914109	0.10726269	0.0039624959	0.041842914	-0.19880915	0.97914457	2176	6
2178	1.2674958	-0.44619955	87.019134	0.055369758	0.0038591239	0.080083237	-0.34080787	0.9367159	2177	6
2179	1.27193	-0.46507	87.071	0.054074023	0.0028858203	0.33287702	0.18493168	0.9246584	2178	7
2180	1.28993	-0.45507	87.121	0.11465482	0.0020383636	0.80806132	-0.34809425	0.47525498	2179	8
2181	1.3825781	-0.49498068	87.17549	0.058053088	0.0014867233	0.71231137	-0.31159955	0.6289024	2180	8
2182	1.42393	-0.51307	87.212	0.015152831	0.0012065741	0.65230177	-0.44798249	-0.61140337	2181	9
2183	1.42393	-0.51307	87.212	0.076459139	0.0013452179	0.4839186	-0.14386769	0.86320616	2181	8
2184	1.46093	-0.52407	87.278	0.018278488	0.001185613	0.92844799	-0.30298595	-0.21490427	2183	9
2185	1.46093	-0.52407	87.278	0.12287213	0.0012568995	-0.24520457	-0.88167923	0.40313329	2183	8
2186	1.4308012	-0.63240381	87.327534	0.080938986	0.0011702673	-0.035992944	-0.6978179	0.71537031	2185	8
2187	1.28993	-0.45507	87.121	0.13083577	0.0024070206	-0.35922896	0.038215847	0.93246667	2179	7
2188	1.24293	-0.45007	87.243	0.094139047	0.0016039838	0.32781359	-0.61460076	0.71749854	2187	8
2189	1.24293	-0.45007	87.243	0.10087549	0.0021095347	0.30374989	-0.12561113	0.9444352	2187	7
2190	1.2735709	-0.46274108	87.33827	0.14888653	0.0020010975	0.19047446	-0.45221629	0.87133226	2189	7
2191	1.30193	-0.53007	87.468	0.12609209	0.001640559	0.64143085	-0.73402547	0.22309882	2190	8
2192	1.3828094	-0.6226248	87.496131	0.12178563	0.0013695534	0.72357179	-0.57843603	0.37663725	2191	8
2193	1.47093	-0.69307	87.542	0.10190923	0.0012224959	0.50599872	-0.6883761	0.51971497	2192	8
2194	1.5224959	-0.76322188	87.594964	0.070246551	0.0011443006	-0.051127955	0.2927101	0.95483335	2193	8
2195	1.30193	-0.53007	87.468	0.069188149	0.0015176478	0.072266711	-0.014453342	0.99728061	2190	8
2196	1.30193	-0.53007	87.468	0.12373885	0.0018612689	-0.55648875	-0.45198683	0.69715721	2190	7
2197	1.2330707	-0.58599833	87.554265	0.13012234	0.0017406247	-0.4423906	-0.54246116	0.71416135	2196	7
2198	1.1755058	-0.65658465	87.647194	0.099907732	0.0016735283	-0.38611446	-0.63543982	0.66867918	2197	7
2199	1.13693	-0.72007	87.714	0.066962676	0.00157486	0.41814338	-0.62721508	0.65708246	2198	7
2200	1.16493	-0.76207	87.758	0.099347857	0.0014526184	0.31508154	-0.90791779	0.27642161	2199	7
2201	1.1962327	-0.85226969	87.785462	0.11631012	0.0013493823	0.16690293	-0.88028836	0.44411239	2200	7
2202	1.2156452	-0.95465613	87.837117	0.1074779	0.0012384292	0.0035190738	-0.584135	0.81164889	2201	7
2203	1.16493	-0.76207	87.758	0.14783301	0.0013039524	0.0072168896	-0.53667169	0.84376028	2199	8
2204	1.1659969	-0.84140779	87.882736	0.053699363	0.0011736132	0.25609773	-0.47055631	0.84438777	2203	8
2205	1.13693	-0.72007	87.714	0.098331073	0.0014453241	-0.58984406	-0.77289912	0.23390368	2198	8
2206	1.07893	-0.79607	87.737	0.10505713	0.0013060115	-0.36170797	-0.40930112	0.8376395	2205	8
2207	1.04093	-0.83907	87.825	0.11148666	0.0012168513	-0.14079038	0.66615031	0.73240824	2206	8
2208	1.0252337	-0.76480313	87.906654	0.063446352	0.0011503098	-0.60371871	0.73657702	0.30492297	2207	8
2209	1.07893	-0.79607	87.737	0.034855923	0.00119146	-0.47404066	-0.87498579	0.098414048	2205	9
2210	1.27193	-0.46507	87.071	0.10621312	0.0037637087	-0.69222674	-0.4230369	0.5846896	2178	6
2211	1.1984064	-0.51000207	87.133102	0.14374263	0.00359884	-0.83242637	-0.47904514	0.27853561	2210	6
2212	1.0787513	-0.57886128	87.173139	0.1320642	0.0034089569	-0.6744624	-0.69387338	0.25227011	2211	6
2213	0.98967895	-0.67049711	87.206455	0.052245709	0.0033023362	-0.62682555	-0.7574381	0.18269443	2212	6
2214	0.95693	-0.71007	87.216	0.14479739	0.0021025496	-0.18890545	-0.87115427	0.45321624	2213	7
2215	0.95693	-0.71007	87.216	0.1005286	0.0032116429	-0.90521501	-0.11936901	0.40784412	2213	6
2216	0.86593	-0.72207	87.257	0.11525624	0.0030853755	0.24293696	-0.86763201	0.43381601	2215	6
2217	0.89393	-0.82207	87.307	0.09120307	0.0019244265	0.20832632	-0.065787259	0.97584434	2216	7
2218	0.89393	-0.82207	87.307	0.13362723	0.0029455728	-0.73567465	-0.67733006	0.0026084107	2216	6
2219	0.79562384	-0.91257974	87.307349	0.10963611	0.0027610322	-0.65392541	-0.50613127	0.56232792	2218	6
2220	0.72393	-0.96807	87.369	0.047603814	0.0019145946	-0.48415895	-0.80788564	0.33602218	2219	7
2221	0.72393	-0.96807	87.369	0.059033889	0.0026253209	-0.91472883	0.2202125	-0.33878846	2219	6
2222	0.66993	-0.95507	87.349	0.034007958	0.0018495618	-0.85233726	-0.27810586	-0.44292022	2221	7
2223	0.66993	-0.95507	87.349	0.10581327	0.0025600138	-0.76038816	-0.47424621	0.44373458	2221	6
2224	0.58947084	-1.0052515	87.395953	0.10602805	0.0024866636	-0.70679243	-0.55381423	0.44015254	2223	6
2225	0.51453102	-1.0639714	87.442622	0.10756264	0.0023910675	-0.63413795	-0.69450594	0.33989788	2224	6
2226	0.44632146	-1.1386743	87.479182	0.11094284	0.0022509793	-0.57138851	-0.79676816	0.19666131	2225	6
2227	0.38293	-1.22707	87.501	0.10133017	0.0016308567	-0.59573285	-0.77267357	0.21926677	2226	7
2228	0.32256429	-1.3053651	87.523218	0.10065832	0.001351216	-0.56618673	-0.78684949	0.24556154	2227	7
2229	0.38293	-1.22707	87.501	0.11831718	0.0021179568	-0.64093239	-0.75327203	-0.14760395	2226	6
2230	0.30709669	-1.316195	87.483536	0.10646208	0.002014246	-0.68540074	-0.69845519	-0.20587903	2229	6
2231	0.2341275	-1.390554	87.461618	0.1080544	0.0018439371	-0.87076448	-0.40277076	-0.28203712	2230	6
2232	0.14003757	-1.4340752	87.431142	0.13883278	0.0016760349	-0.93598635	-0.2876245	-0.20298201	2231	6
2233	0.010091982	-1.4740069	87.402962	0.10736557	0.0015936205	-0.93439506	-0.33540326	-0.12004383	2232	6
2234	-0.090229873	-1.5100176	87.390073	0.053778174	0.0015441718	-0.9453673	-0.31708707	-0.07573937	2233	6
2235	0.86593	-0.72207	87.257	0.067854829	0.0019493059	-0.76514336	-0.63730409	-0.091646854	2215	7
2236	1.25093	-0.40307	86.748	0.039458839	0.0030965156	-0.6335716	0.40548582	0.65891447	2164	7
2237	1.22593	-0.38707	86.774	0.12647749	0.0018885561	-0.05010271	-0.80443266	0.5919272	2236	7
2238	1.2195931	-0.48881263	86.848865	0.13590412	0.0013136634	0.058976911	-0.90294408	0.42569204	2237	7
2239	1.2276083	-0.61152645	86.906719	0.040806274	0.0012286445	0.086026715	-0.92532182	0.36929519	2238	7
2240	1.22593	-0.38707	86.774	0.021899155	0.0018691818	0.11807319	0.90780649	0.40242527	2236	8
2241	1.20993	-0.31907	86.465	0.10835075	0.0061092806	0.11856784	-0.89593923	0.42805906	2161	5
2242	1.2227769	-0.41614568	86.511381	0.1084848	0.0060095172	0.10648219	-0.91630975	0.38605439	2241	5
2243	1.2343286	-0.51555137	86.553262	0.10838525	0.005909754	0.10625734	-0.93494668	0.3385027	2242	5
2244	1.2458453	-0.6168858	86.58995	0.10311837	0.0058099906	0.14231454	-0.95098903	0.27452947	2243	5
2245	1.2605206	-0.71495024	86.618259	0.12715812	0.0055373087	0.14627143	-0.97992855	0.13544261	2244	5
2246	1.2791202	-0.83955611	86.635482	0.084052382	0.0052544678	-0.1688255	-0.9579013	0.23221336	2245	5
2247	1.26493	-0.92007	86.655	0.11127435	0.0036260286	-0.046080856	-0.81622515	-0.57589327	2246	6
2248	1.2598024	-1.0108949	86.590918	0.041514674	0.0024755512	0.055669322	-0.90576784	-0.42010184	2247	6
2249	1.26493	-0.92007	86.655	0.11160291	0.0051321663	-0.39761133	-0.85853095	0.32377436	2246	5
2250	1.2205554	-1.0158846	86.691134	0.055755579	0.0050387753	-0.3878611	-0.86422651	0.32043143	2249	5
2251	1.19893	-1.06407	86.709	0.10415778	0.0049477981	-0.23808391	-0.93282096	0.27048312	2250	5
2252	1.1741317	-1.1612306	86.737173	0.14012277	0.0047981805	-0.15139911	-0.92529403	0.34772011	2251	5
2253	1.1529172	-1.2908853	86.785896	0.070602542	0.0045964856	0.070999624	-0.80995211	0.58218264	2252	5
2254	1.15793	-1.34807	86.827	0.045442271	0.0044476333	0.52814262	-0.44011885	0.7261961	2253	5
2255	1.18193	-1.36807	86.86	0.11418406	0.0028918143	0.67434981	0.41161612	0.61304528	2254	6
2256	1.18193	-1.36807	86.86	0.059169249	0.004374499	0.050702013	-0.91263623	0.4056161	2254	5
2257	1.18493	-1.42207	86.884	0.12739702	0.0042738572	-0.0078494773	-0.99688362	-0.078494773	2256	5
2258	1.18393	-1.54907	86.874	0.060402634	0.0028157417	0.53269096	-0.81835731	0.21571195	2257	6
2259	1.18393	-1.54907	86.874	0.04442972	0.0041502353	-0.49516405	-0.69773116	0.51767151	2257	5
2260	1.16193	-1.58007	86.897	0.057697487	0.004055944	0.06932711	-0.98791131	0.13865422	2259	5
2261	1.16593	-1.63707	86.905	0.13720454	0.0039479774	-0.37752001	-0.76826068	0.51696631	2260	5
2262	1.1141325	-1.7424789	86.97593	0.079691299	0.0037935596	-0.26605839	-0.33367686	0.90436314	2261	5
2263	1.09293	-1.76907	87.048	0.073327192	0.0023469898	0.58892756	-0.26042921	0.76507579	2262	6
2264	1.09293	-1.76907	87.048	0.10136036	0.0036375145	-0.60145383	-0.52115111	0.60552028	2262	5
2265	1.0319664	-1.8218941	87.109376	0.1063858	0.0034678947	-0.66772468	-0.27424653	0.69204956	2264	5
2266	0.96093	-1.85107	87.183	0.11906946	0.0033070977	0.47926677	-0.25758632	0.83901886	2265	5
2267	1.017996	-1.8817407	87.282902	0.096501715	0.0031919275	0.42417862	-0.48008821	0.76784621	2266	5
2268	1.05893	-1.92807	87.357	0.1108382	0.0021798323	0.92515942	-0.051778123	0.37603068	2267	6
2269	1.05893	-1.92807	87.357	0.11235318	0.0030487439	-0.076667068	-0.34050097	0.93711325	2267	5
2270	1.0503162	-1.9663264	87.462288	0.095260827	0.0028843517	-0.21400414	-0.21775617	0.95225232	2269	5
2271	1.02993	-1.98707	87.553	0.090160967	0.0027556264	0.022182548	-0.99821467	-0.055456371	2270	5
2272	1.03193	-2.07707	87.548	0.033254483	0.001978745	0.86915913	-0.17067248	0.46414795	2271	6
2273	1.03193	-2.07707	87.548	0.049101935	0.0026515583	0.10182898	-0.91646083	0.38695013	2271	5
2274	1.03693	-2.12207	87.567	0.11507669	0.0025275181	0.57476199	-0.69349251	0.43441546	2273	5
2275	1.1030717	-2.2018748	87.616991	0.10719204	0.0023756198	-0.10129062	-0.91104692	0.399667	2274	5
2276	1.0922142	-2.2995318	87.659832	0.14611618	0.0022508595	-0.18379878	-0.91761459	0.35242229	2275	5
2277	1.0653582	-2.4336101	87.711327	0.10233303	0.0021661147	-0.17266016	-0.90063753	0.39879882	2276	5
2278	1.0476893	-2.5257751	87.752137	0.10245709	0.0020983188	-0.17179629	-0.89894264	0.40297415	2277	5
2279	1.0300876	-2.6178782	87.793425	0.10245775	0.0020305229	-0.17129765	-0.89800814	0.40526348	2278	5
2280	1.0125368	-2.7098861	87.834947	0.10246107	0.001962727	-0.17085547	-0.89717924	0.40728101	2279	5
2281	0.99503079	-2.801812	87.876677	0.10246117	0.0018949311	-0.17048923	-0.89644909	0.40903844	2280	5
2282	0.97756227	-2.8936632	87.918588	0.10246276	0.0018271351	-0.17013804	-0.89583493	0.4105275	2281	5
2283	0.96012945	-2.9854529	87.960652	0.10246582	0.0017593392	-0.16986752	-0.89533066	0.41173781	2282	5
2284	1.03693	-2.12207	87.567	0.026083618	0.0019463928	-0.81972997	0.028792617	0.57202601	2273	6
2285	1.03693	-2.12207	87.567	0.022108085	0.0019360704	-0.77615129	-0.57957445	-0.2483599	2273	6
2286	1.02993	-1.98707	87.553	0.050564215	0.0021141657	-0.8202194	0.31862949	0.47509513	2270	6
2287	1.05893	-1.92807	87.357	0.049002508	0.0023145268	-0.56136237	-0.74532457	0.35967148	2267	6
2288	0.96093	-1.85107	87.183	0.06673183	0.0021716578	0.12610057	-0.97436402	0.18631535	2265	6
2289	1.16593	-1.63707	86.905	0.12427389	0.0028575303	-0.38624364	-0.91732864	-0.09656091	2260	6
2290	1.11793	-1.75107	86.893	0.044881454	0.0016081519	0.16705727	-0.75983152	-0.62828968	2289	7
2291	1.11793	-1.75107	86.893	0.042777267	0.0020298085	-0.57698488	-0.79863627	0.17108058	2289	6
2292	1.16193	-1.58007	86.897	0.13889924	0.0026428599	-0.37437209	-0.79194096	-0.48236404	2259	6
2293	1.18493	-1.42207	86.884	0.044833024	0.0031006101	-0.11152493	-0.15613491	0.98141942	2256	6
2294	1.17993	-1.42907	86.928	0.044754774	0.001700237	0.90308801	-0.30130165	0.30602182	2293	7
2295	1.17993	-1.42907	86.928	0.04957599	0.0022339032	0.28110886	-0.73466133	0.61745489	2293	6
2296	1.17993	-1.42907	86.928	0.055873219	0.0016777888	-0.07168573	0.16037424	0.98444972	2293	7
2297	1.18493	-1.42207	86.884	0.10121265	0.0032307703	-0.77065468	-0.31616602	0.55329054	2256	6
2298	1.10693	-1.45407	86.94	0.079680612	0.0023340235	-0.15060125	-0.13805115	0.97890814	2297	6
2299	1.09493	-1.46507	87.018	0.099708042	0.0014440433	-0.096866893	-0.69472087	0.71272696	2298	7
2300	1.0852716	-1.5343393	87.089065	0.12038676	0.0012880967	-0.64647151	-0.7624951	0.025996292	2299	7
2301	1.007445	-1.6261336	87.092194	0.061594383	0.0012024434	-0.8076011	-0.56308814	0.17524902	2300	7
2302	1.09493	-1.46507	87.018	0.022792955	0.0013943758	-0.15447481	0.04258443	0.98707857	2298	7
2303	1.09493	-1.46507	87.018	0.10237807	0.0018105599	-0.88402722	-0.24890585	0.39565358	2298	6
2304	1.004425	-1.4905525	87.058506	0.089797629	0.0016796477	-0.65140918	-0.61825129	0.43980838	2303	6
2305	0.94593	-1.54607	87.098	0.12171278	0.0015730826	-0.67371727	-0.35329077	0.64906908	2304	6
2306	0.86393	-1.58907	87.177	0.071427117	0.0014829021	-0.40051316	-0.74100884	0.53897598	2305	6
2307	1.10693	-1.45407	86.94	0.024529615	0.001925388	-0.75383367	-0.24872995	-0.60816791	2297	7
2308	1.15793	-1.34807	86.827	0.041486847	0.0026458498	0.13155242	-0.93893651	-0.31794998	2253	6
2309	1.19893	-1.06407	86.709	0.147655	0.0032495046	-0.73143475	-0.38603501	0.56212115	2250	6
2310	1.29093	-0.12207	86.05	0.12525847	0.0065003353	-0.76387001	-0.3265638	0.55664952	2048	5
2311	1.1952488	-0.16297488	86.119725	0.11623289	0.005470353	-0.79838026	-0.4856953	0.35593402	2310	5
2312	1.1024508	-0.21942865	86.161096	0.10819211	0.0047060623	-0.72842722	-0.65645076	0.196128	2311	5
2313	1.0236407	-0.29045145	86.182316	0.10525959	0.0040746175	-0.64327331	-0.73740128	0.20600679	2312	5
2314	0.95593	-0.36807	86.204	0.12489377	0.0036541916	-0.24069182	-0.69060707	0.6820039	2313	5
2315	0.92586909	-0.45432252	86.289178	0.11426836	0.00344025	-0.6146211	-0.6494513	0.44772079	2314	5
2316	0.85563734	-0.52853426	86.340338	0.12626392	0.0032367903	-0.82148935	-0.56084706	0.10298455	2315	5
2317	0.75191288	-0.599349	86.353342	0.13031735	0.003067899	-0.79024689	-0.61174507	0.035746646	2316	5
2318	0.64893	-0.67907	86.358	0.10897247	0.0028776801	0.027529888	-0.96354608	0.26612225	2317	5
2319	0.65193	-0.78407	86.387	0.078038452	0.0020266692	0.24346972	-0.66633818	0.70478077	2318	6
2320	0.65193	-0.78407	86.387	0.051221386	0.0020972916	0.04850269	-0.99570837	-0.078818396	2318	6
2321	0.65193	-0.78407	86.387	0.10568789	0.002696608	-0.44729653	-0.88363342	-0.13826715	2318	5
2322	0.60465617	-0.87745936	86.372387	0.10940556	0.0025696318	-0.31271361	-0.87481344	-0.37001573	2321	5
2323	0.57044356	-0.97316881	86.331905	0.056736125	0.0024774523	-0.22055726	-0.86190573	-0.45658844	2322	5
2324	0.55793	-1.02207	86.306	0.067830672	0.0023678579	0.50124817	-0.61918892	0.60444632	2323	5
2325	0.59193	-1.06407	86.347	0.037094474	0.0022547978	0.53916387	-0.53916387	0.64699664	2324	5
2326	0.61193	-1.08407	86.371	0.028156451	0.0016905669	0.33748926	-0.79781893	0.49958577	2325	6
2327	0.61193	-1.08407	86.371	0.10929131	0.0021419132	0.018173906	-0.92857908	0.37068935	2325	5
2328	0.61391625	-1.1855556	86.411513	0.088439744	0.0019906077	0.28079853	-0.84362082	0.45766374	2327	5
2329	0.63875	-1.2601652	86.451989	0.10832851	0.0018494354	0.39815524	-0.72369354	0.56368437	2328	5
2330	0.68188156	-1.3385619	86.513052	0.041267119	0.0017600958	0.55851821	-0.69081937	0.45915793	2329	5
2331	0.61193	-1.08407	86.371	0.03541797	0.0016646028	-0.48196314	-0.87257689	-0.079505346	2325	6
2332	0.59193	-1.06407	86.347	0.02306581	0.0017819288	-0.61124526	-0.68919647	0.38908541	2324	6
2333	0.55793	-1.02207	86.306	0.035979048	0.0018063495	-0.41774313	-0.90328614	0.097799976	2323	6
2334	0.64893	-0.67907	86.358	0.11291933	0.0023153464	-0.80606854	-0.57453261	-0.14200627	2317	6
2335	0.55790928	-0.74394584	86.341965	0.10823077	0.0019773852	-0.59646523	-0.77475633	0.20971854	2334	6
2336	0.49335339	-0.82779831	86.364663	0.10004196	0.0018189854	-0.42405595	-0.87235086	0.24327048	2335	6
2337	0.45093	-0.91507	86.389	0.095954019	0.0016859111	-0.42742152	-0.78120425	-0.45500634	2336	6
2338	0.40991719	-0.99002969	86.34534	0.10349912	0.0015509948	-0.76056204	-0.64203257	0.096641448	2337	6
2339	0.33119969	-1.0564795	86.355343	0.055407828	0.0014730432	-0.78916676	-0.60389284	0.11193421	2338	6
2340	0.95593	-0.36807	86.204	0.043717442	0.002463109	-0.82142715	-0.56285101	-0.091957496	2313	6
2341	1.40893	0.21893	85.05	0.12460006	0.0071884489	-0.50641858	-0.68171225	0.52802333	2038	5
2342	1.3458302	0.13398861	85.115792	0.099868196	0.0044968682	-0.45340649	-0.87356223	0.17695081	2341	5
2343	1.3005493	0.046747529	85.133463	0.14995187	0.0031335615	-0.51126106	-0.8248755	-0.24123131	2342	5
2344	1.2238848	-0.076944092	85.09729	0.10851161	0.0029772053	-0.43059459	-0.89263059	-0.13341261	2343	5
2345	1.1771603	-0.17380487	85.082814	0.10855268	0.0028520816	-0.29691212	-0.95394201	0.042869902	2344	5
2346	1.1449297	-0.27735783	85.087467	0.12983782	0.0026715176	-0.31617396	-0.94460564	-0.088058023	2345	5
2347	1.1038783	-0.40000337	85.076034	0.10472395	0.0024499611	-0.32431041	-0.71182558	-0.62299848	2346	5
2348	1.0699153	-0.47454855	85.010791	0.12439943	0.0022554307	-0.015117163	-0.7477156	-0.66384702	2347	5
2349	1.0680347	-0.56756395	84.928209	0.11835254	0.0020743612	-0.084271864	-0.89100394	-0.44610563	2348	5
2350	1.0580609	-0.67301652	84.875411	0.10979619	0.0019097828	-0.3107857	-0.79419344	-0.52217719	2349	5
2351	1.0239378	-0.76021594	84.818078	0.094076127	0.0017733668	-0.33509057	-0.22841126	-0.9140802	2350	5
2352	0.85893	0.77793	83.12	0.10487165	0.03843719	-0.39223674	0.18461845	0.90114725	1623	2
2353	0.81779549	0.79729124	83.214505	0.10495417	0.0381857	-0.40600887	0.20281266	0.89108014	2352	2
2354	0.77518316	0.81857728	83.308027	0.1050961	0.03793421	-0.41868917	0.22216804	0.88053435	2353	2
2355	0.73118057	0.84192627	83.400568	0.10519651	0.03768272	-0.42394896	0.23517316	0.87462041	2354	2
2356	0.68658262	0.86666566	83.492575	0.10519028	0.037431228	-0.42138666	0.24122227	0.87421113	2355	2
2357	0.64225684	0.8920399	83.584534	0.10506808	0.037179736	-0.41097954	0.24035142	0.87939013	2356	2
2358	0.59907601	0.91729316	83.676929	0.10487176	0.036928245	-0.39253548	0.2324554	0.88987661	2357	2
2359	0.55791012	0.94167117	83.770252	0.10467093	0.036676755	-0.36567346	0.21732563	0.90501519	2358	2
2360	0.51963474	0.96441885	83.864981	0.10434379	0.036425265	-0.32912781	0.19521819	0.92388568	2359	2
2361	0.48529229	0.98478865	83.961383	0.10349584	0.036104724	-0.27938161	0.16857958	0.94526549	2360	2
2362	0.45637746	1.0022359	84.059214	0.10271737	0.035646082	-0.21883137	0.14171252	0.96541721	2361	2
2363	0.43389968	1.0167923	84.158379	0.10271773	0.03511839	-0.16268862	0.11737615	0.97967099	2362	2
2364	0.41718867	1.0288489	84.259009	0.10306097	0.034590698	-0.12161907	0.096033773	0.9879202	2363	2
2365	0.40465449	1.0387462	84.360825	0.10334654	0.034063007	-0.097530533	0.077754079	0.99219056	2364	2
2366	0.39457505	1.0467818	84.463364	0.10340565	0.033535315	-0.090266273	0.0626033	0.9939481	2365	2
2367	0.38524101	1.0532554	84.566144	0.10324518	0.033007622	-0.096808959	0.051147306	0.99398792	2366	2
2368	0.37524595	1.0585361	84.668768	0.051562235	0.032611854	-0.10309769	0.0464277	0.99358711	2367	2
2369	0.36993	1.06093	84.72	0.10023955	0.032287855	-0.1190903	0.025926466	0.99254487	2368	2
2370	0.35799244	1.0635289	84.819492	0.10023922	0.031903702	-0.11721842	0.014773254	0.99299627	2369	2
2371	0.34624256	1.0650097	84.919029	0.10025341	0.031519549	-0.11464084	0.0023896476	0.99340413	2370	2
2372	0.33474942	1.0652493	85.018622	0.10027276	0.031135396	-0.11186859	-0.0067617323	0.9937	2371	2
2373	0.32353205	1.0645713	85.118263	0.10028803	0.030751243	-0.10897703	-0.012230885	0.99396902	2372	2
2374	0.31260296	1.0633447	85.217946	0.10029673	0.03036709	-0.10595406	-0.014026544	0.99427209	2373	2
2375	0.30197611	1.0619378	85.317668	0.10029384	0.029982938	-0.10280271	-0.012133585	0.99462776	2374	2
2376	0.29166563	1.0607209	85.417423	0.10028085	0.029598785	-0.099620796	-0.0068528238	0.99500188	2375	2
2377	0.28167558	1.0600337	85.517203	0.10027205	0.029214632	-0.097191357	-0.0010342956	0.99526518	2376	2
2378	0.27193	1.05993	85.617	0.042731721	0.028023825	0.21061637	0.18721455	0.95947457	2377	2
2379	0.28093	1.06793	85.658	0.11002852	0.01551239	0.13192132	0.14660963	0.98035829	2378	3
2380	0.29544511	1.0840612	85.765867	0.11012933	0.015292489	0.13034853	0.15028522	0.98001205	2379	3
2381	0.3098003	1.1006121	85.873795	0.10959839	0.015072589	0.12332053	0.11585925	0.98558038	2380	3
2382	0.32331604	1.11331	85.981813	0.1088568	0.014852689	0.11053145	0.038198927	0.99313828	2381	3
2383	0.33534813	1.1174683	86.089923	0.054366665	0.014687764	0.10267073	-0.0099004042	0.99466613	2382	3
2384	0.34093	1.11693	86.144	0.10400256	0.010638867	0.72019323	0.40131156	0.56592467	2383	4
2385	0.41583194	1.1586674	86.202858	0.10741243	0.0099936596	0.80560712	0.44156692	0.39498837	2384	4
2386	0.50236416	1.2060972	86.245284	0.11177444	0.0093484524	0.84031474	0.46145903	0.28447619	2385	4
2387	0.59628987	1.2576765	86.277081	0.11188249	0.0087032451	0.83695066	0.46703881	0.28528641	2386	4
2388	0.68993	1.30993	86.309	0.10191357	0.0057132812	0.44334443	0.88166507	0.16159335	2387	5
2389	0.73511281	1.3997836	86.325469	0.10118049	0.0042065375	0.383643	0.7426962	0.54883549	2388	5
2390	0.77393	1.47493	86.381	0.1219669	0.0030893709	0.27742255	0.94077589	0.19487806	2389	6
2391	0.80776637	1.5896735	86.404769	0.12230556	0.0027954069	0.26297768	0.95871752	0.10818255	2390	6
2392	0.83993	1.70693	86.418	0.10463747	0.002362181	0.17202251	0.90789657	-0.38227224	2391	6
2393	0.85793	1.80193	86.378	0.050606324	0.0020327551	-0.51376978	0.8299358	0.21736414	2392	6
2394	0.83193	1.84393	86.389	0.021321763	0.0014612777	0.32676413	0.82341043	-0.46391859	2393	7
2395	0.83193	1.84393	86.389	0.069634761	0.0019413532	-0.86163862	0.4595406	-0.21540966	2393	6
2396	0.77193	1.87593	86.374	0.096840074	0.0018280851	-0.33044171	0.75382016	0.56794669	2395	6
2397	0.73993	1.94893	86.429	0.1065798	0.0017066151	-0.89341491	0.44186706	-0.081014159	2396	6
2398	0.64471002	1.9960241	86.420366	0.10451071	0.001564298	-0.10314751	0.88896054	0.44621716	2397	6
2399	0.63393	2.08893	86.467	0.027369834	0.0014670682	0.51546257	0.67445376	-0.5285929	2398	6
2400	0.77193	1.87593	86.374	0.024666615	0.001391101	-0.65076572	0.32315946	-0.68707492	2395	7
2401	0.85793	1.80193	86.378	0.034264457	0.0015218497	-0.49061237	0.47463656	-0.73076647	2392	7
2402	0.83993	1.70693	86.418	0.02265352	0.001864491	-0.39026772	0.75501512	0.52691867	2391	7
2403	0.77393	1.47493	86.381	0.10930233	0.0037370003	0.08234042	0.72276591	0.68617017	2389	5
2404	0.78293	1.55393	86.456	0.068205162	0.00240477	-0.35452951	0.92108475	0.16097114	2403	6
2405	0.78293	1.55393	86.456	0.12808763	0.0035738864	-0.93512337	0.1541532	0.31903147	2403	5
2406	0.66315227	1.5736751	86.496864	0.10816579	0.0034016488	-0.82486585	0.38140417	0.4172855	2405	5
2407	0.57393	1.61493	86.542	0.13257737	0.0024818175	-0.43728822	-0.11347744	0.89213333	2406	6
2408	0.51595548	1.5998855	86.660277	0.06644991	0.0019803797	-0.42175344	-0.11972114	0.89877187	2407	6
2409	0.48793	1.59193	86.72	0.057365594	0.0013381418	0.41235859	-0.24614193	0.87713998	2408	7
2410	0.48793	1.59193	86.72	0.055474906	0.0016419599	0.112791	-0.70512245	0.70005752	2408	6
2411	0.57393	1.61493	86.542	0.097097889	0.0032507462	-0.86510635	0.47374871	-0.16478216	2406	5
2412	0.48993	1.66093	86.526	0.10350892	0.0031133867	-0.029272178	0.78996774	0.61244927	2411	5
2413	0.48690007	1.7426987	86.589394	0.13171563	0.0029385895	-0.04126499	0.62870307	0.77654984	2412	5
2414	0.48146482	1.8255087	86.691678	0.1086974	0.0027485206	-0.20709963	0.55483076	0.80577451	2413	5
2415	0.45895363	1.8858174	86.779263	0.063884241	0.0026060786	-0.04732987	0.048722617	0.99769033	2414	5
2416	0.45593	1.88893	86.843	0.031289387	0.0019300069	-0.10967177	-0.46471427	0.87864256	2415	6
2417	0.45593	1.88893	86.843	0.10971155	0.002484657	-0.19300922	0.34044876	0.92024023	2415	5
2418	0.43475466	1.9262812	86.943961	0.10012644	0.0023435284	0.18768797	0.49981987	0.84554913	2417	5
2419	0.45354719	1.9763263	87.028623	0.10941783	0.0022130805	0.20784369	0.62381079	0.75343288	2418	5
2420	0.47628899	2.0445824	87.111062	0.11676409	0.0021042255	0.08256824	0.66242647	0.74456273	2419	5
2421	0.48593	2.12193	87.198	0.12327346	0.0019152461	0.20139581	0.8086777	0.55270255	2420	5
2422	0.51075676	2.2216185	87.266134	0.043187791	0.0017503024	0.1481283	0.87535997	0.46022053	2421	5
2423	0.48993	1.66093	86.526	0.10192823	0.0025173772	-0.69812143	0.40690664	0.58911243	2411	6
2424	0.41877172	1.7024053	86.586047	0.050434089	0.0022676446	-0.59169738	0.58541211	0.55424442	2423	6
2425	0.38893	1.73193	86.614	0.057913729	0.0021533963	-0.75975077	0.63888133	0.12086944	2424	6
2426	0.34493	1.76893	86.621	0.020956374	0.0015725073	0.11605956	0.50084701	0.85771933	2425	7
2427	0.34493	1.76893	86.621	0.024110443	0.0014987109	-0.00076471013	0.22862241	-0.97351487	2425	7
2428	0.34493	1.76893	86.621	0.087424253	0.0020423989	-0.35459268	0.90363941	-0.24020794	2425	6
2429	0.31393	1.84793	86.6	0.11749741	0.0019161489	0.42465624	0.90463725	-0.036035204	2428	6
2430	0.36382601	1.9542225	86.595766	0.12170889	0.0017737222	-0.27285144	0.70209127	0.65773851	2429	6
2431	0.33061756	2.0396733	86.675819	0.10979504	0.0016286879	-0.23737678	0.57954328	0.77960365	2430	6
2432	0.30455477	2.1033043	86.761415	0.10515109	0.001499436	-0.0059415989	0.84284184	0.53812854	2431	6
2433	0.31393	1.84793	86.6	0.037175261	0.0014174083	-0.72628946	0.59179141	0.34969493	2428	7
2434	0.38893	1.73193	86.614	0.029153545	0.0015734212	-0.9938757	-0.015660617	0.1093885	2424	7
2435	0.68993	1.30993	86.309	0.038183766	0.0074417994	0.60235022	0.60235022	0.5237828	2387	4
2436	0.71293	1.33293	86.329	0.10629745	0.0064460791	0.80517416	0.54445208	0.2350883	2435	4
2437	0.79851796	1.3908039	86.353989	0.053069685	0.0063607619	0.79917642	0.54882807	0.24516281	2436	4
2438	0.84093	1.41993	86.367	0.1207421	0.006234633	0.61832729	0.62134306	0.4812527	2437	4
2439	0.91558813	1.4949523	86.425107	0.060352572	0.0060880982	0.60215934	0.61269525	0.51186781	2438	4
2440	0.95193	1.53193	86.456	0.11020871	0.0059393879	0.57008419	0.36320833	0.73694214	2439	4
2441	1.0147582	1.5719587	86.537217	0.10969952	0.0057268264	0.80774836	0.14036674	0.57257293	2440	4
2442	1.1033679	1.5873569	86.600028	0.058683241	0.0055513666	0.91273331	-0.0072743898	0.40849111	2441	4
2443	1.15693	1.58693	86.624	0.12085502	0.0053550719	0.97976682	-0.036244519	0.19683321	2442	4
2444	1.2753397	1.5825497	86.647788	0.13361195	0.0050797377	0.89864273	0.16703185	0.40563729	2443	4
2445	1.3954091	1.6048671	86.701986	0.10040608	0.0048653624	0.9305045	0.33105039	0.15673871	2444	4
2446	1.4888375	1.6381066	86.717724	0.1011062	0.0047202179	0.97019316	0.23562756	-0.05661165	2445	4
2447	1.58693	1.66193	86.712	0.11800997	0.004541554	0.82448648	0.45320347	0.33886379	2446	4
2448	1.6842276	1.7154125	86.751989	0.11424623	0.0043339939	0.71905998	0.49896194	0.48372484	2447	4
2449	1.7663775	1.7724171	86.807253	0.10575267	0.0041356809	0.55110008	0.50379095	0.66519424	2448	4
2450	1.8246578	1.8256943	86.877599	0.095867661	0.003930894	0.35749467	0.45099372	0.81780329	2449	4
2451	1.85893	1.86893	86.956	0.10116023	0.0028566635	0.74580232	0.43841888	0.50156534	2450	5
2452	1.9343755	1.9132806	87.006738	0.1018993	0.0023426466	0.79677091	0.41031191	0.44362174	2451	5
2453	2.0155659	1.9550911	87.051943	0.051822858	0.0019571341	0.8375804	0.36904809	0.40281829	2452	5
2454	1.85893	1.86893	86.956	0.1440032	0.0037061062	-0.073527213	0.57407014	0.81549814	2450	4
2455	1.8483418	1.9515979	87.073434	0.12439484	0.0034741603	0.36662911	0.54654443	0.75290921	2454	4
2456	1.8939486	2.0195852	87.167092	0.12344797	0.0032621962	0.25590828	0.39321364	0.88311607	2455	4
2457	1.92554	2.0681267	87.276111	0.12228087	0.0030751673	0.24852644	0.23555059	0.93954804	2456	4
2458	1.95593	2.09693	87.391	0.11630086	0.0022534274	0.87366698	0.43785891	0.21209806	2457	5
2459	2.0575382	2.1478534	87.415667	0.11637926	0.0018979048	0.87206997	0.4862577	0.055203486	2458	5
2460	1.95593	2.09693	87.391	0.09943718	0.0028803137	-0.61316508	-0.059407404	0.78771781	2457	4
2461	1.8949586	2.0910227	87.469328	0.10386639	0.002681285	-0.38538542	0.43235644	0.8151969	2460	4
2462	1.85493	2.13593	87.554	0.11476896	0.0024625721	-0.2300796	0.95797334	-0.17131973	2461	4
2463	1.828524	2.2458756	87.534338	0.10114474	0.0022271532	-0.47055343	0.86069127	0.19439654	2462	4
2464	1.85493	2.13593	87.554	0.10874863	0.0019138086	-0.86772036	0.25803666	0.42482756	2461	5
2465	1.58693	1.66193	86.712	0.10272149	0.003247401	0.62432011	0.72288313	0.29608171	2446	5
2466	1.6510611	1.7361856	86.742414	0.050113093	0.0024404646	0.42033422	0.72060213	0.55140884	2465	5
2467	1.15693	1.58693	86.624	0.11841453	0.0034038975	0.26179221	-0.79382153	0.54891914	2442	5
2468	0.95193	1.53193	86.456	0.05598214	0.0037849789	0.69665075	0.67878791	-0.23221692	2439	5
2469	0.84093	1.41993	86.367	0.078528314	0.0034495826	0.83442833	-0.54302866	-0.094070369	2437	5
2470	0.71293	1.33293	86.329	0.114954	0.0036610419	0.75442649	-0.64188088	-0.13722098	2435	5
2471	0.34093	1.11693	86.144	0.10838569	0.014474914	0.076860929	-0.17066962	0.98232595	2383	3
2472	0.34926062	1.0984319	86.25047	0.10859007	0.014159165	0.066947142	-0.225031	0.97204893	2471	3
2473	0.35653042	1.0739957	86.356025	0.10855961	0.013843416	0.050938228	-0.3011875	0.95220344	2472	3
2474	0.36206025	1.0412989	86.459396	0.10795259	0.013527666	0.028898591	-0.40037189	0.91589695	2473	3
2475	0.36517993	0.99807774	86.558269	0.10776296	0.013211917	-0.020187536	-0.6149638	0.78829689	2474	3
2476	0.36300446	0.93180742	86.643218	0.11938745	0.012760712	-0.1249001	-0.86460872	0.48667414	2475	3
2477	0.34809296	0.82858399	86.701321	0.065550091	0.012320717	-0.18555213	-0.92530755	0.33072096	2476	3
2478	0.33593	0.76793	86.723	0.11907092	0.01204448	-0.56908254	-0.57131172	0.59139494	2477	3
2479	0.26816882	0.69990339	86.793418	0.11141189	0.011785337	-0.47666301	-0.37761315	0.7938518	2478	3
2480	0.21506289	0.65783279	86.881862	0.11201127	0.011514854	-0.18953076	-0.084014899	0.97827378	2479	3
2481	0.19383331	0.64842218	86.99144	0.11787779	0.011233031	-0.009961157	-0.037842173	0.99923408	2480	3
2482	0.19265911	0.64396143	87.109228	0.11829078	0.010966988	0.013431051	-0.21902949	0.97562579	2481	3
2483	0.19424788	0.61805226	87.224635	0.1164984	0.010716723	0.099821985	-0.30144895	0.94824264	2482	3
2484	0.20587698	0.58293394	87.335104	0.057298157	0.010529025	0.19290354	-0.27930978	0.9406244	2483	3
2485	0.21693	0.56693	87.389	0.11974254	0.01030879	0.81571136	0.23562809	0.52829384	2484	3
2486	0.31460535	0.59514471	87.452259	0.11695288	0.009993452	0.72911086	0.36759506	0.57729649	2485	3
2487	0.39987696	0.63813601	87.519776	0.1146583	0.0096230732	0.45398405	0.47788949	0.75201072	2486	3
2488	0.45193	0.69293	87.606	0.11503478	0.006542513	0.94753954	0.29556279	0.12170233	2487	4
2489	0.56093	0.72693	87.62	0.10771655	0.0045262204	0.78789526	-0.26513244	0.55581098	2488	5
2490	0.64579936	0.69837085	87.67987	0.054139689	0.0039417342	0.75971335	-0.30367462	0.57499335	2489	5
2491	0.68693	0.68193	87.711	0.10619814	0.0034828152	0.56460905	-0.46210571	0.68386763	2490	5
2492	0.74689043	0.63285523	87.783625	0.065702472	0.0031576935	0.39632558	-0.36414512	0.84280743	2491	5
2493	0.77293	0.60893	87.839	0.13881643	0.0030363925	0.90767357	-0.26653906	0.32416913	2492	5
2494	0.89893	0.57193	87.884	0.042354195	0.0019944948	0.92375276	0.33257848	0.18992732	2493	6
2495	0.89893	0.57193	87.884	0.10813418	0.0028938033	-0.49013182	-0.83229931	0.25893756	2493	5
2496	0.84593	0.48193	87.912	0.10918014	0.0027231826	-0.11637805	-0.74502645	0.65680418	2495	5
2497	0.83322383	0.40058791	87.98371	0.11086613	0.0025588951	0.40848831	-0.78803009	0.46059296	2496	5
2498	0.87851135	0.31322206	88.034774	0.10491283	0.0024209364	0.82521954	-0.34894959	0.44412487	2497	5
2499	0.96508746	0.27661277	88.081369	0.14107523	0.0022353719	0.69354869	0.0022486341	0.72040624	2498	5
2500	1.06293	0.27693	88.183	0.016113714	0.0016302177	0.183869	0.56033404	0.80760012	2499	6
2501	1.06293	0.27693	88.183	0.11220173	0.0020234747	0.022228727	-0.22877513	0.97322547	2499	5
2502	1.0654241	0.25126104	88.292198	0.087693715	0.0018597695	-0.46176743	-0.24324474	0.85299639	2501	5
2503	1.02493	0.22993	88.367	0.053289227	0.0017528889	-0.0020847319	-0.60064395	0.79951392	2502	5
2504	0.84593	0.48193	87.912	0.10022475	0.0021159867	0.029932727	-0.99775757	-0.059865454	2495	6
2505	0.84893	0.38193	87.906	0.1026114	0.0017899591	0.89392552	-0.44113182	0.079371812	2504	6
2506	0.94065695	0.33666484	87.914144	0.11173714	0.0016581799	0.6015003	-0.76308979	0.23641354	2505	6
2507	1.0078669	0.25139938	87.940561	0.10046121	0.001528779	0.85668015	-0.49242264	0.15368494	2506	6
2508	1.09393	0.20193	87.956	0.029721254	0.0014572282	0.08418849	-0.95870997	0.27163852	2507	6
2509	0.84893	0.38193	87.906	0.03909805	0.0014217355	0.38746737	-0.75569925	0.52800348	2504	7
2510	0.77293	0.60893	87.839	0.044006942	0.0021559824	0.15313635	0.39524127	0.90572269	2492	6
2511	0.68693	0.68193	87.711	0.054927225	0.0029407698	0.56438315	0.61900087	0.54617724	2490	6
2512	0.71793	0.71593	87.741	0.10845011	0.0026292967	0.97291882	-0.071104933	0.21993876	2511	6
2513	0.82344315	0.70821866	87.764852	0.10694226	0.0024601673	0.9835489	-0.1695207	-0.062404259	2512	6
2514	0.92862609	0.69008974	87.758179	0.11848847	0.0022880122	0.95282383	-0.27193524	0.13482571	2513	6
2515	1.0415247	0.65786854	87.774154	0.07070011	0.0021731577	0.61393488	-0.25372726	0.74746668	2514	6
2516	1.08493	0.63993	87.827	0.063841615	0.0015338395	0.83909621	0.022162391	0.54353139	2515	7
2517	1.08493	0.63993	87.827	0.13927198	0.0020538869	0.34584615	0.78268893	0.51748282	2515	6
2518	1.1330967	0.74893664	87.899071	0.045119032	0.00194743	0.26226893	0.57610632	0.77415536	2517	6
2519	1.14493	0.77493	87.934	0.129255	0.0018365277	0.7284752	-0.082434552	0.68009443	2518	6
2520	1.2390891	0.76427492	88.021906	0.11533619	0.001677528	0.74971631	-0.30647497	0.5865139	2519	6
2521	1.3255585	0.72892727	88.089552	0.1005533	0.0015276163	0.97929333	-0.18640894	0.078970093	2520	6
2522	1.14493	0.77493	87.934	0.018334307	0.0014571769	0.083939081	0.4546346	0.88671394	2518	7
2523	0.71793	0.71593	87.741	0.041660415	0.0019291636	-0.08779036	-0.45560571	0.88584214	2511	7
2524	0.56093	0.72693	87.62	0.10427369	0.0055165305	0.96575857	0.084671629	0.24523681	2488	4
2525	0.66163321	0.73575902	87.645572	0.097666964	0.0048854981	0.76006891	0.27834796	0.58721177	2524	4
2526	0.73586684	0.76294442	87.702923	0.12239363	0.0046757809	0.36265027	0.43831067	0.82241628	2525	4
2527	0.78025292	0.81659086	87.803581	0.10735293	0.0045080181	0.54894266	0.16748931	0.81890737	2526	4
2528	0.83918353	0.83457133	87.891494	0.10177951	0.0043681845	0.69220867	0.13906507	0.70817234	2527	4
2529	0.90963618	0.8487253	87.963571	0.081566232	0.004170157	0.82502056	0.24770909	0.50791857	2528	4
2530	0.97693	0.86893	88.005	0.13444415	0.0027055377	0.56361736	0.0021025517	0.82603333	2529	5
2531	1.0527051	0.86921268	88.116055	0.059464642	0.0019096138	0.84231844	0.001929324	0.53897674	2530	5
2532	0.97693	0.86893	88.005	0.10984812	0.0039821045	0.32729066	0.35622301	0.87520625	2529	4
2533	1.0128823	0.90806043	88.10114	0.11013962	0.003862221	0.30913249	0.36199117	0.87943135	2532	4
2534	1.04693	0.94793	88.198	0.054083269	0.0036897268	0.73960026	0.53621019	0.40678014	2533	4
2535	1.08693	0.97693	88.22	0.10399038	0.0035125448	0.13462783	0.99047619	-0.028848821	2534	4
2536	1.10093	1.07993	88.217	0.10153863	0.0023246	-0.31240958	0.91396943	-0.25895971	2535	5
2537	1.10093	1.07993	88.217	0.11412174	0.0033321191	-0.78972564	0.41048099	0.45589337	2535	4
2538	1.0108051	1.1267748	88.269027	0.13691615	0.0030895672	-0.26973655	0.56882387	0.77696949	2537	4
2539	0.97387385	1.204656	88.375407	0.1419122	0.0028413272	0.077908402	0.67135896	0.73702607	2538	4
2540	0.98493	1.29993	88.48	0.12004664	0.0019780054	-0.22574218	0.45492092	0.86144496	2539	5
2541	0.98493	1.29993	88.48	0.13242396	0.0026082103	-0.077261319	0.84229704	-0.53344764	2539	4
2542	0.97469875	1.4114703	88.409359	0.098708062	0.0024158535	0.5843336	0.80121052	-0.12890285	2541	4
2543	1.0323772	1.4905563	88.396635	0.11615442	0.0022228595	0.6558161	0.49857996	-0.56685384	2542	4
2544	1.08693	0.97693	88.22	0.037027017	0.0026845359	0.13503653	-0.29708037	0.94525573	2534	5
2545	1.09193	0.96593	88.255	0.10307551	0.0022088799	0.62709641	0.40256327	0.66685299	2544	5
2546	1.1565683	1.0074244	88.323736	0.10865073	0.0018719389	0.50593453	0.5445053	0.66898747	2545	5
2547	1.2115384	1.0665853	88.396422	0.033669252	0.0017574669	0.071031056	-0.019463233	0.9972842	2546	5
2548	1.09193	0.96593	88.255	0.026100101	0.0018295846	0.067508268	0.71769357	0.69307905	2544	6
2549	1.04693	0.94793	88.198	0.052163205	0.0025378799	-0.076682404	-0.019170601	0.99687125	2533	5
2550	0.45193	0.69293	87.606	0.11330049	0.0092752107	0.22947828	0.83847831	0.4942609	2487	3
2551	0.47793	0.78793	87.662	0.10790864	0.0090610123	-0.13226466	0.11513881	0.9845045	2550	3
2552	0.4636575	0.80035447	87.768237	0.10849472	0.0089029207	-0.15792423	0.050651407	0.98615129	2551	3
2553	0.44652355	0.80584988	87.875229	0.1089041	0.0087448292	-0.17600456	0.032690568	0.98384639	2552	3
2554	0.42735594	0.80941002	87.982374	0.10864205	0.0085867374	-0.1788068	0.069217954	0.98144638	2553	3
2555	0.40793	0.81693	88.089	0.12003816	0.0049054298	0.76481294	0.10301794	0.63596264	2554	4
2556	0.49973674	0.82929608	88.16534	0.048669134	0.0033825003	0.62037804	0.21849405	0.7532539	2555	4
2557	0.52993	0.83993	88.202	0.029179077	0.0023649126	0.75541071	0.64378053	-0.12207083	2556	5
2558	0.52993	0.83993	88.202	0.053516353	0.0032904481	0.67269158	-0.52320456	0.52320456	2556	4
2559	0.56593	0.81193	88.23	0.068305242	0.0023267725	0.91342991	-0.39585519	0.094575179	2558	5
2560	0.56593	0.81193	88.23	0.10312129	0.0031547435	0.65941768	0.37819543	0.64972036	2558	4
2561	0.63393	0.85093	88.297	0.035681799	0.0022497511	0.98069136	-0.089370669	0.17394635	2560	5
2562	0.63393	0.85093	88.297	0.10070164	0.0029746316	0.46002732	-0.097997756	0.8824802	2560	4
2563	0.68025551	0.84106146	88.385867	0.10289355	0.0028219392	0.35443402	0.21743146	0.90945043	2562	4
2564	0.71672448	0.86343376	88.479444	0.10938206	0.0026744569	0.21215103	0.2422357	0.94673851	2563	4
2565	0.73993	0.88993	88.583	0.11609048	0.0024874977	0.25841912	-0.13782353	0.95615074	2564	4
2566	0.76993	0.87393	88.694	0.10063796	0.002244423	-0.41289615	0.51571908	0.75070007	2565	4
2567	0.72837697	0.92583092	88.769549	0.02082914	0.0020968121	0.23257353	0.75843454	0.60884037	2566	4
2568	0.40793	0.81693	88.089	0.10514853	0.0081442652	-0.48900072	0.26414589	0.8313274	2554	3
2569	0.35651229	0.84470455	88.176413	0.076360986	0.0076829911	-0.29573079	-0.58635376	0.7541436	2568	3
2570	0.33393	0.79993	88.234	0.11624782	0.007483311	0.24147454	-0.39616343	0.8858581	2569	3
2571	0.36200089	0.75387687	88.336979	0.12908269	0.0071769819	0.3168122	-0.53261538	0.78482539	2570	3
2572	0.40289586	0.68512544	88.438286	0.054131279	0.006894184	0.14841956	-0.41002984	0.89991509	2571	3
2573	0.41093	0.66293	88.487	0.083270643	0.0067394209	0.084063239	-0.97273177	0.21616262	2572	3
2574	0.41793	0.58193	88.505	0.12633685	0.0065450356	0.023746041	-0.18996832	0.98150301	2573	3
2575	0.42093	0.55793	88.629	0.056044625	0.0036308536	0.46391603	-0.41038726	0.78508867	2574	4
2576	0.42093	0.55793	88.629	0.11364636	0.0063162091	-0.61537595	0.24319076	0.74978043	2574	3
2577	0.35099477	0.58556774	88.71421	0.056953321	0.0061498538	-0.61567552	0.28729239	0.73376205	2576	3
2578	0.31593	0.60193	88.756	0.10584496	0.0059884726	-0.15832377	0.5545674	0.81693855	2577	3
2579	0.29917223	0.66062816	88.842469	0.10400971	0.0057766135	-0.2042331	0.59900017	0.77426587	2578	3
2580	0.27793	0.72293	88.923	0.044922155	0.0034069202	-0.42295389	0.42295389	0.80138631	2579	4
2581	0.27793	0.72293	88.923	0.11157912	0.0054780756	-0.88849266	0.4555897	0.054943847	2579	3
2582	0.17879277	0.7737643	88.929131	0.082923362	0.005173103	-0.78220144	0.59290532	0.19137446	2581	3
2583	0.11393	0.82293	88.945	0.017887097	0.0033177748	-0.3338475	-0.18943474	0.92339608	2582	4
2584	0.11393	0.82293	88.945	0.11306517	0.0030698386	-0.096547956	0.98538443	0.14034253	2582	4
2585	0.11393	0.82293	88.945	0.065192024	0.0049888439	-0.84366149	0.42950039	-0.3221253	2582	3
2586	0.05893	0.85093	88.924	0.041584351	0.0032406373	0.11692819	0.61494221	-0.77985504	2585	4
2587	0.05893	0.85093	88.924	0.0593043	0.0048487931	-0.97800665	0.2023462	-0.050586551	2585	3
2588	0.00093	0.86293	88.921	0.018795477	0.0031711847	-0.54643714	-0.82411157	-0.14915282	2587	4
2589	0.00093	0.86293	88.921	0.038336803	0.0031386639	-0.58157746	-0.019316866	-0.81326165	2587	4
2590	0.00093	0.86293	88.921	0.10150368	0.004668652	-0.99671747	0.02339124	0.077505659	2587	3
2591	-0.10024049	0.8653043	88.928867	0.11046657	0.0044010252	-0.9396697	0.30065825	0.16317313	2590	3
2592	-0.20404258	0.89851698	88.946892	0.050665265	0.004178718	-0.67161243	0.65948569	0.33766161	2591	3
2593	-0.23807	0.93193	88.964	0.10801746	0.0026268262	0.092113017	0.5939472	0.79921331	2592	4
2594	-0.23807	0.93193	88.964	0.091224997	0.0040285917	-0.99753361	0.054809539	0.043847631	2592	3
2595	-0.32907	0.93693	88.968	0.10693737	0.0037923523	-0.41925679	0.82652132	-0.3756145	2594	3
2596	-0.37390422	1.025316	88.927833	0.09947951	0.0035191383	-0.80585219	0.58920661	-0.058632913	2595	3
2597	-0.45407	1.08393	88.922	0.11317828	0.0032508645	-0.62016369	0.10896853	0.77686733	2596	3
2598	-0.52425906	1.0962629	89.009925	0.11185152	0.0029839986	-0.32016495	0.94470889	-0.070848492	2597	3
2599	-0.32907	0.93693	88.968	0.054431529	0.0026868393	-0.382559	-0.61127902	0.69281063	2594	4
2600	0.31593	0.60193	88.756	0.10404326	0.0037562325	-0.40367824	-0.1441708	0.90347034	2577	4
2601	0.27393	0.58693	88.85	0.017736376	0.0025881628	-0.65090453	0.19107976	0.73471887	2600	4
2602	0.41793	0.58193	88.505	0.087686943	0.0038504332	-0.93514493	-0.3535304	-0.022808413	2573	4
2603	0.41093	0.66293	88.487	0.090782816	0.0040420296	-0.85866849	-0.082962316	0.50577236	2572	4
2604	0.33393	0.79993	88.234	0.10536145	0.0052642355	-0.53369813	0.26820257	0.80201851	2569	4
2605	0.27769879	0.82818821	88.318502	0.10513921	0.0044285953	-0.53836624	0.34833274	0.76735005	2604	4
2606	0.22109539	0.86481164	88.39918	0.10471465	0.0035929552	-0.53727614	0.4544328	0.71051051	2605	4
2607	0.16483471	0.91239741	88.473581	0.052317658	0.0029662251	-0.53337072	0.50714403	0.6769938	2606	4
2608	0.47793	0.78793	87.662	0.13954468	0.0055999716	-0.52741618	0.60082373	0.6007021	2550	4
2609	0.40433187	0.87177176	87.745825	0.10084757	0.0038513908	-0.51952594	0.75606021	0.39807757	2608	4
2610	0.35193895	0.94801859	87.78597	0.10284952	0.0029851665	-0.32165709	0.80209041	0.5031776	2609	4
2611	0.31885667	1.0305132	87.837722	0.11413979	0.0025149474	0.32480635	0.27524841	0.90484206	2610	4
2612	0.35593	1.06193	87.941	0.1219472	0.0023351843	0.79356306	0.57158294	0.20868783	2611	4
2613	0.45270279	1.1316329	87.966449	0.049916402	0.0022148551	0.78399871	0.59565979	0.17474392	2612	4
2614	0.35593	1.06193	87.941	0.12536405	0.0018397131	0.20569196	0.28827232	0.93519511	2611	5
2615	0.21693	0.56693	87.389	0.049183331	0.0061267234	0.2643172	-0.91494414	0.30498138	2484	4
2616	0.22993	0.52193	87.404	0.033977284	0.0036600882	0.39628499	-0.60444796	0.69108673	2615	4
2617	0.22993	0.52193	87.404	0.029075166	0.0028690434	-0.73742056	-0.53602446	0.41096069	2615	5
2618	0.22993	0.52193	87.404	0.026950091	0.0028390278	-0.76302211	-0.058890686	0.64368404	2615	5
2619	0.21693	0.56693	87.389	0.052507142	0.0059702785	-0.53326079	0.72371107	0.43803565	2484	4
2620	0.18893	0.60493	87.412	0.019804328	0.0026104821	0.40220059	0.83435045	0.37695359	2619	5
2621	0.18893	0.60493	87.412	0.019316405	0.0032922205	-0.18104753	0.00042062691	0.98347426	2619	4
2622	0.33593	0.76793	86.723	0.13274719	0.0086591202	-0.52973718	-0.74143605	0.41188724	2477	4
2623	0.26560888	0.66950645	86.777677	0.066304948	0.0079683672	-0.53810279	-0.7175399	0.44224641	2622	4
2624	0.22993	0.62193	86.807	0.057728873	0.0042915911	0.17122572	-0.90819751	0.38191495	2623	5
2625	0.22993	0.62193	86.807	0.11540308	0.0074906462	-0.40782267	-0.58856112	0.69805192	2623	4
2626	0.18286601	0.55400823	86.887557	0.11487638	0.0069957059	-0.34893148	-0.56535137	0.74741197	2625	4
2627	0.14278202	0.48906271	86.973417	0.11437703	0.0065007658	-0.26099666	-0.55197024	0.79196565	2626	4
2628	0.11293	0.42593	87.064	0.1491784	0.0061003442	0.20750192	-0.48245853	0.85098573	2627	4
2629	0.1438848	0.35395761	87.190949	0.10115263	0.0058454244	0.27725622	-0.46491731	0.84082155	2628	4
2630	0.17193	0.30693	87.276	0.052201533	0.0036254381	0.57469577	0.44060009	0.68963493	2629	5
2631	0.17193	0.30693	87.276	0.10369687	0.0056280924	0.084461927	-0.54695159	0.83289263	2629	4
2632	0.18068844	0.25021283	87.362368	0.10659224	0.0053962779	0.32689118	-0.39776528	0.85727763	2631	4
2633	0.2155325	0.20781414	87.453747	0.056883457	0.0052210592	0.48164267	-0.27924007	0.83068967	2632	4
2634	0.24293	0.19193	87.501	0.10752426	0.0050528003	0.43125305	-0.034051363	0.90158822	2633	4
2635	0.28930017	0.18826865	87.597943	0.10555273	0.0048850366	-0.033453734	0.29413396	0.95517855	2634	4
2636	0.28576903	0.21931529	87.698764	0.1117207	0.0047684908	-0.23189884	0.3444127	0.90972678	2635	4
2637	0.25986113	0.25779332	87.8004	0.10324218	0.0046237217	-0.5144237	0.31974539	0.79569538	2636	4
2638	0.20675091	0.29080453	87.882549	0.10126012	0.0044225055	-0.78295384	0.27170432	0.55960705	2637	4
2639	0.12746891	0.31831734	87.939215	0.051847689	0.0042504256	-0.85903359	0.26255088	0.43946367	2638	4
2640	0.08293	0.33193	87.962	0.11761307	0.0040525183	-0.67614097	0.72863193	0.10921945	2639	4
2641	0.0034069824	0.41762664	87.974846	0.1031406	0.0038467373	-0.719804	0.566249	0.40155233	2640	4
2642	-0.070834033	0.4760299	88.016262	0.10081151	0.00370318	-0.79965605	0.32742224	0.50333377	2641	4
2643	-0.15144856	0.50903783	88.067004	0.12076512	0.0034939795	-0.74052004	0.36734319	0.56275132	2642	4
2644	-0.24087756	0.55340008	88.134965	0.1307214	0.0032506666	-0.62055263	0.44454153	0.64598549	2643	4
2645	-0.32199707	0.61151117	88.219409	0.052926658	0.0031082897	-0.68156447	0.32911256	0.6535708	2644	4
2646	-0.35807	0.62893	88.254	0.021784692	0.0022862846	0.52619016	0.57206078	0.62918231	2645	5
2647	-0.35807	0.62893	88.254	0.11636446	0.0029359719	-0.59450932	0.54453383	0.59164311	2645	4
2648	-0.42724976	0.69229438	88.322846	0.11839715	0.0026805578	-0.39303159	0.43866158	0.80814738	2647	4
2649	-0.47378357	0.74423066	88.418529	0.086862037	0.0024923724	-0.32564774	0.42250144	0.84584046	2648	4
2650	-0.50207	0.78093	88.492	0.05585696	0.0023696582	-0.35805744	0.78772636	0.50128041	2649	4
2651	-0.52207	0.82493	88.52	0.12300461	0.0022594718	-0.42475115	0.28979773	0.85767344	2650	4
2652	-0.57431635	0.86057646	88.625498	0.060649748	0.0021655411	-0.47409352	0.28612724	0.83268634	2651	4
2653	-0.52207	0.82493	88.52	0.057335567	0.0018105402	-0.81822762	0.49111811	-0.29884203	2650	5
2654	-0.50207	0.78093	88.492	0.031281221	0.0018455442	-0.71888553	-0.56274652	0.40806856	2649	5
2655	-0.35807	0.62893	88.254	0.055935524	0.0022236937	-0.89288629	-0.41952879	0.16355326	2645	5
2656	0.08293	0.33193	87.962	0.12869675	0.0030426779	-0.84261795	0.47345107	0.25659127	2639	5
2657	-0.025512188	0.39286161	87.995022	0.06366024	0.0024840181	-0.8570155	0.44090925	0.26668984	2656	5
2658	-0.08007	0.42093	88.012	0.10149478	0.0020303326	-0.78005467	-0.31043748	0.54327091	2657	5
2659	-0.08007	0.42093	88.012	0.055361693	0.0018191836	-0.99325945	0.10904461	-0.039305615	2657	6
2660	0.24293	0.19193	87.501	0.10571546	0.0036542477	-0.58091096	-0.27986313	0.76434225	2633	5
2661	0.18151873	0.16234414	87.581803	0.1115693	0.002985266	-0.094907204	-0.5414943	0.8353302	2660	5
2662	0.17093	0.10193	87.675	0.1052791	0.002815451	6.1684993e-05	-0.045047669	0.99898484	2661	5
2663	0.17093649	0.097187422	87.780172	0.12003519	0.0026531298	0.2257494	-0.06915225	0.97172793	2662	5
2664	0.19803437	0.088886719	87.896814	0.026863038	0.0025257476	0.18224427	-0.29619579	0.93757937	2663	5
2665	0.20293	0.08093	87.922	0.10511692	0.0020106258	0.33353356	-0.11830725	0.93528539	2664	6
2666	0.23799002	0.068493906	88.020314	0.094894571	0.0018081065	0.50428312	-0.41798196	0.75563855	2665	6
2667	0.28584375	0.028829688	88.09202	0.082175035	0.0016609789	0.2806186	0.12467171	0.95168806	2666	6
2668	0.30890359	0.03907459	88.170225	0.1276229	0.0015199498	-0.077281361	0.074882938	0.99419321	2667	6
2669	0.20293	0.08093	87.922	0.12214967	0.0024172921	-0.51812805	-0.80095635	0.3000204	2664	5
2670	0.13964083	-0.016906553	87.958647	0.11136256	0.0022538556	-0.35540638	-0.88830532	0.29086073	2669	5
2671	0.10006187	-0.11583051	87.991038	0.10202512	0.002139028	-0.15593375	-0.90363735	0.39890375	2670	5
2672	0.084152705	-0.20802422	88.031737	0.11385517	0.0020207653	0.065947956	-0.82848316	0.55611736	2671	5
2673	0.091661221	-0.30235131	88.095053	0.11260832	0.0018583322	0.43199872	-0.54511732	0.71848745	2672	5
2674	0.17093	0.10193	87.675	0.08244392	0.00222357	-0.097035657	-0.99461549	0.036388371	2661	6
2675	0.16293	0.01993	87.678	0.028692974	0.001471158	0.32353916	-0.38723343	0.86334969	2674	7
2676	0.16293	0.01993	87.678	0.10114922	0.001774846	0.020506329	-0.99644128	-0.0817574	2674	6
2677	0.1650042	-0.080859258	87.66973	0.080249773	0.0014904899	0.023036596	-0.95933585	-0.28132551	2676	6
2678	0.11293	0.42593	87.064	0.10682719	0.0049504465	-0.35200358	-0.90517124	0.23824043	2627	5
2679	0.075326445	0.3292331	87.089451	0.10620181	0.0046651208	-0.41617526	-0.90340912	0.10319938	2678	5
2680	0.031127881	0.23328941	87.100411	0.10442036	0.0043797952	-0.54776558	-0.83661281	0.0056452822	2679	5
2681	-0.02607	0.14593	87.101	0.12081048	0.003179455	0.23171253	-0.96226829	-0.14265007	2680	6
2682	0.0019233008	0.02967791	87.083766	0.11527683	0.0021780895	0.34202771	-0.93435997	0.099942498	2681	6
2683	0.041351172	-0.078032148	87.095287	0.099682245	0.0015341016	0.14295111	-0.97346374	0.17869898	2682	6
2684	0.055600859	-0.1750692	87.113101	0.028037762	0.0014585762	-0.019229437	-0.97356041	-0.22761887	2683	6
2685	-0.02607	0.14593	87.101	0.11639892	0.0025542114	-0.48862246	-0.48977337	0.72205965	2680	6
2686	-0.02607	0.14593	87.101	0.11253324	0.0040970993	-0.94043555	-0.3120078	-0.13502633	2680	5
2687	-0.13190026	0.11081875	87.085805	0.11309688	0.0038170333	-0.97649458	-0.15410875	-0.15069449	2686	5
2688	-0.24233875	0.093389531	87.068762	0.13895551	0.0034676158	-0.99853587	0.052452926	0.013221759	2687	5
2689	-0.38109081	0.10067815	87.070599	0.037015672	0.0031888799	-0.91796764	0.24994401	0.30799903	2688	5
2690	-0.41507	0.10993	87.082	0.075193085	0.0030714444	-0.17288824	-0.558562	0.81124481	2689	5
2691	-0.42807	0.06793	87.143	0.1106106	0.0029601975	-0.11871001	-0.67801515	0.72539878	2690	5
2692	-0.44120059	-0.0070656641	87.223237	0.10694348	0.0028232786	-0.03618186	-0.5423831	0.8393518	2691	5
2693	-0.44507	-0.06507	87.313	0.099275815	0.0020206455	0.51413451	0.26331165	0.81629203	2692	6
2694	-0.44507	-0.06507	87.313	0.10780782	0.0019562152	0.17987991	-0.78432454	0.59369878	2692	6
2695	-0.44507	-0.06507	87.313	0.11994596	0.0026503864	-0.54504819	0.4827493	0.68547471	2692	5
2696	-0.51044633	-0.0071661719	87.39522	0.027641701	0.0025251865	-0.67375275	0.18436535	0.71558832	2695	5
2697	-0.52907	-0.00207	87.415	0.03324154	0.0024733244	-0.9325681	0.3609941	0	2696	5
2698	-0.56007	0.00993	87.415	0.043289722	0.0024224236	-0.76230566	-0.023100172	0.64680481	2697	5
2699	-0.59307	0.00893	87.443	0.10949886	0.0023150968	0.13698773	0.31050552	0.94064908	2698	5
2700	-0.57807	0.04293	87.546	0.10434191	0.0021944815	-0.61997525	-0.047534623	0.78318015	2699	5
2701	-0.6427594	0.037970146	87.627719	0.1041879	0.0021176995	-0.61340429	-0.064709746	0.7871136	2700	5
2702	-0.70666871	0.031228174	87.709726	0.14515823	0.0019358106	-0.30711556	-0.50932601	0.80390736	2701	5
2703	-0.75124906	-0.042704688	87.82642	0.058445097	0.0017663829	-0.20225713	-0.69065352	0.69432684	2702	5
2704	-0.57807	0.04293	87.546	0.10504341	0.0017768646	-0.64535103	-0.28672726	0.70803215	2699	6
2705	-0.64585987	0.012811191	87.620374	0.052289448	0.0015988358	-0.67353157	-0.29417514	0.6780975	2704	6
2706	-0.59307	0.00893	87.443	0.05009563	0.0018190965	0.072413065	-0.98114689	0.17918463	2698	6
2707	-0.59307	0.00893	87.443	0.034887367	0.0017936965	-0.59404338	0.79386108	-0.12998863	2698	6
2708	-0.56007	0.00993	87.415	0.041719538	0.0018255678	-0.54160775	0.63272214	-0.55346521	2697	6
2709	-0.52907	-0.00207	87.415	0.020091803	0.0018454378	-0.74907725	-0.30094674	-0.59018161	2696	6
2710	-0.42807	0.06793	87.143	0.11177935	0.0022077098	-0.47673223	0.75724415	0.44643888	2690	6
2711	-0.48135882	0.15257426	87.192903	0.055859109	0.0016693463	-0.4423841	0.77616244	0.44929742	2710	6
2712	-0.41507	0.10993	87.082	0.057373181	0.0021138647	-0.73910125	-0.65021533	-0.17592435	2689	6
2713	0.28093	1.06793	85.658	0.10258589	0.02690643	-0.35250386	-0.59875263	0.71919143	2378	2
2714	0.24476808	1.0065064	85.731779	0.10278097	0.026669103	-0.36491329	-0.61463186	0.69933251	2713	2
2715	0.20726193	0.94333396	85.803657	0.10215251	0.026431776	-0.3468266	-0.59849659	0.72215867	2714	2
2716	0.17183272	0.88219604	85.877427	0.10146189	0.02619445	-0.3045747	-0.55455339	0.77440609	2715	2
2717	0.14093	0.82593	85.956	0.033970576	0.012017964	0.26493516	-0.9419917	0.20606068	2716	3
2718	0.14993	0.79393	85.963	0.01585038	0.0054069865	-0.66187293	-0.1897628	0.72519949	2717	4
2719	0.14993	0.79393	85.963	0.10447461	0.0062154707	0.093484232	-0.97873513	-0.18258763	2717	3
2720	0.15969673	0.69167703	85.943924	0.1273226	0.0033238867	0.7822562	-0.52048857	-0.34229649	2719	3
2721	0.25929563	0.62540707	85.900342	0.10181299	0.0030317624	0.60831525	-0.65878827	-0.44266304	2720	3
2722	0.32123002	0.55833387	85.855273	0.041703748	0.0028422277	0.4963578	-0.82495864	-0.27031865	2721	3
2723	0.14093	0.82593	85.956	0.10752699	0.025749561	0.066308205	-0.1995698	0.97763752	2716	2
2724	0.14805992	0.80447086	86.061122	0.10721315	0.025097111	0.036097048	-0.070335212	0.99687008	2723	2
2725	0.15193	0.79693	86.168	0.1073236	0.01396624	-0.21180522	-0.64786805	0.73171411	2724	3
2726	0.1291983	0.72739847	86.24653	0.10736574	0.013260212	-0.24063601	-0.70831857	0.66361066	2725	3
2727	0.10336224	0.65134932	86.317779	0.10547024	0.012554183	-0.23979281	-0.80286085	0.54581486	2726	3
2728	0.07807123	0.56667139	86.375346	0.14122133	0.011504651	-0.13560654	-0.97172569	0.1932875	2727	3
2729	0.058920693	0.42944299	86.402643	0.15142339	0.0097776247	0.10572545	-0.89492769	-0.43350496	2728	3
2730	0.07493	0.29393	86.337	0.12440771	0.008594826	0.31256533	-0.82078752	-0.47813258	2729	3
2731	0.11381554	0.19181771	86.277517	0.11165941	0.0082914759	-0.053166877	-0.66624279	-0.74383724	2730	3
2732	0.10787896	0.11742543	86.19446	0.10427524	0.0079905835	-0.54191157	-0.56190738	-0.62497356	2731	3
2733	0.051370996	0.058832402	86.129291	0.10115066	0.0077282088	-0.70782449	-0.70444955	0.052300349	2732	3
2734	-0.020225918	-0.012423135	86.134581	0.11093334	0.0075031231	-0.62206018	-0.64265875	0.44724809	2733	3
2735	-0.089233135	-0.08371542	86.184196	0.13337093	0.0071256849	-0.7560633	-0.43003809	0.49339186	2734	3
2736	-0.19007	-0.14107	86.25	0.052820451	0.0049269985	0.47330153	-0.77621451	0.41650535	2735	4
2737	-0.16507	-0.18207	86.272	0.036496575	0.0045188092	0.21919865	-0.76719527	-0.60279629	2736	4
2738	-0.15707	-0.21007	86.25	0.037696154	0.0028686812	0.63666973	-0.68972554	-0.34486277	2737	5
2739	-0.15707	-0.21007	86.25	0.1072227	0.004229165	-0.53258996	-0.63981039	-0.55406732	2737	4
2740	-0.21417573	-0.2786722	86.190591	0.11612919	0.0040212457	-0.17691773	-0.77663086	-0.60460287	2739	4
2741	-0.23472104	-0.36886171	86.120379	0.13067139	0.003829012	-0.29331994	-0.52444703	-0.79932391	2740	4
2742	-0.27304957	-0.43739193	86.015931	0.13480137	0.0036300221	-0.15963273	-0.38139362	-0.91052529	2741	4
2743	-0.29456828	-0.48880432	85.893191	0.13083051	0.0033610248	-0.15758827	-0.81968999	-0.55070342	2742	4
2744	-0.31518563	-0.59604478	85.821142	0.13357943	0.0031377163	-0.062248264	-0.99804488	0.0056179997	2743	4
2745	-0.32350072	-0.72936305	85.821892	0.10192256	0.0029066482	-0.2230207	-0.94513298	-0.23871621	2744	4
2746	-0.34623156	-0.82569342	85.797562	0.023165186	0.0027334316	-0.079362085	-0.83645267	-0.54226247	2745	4
2747	-0.34807	-0.84507	85.785	0.10735053	0.0019913463	0.38316757	-0.72984399	-0.56613635	2746	5
2748	-0.34807	-0.84507	85.785	0.13303739	0.0026488152	-0.23807562	-0.91013137	-0.33908832	2746	4
2749	-0.37974296	-0.9661515	85.739889	0.087791558	0.0024536509	-0.23153754	-0.96727405	0.10378476	2748	4
2750	-0.40007	-1.05107	85.749	0.10604716	0.0022690186	-0.58464555	-0.76381112	-0.27346324	2749	4
2751	-0.46207	-1.13207	85.72	0.046487286	0.0021732676	-0.042995627	-0.59439639	0.80302198	2750	4
2752	-0.16507	-0.18207	86.272	0.037144758	0.0030417394	-0.11135777	-0.84223721	0.52748074	2736	5
2753	-0.19007	-0.14107	86.25	0.045638868	0.0040374314	-0.86174877	0.22181379	0.45627591	2735	4
2754	-0.19007	-0.14107	86.25	0.06794851	0.0067815587	-0.30905755	-0.88302157	0.35320863	2735	3
2755	-0.21107	-0.20107	86.274	0.036331804	0.0066435806	-0.27524094	-0.88077101	0.38533732	2754	3
2756	-0.22107	-0.23307	86.288	0.11748191	0.003735871	-0.13619118	-0.2979182	0.94482629	2755	4
2757	-0.22107	-0.23307	86.288	0.14249443	0.0064783686	-0.29255585	-0.87433265	0.38723828	2755	3
2758	-0.26275758	-0.35765753	86.343179	0.13559528	0.0062025201	-0.37094564	-0.84890631	0.37650684	2757	3
2759	-0.31305605	-0.47276521	86.394232	0.10587074	0.0059531027	-0.14985928	-0.97100509	0.18625602	2758	3
2760	-0.32892177	-0.57556624	86.413951	0.10515504	0.0057930357	-0.17229201	-0.97885553	-0.11026019	2759	3
2761	-0.34703914	-0.67849783	86.402356	0.10565473	0.0055884667	-0.29803427	-0.8102527	-0.50464457	2760	3
2762	-0.37852787	-0.76410486	86.349038	0.11132107	0.0053393964	-0.28702583	-0.64135566	-0.71153292	2761	3
2763	-0.41047989	-0.83550126	86.26983	0.10475426	0.0050730261	-0.12067733	-0.667919	-0.73438491	2762	3
2764	-0.42312136	-0.90546862	86.1929	0.12078501	0.0046993698	-0.023766643	-0.98053623	-0.19489448	2763	3
2765	-0.42599201	-1.0239027	86.16936	0.048129596	0.0043948626	-0.10550656	-0.87611986	0.47040658	2764	3
2766	-0.43107	-1.06607	86.192	0.117	0.004197582	0.33333333	-0.87179487	0.35897436	2765	3
2767	-0.39207	-1.16807	86.234	0.029495762	0.0029184213	0.74586985	-0.64416033	0.16951588	2766	4
2768	-0.37007	-1.18707	86.239	0.019013787	0.0020613182	-0.30517433	-0.84849102	-0.43235589	2767	5
2769	-0.37007	-1.18707	86.239	0.10353353	0.0026164243	0.36265369	-0.93108216	0.03960183	2767	4
2770	-0.33252318	-1.2834682	86.2431	0.11144697	0.0023463552	-0.20510088	-0.97732144	-0.052691821	2769	4
2771	-0.35538105	-1.3923877	86.237228	0.071931196	0.0021915134	0.24066129	-0.82971323	-0.50364481	2770	4
2772	-0.39207	-1.16807	86.234	0.093455872	0.0039255551	-0.60991352	-0.79181755	-0.032100712	2766	3
2773	-0.44907	-1.24207	86.231	0.035071356	0.0037332995	-0.057026595	-0.99796541	-0.028513297	2772	3
2774	-0.45107	-1.27707	86.23	0.02443836	0.002513355	0.5095345	-0.86019991	-0.020753745	2773	4
2775	-0.45107	-1.27707	86.23	0.085732141	0.0035936342	-0.72318269	-0.68818998	-0.058321184	2773	3
2776	-0.51307	-1.33607	86.225	0.10389169	0.0034281674	-0.30543679	-0.84100508	-0.44656334	2775	3
2777	-0.54480234	-1.4234434	86.178606	0.10402639	0.0032869176	-0.28134837	-0.83273638	-0.47685765	2776	3
2778	-0.57407	-1.51007	86.129	0.1261776	0.0030042116	-0.59416624	-0.23681255	-0.76869129	2777	3
2779	-0.51307	-1.33607	86.225	0.044223944	0.0023724412	-0.75724673	-0.57784025	-0.30443067	2775	4
2780	-0.51307	-1.33607	86.225	0.072917762	0.0023667315	-0.86398702	-0.24685344	0.43885055	2775	4
2781	-0.44907	-1.24207	86.231	0.028824804	0.0025836241	-0.53574736	-0.50567614	-0.67621476	2772	4
2782	-0.43107	-1.06607	86.192	0.061025367	0.0029388692	-0.6949569	-0.68162741	0.22895192	2765	4
2783	-0.22107	-0.23307	86.288	0.11315476	0.0041914949	-0.70699632	-0.70699632	-0.017674908	2755	4
2784	-0.30107	-0.31307	86.286	0.041777299	0.00230701	-0.30742997	-0.37083817	0.87633661	2783	5
2785	-0.30107	-0.31307	86.286	0.028183844	0.0030889321	-0.80782236	-0.13765228	-0.57312728	2783	4
2786	-0.30107	-0.31307	86.286	0.032714402	0.0023481691	-0.68366774	0.35413612	0.6381113	2783	5
2787	-0.30107	-0.31307	86.286	0.050950089	0.0023100021	-0.50099275	-0.77523939	0.38472087	2783	5
2788	-0.21107	-0.20107	86.274	0.11198987	0.0044444803	-0.88892959	0.25267168	0.3820487	2754	4
2789	-0.31062111	-0.17277333	86.316786	0.093461219	0.0032919691	-0.86431394	0.38913648	0.31864434	2788	4
2790	0.07493	0.29393	86.337	0.11333578	0.0051983874	-0.40587358	-0.88233386	-0.23823014	2729	4
2791	0.02893	0.19393	86.31	0.017207052	0.0026409837	-0.5190096	-0.12135286	-0.84611023	2790	5
2792	0.02893	0.19393	86.31	0.056914666	0.0033262538	-0.43222242	-0.29109266	0.85349215	2790	4
2793	0.15193	0.79693	86.168	0.10815734	0.024594284	-0.50663132	0.23627461	0.8291556	2724	2
2794	0.097134102	0.82248483	86.257679	0.10912335	0.024241081	-0.56017251	0.25995659	0.78652993	2793	2
2795	0.036006201	0.85085217	86.343508	0.10811616	0.023887879	-0.55948132	0.20518548	0.80304394	2794	2
2796	-0.024482773	0.87303604	86.43033	0.053618524	0.023622977	-0.53315952	0.14722458	0.83310614	2795	2
2797	-0.05307	0.88093	86.475	0.11488128	0.023284385	-0.31340267	-0.24110326	0.91850312	2796	2
2798	-0.089074102	0.85323175	86.580519	0.11573032	0.022783802	-0.21526051	-0.32574222	0.92062746	2797	2
2799	-0.11398627	0.8155335	86.687063	0.1164146	0.022283218	-0.11238908	-0.35737352	0.92717467	2798	2
2800	-0.12707	0.77393	86.795	0.11541484	0.021546998	0.52930377	-0.067599556	0.84573507	2799	2
2801	-0.065980488	0.76612801	86.89261	0.10734553	0.020899557	0.31523694	0.11705974	0.94176573	2800	2
2802	-0.032141211	0.77869385	86.993705	0.10651303	0.020576533	0.12363391	0.28523817	0.95044928	2801	2
2803	-0.018972588	0.80907543	87.09494	0.10631721	0.020263105	0.085643162	0.40344986	0.91098489	2802	2
2804	-0.0098672461	0.85196909	87.191793	0.10603493	0.019968872	0.088705474	0.4703879	0.87799007	2803	2
2805	-0.00046136719	0.90184664	87.284891	0.10599409	0.019684236	0.087322821	0.49811462	0.86270305	2804	2
2806	0.0087943359	0.95464385	87.376332	0.10604214	0.019399598	0.08511504	0.51315057	0.85406787	2805	2
2807	0.017820117	1.0090594	87.4669	0.10608951	0.019114961	0.08481258	0.52221787	0.8485843	2806	2
2808	0.026817842	1.0644613	87.556925	0.10611208	0.018830325	0.086586105	0.5256991	0.8462525	2807	2
2809	0.036005674	1.1202443	87.646723	0.10609996	0.018545688	0.090386738	0.52367213	0.84711141	2808	2
2810	0.045595703	1.1758059	87.736602	0.1060704	0.018261051	0.095466613	0.51749691	0.85034291	2809	2
2811	0.055721885	1.230697	87.826798	0.053028326	0.018047574	0.098213835	0.51355587	0.85241681	2810	2
2812	0.06093	1.25793	87.872	0.095399161	0.0079058316	0.96436906	-0.22012772	0.14675181	2811	3
2813	0.15293	1.23693	87.886	0.020872757	0.0044814675	0.84028491	0.53507621	-0.087262371	2812	3
2814	0.15293	1.23693	87.886	0.015984497	0.0031944947	0.19387926	0.96288611	0.1877796	2812	4
2815	0.06093	1.25793	87.872	0.060860496	0.01705813	0.29575835	0.42720651	0.85441301	2811	2
2816	0.07893	1.28393	87.924	0.10369143	0.016018628	0.17118974	0.5624866	0.80888992	2815	2
2817	0.096680908	1.342255	88.007875	0.10333975	0.015776194	0.154719	0.56682322	0.80918074	2816	2
2818	0.11266953	1.4008304	88.091495	0.14023415	0.015473151	0.030632918	0.53712223	0.842948	2817	2
2819	0.11696531	1.4761533	88.209706	0.074428267	0.014861663	-0.32293258	0.38663683	0.86384403	2818	2
2820	0.09293	1.50493	88.274	0.11852355	0.0071139906	0.10309025	0.79318721	0.60018867	2819	3
2821	0.10514862	1.5989414	88.345136	0.11403791	0.0050050067	-0.049167019	0.83421123	0.54924878	2820	3
2822	0.099541719	1.6940731	88.407772	0.11226785	0.0035927996	-0.22734457	0.83904537	0.49428464	2821	3
2823	0.09293	1.50493	88.274	0.032310989	0.014331833	-0.86657824	-0.061898446	0.49518757	2819	2
2824	0.06493	1.50293	88.29	0.10638623	0.0075483142	-0.55501358	0.66917585	-0.49412914	2823	3
2825	0.0058841992	1.5741211	88.237431	0.10602292	0.0061912059	-0.54576171	0.69193016	-0.47262756	2824	3
2826	-0.051979053	1.6474816	88.187322	0.052844964	0.0051733746	-0.55049611	0.70864742	-0.44133079	2825	3
2827	-0.08107	1.68493	88.164	0.069763122	0.0029245555	-0.61256005	0.67670989	-0.40845307	2826	4
2828	-0.08107	1.68493	88.164	0.067927405	0.0040119036	-0.56872512	0.79741178	0.20170819	2826	3
2829	0.06493	1.50293	88.29	0.11974228	0.014090542	-0.99547005	0.092796626	0.020692389	2823	2
2830	-0.054269854	1.5140417	88.292478	0.11663031	0.013761025	-0.9764303	0.08401597	0.19880944	2829	2
2831	-0.16815122	1.5238405	88.315665	0.11478025	0.013336962	-0.88604873	0.23333717	0.40058883	2830	2
2832	-0.26985212	1.550623	88.361645	0.11550893	0.01289289	-0.70381692	0.5034319	0.50119663	2831	2
2833	-0.35114926	1.6087739	88.419537	0.1020799	0.012476083	-0.38653582	0.49236075	0.77985316	2832	2
2834	-0.3906068	1.659034	88.499145	0.10750793	0.011897192	0.15381932	0.082747345	0.9846281	2833	2
2835	-0.37407	1.66793	88.605	0.11926744	0.011324908	0.43891289	0.86820126	0.23147795	2834	2
2836	-0.32172198	1.7714781	88.632608	0.060450008	0.011022213	0.39126517	0.900775	0.18845683	2835	2
2837	-0.29807	1.82593	88.644	0.055472616	0.0048084804	0.51094696	0.25749085	0.82014125	2836	3
2838	-0.29807	1.82593	88.644	0.095963535	0.010654597	-0.39598375	0.81280874	0.42724562	2836	2
2839	-0.33607	1.90393	88.685	0.1049964	0.010136038	-0.48110225	0.81707434	-0.31769505	2838	2
2840	-0.386584	1.9897199	88.651643	0.10294352	0.009658039	0.024421197	0.96373369	0.26574608	2839	2
2841	-0.38407	2.08893	88.679	0.063106773	0.0047772458	0.44532846	0.81654812	-0.36733054	2840	3
2842	-0.38407	2.08893	88.679	0.08336666	0.0092575592	-0.65973616	0.74370258	-0.10795683	2840	2
2843	-0.43907	2.15093	88.67	0.14406249	0.0088667633	-0.020824297	0.81214758	0.58308032	2842	2
2844	-0.44207	2.26793	88.754	0.11206744	0.0084533682	0.054888042	0.73937537	0.67105243	2843	2
2845	-0.43591884	2.3507899	88.829203	0.055897492	0.0081579865	0.033075507	0.73599184	0.67618195	2844	2
2846	-0.43407	2.39193	88.867	0.039522146	0.0039107261	0.60725448	0.48074313	0.63255675	2845	3
2847	-0.43407	2.39193	88.867	0.044654227	0.007859365	-0.89577186	0.33591445	0.29112585	2845	2
2848	-0.47407	2.40693	88.88	0.071414284	0.0037400422	-0.64412884	0.70014004	-0.30806162	2847	3
2849	-0.47407	2.40693	88.88	0.10358208	0.0074708384	-0.78354681	0.078364788	0.61637111	2847	2
2850	-0.55523141	2.4150472	88.943845	0.030504995	0.0072149844	-0.94537283	0.12728448	0.30011478	2849	2
2851	-0.58407	2.41893	88.953	0.031326351	0.0035980268	-0.13543909	0.89186098	0.43155561	2850	3
2852	-0.58407	2.41893	88.953	0.040024992	0.0070541119	-0.79950047	-0.42473462	-0.42473462	2850	2
2853	-0.61607	2.40193	88.936	0.10836511	0.0068313988	-0.81445283	0.0082588455	-0.58017099	2852	2
2854	-0.70432827	2.402825	88.87313	0.12423302	0.006393847	-0.85560799	0.21172017	-0.47234471	2853	2
2855	-0.81062304	2.4291276	88.814449	0.10238945	0.0058295851	-0.95702598	-0.080961461	0.27847174	2854	2
2856	-0.9086124	2.420838	88.842961	0.12685609	0.0053561534	-0.76037026	0.58406335	0.28408991	2855	2
2857	-1.00507	2.49493	88.879	0.058981683	0.0050247952	-0.99178036	-0.11317603	-0.059690141	2856	2
2858	-0.61607	2.40193	88.936	0.043591657	0.0035441753	-0.81367034	0.42006811	0.40184994	2852	3
2859	-0.44207	2.26793	88.754	0.018560284	0.0043942019	0.26496429	0.83777676	-0.47741389	2843	3
2860	-0.43907	2.15093	88.67	0.074033805	0.0040444154	-0.30574887	0.76520839	-0.56654545	2842	3
2861	-0.43907	2.15093	88.67	0.061960185	0.004088681	-0.97201313	-0.18332369	0.14691122	2842	3
2862	-0.33607	1.90393	88.685	0.10865465	0.0056656748	-0.62451562	0.63242126	0.4582833	2838	3
2863	-0.40392652	1.9726455	88.734795	0.10765295	0.0049872248	-0.58654662	0.6621694	0.46636333	2862	3
2864	-0.46707	2.04393	88.785	0.10949886	0.0039419631	0.55708343	0.82192638	0.1187227	2863	3
2865	-0.40607	2.13393	88.798	0.10515371	0.003136924	-0.46870802	0.84627639	0.25323717	2864	3
2866	-0.45535639	2.2229191	88.824629	0.1214189	0.0029283212	-0.23529418	0.59164686	0.77109704	2865	3
2867	-0.46707	2.04393	88.785	0.045210902	0.0029782631	-0.49810995	0.81804799	0.28754818	2863	4
2868	-0.46707	2.04393	88.785	0.038959911	0.0029968634	-0.33116573	-0.33439622	0.88233125	2863	4
2869	-0.37407	1.66793	88.605	0.12233841	0.005330762	-0.13373317	0.049319841	0.98978937	2834	3
2870	-0.3904307	1.6739637	88.726089	0.10201019	0.0035166851	-0.1377435	0.43544364	0.8896154	2869	3
2871	-0.40448194	1.7183834	88.816839	0.11097108	0.002935496	0.19295066	0.53659568	0.82148348	2870	3
2872	0.07893	1.28393	87.924	0.11835863	0.0072119823	-0.26039	0.48185781	0.83666606	2815	3
2873	0.048110596	1.340962	88.023027	0.051221532	0.0041078067	-0.38205578	0.10962206	0.91761451	2872	3
2874	-0.12707	0.77393	86.795	0.13852437	0.010704536	-0.38982312	-0.91680622	-0.086627359	2799	3
2875	-0.18107	0.64693	86.783	0.022063469	0.0053623144	-0.25282176	-0.92867025	0.27139034	2874	4
2876	-0.18107	0.64693	86.783	0.080286985	0.0068715582	-0.47330212	-0.61031062	-0.63522126	2874	3
2877	-0.21907	0.59793	86.732	0.069845339	0.0029518425	-0.070563831	-0.48325523	-0.87263116	2876	4
2878	-0.21907	0.59793	86.732	0.091809586	0.0049202521	-0.56638966	-0.81690816	0.10892109	2876	3
2879	-0.27107	0.52293	86.742	0.036851052	0.0029878366	-0.29849894	-0.9226331	0.24422641	2878	4
2880	-0.27107	0.52293	86.742	0.10032946	0.0046893979	-0.78740583	-0.56812826	0.2392119	2878	3
2881	-0.35007	0.46593	86.766	0.014584532	0.0030563459	-0.42397498	-0.55657479	0.71447164	2880	4
2882	-0.35007	0.46593	86.766	0.071281134	0.0045155209	-0.77159267	0.47698456	0.42086873	2880	3
2883	-0.40507	0.49993	86.796	0.14407668	0.0042829158	-0.87786602	0.25359333	0.4062532	2882	3
2884	-0.53155002	0.53646688	86.854532	0.1202138	0.0040654051	-0.96927288	0.020489454	0.24513315	2883	3
2885	-0.64807	0.53893	86.884	0.035244356	0.0026252059	-0.92331272	-0.046363806	-0.38124011	2884	4
2886	-0.64807	0.53893	86.884	0.13972115	0.0037792682	-0.53678344	-0.4580552	0.70855414	2884	3
2887	-0.72307	0.47493	86.983	0.017906626	0.0023855075	-0.5649794	0.44149159	0.69705341	2886	4
2888	-0.72307	0.47493	86.983	0.08584288	0.0034516531	-0.55916111	-0.78049572	0.27958056	2886	3
2889	-0.77107	0.40793	87.007	0.097165651	0.0032127828	-0.76459321	-0.5804649	-0.28010306	2888	3
2890	-0.8453622	0.35152875	86.979784	0.1286167	0.0029655683	-0.74994668	-0.62091731	-0.22812644	2889	3
2891	-0.77107	0.40793	87.007	0.033763886	0.002343439	-0.82928843	0.4738791	0.29617444	2888	4
2892	-0.40507	0.49993	86.796	0.035125903	0.002986907	-0.58345475	0.77252463	-0.25057185	2882	4
2893	-0.05307	0.88093	86.475	0.092435874	0.0089823216	-0.84462904	-0.44610656	0.29595729	2796	3
2894	0.27193	1.05993	85.617	0.12331727	0.016117919	-0.164808	0.40076125	0.90123734	2377	3
2895	0.25160633	1.1093508	85.728138	0.12197485	0.014799741	-0.18590986	0.57863746	0.79411348	2894	3
2896	0.22893	1.17993	85.825	0.10965711	0.013906433	-0.18557332	0.90476117	0.38336636	2895	3
2897	0.20858057	1.2791435	85.867039	0.11006734	0.013437997	-0.180475	0.93519308	0.30470097	2896	3
2898	0.18871616	1.3820777	85.900576	0.11070759	0.012969561	-0.193683	0.95576538	0.22135814	2897	3
2899	0.16727398	1.4878882	85.925083	0.11074781	0.012501125	-0.22937424	0.95869248	0.16821473	2898	3
2900	0.14187129	1.5940613	85.943712	0.055300565	0.012149797	-0.2521003	0.95602479	0.14987344	2899	3
2901	0.12793	1.64693	85.952	0.093909531	0.0080412491	-0.18102529	0.92642354	0.33010494	2900	4
2902	0.11093	1.73393	85.983	0.10395977	0.0050857528	0.026501575	0.26313082	0.9643961	2901	5
2903	0.1136851	1.761285	86.083258	0.10478256	0.0037426825	0.04871155	0.18668169	0.98121207	2902	5
2904	0.11878922	1.780846	86.186072	0.052646937	0.0027353798	0.059657435	0.15355108	0.98633821	2903	5
2905	0.11093	1.73393	85.983	0.096885222	0.006261253	0.23928624	0.96839399	-0.070392976	2901	4
2906	0.1341133	1.8277531	85.97618	0.14460529	0.0053620043	0.39523214	0.69318566	0.60273145	2905	4
2907	0.19126596	1.9279914	86.063338	0.055523953	0.0052396969	0.3001235	0.61124292	0.73233051	2906	4
2908	0.20793	1.96193	86.104	0.13073654	0.0031145009	0.34304858	0.71579638	-0.6082378	2907	5
2909	0.20793	1.96193	86.104	0.11639644	0.0050968983	0.089621393	0.21008825	0.97356609	2907	4
2910	0.21836161	1.9863835	86.21732	0.058419182	0.0049285656	0.061082483	0.14629569	0.98735328	2909	4
2911	0.22193	1.99493	86.275	0.11250778	0.0029965372	0.10665929	0.73772678	0.66662058	2910	5
2912	0.22193	1.99493	86.275	0.088645361	0.0047617574	-0.16921359	-0.5414835	0.82350615	2910	4
2913	0.20693	1.94693	86.348	0.085871998	0.0027944557	0.81516678	-0.29113099	0.50074531	2912	5
2914	0.20693	1.94693	86.348	0.078396428	0.0045810947	-0.11480115	0.21684661	0.96943192	2912	4
2915	0.19793	1.96393	86.424	0.089693924	0.0044409226	0.17838444	0.33447082	0.92536926	2914	4
2916	0.21393	1.99393	86.507	0.068929764	0.0028079162	-0.018482355	0.98028452	0.19672482	2915	5
2917	0.21393	1.99393	86.507	0.11956386	0.0042829079	-0.39922803	0.18975959	0.8969996	2915	4
2918	0.16619676	2.0166184	86.614249	0.12150509	0.0041088044	-0.17269057	0.34961362	0.92084107	2917	4
2919	0.14521397	2.0590982	86.726136	0.062918361	0.0039793611	-0.036300605	0.42645385	0.9037806	2918	4
2920	0.14293	2.08593	86.783	0.1302344	0.0037652114	-0.038392313	0.69106163	0.72177548	2919	4
2921	0.13793	2.17593	86.877	0.021332512	0.0025661722	0.47413875	0.87912413	0.048303252	2920	5
2922	0.13793	2.17593	86.877	0.025803884	0.0025601774	-0.31116924	-0.039868029	0.9495179	2920	5
2923	0.13793	2.17593	86.877	0.12608122	0.0034608121	-0.6668034	0.74181395	-0.071311221	2920	4
2924	0.053858613	2.2694588	86.868009	0.10922751	0.00321583	-0.29853095	0.59211978	0.74851415	2923	4
2925	0.02125082	2.3341346	86.949767	0.10230929	0.0030310662	0.056458133	0.47409733	0.87866046	2924	4
2926	0.027027012	2.3826391	87.039662	0.10465201	0.0028976619	-0.07801675	0.49845417	0.86339842	2925	4
2927	0.018862402	2.4348034	87.130019	0.10413166	0.0027772117	-0.20101861	0.4429645	0.87371275	2926	4
2928	-0.00207	2.48093	87.221	0.11753131	0.0025545869	-0.38181979	-0.29739349	0.87508329	2927	4
2929	-0.046945781	2.445977	87.32385	0.13496888	0.0022622772	0.25463393	0.11066614	0.96068443	2928	4
2930	0.14293	2.08593	86.783	0.036654255	0.0027801542	-0.41513236	0.64520775	0.64138295	2919	5
2931	0.14293	2.08593	86.783	0.030876362	0.0027982388	-0.33790008	-0.38499314	0.85883864	2919	5
2932	0.14293	2.08593	86.783	0.055518316	0.0027770549	-0.98678019	0.15658121	0.041799268	2919	5
2933	0.19793	1.96393	86.424	0.088137379	0.0028260677	-0.55863806	0.086349462	0.82490441	2914	5
2934	0.20693	1.94693	86.348	0.054240206	0.0028359741	-0.35029365	-0.55309524	0.75589683	2912	5
2935	0.12793	1.64693	85.952	0.086359713	0.011688283	-0.68318893	0.33580473	-0.64845051	2900	3
2936	0.06893	1.67593	85.896	0.078434686	0.0065435018	-0.53547738	0.40798276	-0.73946876	2935	4
2937	0.02693	1.70793	85.838	0.12537664	0.0027214158	-0.20725653	-0.36125088	-0.90914385	2936	5
2938	0.02693	1.70793	85.838	0.11737525	0.002744391	-0.65392973	0.34250584	-0.67458555	2936	5
2939	0.02693	1.70793	85.838	0.1114059	0.0035653942	-0.75384632	-0.37227676	-0.54141088	2936	4
2940	0.06893	1.67593	85.896	0.12717178	0.011209238	-0.57962375	0.72723651	0.3676457	2935	3
2941	-0.0047817871	1.768414	85.942754	0.11075195	0.010986444	-0.63856161	0.56952493	0.51757166	2940	3
2942	-0.07550373	1.83149	86.000076	0.10353164	0.010810136	-0.67362531	0.41534121	0.61132693	2941	3
2943	-0.14524526	1.8744909	86.063368	0.10288221	0.010633827	-0.67868618	0.36390238	0.63793427	2942	3
2944	-0.21507	1.91193	86.129	0.11009554	0.0075636079	-0.24355683	0.96515531	0.095683317	2943	4
2945	-0.24188452	2.0181893	86.139534	0.056099721	0.0070593222	-0.21721104	0.97577496	0.026126571	2944	4
2946	-0.25407	2.07293	86.141	0.065992424	0.0041597581	-0.77281598	0.53036391	0.34852486	2945	5
2947	-0.25407	2.07293	86.141	0.13710215	0.0064667274	-0.54703737	0.77314614	-0.32092859	2945	4
2948	-0.32907	2.17893	86.097	0.063356136	0.0059562395	-0.031567582	0.96281124	-0.26832444	2947	4
2949	-0.33107	2.23993	86.08	0.12673747	0.0057833865	0.12044352	0.88493144	0.44987743	2948	4
2950	-0.31580529	2.352084	86.137016	0.11640838	0.0056177604	0.22733544	0.70469709	0.67210163	2949	4
2951	-0.28934154	2.4341166	86.215255	0.11217838	0.0054602378	0.22201439	0.67267203	0.70584839	2950	4
2952	-0.26443633	2.5095759	86.294436	0.11184125	0.0052837716	0.092634963	0.84051691	0.53380716	2951	4
2953	-0.25407592	2.6035803	86.354137	0.11571695	0.0050883619	0.0086929182	0.9104082	0.41361981	2952	4
2954	-0.25307	2.70893	86.402	0.094387499	0.0048535043	0.084756987	0.69924514	0.70983976	2953	4
2955	-0.24507	2.77493	86.469	0.032664966	0.0033430989	0.88780132	0.45920758	-0.030613839	2954	5
2956	-0.21607	2.78993	86.468	0.051158032	0.0021326958	0.88757293	-0.1952826	0.41722775	2955	6
2957	-0.21607	2.78993	86.468	0.075815566	0.0023682581	-0.052759614	0.97605286	-0.21103846	2955	5
2958	-0.22007	2.86393	86.452	0.12350423	0.0018051689	0.69631722	0.71662017	-0.039973326	2957	5
2959	-0.22007	2.86393	86.452	0.13062738	0.0015323303	0.20898781	0.79559591	0.56863982	2957	6
2960	-0.24507	2.77493	86.469	0.11500695	0.0046239269	0.22797553	0.63625123	0.73702885	2954	4
2961	-0.21885123	2.8481033	86.553763	0.14205411	0.0044132891	0.43945951	0.24327842	0.86469125	2960	4
2962	-0.1564242	2.882662	86.676596	0.1442723	0.0041560019	0.56538412	0.083459598	0.82059448	2961	4
2963	-0.074854932	2.8947029	86.794985	0.060145217	0.003972672	0.54509624	0.3030512	0.78168412	2962	4
2964	-0.04207	2.91293	86.842	0.11924764	0.0038204593	0.98953739	-0.11740274	0.083859101	2963	4
2965	0.07593	2.89893	86.852	0.10784748	0.0036109347	0.80261642	0.18008252	0.56866261	2964	4
2966	0.16249016	2.9183514	86.913329	0.089152229	0.0034226835	0.57698887	0.051356592	0.81513578	2965	4
2967	0.21393	2.92293	86.986	0.10196996	0.0032716899	0.83270373	-0.54560313	0.094454905	2966	4
2968	0.29884076	2.8672949	86.995632	0.10410951	0.003135391	0.87024916	-0.35008839	0.34656098	2967	4
2969	0.38944197	2.8308473	87.031712	0.11339346	0.0029837334	0.85822376	-0.10309917	0.50281461	2968	4
2970	0.48675894	2.8191566	87.088728	0.10951625	0.0027921662	0.94373676	0.07517497	0.32203982	2969	4
2971	0.59011345	2.8273895	87.123996	0.10269922	0.0025676961	0.96615206	0.25524513	0.037418316	2970	4
2972	0.68933651	2.8536029	87.127839	0.10731588	0.0023725129	0.92182915	0.33449369	-0.19581877	2971	4
2973	0.78826342	2.8894994	87.106825	0.11768055	0.0021966689	0.99204759	0.12586212	-0.00055516422	2972	4
2974	0.21393	2.92293	86.986	0.040311289	0.002223607	0.22326252	0.24806947	0.94266398	2966	5
2975	0.07593	2.89893	86.852	0.11387625	0.0025271641	-0.090508573	-0.74596839	0.65980252	2964	5
2976	-0.04207	2.91293	86.842	0.084226249	0.0025062525	0.039786694	0.63653168	0.77022363	2963	5
2977	-0.25307	2.70893	86.402	0.0687252	0.0029826774	-0.29553729	0.67384933	0.67718889	2953	5
2978	-0.33107	2.23993	86.08	0.10630888	0.0033503187	-0.18578252	0.94346686	-0.2745089	2948	5
2979	-0.32907	2.17893	86.097	0.070922493	0.0043747767	-0.57809587	0.25379819	-0.77549446	2947	5
2980	-0.37007	2.19693	86.042	0.12364165	0.0032746033	-0.60424781	0.62140772	-0.49873544	2979	5
2981	-0.4447802	2.2737619	85.980336	0.11214123	0.002637642	-0.6803011	0.64354674	-0.35076774	2980	5
2982	-0.52107	2.34593	85.941	0.073627441	0.0025113	0.51611192	0.82849546	0.21731028	2981	5
2983	-0.48307	2.40693	85.957	0.10121443	0.0023952397	0.090504986	0.97708713	-0.19263848	2982	5
2984	-0.47390959	2.5058253	85.937502	0.14648122	0.0022428174	-0.24003356	0.94964177	-0.20140607	2983	5
2985	-0.50907	2.64493	85.908	0.05380872	0.001659743	0.44660295	0.81568357	-0.36770386	2984	6
2986	-0.50907	2.64493	85.908	0.13095419	0.0020488272	-0.59562813	0.70253575	0.38944916	2984	5
2987	-0.58707	2.73693	85.959	0.10442839	0.0018655873	-0.37492086	0.90767901	0.18855549	2986	5
2988	-0.62622238	2.8317175	85.978691	0.041820902	0.0017632266	-0.2363277	0.83436896	0.49797355	2987	5
2989	-0.48307	2.40693	85.957	0.062294574	0.0017676853	-0.60055893	0.55165601	0.57879584	2982	6
2990	-0.52107	2.34593	85.941	0.035409757	0.0019786132	-0.2239584	0.39736576	-0.88991185	2981	6
2991	-0.37007	2.19693	86.042	0.063235069	0.0027472784	-0.65788751	-0.74076281	-0.13584729	2979	6
2992	-0.21507	1.91193	86.129	0.11144057	0.010300014	-0.65505769	0.20638804	0.72684483	2943	3
2993	-0.28807	1.93493	86.21	0.076380626	0.0099445917	-0.64152394	0.35349278	0.68080092	2992	3
2994	-0.33707	1.96193	86.262	0.12221798	0.0097035826	-0.16777297	0.45769499	0.8731366	2993	3
2995	-0.35757487	2.0178686	86.368713	0.099109375	0.0094554101	-0.6222648	0.50960251	0.59421528	2994	3
2996	-0.41924715	2.0683749	86.427605	0.05072256	0.0092800199	-0.82454141	0.46439017	0.32322318	2995	3
2997	-0.46107	2.09193	86.444	0.046184413	0.0067851369	0.021652327	0.086609307	0.99600703	2996	4
2998	-0.46007	2.09593	86.49	0.085193896	0.0065693071	0.10564137	0.12911723	0.98598613	2997	4
2999	-0.45107	2.10693	86.574	0.12382649	0.004464431	0.56530714	0.25842612	0.78335418	2998	5
3000	-0.38107	2.13893	86.671	0.04019368	0.002547299	0.82092353	0.57093864	-0.010659325	2999	6
3001	-0.38107	2.13893	86.671	0.022025229	0.0025539466	0.45088917	-0.068529365	0.88994532	2999	6
3002	-0.38107	2.13893	86.671	0.053347915	0.0028865119	-0.33740775	0.54360138	0.76853988	2999	5
3003	-0.39907	2.16793	86.712	0.020875263	0.0016322216	0.71699696	0.69377869	-0.067723698	3002	6
3004	-0.39907	2.16793	86.712	0.093585078	0.0020464821	-0.37423877	0.5672674	0.73358915	3002	5
3005	-0.43409316	2.2210178	86.780653	0.13005108	0.001900353	-0.11128906	0.88918234	0.44381248	3004	5
3006	-0.44856643	2.3366569	86.838371	0.088285404	0.0017661853	-0.11252833	0.86829266	0.4831203	3005	5
3007	-0.45107	2.10693	86.574	0.13559499	0.006380934	0.1769977	-0.56786761	0.80386454	2998	4
3008	-0.42707	2.02993	86.683	0.090807489	0.0061881715	-0.14316	-0.56162769	0.81491076	3007	4
3009	-0.44007	1.97893	86.757	0.1355263	0.0059807783	-0.1130895	-0.81185712	0.57279907	3008	4
3010	-0.4553966	1.868902	86.834629	0.10632438	0.0058025902	-0.43760294	-0.76499461	0.47253244	3009	4
3011	-0.50192446	1.7875644	86.884871	0.14449097	0.0055641842	-0.32127637	-0.7093817	0.62734289	3010	4
3012	-0.548346	1.6850652	86.975516	0.1009732	0.0053276333	-0.25122558	-0.32557138	0.91153112	3011	4
3013	-0.57371305	1.6521912	87.067557	0.11159832	0.0051948386	-0.31682336	-0.082986926	0.94484715	3012	4
3014	-0.60907	1.64293	87.173	0.061862751	0.0031739803	-0.72741673	-0.5011093	0.46877967	3013	5
3015	-0.60907	1.64293	87.173	0.10999059	0.0050436064	-0.5342672	0.28737206	0.79496909	3013	4
3016	-0.66783437	1.6745382	87.260439	0.11077047	0.0048739368	-0.54379558	0.35778039	0.75913079	3015	4
3017	-0.72807086	1.7141697	87.344528	0.055617908	0.0047466844	-0.53937916	0.39124581	0.74565195	3016	4
3018	-0.75807	1.73593	87.386	0.039	0.0045723209	0.051282051	0.74358974	0.66666667	3017	4
3019	-0.75607	1.76493	87.412	0.074462395	0.0027523913	-0.40008856	0.83803285	0.37098529	3018	5
3020	-0.75607	1.76493	87.412	0.12374532	0.0043550042	-0.45307149	-0.14228371	0.88004635	3018	4
3021	-0.81213548	1.7473231	87.520902	0.10039049	0.0042017311	-0.27825864	0.31484001	0.9074403	3020	4
3022	-0.84007	1.77893	87.612	0.04520982	0.0029408402	0.17194567	0.89340098	0.41505346	3021	5
3023	-0.84007	1.77893	87.612	0.12349389	0.0039832729	-0.38102885	-0.023337835	0.92426856	3021	4
3024	-0.88712474	1.7760479	87.726142	0.13371984	0.0037514448	-0.58289978	-0.098100029	0.80660042	3023	4
3025	-0.96507	1.76293	87.834	0.092444578	0.0024587605	0.47596085	-0.075721044	0.87620066	3024	5
3026	-0.96507	1.76293	87.834	0.1034982	0.0035930242	-0.90088395	-0.30032509	-0.31338946	3024	4
3027	-1.0583099	1.7318469	87.801565	0.10760556	0.0033836948	-0.72911392	-0.61050618	-0.30931392	3026	4
3028	-1.1367666	1.666153	87.768281	0.10688778	0.0031376576	-0.10965155	-0.71763568	0.68773219	3027	4
3029	-1.148487	1.5894466	87.841791	0.10267382	0.002890522	-0.31791249	-0.70329469	0.63585237	3028	4
3030	-1.1811283	1.5172366	87.907076	0.014926384	0.0027403929	-0.19708246	-0.95847737	-0.20610591	3029	4
3031	-1.18407	1.50293	87.904	0.021460635	0.0020065748	0.46403275	-0.40224812	0.78922117	3030	5
3032	-1.18407	1.50293	87.904	0.15307576	0.002628403	-0.23806354	-0.76426144	0.59935816	3030	4
3033	-1.2205118	1.3859401	87.995747	0.1060039	0.0024331161	-0.41046745	-0.60879437	0.67888576	3032	4
3034	-1.2640229	1.3214055	88.067712	0.11241085	0.0022477348	-0.73742481	-0.43135145	0.51975049	3033	4
3035	-1.3469175	1.2729169	88.126137	0.058902528	0.0021300585	-0.77441531	-0.46551798	0.42845529	3034	4
3036	-1.18407	1.50293	87.904	0.12076588	0.0020838355	-0.94964832	-0.31326916	0.0055236653	3030	5
3037	-1.2987551	1.4650978	87.904667	0.060243206	0.0018822306	-0.94994633	-0.30858835	0.048736045	3036	5
3038	-0.75807	1.73593	87.386	0.10883014	0.0032328981	-0.99237212	0.055131785	0.11026357	3017	5
3039	-0.86607	1.74193	87.398	0.020214636	0.002386002	-0.8009918	0.43721318	-0.40897038	3038	5
3040	-0.86607	1.74193	87.398	0.029997016	0.0018416402	-0.15549463	0.28245518	0.94659415	3038	6
3041	-0.44007	1.97893	86.757	0.036860505	0.0037430762	0.92896049	0.11635506	0.351417	3008	5
3042	-0.42707	2.02993	86.683	0.05032007	0.0034082097	-0.93241057	-0.28857925	0.21756044	3007	5
3043	-0.46007	2.09593	86.49	0.1107438	0.0046003034	-0.54788419	-0.69331921	0.46811472	2997	5
3044	-0.52074478	2.0191492	86.541841	0.055452342	0.0033613212	-0.56490355	-0.68922607	0.45370851	3043	5
3045	-0.55207	1.98093	86.567	0.019867057	0.0020131268	0.36926708	-0.70583242	0.60451834	3044	6
3046	-0.55207	1.98093	86.567	0.017522525	0.002391774	-0.71721968	0.30979767	0.62419656	3044	5
3047	-0.46107	2.09193	86.444	0.11763078	0.0090647451	-0.86712	0.44206117	0.22953176	2996	3
3048	-0.56307	2.14393	86.471	0.11258663	0.0087466424	-0.17176574	0.92865298	0.32878589	3047	3
3049	-0.58240853	2.2484839	86.508017	0.13522176	0.0084173053	-0.52842994	0.77661587	0.34297171	3048	3
3050	-0.65386375	2.3534993	86.554394	0.13918721	0.0080845194	-0.54795061	0.68151953	0.485058	3049	3
3051	-0.73013146	2.4483581	86.621908	0.053791091	0.0078732304	-0.64952271	0.49398391	0.57801397	3050	3
3052	-0.76507	2.47493	86.653	0.044452222	0.0049832221	-0.62988978	0.76486616	0.13497638	3051	4
3053	-0.79307	2.50893	86.659	0.015601505	0.0027975867	0.63353264	0.77318263	-0.028723191	3052	5
3054	-0.79307	2.50893	86.659	0.071175839	0.0032955841	-0.68843586	0.67438615	0.26694452	3052	4
3055	-0.84207	2.55693	86.678	0.094122261	0.0019478435	-0.074371354	0.9668276	0.24436302	3054	5
3056	-0.84907	2.64793	86.701	0.034479398	0.0015293814	0.51410342	0.85722499	-0.029376691	3055	6
3057	-0.84907	2.64793	86.701	0.046430662	0.0018031106	-0.046478916	0.77180527	0.63415798	3055	5
3058	-0.84207	2.55693	86.678	0.11419575	0.0024037981	-0.66080704	0.47464747	0.58141537	3054	4
3059	-0.91753136	2.6111327	86.744395	0.10185086	0.0022598122	-0.83002384	0.18455686	0.52630713	3058	4
3060	-1.00207	2.62993	86.798	0.023505943	0.0021596468	-0.41688592	0.64910777	0.63629021	3059	4
3061	-0.76507	2.47493	86.653	0.10391238	0.007645362	-0.70237586	0.37270339	0.60643246	3051	3
3062	-0.83805555	2.5136585	86.716016	0.12222882	0.0073225598	-0.81308094	0.12639875	0.56826291	3061	3
3063	-0.93743747	2.5291081	86.785474	0.14691514	0.0070046653	-0.78408212	-0.039771311	0.61938152	3062	3
3064	-1.052631	2.5232651	86.87647	0.1013432	0.0067352459	-0.39962482	-0.12695663	0.90784471	3063	3
3065	-1.0931303	2.5103989	86.968474	0.053261773	0.0065957342	-0.26172122	-0.1777798	0.94862867	3064	3
3066	-1.10707	2.50093	87.019	0.10744277	0.0063432731	0.234147	-0.43555909	0.86917401	3065	3
3067	-1.0819126	2.4541323	87.112386	0.14697655	0.0059678044	-0.19388017	-0.28373361	0.93909835	3066	3
3068	-1.1104084	2.4124301	87.250412	0.054141576	0.0057412676	-0.52938176	-0.36016936	0.76813605	3067	3
3069	-1.13907	2.39293	87.292	0.057395947	0.0033184982	-0.47657999	-0.79207891	0.38142171	3068	4
3070	-1.13907	2.39293	87.292	0.10117763	0.0055673053	-0.41387859	0.20491808	0.88696849	3068	3
3071	-1.1809453	2.4136631	87.381741	0.050584167	0.0053918993	-0.39784674	0.20296618	0.89471934	3070	3
3072	-1.20107	2.42393	87.427	0.091723681	0.0033304364	0.64847004	0.3379912	0.68209131	3071	4
3073	-1.20107	2.42393	87.427	0.061424751	0.0052159463	-0.065120329	-0.87912445	0.47212239	3071	3
3074	-1.20507	2.36993	87.456	0.094688965	0.0050127397	0.7287016	-0.20065696	0.65477535	3073	3
3075	-1.13607	2.35093	87.518	0.1214503	0.003240376	0.68336102	0.14491098	0.7155547	3074	4
3076	-1.0530756	2.3685295	87.604904	0.11584579	0.0025958709	0.26667304	0.18147441	0.94654769	3075	4
3077	-1.0221826	2.3895525	87.714558	0.1397444	0.002325625	0.094847063	-0.017449688	0.99533891	3076	4
3078	-1.0089283	2.387114	87.853651	0.037095438	0.0021814448	0.45840321	-0.21980123	0.86113525	3077	4
3079	-1.13607	2.35093	87.518	0.10005162	0.0048336407	-0.49986949	-0.66202943	0.5584331	3074	3
3080	-1.1860828	2.2846929	87.573872	0.1178258	0.0045698983	-0.74675704	-0.40536861	0.52728571	3079	3
3081	-1.27407	2.23693	87.636	0.062016127	0.004330228	0.22574773	-0.40312095	0.88686609	3080	3
3082	-1.26007	2.21193	87.691	0.11474077	0.004183654	-0.756926	-0.64847604	0.080881709	3081	3
3083	-1.3469203	2.1375234	87.70028	0.11003814	0.0040291147	-0.71929356	-0.6778864	0.15194341	3082	3
3084	-1.42607	2.06293	87.717	0.053996737	0.0026917538	0.52384965	-0.83277077	0.17909322	3083	4
3085	-1.42607	2.06293	87.717	0.14652573	0.0037792676	0.24542611	-0.48164356	0.84129989	3083	3
3086	-1.3901088	1.9923568	87.840272	0.13077121	0.003394744	0.11755771	-0.80227163	0.58526953	3085	3
3087	-1.3747356	1.8874428	87.916808	0.10504437	0.0030631547	-0.44280171	-0.81407579	0.37577553	3086	3
3088	-1.4212494	1.8019287	87.956282	0.052465427	0.002892735	-0.60633884	-0.74960729	0.26540934	3087	3
3089	-1.26007	2.21193	87.691	0.05625451	0.0029041642	-0.85130276	0.095316143	0.51594423	3081	4
3090	-1.27407	2.23693	87.636	0.025533958	0.0028888074	-0.78681987	-0.35003096	-0.50832354	3080	4
3091	-1.20507	2.36993	87.456	0.12487927	0.0032854578	-0.36956161	0.19030755	0.90950935	3073	4
3092	-1.2512206	2.3936955	87.569579	0.060761738	0.0024787609	-0.66024666	0.36891792	0.65419716	3091	4
3093	-1.10707	2.50093	87.019	0.093466572	0.0041098491	-0.98430913	-0.042796049	-0.1711842	3065	4
3094	-1.19907	2.49693	87.003	0.020486564	0.0029659655	-0.82491946	-0.34911028	-0.44455584	3093	4
3095	-1.19907	2.49693	87.003	0.041825769	0.0022645933	-0.43539247	-0.36827625	0.82146576	3093	5
3096	-0.56307	2.14393	86.471	0.13315029	0.0064587583	-0.92376816	-0.34547427	0.16522683	3047	4
3097	-0.68607	2.09793	86.493	0.10841488	0.0061515039	-0.29208328	0.38571538	0.87516342	3096	4
3098	-0.71773617	2.1397473	86.587881	0.10929326	0.0059654037	-0.18671321	0.44098753	0.87787709	3097	4
3099	-0.73814267	2.1879442	86.683827	0.11039982	0.0057793036	-0.099081801	0.48895793	0.86666195	3098	4
3100	-0.74908128	2.2419251	86.779506	0.055279775	0.0056397284	-0.072155154	0.50660269	0.85915502	3099	4
3101	-0.75307	2.26993	86.827	0.11887177	0.0053677859	0.28305958	0.72294783	0.63025686	3100	4
3102	-0.71942221	2.3558681	86.90192	0.11476904	0.0050287295	0.032488226	0.3241949	0.94543227	3101	4
3103	-0.71569356	2.3930756	87.010426	0.10899373	0.0047921641	-0.20285347	0.072986928	0.97648522	3102	4
3104	-0.73780332	2.4010307	87.116857	0.064345818	0.0045986668	-0.53253934	0.49574718	0.68602958	3103	4
3105	-0.77207	2.43293	87.161	0.07839005	0.0030238557	-0.51026884	0.3061613	0.80367342	3104	5
3106	-0.81207	2.45693	87.224	0.026115287	0.0017364082	0.53142963	0.65606927	0.53586908	3105	6
3107	-0.81207	2.45693	87.224	0.060961541	0.002135567	0.0064349613	-0.63921833	0.76899838	3105	5
3108	-0.77207	2.43293	87.161	0.12113013	0.0044338849	-0.80843617	0.58241722	0.084977295	3104	4
3109	-0.86999598	2.5034783	87.171293	0.12053466	0.0042322635	-0.5800895	0.69086118	0.43151709	3108	4
3110	-0.93991687	2.586751	87.223306	0.10501164	0.0040506873	-0.19907857	0.75478113	0.62503853	3109	4
3111	-0.96082243	2.6660118	87.288942	0.11170033	0.003891525	-0.19153752	0.83034922	0.52329108	3110	4
3112	-0.98221724	2.7587621	87.347394	0.10368493	0.0037107014	-0.2700489	0.80449405	0.52902072	3111	4
3113	-1.0102172	2.842176	87.402246	0.099329804	0.0035083717	-0.19986714	0.66197678	0.72238485	3112	4
3114	-1.03007	2.90793	87.474	0.10277905	0.00250564	0.43484511	0.44490994	0.78292073	3113	5
3115	-0.98537703	2.9536574	87.554468	0.10290225	0.001975493	0.45972788	0.4010853	0.79232623	3114	5
3116	-1.03007	2.90793	87.474	0.10361391	0.0033388948	-0.32751584	-0.25440299	0.90995192	3113	4
3117	-1.0640052	2.8815703	87.568284	0.10374643	0.0032129463	-0.309069	-0.26642182	0.91295989	3116	4
3118	-1.09607	2.85393	87.663	0.12221097	0.003017314	-0.083992176	0.31404261	0.94568629	3117	4
3119	-1.1063348	2.8923095	87.778573	0.12650107	0.0027831729	-0.24296422	0.28158296	0.92826689	3118	4
3120	-1.13707	2.92793	87.896	0.10688518	0.0025633868	0.18483839	-0.21408067	0.95916851	3119	4
3121	-1.1173135	2.9050479	87.998521	0.10114603	0.0023481886	-0.13014445	-0.64363161	0.75418882	3120	4
3122	-1.1304771	2.8399472	88.074804	0.082638809	0.0021858867	-0.71996206	-0.32688927	0.61220751	3121	4
3123	-1.09607	2.85393	87.663	0.062991746	0.0023268329	-0.94125552	0.2477704	0.22945126	3117	5
3124	-1.03007	2.90793	87.474	0.085151714	0.0022699161	-0.7451663	0.6632445	0.06952641	3113	5
3125	-0.75307	2.26993	86.827	0.077016864	0.0035158935	-0.22880592	-0.33146302	0.91530329	3100	5
3126	-0.68607	2.09793	86.493	0.069864968	0.0037886311	-0.91807904	-0.0063090454	0.39634716	3096	5
3127	-0.33707	1.96193	86.262	0.11494248	0.0062525228	-0.97212973	0.10160856	-0.2112806	2993	4
3128	-0.448809	1.9736091	86.237715	0.073979641	0.0047305019	-0.96325144	-0.090283496	-0.25297342	3127	4
3129	-0.52007	1.96693	86.219	0.085719949	0.0026410001	-0.8502155	-0.18650304	-0.49229078	3128	5
3130	-0.52007	1.96693	86.219	0.10168683	0.0030885337	-0.71248704	-0.43318443	0.55200858	3128	5
3131	-0.59252055	1.9228808	86.275132	0.050996757	0.0024395985	-0.67748334	-0.46965437	0.56607517	3130	5
3132	-0.52007	1.96693	86.219	0.1380326	0.0042419642	-0.75344517	0.6230412	0.21009529	3128	4
3133	-0.62407	2.05293	86.248	0.12138058	0.0040256511	-0.90897503	0.19590629	0.36794717	3132	4
3134	-0.73440191	2.0767092	86.292662	0.035701691	0.003855013	-0.99905873	-0.021825822	0.037487282	3133	4
3135	-0.77007	2.07593	86.294	0.069079664	0.0028549816	-0.086856242	0.81065825	0.57904161	3134	5
3136	-0.77607	2.13193	86.334	0.12797656	0.0023066554	0.093767171	0.80483488	0.58604482	3135	5
3137	-0.76407	2.23493	86.409	0.10655139	0.0019336412	-0.31454664	0.26150977	0.91250921	3136	5
3138	-0.79758538	2.2627942	86.506229	0.08276441	0.001785908	-0.50123742	0.78700218	0.35970629	3137	5
3139	-0.77607	2.13193	86.334	0.033711517	0.0019768643	-0.096133051	0.98978686	0.10526354	3135	6
3140	-0.77607	2.13193	86.334	0.03575263	0.0018819457	-0.15189442	0.86915808	-0.47062971	3135	6
3141	-0.77607	2.13193	86.334	0.035029571	0.0019046033	-0.48683867	0.27135109	0.83027507	3135	6
3142	-0.77007	2.07593	86.294	0.038755645	0.003774328	-0.98050233	0.18061885	-0.077408079	3134	4
3143	-0.80807	2.08293	86.291	0.099602613	0.0036635599	-0.84480226	-0.40147628	-0.35373147	3142	4
3144	-0.89221451	2.0429419	86.255767	0.11025776	0.0035091288	-0.9287941	-0.32270634	-0.18221453	3143	4
3145	-0.99462127	2.007361	86.235677	0.05901646	0.0033673601	-0.97343572	-0.15980347	-0.16396875	3144	4
3146	-1.05207	1.99793	86.226	0.022045465	0.0024125235	-0.79627879	-0.1278147	-0.59127277	3145	5
3147	-1.05207	1.99793	86.226	0.12621014	0.0032143669	-0.79232935	0	0.6100936	3145	4
3148	-1.15207	1.99793	86.303	0.11647426	0.0029900983	-0.70429701	0.57850414	0.4114592	3147	4
3149	-1.2341025	2.0653108	86.350924	0.10836141	0.0027920386	-0.8744761	0.024393558	0.48445485	3148	4
3150	-1.3288619	2.0679542	86.403421	0.061885746	0.0026814248	-0.90825546	-0.065025639	0.41333242	3149	4
3151	-1.38507	2.06393	86.429	0.017011789	0.0019285976	-0.41225087	-0.90916729	0.058856242	3150	5
3152	-1.38507	2.06393	86.429	0.065924199	0.0025422445	-0.66743321	0.40956129	0.6219264	3150	4
3153	-1.42907	2.09093	86.47	0.10218121	0.0023514289	-0.20551723	0.93950736	0.27402298	3152	4
3154	-1.45007	2.18693	86.498	0.1153926	0.0021758558	-0.41154813	0.76551126	-0.49459139	3153	4
3155	-1.42907	2.09093	86.47	0.042529731	0.0018661155	-0.79963914	0.37705241	-0.46734219	3152	5
3156	-1.15207	1.99793	86.303	0.024492682	0.0022527845	-0.76887524	-0.19636446	-0.60849969	3147	5
3157	-0.80807	2.08293	86.291	0.040373258	0.0024430139	-0.74306611	0.52014627	0.42107079	3142	5
3158	-0.62407	2.05293	86.248	0.10703357	0.0030464921	-0.72695215	0.48871242	-0.48239066	3132	5
3159	-0.70187828	2.1052386	86.196368	0.09671846	0.0023818292	-0.54996449	0.79293412	-0.26228713	3158	5
3160	-0.75507	2.18193	86.171	0.029447486	0.0016166992	-0.086988804	0.97748026	0.1922636	3159	6
3161	-0.75507	2.18193	86.171	0.11643313	0.0019586046	-0.37024421	0.50777873	-0.77786888	3159	5
3162	-0.79817869	2.2410523	86.08043	0.09995734	0.0017877594	-0.66733585	0.27353857	-0.69270449	3161	5
3163	-0.28807	1.93493	86.21	0.10757943	0.0067355589	-0.62429765	0.6185459	0.4771304	2992	4
3164	-0.35523158	2.0014728	86.261329	0.053661297	0.0055412713	-0.59332181	0.66075905	0.45974636	3163	4
3165	-0.38707	2.03693	86.286	0.13206438	0.003959612	-0.1060089	0.93136394	0.34831497	3164	4
3166	-0.40107	2.15993	86.332	0.10021766	0.0026598952	0.36946127	0.35927972	0.85698101	3165	4
3167	-0.36404346	2.1959362	86.417885	0.092567258	0.0024381905	-0.24961896	0.64753677	0.71999063	3166	4
3168	-0.38715	2.2558769	86.484532	0.11669896	0.0022414443	0.40389595	0.74972099	0.52420082	3167	4
3169	-0.34001576	2.3433685	86.545706	0.026522988	0.0021198208	0.12835674	0.96058255	0.24658813	3168	4
3170	-0.40107	2.15993	86.332	0.035624103	0.002007667	-0.62753664	0.74826665	0.21516222	3165	5
3171	-0.38707	2.03693	86.286	0.051420382	0.003442451	-0.83953934	0.51696427	-0.16709768	3164	5
3172	0.22893	1.17993	85.825	0.1060818	0.010102124	-0.32263058	-0.070062565	0.94392836	2895	4
3173	0.19470477	1.1724976	85.925134	0.10547873	0.0091207554	-0.32458567	-0.11922011	0.93831269	3172	4
3174	0.16046788	1.1599225	86.024106	0.13435857	0.0076796872	-0.28884615	0.081372378	0.95391113	3173	4
3175	0.12165893	1.1708555	86.152272	0.1151403	0.0062024215	-0.41517046	0.2222617	0.88217528	3174	4
3176	0.073856074	1.1964468	86.253846	0.14318813	0.0055906998	-0.30993842	0.11870413	0.94331729	3175	4
3177	0.029476572	1.2134438	86.388918	0.10141473	0.0054493005	-0.25190198	0.034375399	0.96714204	3176	4
3178	0.00393	1.21693	86.487	0.14297723	0.00370256	-0.043836199	0.6685842	0.74234329	3177	5
3179	-0.0023375781	1.3125223	86.593138	0.066915007	0.0023851579	-0.10207649	0.89961501	0.42458595	3178	5
3180	0.00393	1.21693	86.487	0.13928388	0.0033467135	-0.21538745	-0.33026075	0.91898644	3177	5
3181	0.00393	1.21693	86.487	0.1450724	0.0052222371	-0.43426594	-0.82028011	0.37222795	3177	4
3182	-0.05907	1.09793	86.541	0.080470729	0.0030719789	-0.15012204	0.041914017	0.98777861	3181	5
3183	-0.05907	1.09793	86.541	0.091531415	0.0049519302	-0.49163448	-0.34960674	0.79754038	3181	4
3184	-0.10407	1.06593	86.614	0.040274061	0.002927626	-0.074489632	-0.94353534	0.32278841	3183	5
3185	-0.10407	1.06593	86.614	0.056160484	0.0047900165	-0.85469348	-0.053418343	0.51637731	3183	4
3186	-0.15207	1.06293	86.643	0.034122782	0.0029218429	-0.87570482	-0.39716295	-0.27459546	3185	5
3187	-0.15207	1.06293	86.643	0.065945429	0.0028309236	-0.72605872	-0.46645605	0.50523012	3185	5
3188	-0.15207	1.06293	86.643	0.10751066	0.0046155814	-0.93676905	0.3129489	-0.15661011	3185	4
3189	-0.25278266	1.0965753	86.626163	0.055396731	0.0044529506	-0.92581896	-0.10190749	-0.36396993	3188	4
3190	-0.30407	1.09093	86.606	0.10100496	0.0029941677	-0.67288975	0.73890648	-0.035165351	3189	5
3191	-0.37203521	1.1655632	86.602448	0.050546492	0.0021067001	-0.67333644	0.7392556	0.010918166	3190	5
3192	-0.30407	1.09093	86.606	0.10490392	0.0043347724	-0.98394129	0.17848084	-0.0020319933	3189	4
3193	-0.4072893	1.1096533	86.605787	0.11728895	0.0041260155	-0.82514766	-0.099952636	0.55600433	3192	4
3194	-0.50407	1.09793	86.671	0.042225975	0.0028444505	-0.25405442	0.80970322	0.52899626	3193	5
3195	-0.50407	1.09793	86.671	0.064760104	0.0028062144	-0.29362213	-0.49370674	0.81855952	3193	5
3196	-0.50407	1.09793	86.671	0.11077494	0.0038989736	-0.80391677	0.58306955	0.11725069	3193	4
3197	-0.59312383	1.1625195	86.683988	0.098939571	0.0037224048	-0.78781595	0.48929369	0.3740825	3196	4
3198	-0.67107	1.21093	86.721	0.053060329	0.0025787483	-0.35997792	0.44387748	0.82060263	3197	5
3199	-0.67107	1.21093	86.721	0.11942426	0.0035324024	-0.70255637	-0.10550636	0.70376342	3197	4
3200	-0.75497228	1.19833	86.805046	0.14159943	0.0033002594	-0.85584668	0.013697861	0.5170482	3199	4
3201	-0.87615968	1.2002696	86.87826	0.11499378	0.0030931264	-0.70360608	0.47533363	0.52820113	3200	4
3202	-0.95707	1.25493	86.939	0.041672526	0.0021161041	0.42519021	-0.10387539	0.89912357	3201	5
3203	-0.95707	1.25493	86.939	0.04287216	0.0021161041	0.28595189	0.76900867	0.57171426	3201	5
3204	-0.95707	1.25493	86.939	0.12432177	0.0028508798	-0.27812703	0.26457279	0.92338865	3201	4
3205	-0.99164725	1.2878222	87.053797	0.082032017	0.0026087009	-0.67650224	-0.43994196	0.59058936	3204	4
3206	-1.0471421	1.2517328	87.102245	0.10990235	0.002463648	-0.34394418	-0.89652919	0.27917344	3205	4
3207	-1.0849424	1.1532022	87.132926	0.11360277	0.0023153796	-0.0099261377	-0.91786644	0.39676527	3206	4
3208	-1.08607	1.04893	87.178	0.045026569	0.0021846621	-0.058860863	-0.3213721	0.94512188	3207	4
3209	-0.95707	1.25493	86.939	0.029419517	0.0021218441	-0.66555785	0.58739439	0.4604352	3201	5
3210	-0.50407	1.09793	86.671	0.051796959	0.0028398431	-0.97925936	-0.17319731	-0.10513709	3193	5
3211	0.36993	1.06093	84.72	0.10176477	0.018518595	-0.75248714	0.30915065	0.58154019	2368	3
3212	0.29335332	1.0923906	84.77918	0.10366535	0.018004572	-0.84255968	0.34912435	0.41012847	3211	3
3213	0.20600907	1.1285827	84.821696	0.10873644	0.017490549	-0.90379401	0.3527834	0.24228138	3212	3
3214	0.10773373	1.1669432	84.848041	0.11168365	0.016976526	-0.93615927	0.31031175	0.16526478	3213	3
3215	0.0031800488	1.2015999	84.866499	0.11055037	0.016462504	-0.95795513	0.22836089	0.17370458	3214	3
3216	-0.10272225	1.2268453	84.885702	0.10819616	0.015948481	-0.9644312	0.13942007	0.22457628	3215	3
3217	-0.20707	1.24193	84.91	0.036482873	0.0086284473	-0.79489354	0.57561257	0.19187086	3216	4
3218	-0.23607	1.26293	84.917	0.016281608	0.0035417664	-0.36284232	-0.082531177	0.92818859	3217	5
3219	-0.23607	1.26293	84.917	0.018978947	0.0044311053	-0.93066165	0.33694613	0.14260507	3217	4
3220	-0.20707	1.24193	84.91	0.1034468	0.015358516	-0.88173154	-0.23354528	0.40988546	3216	3
3221	-0.2982823	1.2177705	84.952401	0.10503071	0.014692608	-0.83249591	-0.38336313	0.39997909	3220	3
3222	-0.38571994	1.1775056	84.994411	0.1057621	0.0140267	-0.80186767	-0.50951341	0.31209666	3221	3
3223	-0.47052715	1.1236184	85.027419	0.10476268	0.013360792	-0.806994	-0.56020312	0.18690412	3222	3
3224	-0.55507	1.06493	85.047	0.042178193	0.0081623259	0.16596254	-0.97206629	0.16596254	3223	4
3225	-0.54807	1.02393	85.054	0.12677044	0.0051358125	-0.61713068	-0.34523187	0.70708181	3224	4
3226	-0.62630393	0.9801648	85.143637	0.13056524	0.0035806426	-0.65144201	-0.69447344	0.30549951	3225	4
3227	-0.71135961	0.88949071	85.183525	0.062000897	0.0033892327	-0.47919291	-0.79935477	0.36249979	3226	4
3228	-0.74107	0.83993	85.206	0.03355114	0.0023890801	0.20971717	-0.59584414	0.77523446	3227	5
3229	-0.74107	0.83993	85.206	0.087732548	0.0032677343	0.14817762	-0.88906571	-0.43313458	3227	4
3230	-0.72807	0.76193	85.168	0.025247759	0.0023240219	0.63850074	-0.0976947	-0.76339541	3229	5
3231	-0.72807	0.76193	85.168	0.07752419	0.0031147386	0.051596799	-0.81264958	0.58046398	3229	4
3232	-0.72407	0.69893	85.213	0.018708275	0.0021753322	0.82434173	-0.0094418447	0.56601374	3231	5
3233	-0.72407	0.69893	85.213	0.046421978	0.0029848842	0.19387369	-0.9262854	0.32312281	3231	4
3234	-0.71507	0.65593	85.228	0.10175529	0.0028642876	0.3847151	-0.47659875	0.79047323	3233	4
3235	-0.6759232	0.60743355	85.308435	0.10741469	0.002671263	-0.13834708	-0.42499753	0.89455977	3234	4
3236	-0.69078371	0.56178258	85.404524	0.086043676	0.00247098	0.068187345	-0.18099252	0.98111783	3235	4
3237	-0.68491662	0.54620932	85.488943	0.1130698	0.0022810163	-0.34043821	0.14629687	0.92881594	3236	4
3238	-0.7234099	0.56275107	85.593964	0.037666336	0.0021580291	-0.25646502	0.13749481	0.95672403	3237	4
3239	-0.71507	0.65593	85.228	0.019929176	0.0020980268	-0.42593019	-0.75428045	0.49964435	3233	5
3240	-0.72407	0.69893	85.213	0.072812928	0.0022133444	-0.17654403	-0.94167257	-0.28650475	3231	5
3241	-0.54807	1.02393	85.054	0.040326795	0.0043903009	-0.76471721	-0.40965125	-0.49738661	3224	5
3242	-0.55507	1.06493	85.047	0.10004593	0.012918046	-0.7898632	-0.58448721	-0.18571705	3223	3
3243	-0.6340926	1.0064544	85.02842	0.10074849	0.012698463	-0.7496332	-0.59656668	-0.28663261	3242	3
3244	-0.70961701	0.94635124	84.999542	0.10227399	0.012478879	-0.71371616	-0.59506906	-0.36946185	3243	3
3245	-0.78261161	0.88549115	84.961756	0.10277693	0.012259295	-0.71329069	-0.58118571	-0.39171362	3244	3
3246	-0.85592144	0.82575867	84.921497	0.10233984	0.012039712	-0.7343041	-0.5650651	-0.37616342	3245	3
3247	-0.93107	0.76793	84.883	0.03548239	0.0069388749	-0.14091497	-0.98640481	-0.084548983	3246	4
3248	-0.93607	0.73293	84.88	0.023563747	0.0041041381	-0.57068597	-0.65904999	0.48986797	3247	4
3249	-0.93607	0.73293	84.88	0.021226443	0.0033239704	-0.94161739	-0.14321759	-0.30470544	3247	5
3250	-0.93107	0.76793	84.883	0.10679544	0.011792198	-0.78031249	-0.53005868	-0.33188887	3246	3
3251	-1.0144038	0.71132215	84.847556	0.10671882	0.011516755	-0.7964197	-0.5076794	-0.32859899	3250	3
3252	-1.0993968	0.6571432	84.812488	0.10623687	0.011241312	-0.83704005	-0.45444956	-0.30469584	3251	3
3253	-1.1883213	0.60886391	84.780118	0.1062632	0.010965869	-0.90902496	-0.33568321	-0.24696234	3252	3
3254	-1.2849172	0.57319313	84.753875	0.10758745	0.01063889	-0.98434395	-0.13153771	-0.11732353	3253	3
3255	-1.3908203	0.55904133	84.741253	0.10952697	0.010260373	-0.99746894	0.035504242	0.061604853	3254	3
3256	-1.50007	0.56293	84.748	0.11836302	0.0099145773	-0.49960482	0.17815672	0.84773534	3255	3
3257	-1.5592047	0.58401717	84.848341	0.11699548	0.0096190107	-0.27350033	0.040277499	0.96102825	3256	3
3258	-1.591203	0.58872945	84.960776	0.11534243	0.0093584611	-0.15736946	-0.078386325	0.98442391	3257	3
3259	-1.6093544	0.57968818	85.074322	0.10641053	0.009133532	-0.30009431	-0.034395277	0.95328924	3258	3
3260	-1.6412876	0.57602816	85.175762	0.1011835	0.008944826	-0.48047479	0.057895855	0.87509545	3259	3
3261	-1.6899037	0.58188627	85.264308	0.10068243	0.0087742317	-0.55770121	0.10253862	0.82368392	3260	3
3262	-1.7460544	0.59221011	85.347238	0.10098272	0.0086036373	-0.57989065	0.12474568	0.80508717	3261	3
3263	-1.8046134	0.60480727	85.428538	0.10095831	0.0084330427	-0.57405413	0.13800366	0.80710399	3262	3
3264	-1.8625689	0.61873988	85.510022	0.050430367	0.0083050971	-0.56515718	0.14257515	0.8125698	3263	3
3265	-1.89107	0.62593	85.551	0.11040598	0.0078933231	-0.21546869	0.7742846	0.59502655	3264	3
3266	-1.914859	0.71141565	85.616694	0.141445	0.0073769276	-0.30460113	0.80561198	0.50814121	3265	3
3267	-1.9579433	0.82536544	85.688569	0.11288116	0.0071040273	-0.5769489	0.45680396	0.67709683	3266	3
3268	-2.02307	0.87693	85.765	0.064804395	0.0037942365	-0.082253234	-0.23277652	0.96904566	3267	4
3269	-2.02307	0.87693	85.765	0.11038051	0.0068491679	-0.4682054	0.46649248	0.75044551	3267	3
3270	-2.0747508	0.92842168	85.847835	0.055117789	0.0066553242	-0.47750914	0.46279651	0.74686304	3269	3
3271	-2.10107	0.95393	85.889	0.09027735	0.0040734365	0.15507766	0.4984639	0.85292711	3270	4
3272	-2.08707	0.99893	85.966	0.027364575	0.0028199866	0.43802069	0.71134396	0.54966138	3271	4
3273	-2.08707	0.99893	85.966	0.024997676	0.002243422	-0.37543021	0.52666926	0.76267401	3271	5
3274	-2.10107	0.95393	85.889	0.086365502	0.0064120701	-0.45156919	0.034736092	0.89155968	3270	3
3275	-2.14007	0.95693	85.966	0.087384209	0.0037718036	0.18309944	-0.41197375	0.89260978	3274	4
3276	-2.14007	0.95693	85.966	0.12831314	0.006091702	-0.23385965	-0.41179897	0.88075608	3274	3
3277	-2.1700773	0.90409078	86.079013	0.046493255	0.0058967659	-0.40850515	-0.13250914	0.9030863	3276	3
3278	-2.18907	0.89793	86.121	0.10277906	0.0056821109	-0.029081268	-0.32303441	0.9459403	3277	3
3279	-2.1920589	0.86472883	86.218223	0.094687023	0.0053747803	-0.69714997	-0.040119839	0.71580187	3278	3
3280	-2.25807	0.86093	86.286	0.069296465	0.0051667501	0.043292252	-0.18759976	0.98129104	3279	3
3281	-2.25507	0.84793	86.354	0.029732137	0.0050501907	0.53813824	0.40360368	0.73994007	3280	3
3282	-2.23907	0.85993	86.376	0.057982756	0.0031299983	0.63812075	0.20695808	0.74159979	3281	4
3283	-2.23907	0.85993	86.376	0.029427878	0.0049633191	-0.16990692	-0.67962767	0.71360905	3281	3
3284	-2.24407	0.83993	86.397	0.031416556	0.0048975196	0.031830351	-0.79575877	0.60477666	3283	3
3285	-2.24307	0.81493	86.416	0.077858847	0.0048044064	0.42384394	-0.28256262	0.86053163	3284	3
3286	-2.21007	0.79293	86.483	0.109382	0.004629471	0.77226199	-0.51382568	0.37362358	3285	3
3287	-2.1255984	0.73672672	86.523868	0.088289998	0.004394571	0.42505877	-0.7225815	0.54516147	3286	3
3288	-2.08807	0.67293	86.572	0.030482948	0.0028174933	0.84885315	-0.0068416836	0.52858445	3287	4
3289	-2.08807	0.67293	86.572	0.10623559	0.004170328	-0.0094130416	0.3859347	0.92247807	3287	3
3290	-2.08907	0.71393	86.67	0.045287967	0.0039843383	0.72867037	0.02208092	0.68450853	3289	3
3291	-2.05607	0.71493	86.701	0.02592937	0.0025487753	0.63603069	-0.00055439064	0.77166356	3290	4
3292	-2.05607	0.71493	86.701	0.11954168	0.0037643012	0.027004996	-0.018510639	0.9994639	3290	3
3293	-2.0528418	0.71271721	86.820478	0.11549485	0.0034930591	0.13584294	-0.75113098	0.6460255	3292	3
3294	-2.0371526	0.62596545	86.89509	0.10275426	0.0032397471	0.12705554	0.01989862	0.99169599	3293	3
3295	-2.0240971	0.62801012	86.996991	0.10556742	0.0029805484	0.56030126	0.4041974	0.72297092	3294	3
3296	-2.08907	0.71393	86.67	0.021029541	0.0027232522	-0.26291233	0.53382866	0.80368157	3289	4
3297	-2.08807	0.67293	86.572	0.031952252	0.0028258732	-0.25192865	-0.61105827	0.75042638	3287	4
3298	-2.21007	0.79293	86.483	0.034876032	0.0031325725	0.064306452	-0.13507833	0.98874594	3285	4
3299	-2.24307	0.81493	86.416	0.10928217	0.0031973077	0.10577299	-0.76328891	0.63733987	3284	4
3300	-2.2315109	0.73151613	86.48565	0.054348825	0.0025276101	0.084404137	-0.74028021	0.66697912	3299	4
3301	-2.24307	0.81493	86.416	0.05938294	0.0030987862	-0.39871247	-0.85973306	-0.31919811	3284	4
3302	-2.24407	0.83993	86.397	0.1111819	0.003144045	-0.37159886	0.13639388	0.91831966	3283	4
3303	-2.2853851	0.85509453	86.499101	0.038880405	0.0025609678	-0.37769492	0.22724734	0.89761082	3302	4
3304	-2.30007	0.86393	86.534	0.060315835	0.0024865476	-0.29842909	0.2818497	0.91186667	3303	4
3305	-2.31807	0.88093	86.589	0.027868935	0.0019045148	0.141163	-0.57140235	0.80843823	3304	5
3306	-2.31807	0.88093	86.589	0.11536663	0.0023362355	-0.65496017	0.20978838	0.72595868	3304	4
3307	-2.3936305	0.90513258	86.672751	0.087890063	0.0021602931	-0.17566779	0.16836285	0.96994576	3306	4
3308	-2.30007	0.86393	86.534	0.024547232	0.0019152395	-0.062220609	0.93620296	0.3459084	3303	5
3309	-2.25507	0.84793	86.354	0.11237249	0.0030247455	-0.67748366	0.16505808	0.71677871	3280	4
3310	-2.25807	0.86093	86.286	0.12988456	0.0031052253	-0.81610929	-0.57743582	0.023097433	3279	4
3311	-2.18907	0.89793	86.121	0.091039643	0.0033322546	-0.10546444	0.17046875	0.97970284	3277	4
3312	-1.89107	0.62593	85.551	0.10293435	0.0050305585	0.13990164	-0.84593667	0.51460536	3264	4
3313	-1.8766693	0.53885406	85.603971	0.12415878	0.0034778729	0.45048752	-0.67854628	0.58020336	3312	4
3314	-1.8207373	0.45460658	85.676008	0.10552423	0.0030058793	0.57491378	-0.52761894	0.62537381	3313	4
3315	-1.76007	0.39893	85.742	0.11959942	0.0022408391	0.96003732	-0.26510568	0.089706849	3314	5
3316	-1.6452501	0.36722352	85.752729	0.087818225	0.0019255829	0.82703261	-0.23257959	0.51178492	3315	5
3317	-1.76007	0.39893	85.742	0.12799178	0.0027992929	0.17200201	-0.24080953	0.95520996	3314	4
3318	-1.7380552	0.36810836	85.864259	0.038754677	0.0026355126	-0.026186356	-0.0046022671	0.99964648	3317	4
3319	-1.73907	0.36793	85.903	0.13471128	0.0024870775	0.57613209	-0.37784815	0.72477761	3318	4
3320	-1.6614585	0.31702959	86.000636	0.10660024	0.0022720904	0.47775556	-0.0080889608	0.87845557	3319	4
3321	-1.6105296	0.3161673	86.094279	0.038905806	0.0021406988	0.20475937	0.44029217	0.87419472	3320	4
3322	-1.73907	0.36793	85.903	0.034951145	0.0019869983	0.28594294	0.68533693	0.6697387	3318	5
3323	-1.50007	0.56293	84.748	0.1114828	0.0070859221	-0.97272992	0.21916287	0.075921885	3255	4
3324	-1.6085127	0.58736289	84.756464	0.11169421	0.0061691552	-0.96296253	0.25576176	0.085376093	3323	4
3325	-1.71607	0.61593	84.766	0.030675723	0.0031833443	0.19559441	0.94537298	-0.26079255	3324	5
3326	-1.71607	0.61593	84.766	0.10574249	0.0048435815	-0.75034582	0.54624113	0.37229261	3324	4
3327	-1.7954134	0.6736909	84.805367	0.036240617	0.0039429819	-0.40442364	0.64124464	0.65210952	3326	4
3328	-1.81007	0.69693	84.829	0.12431191	0.0030190518	-0.092803044	0.61137672	0.78587919	3327	5
3329	-1.8216065	0.77293141	84.926694	0.11438863	0.0027374133	-0.34389292	0.22827846	0.91083841	3328	5
3330	-1.860944	0.79904387	85.030884	0.082792804	0.002568315	-0.20685415	0.44552341	0.87104549	3329	5
3331	-1.87807	0.83593	85.103	0.11215358	0.0024159513	-0.67244951	0.23093491	0.70319323	3330	5
3332	-1.9534876	0.86183018	85.181866	0.12502504	0.0022227065	-0.98983058	0.08284372	0.11563887	3331	5
3333	-2.0772412	0.87218771	85.196323	0.11150899	0.0020371055	-0.98410322	0.03083473	0.17490015	3332	5
3334	-2.1869776	0.87562606	85.215826	0.13229771	0.0018672289	-0.90018508	0.30464576	0.31121984	3333	5
3335	-2.30607	0.91593	85.257	0.057572895	0.0017552525	-0.97252795	-0.20871367	-0.10309213	3334	5
3336	-1.87807	0.83593	85.103	0.047819464	0.0019130496	-0.7274447	0.67928709	-0.096918889	3330	6
3337	-1.81007	0.69693	84.829	0.10956153	0.0038252955	-0.39040555	0.34194097	0.85478646	3327	4
3338	-1.8528434	0.73439357	84.922652	0.10820117	0.0036817199	-0.18151014	0.1077626	0.97746677	3337	4
3339	-1.872483	0.74605361	85.028415	0.058350858	0.0035927716	-0.14716087	0.066432386	0.98687913	3338	4
3340	-1.88107	0.74993	85.086	0.017115578	0.0025238147	0.75673022	0.11491724	0.64354751	3339	5
3341	-1.88107	0.74993	85.086	0.11011619	0.0033869143	-0.062272999	0.1469004	0.98718911	3339	4
3342	-1.8879273	0.76610611	85.194706	0.059998239	0.0031508486	0.13095827	0.19707056	0.97160338	3341	4
3343	-1.88007	0.77793	85.253	0.12612206	0.0030238802	-0.16412083	-0.10388211	0.98095508	3342	4
3344	-1.9007693	0.76482817	85.37672	0.12504228	0.0028504055	-0.28246064	0.24093359	0.92852948	3343	4
3345	-1.9360888	0.79495506	85.492826	0.13406606	0.0026318042	-0.46977753	0.51448475	0.71736638	3344	4
3346	-1.99907	0.86393	85.589	0.10777177	0.0024108808	-0.72861491	-0.15747525	0.66657472	3345	4
3347	-2.0775941	0.84695861	85.660838	0.10603521	0.0021979357	-0.56771255	0.029831446	0.82268618	3346	4
3348	-1.88007	0.77793	85.253	0.016469535	0.0021922544	-0.57418516	0.42062512	0.70241434	3342	5
3349	0.80393	0.84593	82.476	0.10497204	0.044423738	0.029244303	0.013186083	0.99948532	1401	2
3350	0.80699983	0.84731417	82.580918	0.10633736	0.042964981	-0.00033125337	-0.0052171258	0.99998634	3349	2
3351	0.80696461	0.84675939	82.687254	0.10684904	0.041506224	-0.033753447	0.00019074443	0.99943017	3350	2
3352	0.80335809	0.84677978	82.794042	0.10551857	0.040047465	-0.061030155	0.048701811	0.99694707	3351	2
3353	0.79691827	0.85191872	82.899238	0.10290877	0.038588707	-0.081855818	0.14572885	0.98593241	3352	2
3354	0.78849459	0.8669155	83.0007	0.10049501	0.03712995	-0.095340164	0.29391064	0.95106613	3353	2
3355	0.77891338	0.89645205	83.096277	0.10008275	0.035671191	-0.10146887	0.47723967	0.87289539	3354	2
3356	0.7687581	0.94421551	83.183639	0.10132595	0.034419573	-0.10547509	0.64957236	0.75294804	3355	2
3357	0.75807073	1.010034	83.259932	0.10278441	0.033375093	-0.1107549	0.77658346	0.62020278	3356	2
3358	0.74668686	1.0898547	83.323679	0.10492632	0.032330612	-0.11526522	0.85497088	0.50570616	3357	2
3359	0.7345925	1.1795637	83.376741	0.1073196	0.03128613	-0.11884533	0.89648273	0.42684249	3358	2
3360	0.72183807	1.2757738	83.42255	0.10882124	0.03024165	-0.12277437	0.91369987	0.38740032	3359	2
3361	0.70847761	1.3752038	83.464707	0.10883375	0.029197169	-0.12778727	0.91331916	0.38667625	3360	2
3362	0.69457004	1.4746037	83.50679	0.10765723	0.028152687	-0.13338939	0.89937654	0.41632813	3361	2
3363	0.68020971	1.5714281	83.551611	0.053445895	0.027369327	-0.13620704	0.88878454	0.4376182	3362	2
3364	0.67293	1.61893	83.575	0.11032925	0.026784716	0.25499802	0.82463761	0.50492457	3363	2
3365	0.70106374	1.7099117	83.630708	0.11164177	0.026137734	0.35345108	0.78557674	0.50787944	3364	2
3366	0.74052364	1.7976148	83.687409	0.11183637	0.025490751	0.37863494	0.74321352	0.55160607	3365	2
3367	0.7828688	1.8807331	83.749098	0.1090308	0.024843769	0.287519	0.7105954	0.64217365	3366	2
3368	0.81421723	1.9582099	83.819115	0.10643684	0.024344395	0.15798432	0.66673995	0.72835348	3367	2
3369	0.83103258	2.0291756	83.896638	0.10589956	0.023992629	0.073340423	0.62196766	0.7796008	3368	2
3370	0.8387993	2.0950417	83.979198	0.10632815	0.023640863	0.032971705	0.59300759	0.80452151	3369	2
3371	0.84230512	2.1580951	84.064741	0.1065426	0.023289097	0.02135296	0.58355443	0.81179325	3370	2
3372	0.84458012	2.2202685	84.151232	0.10625422	0.022937331	0.036184133	0.59421078	0.80349503	3371	2
3373	0.84842483	2.2834059	84.236606	0.10571273	0.022585565	0.075644549	0.62245692	0.77898991	3372	2
3374	0.85642143	2.3492075	84.318956	0.10548582	0.0222338	0.11858062	0.65148528	0.74933675	3373	2
3375	0.86893	2.41793	84.398	0.15164432	0.021138652	0.65943782	0.75175911	0	3374	2
3376	0.96893	2.53193	84.398	0.11147176	0.020045731	0.65996186	0.69784561	0.27831969	3375	2
3377	1.0424971	2.6097201	84.429025	0.10844372	0.019698419	0.56934918	0.75698016	0.32065956	3376	2
3378	1.1042395	2.6918098	84.463798	0.053391531	0.019437936	0.48117269	0.80762201	0.34090986	3377	2
3379	1.12993	2.73493	84.482	0.10952215	0.0082850168	0.042726089	0.7464215	0.66410047	3378	3
3380	1.1346095	2.8166797	84.554734	0.13239779	0.0044003395	0.0099740857	-0.043427369	0.9990068	3379	3
3381	1.13593	2.81093	84.687	0.044695482	0.0023772771	0.28931895	-0.66862183	0.68501051	3380	4
3382	1.13593	2.81093	84.687	0.11438968	0.0032630956	-0.38465007	0.43710235	0.81301037	3380	3
3383	1.09193	2.86093	84.78	0.099358887	0.0029805379	-0.27428386	-0.2451852	0.92986697	3382	3
3384	1.0646775	2.8365687	84.872391	0.023079201	0.0028200854	-0.4182608	0.050698381	0.90691101	3383	3
3385	1.12993	2.73493	84.482	0.10610137	0.019206068	0.095356183	0.94322982	0.31815829	3378	2
3386	1.1400474	2.835008	84.515757	0.10611042	0.018915988	0.051912039	0.94812496	0.31363067	3385	2
3387	1.1455558	2.9356139	84.549037	0.1063487	0.01862591	0.0039434876	0.95113983	0.30873527	3386	2
3388	1.1459752	3.0367664	84.58187	0.10665784	0.01833583	-0.030708686	0.95151184	0.30607549	3387	2
3389	1.1426999	3.1382526	84.614515	0.10686778	0.01804575	-0.050406547	0.95058749	0.30633739	3388	2
3390	1.1373131	3.2398398	84.647253	0.10688552	0.01775567	-0.055437432	0.94920314	0.30974198	3389	2
3391	1.1313876	3.3412958	84.68036	0.10673017	0.01746559	-0.04859619	0.94772755	0.31535836	3390	2
3392	1.1262009	3.442447	84.714018	0.053311098	0.017248031	-0.042597471	0.94695155	0.31854076	3391	2
3393	1.12393	3.49293	84.731	0.11855142	0.0088544211	0.19222003	0.86723721	0.45929411	3392	3
3394	1.146718	3.5957422	84.78545	0.10591112	0.0067060396	0.37639877	0.88807054	0.26392174	3393	3
3395	1.1865828	3.6897987	84.813402	0.049387647	0.0048079837	0.5671083	0.81720128	-0.10281168	3394	3
3396	1.12393	3.49293	84.731	0.11143133	0.016834799	-0.035184751	0.93846115	0.34358797	3392	2
3397	1.1200093	3.597504	84.769286	0.1114061	0.016153374	-0.053553369	0.93427013	0.35252143	3396	2
3398	1.1140431	3.7015874	84.80856	0.11134965	0.015471948	-0.084551024	0.93057687	0.35619913	3397	2
3399	1.1046284	3.8052068	84.848222	0.055668017	0.014960878	-0.10236431	0.92913732	0.35528213	3398	2
3400	1.09893	3.85693	84.868	0.085469293	0.0077482162	0.093600868	0.99450922	0.046800434	3399	3
3401	1.10693	3.94193	84.872	0.064725028	0.0037850324	0.63450297	0.22399324	-0.73975199	3400	4
3402	1.10693	3.94193	84.872	0.10246014	0.0062967857	0.19081734	0.84759521	0.49514756	3400	3
3403	1.1264812	4.0287747	84.922733	0.04365108	0.0056012318	0.056100059	0.64500749	0.76211424	3402	3
3404	1.12893	4.05693	84.956	0.10217281	0.0054134481	0.80220098	0.51726857	-0.29817246	3403	3
3405	1.2108931	4.1097808	84.925535	0.036831871	0.0052284814	0.54400915	0.57420972	-0.61183106	3404	3
3406	1.23093	4.13093	84.903	0.056098896	0.0030771583	0.79727505	0.41640261	-0.43699125	3405	4
3407	1.23093	4.13093	84.903	0.050159745	0.0051141174	0.63796178	0.717707	0.27910828	3405	3
3408	1.26293	4.16693	84.917	0.096124919	0.0049625168	-0.20806259	0.39531893	0.89466916	3407	3
3409	1.24293	4.20493	85.003	0.084196199	0.0047836685	0.55821997	0.19003233	0.8076374	3408	3
3410	1.28993	4.22093	85.071	0.039508927	0.0030813202	0.53275144	-0.66787913	0.51972432	3409	4
3411	1.28993	4.22093	85.071	0.11115268	0.0045395431	0.53912525	0.014386708	0.84210272	3409	3
3412	1.3498552	4.2225291	85.164602	0.08981963	0.0042744361	0.82470597	0.48320038	0.29390042	3411	3
3413	1.42393	4.26593	85.191	0.019425403	0.0027797183	0.81384049	0.036658666	-0.57993085	3412	4
3414	1.42393	4.26593	85.191	0.070922493	0.0040849699	0.35249748	0.47939657	0.80369425	3412	3
3415	1.44893	4.29993	85.248	0.10171529	0.0039223749	0.50139955	0.51123091	0.69802682	3414	3
3416	1.49993	4.35193	85.319	0.037451516	0.0025972817	0.34792483	-0.46505961	0.81404415	3415	4
3417	1.49993	4.35193	85.319	0.13039825	0.0036777472	0.63224836	0.66828175	0.39199684	3415	3
3418	1.5823741	4.4390728	85.370116	0.11926204	0.0033975452	0.81399034	0.52301194	0.25274146	3417	3
3419	1.6794522	4.5014482	85.400258	0.1287308	0.0031268525	0.76597315	0.62418926	0.15386002	3418	3
3420	1.7780566	4.5818006	85.420065	0.069507095	0.0029133993	0.65998208	0.74998638	-0.044091722	3419	3
3421	1.44893	4.29993	85.248	0.059210488	0.0026388853	-0.29622603	0.22365654	0.92856227	3414	4
3422	1.24293	4.20493	85.003	0.03147647	0.0032197165	0.30566483	0.94304695	0.13126869	3408	4
3423	1.26293	4.16693	84.917	0.1198207	0.003678018	-0.34217794	0.91803837	-0.20029928	3407	4
3424	1.22193	4.27693	84.893	0.11999763	0.0034225358	0.7271794	0.68640003	-0.0080699022	3423	4
3425	1.3091898	4.3592964	84.892032	0.059773526	0.0032060517	0.64811628	0.72998242	0.21695841	3424	4
3426	1.34793	4.40293	84.905	0.06995713	0.0030955766	0.12865022	0.9577294	0.25730044	3425	4
3427	1.35693	4.46993	84.923	0.11795762	0.0029332297	0.70364255	0.66973206	0.23737339	3426	4
3428	1.43993	4.54893	84.951	0.039610605	0.0027877584	0.70688141	-0.025245765	0.70688141	3427	4
3429	1.46793	4.54793	84.979	0.10879899	0.0026893509	0.8909296	-0.29140798	0.34831859	3428	4
3430	1.5648622	4.5162251	85.016897	0.11856594	0.0025068551	0.95613078	0.079860544	0.28184434	3429	4
3431	1.6782268	4.5256938	85.050314	0.099469414	0.0022858591	0.96909088	0.22495864	0.10127426	3430	4
3432	1.7746217	4.5480704	85.060388	0.050944563	0.0021311827	0.91009543	0.22619371	0.34722141	3431	4
3433	1.46793	4.54793	84.979	0.056190449	0.0019698352	0.17508536	0.5413509	0.82236508	3428	5
3434	1.43993	4.54893	84.951	0.021636158	0.0021043168	-0.0015598888	0.74324369	-0.66901898	3427	5
3435	1.35693	4.46993	84.923	0.039161515	0.0021715671	0.11751812	0.4360946	0.89219448	3426	5
3436	1.34793	4.40293	84.905	0.026774307	0.0022560387	0.14436065	-0.29088201	0.9458053	3425	5
3437	1.22193	4.27693	84.893	0.081386008	0.0023232242	0.44835453	0.20934692	-0.86899487	3423	5
3438	1.12893	4.05693	84.956	0.13130499	0.0033741322	-0.030463428	0.97482968	0.22085985	3403	4
3439	1.09893	3.85693	84.868	0.11536048	0.014417459	-0.2874627	0.91977953	0.26715315	3399	2
3440	1.0657682	3.9630362	84.898819	0.11141397	0.013700293	-0.28317129	0.95905519	0.005211157	3439	2
3441	1.0342189	4.0698884	84.8994	0.11338334	0.013006496	-0.41707122	0.90878999	-0.012343187	3440	2
3442	0.98693	4.17293	84.898	0.10055396	0.0067915659	0.41964934	0.88550783	0.19942495	3441	3
3443	1.0291274	4.2619713	84.918053	0.14134411	0.0056367421	0.53649364	0.84348773	0.026514691	3442	3
3444	1.1049576	4.3811933	84.921801	0.10646783	0.0048186314	0.17262495	0.89476872	-0.41181253	3443	3
3445	1.1233366	4.4764574	84.877956	0.10801616	0.0045043491	0.074544148	0.90779312	-0.41274061	3444	3
3446	1.1313886	4.5745137	84.833373	0.027695591	0.0043420979	0.38061677	0.84548656	-0.37454419	3445	3
3447	1.14193	4.59793	84.823	0.062713635	0.0042418275	0.70160181	0.54214686	-0.46241938	3446	3
3448	1.18593	4.63193	84.794	0.037229021	0.0041238241	0.83268373	0.53721531	0.13430383	3447	3
3449	1.21693	4.65193	84.799	0.11340033	0.0039488732	0.39420589	0.66177222	-0.63769839	3448	3
3450	1.2616331	4.7269752	84.726685	0.14673539	0.0037022732	0.47918971	0.69788595	-0.53228979	3449	3
3451	1.3319472	4.8293798	84.648579	0.14438705	0.0033732783	0.54933259	0.67056807	-0.49857012	3450	3
3452	1.4112637	4.9262011	84.576592	0.11134399	0.0030192769	0.55407474	0.50420474	-0.66240378	3451	3
3453	1.4729566	4.9823413	84.502837	0.023642811	0.0028379086	0.41473486	0.74678652	-0.51990854	3452	3
3454	1.21693	4.65193	84.799	0.017528767	0.0027011307	-0.28330216	0.82612415	0.48709217	3448	4
3455	1.18593	4.63193	84.794	0.12342443	0.0029221749	-0.11925028	0.98890025	-0.088632167	3447	4
3456	1.1712116	4.7539845	84.783061	0.06954947	0.0026119026	-0.018427194	0.94818187	-0.31719329	3455	4
3457	1.16993	4.81993	84.761	0.11921814	0.002402449	0.67063434	0.64951267	-0.35830557	3456	4
3458	1.2498818	4.8973637	84.718283	0.034376786	0.0022683894	0.72863771	0.65644032	0.19537962	3457	4
3459	1.27493	4.91993	84.725	0.038606269	0.0017707205	0.57052242	0.78960115	-0.22590749	3458	5
3460	1.27493	4.91993	84.725	0.066740572	0.0021696998	0.14760497	0.82257552	-0.54916509	3458	4
3461	1.16993	4.81993	84.761	0.066102681	0.0018819054	-0.28549659	0.89493935	-0.34289249	3456	5
3462	1.14193	4.59793	84.823	0.058970179	0.0026568006	-0.23913371	0.97093964	-0.009553955	3446	4
3463	0.98693	4.17293	84.898	0.11168259	0.012498414	-0.170125	0.93121053	0.32234211	3441	2
3464	0.96793	4.27693	84.934	0.048774994	0.01218282	-0.26653002	0.8815993	0.38954387	3463	2
3465	0.95493	4.31993	84.953	0.039837169	0.011938957	-0.62755464	0.27612404	0.72796338	3464	2
3466	0.92993	4.33093	84.982	0.066340033	0.0066890352	-0.76876657	0.45221563	0.45221563	3465	3
3467	0.87893	4.36093	85.012	0.095227843	0.0062877376	0.42884597	0.5322739	0.72991481	3466	3
3468	0.91976808	4.4116173	85.081508	0.12835499	0.0059032842	0.64419266	0.1966009	0.73916433	3467	3
3469	1.0024534	4.436852	85.176384	0.12727197	0.0055771694	0.16594361	0.34707109	0.92304083	3468	3
3470	1.0235734	4.4810244	85.293861	0.031611134	0.005365509	0.074550042	0.15518508	0.98506847	3469	3
3471	1.02593	4.48593	85.325	0.13048698	0.0051926007	0.4231524	0.20890958	0.88164552	3470	3
3472	1.0811459	4.51319	85.440043	0.12440979	0.0048747496	0.15083375	0.34777803	0.92536459	3471	3
3473	1.0999111	4.556457	85.555168	0.094638108	0.0045944	0.14813193	0.31142875	0.93865279	3472	3
3474	1.11393	4.58593	85.644	0.074054478	0.0028761024	0.4542156	0.59925095	0.65923174	3473	4
3475	1.11393	4.58593	85.644	0.060737139	0.0044186189	0.13171513	0.082321955	0.98786346	3473	3
3476	1.12193	4.59093	85.704	0.056621551	0.0042836128	0.15895008	-0.1766112	0.9713616	3475	3
3477	1.13093	4.58093	85.759	0.07772387	0.0041475699	0.48891029	-0.52750847	0.69476726	3476	3
3478	1.16893	4.53993	85.813	0.024025008	0.0026890463	0.7274061	0.67072201	0.14495638	3477	4
3479	1.16893	4.53993	85.813	0.034775089	0.0027070094	0.38797528	-0.35862596	0.84903628	3477	4
3480	1.16893	4.53993	85.813	0.11197768	0.0039296091	0.36614441	0.41972652	0.83052268	3477	3
3481	1.20993	4.58693	85.906	0.11938898	0.0036491398	0.91080758	0.02192716	0.41224842	3480	3
3482	1.3186704	4.5895479	85.955218	0.1368613	0.0033419199	0.71672882	0.21336203	0.66390997	3481	3
3483	1.4167628	4.6187489	86.046082	0.12346461	0.0030110869	0.38542659	0.15598315	0.90945896	3482	3
3484	1.20993	4.58693	85.906	0.028456498	0.0025589713	-0.2112984	-0.14203698	0.96704627	3480	4
3485	1.16893	4.53993	85.813	0.03392872	0.0027243679	-0.55291468	-0.68769978	0.47048313	3477	4
3486	1.13093	4.58093	85.759	0.061274419	0.0028879003	-0.64973347	-0.7131382	0.26321155	3476	4
3487	1.13093	4.58093	85.759	0.11260121	0.0026480474	-0.93339851	-0.32872092	0.1439089	3476	4
3488	1.12193	4.59093	85.704	0.12829158	0.0027075271	-0.24641134	0.6161891	0.74805912	3475	4
3489	1.02593	4.48593	85.325	0.079617837	0.0031150677	0.087919997	0.91687997	0.38935999	3470	4
3490	0.87893	4.36093	85.012	0.11808466	0.0035587163	-0.73228031	0.64585827	0.21594593	3466	4
3491	0.92993	4.33093	84.982	0.10839723	0.011720819	-0.94424988	0.30803658	-0.11621373	3465	2
3492	0.82757593	4.3643203	84.969403	0.053891566	0.011523598	-0.93977466	0.32676148	-0.10025231	3491	2
3493	0.77693	4.38193	84.964	0.1111109	0.011133037	-0.65287873	0.61421056	0.44327729	3492	2
3494	0.70438806	4.4501755	85.013253	0.10909002	0.010569804	-0.81599043	0.52390736	0.24429633	3493	2
3495	0.61537164	4.5073286	85.039903	0.15023312	0.010114463	-0.55541442	0.79610572	0.24027171	3494	2
3496	0.53193	4.62693	85.076	0.1297968	0.0051105407	-0.11438778	0.53277808	0.83848849	3495	3
3497	0.51708283	4.6960829	85.184833	0.10077971	0.0043202529	0.018937886	0.61983301	0.78450519	3496	3
3498	0.51899139	4.7585495	85.263895	0.11129151	0.0040212056	0.24205453	0.72225203	0.64789012	3497	3
3499	0.54593	4.83893	85.336	0.1004252	0.0026200116	-0.07758009	-0.036917052	0.99630239	3498	4
3500	0.538139	4.8352226	85.436054	0.098975385	0.0022292537	0.70952656	-0.20269007	0.6748991	3499	4
3501	0.54593	4.83893	85.336	0.12863421	0.0037287638	-0.56299676	0.1857063	0.80532467	3498	3
3502	0.47350936	4.8628182	85.439592	0.11348874	0.0034676963	-0.4104315	0.036231051	0.91117138	3501	3
3503	0.42693	4.86693	85.543	0.097114978	0.0032077695	-0.15931864	0.47885773	0.86331503	3502	3
3504	0.41145777	4.9134343	85.626841	0.1037315	0.0029266329	-0.37989984	0.62286825	0.68389419	3503	3
3505	0.53193	4.62693	85.076	0.032664966	0.0096975066	-0.27552455	0.949029	-0.15306919	3495	2
3506	0.52293	4.65793	85.071	0.072539644	0.0043976012	0.13785565	0.97877513	0.15164122	3505	3
3507	0.52293	4.65793	85.071	0.13550819	0.0092630694	-0.91553144	0.39711347	-0.064055167	3505	2
3508	0.39886799	4.7117421	85.06232	0.13273038	0.0087942905	-0.93375747	0.22743753	0.27634969	3507	2
3509	0.27493	4.74193	85.099	0.081980773	0.0040466768	-0.82620506	-0.34583376	0.44472937	3508	3
3510	0.27493	4.74193	85.099	0.1091135	0.0082566197	-0.59622547	0.67015794	0.44204471	3508	2
3511	0.20987375	4.8150533	85.147233	0.10431738	0.0076793432	0.24791138	0.96835795	-0.028684998	3510	2
3512	0.23573521	4.9160698	85.144241	0.1133001	0.0072097833	0.14400621	0.96275704	0.22882546	3511	2
3513	0.25205113	5.0251503	85.170167	0.13987144	0.0067180611	0.067522244	0.9890124	0.13151132	3512	2
3514	0.26149557	5.1634849	85.188561	0.10117442	0.006210915	0.026843339	0.98213164	-0.18627098	3513	2
3515	0.26421143	5.2628515	85.169715	0.054079457	0.0058911229	0.21669179	0.926017	-0.30909091	3514	2
3516	0.27593	5.31293	85.153	0.091806626	0.0055172245	0.65611031	0.70216754	-0.2765502	3515	2
3517	0.33616527	5.3773936	85.127611	0.017880767	0.0052112149	0.32239818	0.9248131	-0.20194097	3516	2
3518	0.34193	5.39393	85.124	0.045373823	0.0029052988	0.53110194	0.22999219	0.81549637	3517	3
3519	0.34193	5.39393	85.124	0.096041882	0.0050092903	0.748999	0.60982571	0.25906199	3517	2
3520	0.27593	5.31293	85.153	0.015424467	0.0031885497	-0.31874075	0.94662661	-0.047983323	3515	3
3521	0.77693	4.38193	84.964	0.046151923	0.0051248189	-0.75836493	-0.23834326	0.60669195	3492	3
3522	0.95493	4.31993	84.953	0.13239713	0.0063746421	-0.21148495	0.96678833	-0.14350764	3464	3
3523	0.92693	4.44793	84.934	0.11373491	0.0051584969	-0.072689072	0.72448055	0.68545185	3522	3
3524	0.91866271	4.5303287	85.01196	0.085066909	0.0044071609	-0.11441247	0.92399348	0.36489154	3523	3
3525	0.90893	4.60893	85.043	0.10541204	0.0030342216	0.56568456	0.80189973	-0.19224412	3524	4
3526	0.96855996	4.6934599	85.022735	0.028802173	0.002789642	0.88083766	0.3635183	-0.30328115	3525	4
3527	0.99393	4.70393	85.014	0.12947188	0.002609541	0.335402	0.79443138	-0.50634404	3526	4
3528	1.0373551	4.8067865	84.948443	0.14149163	0.0024072839	0.13566546	0.98487881	0.10774323	3527	4
3529	1.0565507	4.9461386	84.963687	0.10246271	0.0022680076	0.23793384	0.92513042	0.29583982	3528	4
3530	1.08093	5.04093	84.994	0.026422224	0.0021542529	0.3563303	0.44398363	0.82213579	3529	4
3531	0.99393	4.70393	85.014	0.094588583	0.0020376112	0.17972571	0.98320534	-0.031716301	3526	5
3532	0.90893	4.60893	85.043	0.093026878	0.0042160587	-0.66647405	0.54822865	0.50523033	3524	3
3533	0.84693	4.65993	85.09	0.024791887	0.002741375	0.34340871	0.91657457	0.20484508	3532	4
3534	0.84693	4.65993	85.09	0.067453688	0.0040506961	-0.74124932	0.34097469	0.57817447	3532	3
3535	0.79693	4.68293	85.129	0.04180485	0.0026539486	-0.18971334	0.89134582	0.41171771	3534	4
3536	0.79693	4.68293	85.129	0.12197541	0.0038322078	-0.74605203	0.66406829	-0.049190244	3534	3
3537	0.70593	4.76393	85.123	0.12380258	0.0035287294	-0.68449245	0.53016945	0.50039028	3536	3
3538	0.62118807	4.8295663	85.18495	0.10534802	0.0032190301	-0.56358152	0.76567323	0.31003286	3537	3
3539	0.56181587	4.9102285	85.217611	0.11367113	0.0029561425	-0.2629152	0.67476669	0.68961258	3538	3
3540	0.70593	4.76393	85.123	0.034804556	0.0024746671	-0.98375345	0.17943053	-0.0058170815	3536	4
3541	0.84693	4.65993	85.09	0.061460706	0.0027111778	-0.27208981	0.60701862	-0.74665623	3532	4
3542	0.92693	4.44793	84.934	0.065772335	0.003254558	-0.47132279	0.88182973	0.015203961	3522	4
3543	0.96793	4.27693	84.934	0.1400224	0.0068984811	-0.6730918	0.64842652	-0.35565501	3463	3
3544	0.87368207	4.3677242	84.8842	0.10536983	0.0065752076	-0.50797673	0.61696155	-0.60109741	3543	3
3545	0.82015665	4.4327334	84.820863	0.10810044	0.0063984428	-0.49238145	0.61236228	-0.61852481	3544	3
3546	0.76693	4.49893	84.754	0.046141088	0.0044386602	-0.60683441	-0.1517086	-0.78021567	3545	4
3547	0.73893	4.49193	84.718	0.030265492	0.00255582	-0.46257302	-0.79298232	-0.39649116	3546	5
3548	0.73893	4.49193	84.718	0.13367206	0.003919897	-0.89060059	-0.20532335	-0.40579911	3546	4
3549	0.61988158	4.464484	84.663756	0.099811867	0.0035799092	-0.91123014	-0.33617249	-0.23800773	3548	4
3550	0.52893	4.43093	84.64	0.017870935	0.0025033971	-0.98345139	-0.099135309	0.15164288	3549	5
3551	0.52893	4.43093	84.64	0.10344197	0.0034154133	-0.85125342	0.49758329	-0.16666878	3549	4
3552	0.44087467	4.482401	84.622759	0.14231971	0.0032662097	-0.53947642	0.67891359	-0.49803768	3551	4
3553	0.36409654	4.5790238	84.551879	0.10065847	0.0031054133	-0.30305012	0.71946034	-0.62492996	3552	4
3554	0.33359198	4.6514436	84.488974	0.14315761	0.002855648	-0.48245175	0.74144732	-0.46636487	3553	4
3555	0.26452534	4.7575874	84.422211	0.11737339	0.0025578253	-0.49922167	0.57374687	-0.64930135	3554	4
3556	0.20593	4.82493	84.346	0.14616758	0.0023390544	-0.37244708	0.7782821	-0.50552956	3555	4
3557	0.15149031	4.9386896	84.272108	0.056861293	0.0021910905	-0.15054727	0.65493394	-0.74053836	3556	4
3558	0.20593	4.82493	84.346	0.050232735	0.0018508218	-0.8072925	0.57811958	0.11856044	3555	5
3559	0.76693	4.49893	84.754	0.064195015	0.0060931351	-0.52963614	0.6075238	-0.59194627	3545	3
3560	0.73293	4.53793	84.716	0.048600412	0.0058134351	-0.51439894	0.74073447	0.43209511	3559	3
3561	0.70793	4.57393	84.737	0.10091654	0.0038344092	-0.98756365	-0.10721867	0.11498779	3560	4
3562	0.6082685	4.5631099	84.748604	0.12239087	0.0032699539	-0.99818165	0.030834947	0.051793829	3561	4
3563	0.48610018	4.5668838	84.754943	0.099897851	0.0031011482	-0.8989328	0.4366693	0.03520999	3562	4
3564	0.39629872	4.6105061	84.758461	0.1018983	0.0029296284	-0.85875766	0.46421936	0.21687706	3563	4
3565	0.30879277	4.6578093	84.78056	0.050761183	0.0027810386	-0.88380079	0.31757992	0.34356827	3564	4
3566	0.26393	4.67393	84.798	0.11758576	0.0026298966	-0.81833092	0.32463341	0.47428648	3565	4
3567	0.16770594	4.7121023	84.853769	0.10067596	0.0024220909	-0.90166448	0.20687892	0.37973975	3566	4
3568	0.07693	4.73293	84.892	0.11951363	0.0022117478	-0.86023955	0.50185224	0.090178979	3567	4
3569	0.26393	4.67393	84.798	0.040425069	0.001967643	-0.65533283	0.75505437	-0.020779185	3565	5
3570	0.70793	4.57393	84.737	0.10511898	0.0056653079	-0.56126876	0.8276336	0	3560	3
3571	0.64893	4.66093	84.737	0.10731036	0.005491298	-0.38159414	0.75419841	-0.53438813	3570	3
3572	0.607981	4.7418633	84.679655	0.10177226	0.0053139835	-0.51275149	0.66967461	-0.53723535	3571	3
3573	0.55579712	4.8100176	84.624979	0.11887732	0.0050036314	-0.7843075	0.5478349	-0.29109907	3572	3
3574	0.46256074	4.8751427	84.590374	0.10008032	0.0046568737	-0.4159733	0.90714392	-0.063687712	3573	3
3575	0.42093	4.96593	84.584	0.05416641	0.0044539818	0.70154178	0.68308016	0.20307788	3574	3
3576	0.45893	5.00293	84.595	0.068889263	0.0029250629	0.48723576	0.580515	-0.65238305	3575	4
3577	0.45893	5.00293	84.595	0.042871902	0.0043235795	-0.41985541	0.81638552	-0.39653011	3575	3
3578	0.44093	5.03793	84.578	0.13726695	0.0041290657	-0.26988598	0.93021881	-0.24870569	3577	3
3579	0.40388357	5.1656183	84.543861	0.10296156	0.0038343492	-0.11075299	0.97119813	-0.21096911	3578	3
3580	0.39248027	5.2656144	84.522139	0.11943093	0.0035254103	-0.1695364	0.91288754	-0.37134048	3579	3
3581	0.37223238	5.3746414	84.47779	0.10361527	0.0032387065	-0.035437304	0.81209688	-0.58244558	3580	3
3582	0.36856054	5.458787	84.417439	0.099856025	0.0030009917	-0.41395869	0.68202413	-0.60289409	3581	3
3583	0.32722427	5.5268912	84.357237	0.037114348	0.0028505921	-0.46912898	0.82813561	-0.30677258	3582	3
3584	0.44093	5.03793	84.578	0.044568894	0.0028681068	-0.20447277	0.48258854	0.85164499	3577	4
3585	0.42093	4.96593	84.584	0.11027004	0.0029674523	-0.78882061	0.39891027	0.4675817	3574	4
3586	0.33394672	5.0099179	84.63556	0.11592113	0.0023442522	-0.34520643	0.90589308	0.24533703	3585	4
3587	0.64893	4.66093	84.737	0.10167899	0.0040142334	-0.88816587	0.18916072	0.41878349	3570	4
3588	0.55862219	4.6801637	84.779581	0.10210721	0.0036827741	-0.8882055	0.1739968	0.42522477	3587	4
3589	0.46793	4.69793	84.823	0.029222797	0.0023903754	-0.35723661	0.85133528	0.38420079	3588	5
3590	0.46793	4.69793	84.823	0.10352056	0.0031851019	0.34713441	0.92457529	-0.15702941	3588	4
3591	0.50386555	4.7936425	84.806744	0.12750056	0.0027460855	0.68125036	0.73130812	0.032960256	3590	4
3592	0.59072535	4.8868847	84.810947	0.09703077	0.0025263724	0.49736076	0.8190586	0.28596378	3591	4
3593	0.63898465	4.9663586	84.838694	0.1199012	0.0023190577	0.053449933	0.99840767	0.01803438	3592	4
3594	0.64539336	5.0860689	84.840856	0.062802585	0.0021615759	-0.22438212	0.96822622	-0.11041124	3593	4
3595	0.73293	4.53793	84.716	0.056328534	0.003383781	-0.6974242	0.43951692	-0.56606038	3559	4
3596	1.12393	3.49293	84.731	0.12492725	0.00657402	-0.39539027	0.65708476	0.64179915	3392	3
3597	1.074535	3.5750178	84.811178	0.1028018	0.0030824562	-0.44462919	0.44786756	0.77570582	3596	3
3598	1.0288263	3.6210594	84.890922	0.062038532	0.0028686219	-0.095042527	0.41700883	0.90391955	3597	3
3599	0.96893	2.53193	84.398	0.10765847	0.011514558	0.65365906	0.74586725	0.12810884	3375	3
3600	1.0393019	2.6122289	84.411792	0.10766015	0.011167317	0.65295981	0.74566844	0.13274809	3599	3
3601	1.1095997	2.6925077	84.426084	0.10761473	0.010820077	0.65353799	0.74731681	0.12002371	3600	3
3602	1.17993	2.77293	84.439	0.11210766	0.010295867	0.65716405	0.75292693	-0.035163168	3601	3
3603	1.2536031	2.8573389	84.435058	0.056062435	0.0097699839	0.64797177	0.75970876	-0.054545249	3602	3
3604	1.28993	2.89993	84.432	0.10483461	0.0094857961	0.47315786	0.87165757	-0.12780734	3603	3
3605	1.3395333	2.9913099	84.418601	0.10191226	0.0092680096	0.55338463	0.82051084	-0.1432739	3604	3
3606	1.39593	3.07493	84.404	0.10406031	0.0090585363	0.95207152	0.27143598	-0.14100474	3605	3
3607	1.4950029	3.1031757	84.389327	0.10543982	0.0088573756	0.97691537	0.16916473	-0.1304594	3606	3
3608	1.5980086	3.1210124	84.375571	0.10645842	0.0086562145	0.98556186	0.12133928	-0.11808729	3607	3
3609	1.70293	3.13393	84.363	0.10762793	0.0055451978	0.28945132	0.89095461	-0.34988258	3608	4
3610	1.734083	3.2298216	84.325343	0.07743024	0.0036929173	0.085504132	0.97124925	-0.22217996	3609	4
3611	1.70293	3.13393	84.363	0.030740852	0.0083565856	0.97590007	0.097590007	0.19518001	3608	3
3612	1.73293	3.13693	84.369	0.11192997	0.0080847189	0.60767561	-0.42743106	0.66935271	3611	3
3613	1.8009471	3.0890877	84.443921	0.11159775	0.0079390821	0.55541344	-0.44945042	0.69965008	3612	3
3614	1.86293	3.03893	84.522	0.10376285	0.0077560591	0.3060868	-0.50290862	0.80832777	3613	3
3615	1.8946904	2.9867468	84.605874	0.10403064	0.0075356496	0.25823334	-0.49524415	0.82948706	3614	3
3616	1.9215546	2.9352262	84.692166	0.05210016	0.0073703426	0.23753057	-0.4855302	0.84133207	3615	3
3617	1.93393	2.90993	84.736	0.027158049	0.0041590213	0.57578285	-0.60229648	0.55291325	3616	4
3618	1.93393	2.90993	84.736	0.040249224	0.0071451058	0.099380799	-0.049690399	0.99380799	3616	3
3619	1.93793	2.90793	84.776	0.036851052	0.0038987313	0.8412243	0.51558909	0.16281761	3618	4
3620	1.93793	2.90793	84.776	0.037709415	0.0069308813	-0.18563003	-0.053037152	0.98118732	3618	3
3621	1.93093	2.90593	84.813	0.038742741	0.0039341922	0.61947088	-0.56784831	0.54203702	3620	4
3622	1.93093	2.90593	84.813	0.041303753	0.0068421588	0.387374	0.89580238	0.21789788	3620	3
3623	1.94693	2.94293	84.822	0.041243181	0.0067509568	0.63040724	-0.024246432	0.77588583	3622	3
3624	1.97293	2.94193	84.854	0.041915409	0.0039501584	0.84973552	0.1345064	0.50976228	3623	4
3625	1.97293	2.94193	84.854	0.10414108	0.0066303305	0.19744438	0.20558406	0.95851495	3623	3
3626	1.9934921	2.9633397	84.953821	0.051951915	0.006519245	0.18166664	0.18459866	0.96587813	3625	3
3627	2.00293	2.97293	85.004	0.11509928	0.0063579072	0.13005662	-0.17195761	0.97648137	3626	3
3628	2.0178994	2.9531378	85.116392	0.10859239	0.0060920708	0.11517951	-0.01855473	0.99317139	3627	3
3629	2.030407	2.9511229	85.224243	0.1053891	0.0058183862	-0.092995786	0.050821343	0.99436863	3628	3
3630	2.0206063	2.9564789	85.329039	0.10346577	0.005580659	-0.10957561	-0.06636621	0.99176041	3629	3
3631	2.009269	2.9496123	85.431652	0.13862232	0.0052543116	0.10922276	-0.066266144	0.99180602	3630	3
3632	2.0244097	2.9404263	85.569138	0.14854706	0.0048995767	0.0021807588	0.23974968	0.97083229	3631	3
3633	2.0247336	2.9760404	85.713353	0.11481059	0.0046873698	0.11100833	0.3295079	0.93760423	3632	3
3634	2.0374786	3.0138714	85.821	0.11623304	0.0045308707	0.11572816	0.30162313	0.94637756	3633	3
3635	2.05093	3.04893	85.931	0.033389143	0.0029491937	0.46624671	0.35551824	0.81007456	3634	4
3636	2.05093	3.04893	85.931	0.057567352	0.0042327266	-0.41690297	-0.64272541	0.64272541	3634	3
3637	2.02693	3.01193	85.968	0.14824313	0.0038844322	-0.42959675	-0.17424942	0.88604953	3636	3
3638	1.9632452	2.9860987	86.099351	0.095380476	0.0036445071	-0.54123654	-0.075678097	0.83745796	3637	3
3639	1.9116218	2.9788805	86.179228	0.11614887	0.0033588534	-0.78064523	-0.036600639	0.62390177	3638	3
3640	1.8209508	2.9746294	86.251693	0.1084695	0.0030132585	0.052090268	-0.47729352	0.87719867	3639	3
3641	2.02693	3.01193	85.968	0.11027162	0.0025561207	0.15620272	-0.32916555	0.93126299	3636	4
3642	2.00293	2.97293	85.004	0.039749214	0.003635	-0.050315461	0.75473191	0.65410099	3626	4
3643	1.94693	2.94293	84.822	0.062920205	0.00381118	-0.16308261	0.59423122	0.78758702	3622	4
3644	1.93093	2.90593	84.813	0.032202876	0.003924447	-0.45916658	-0.56389931	0.68642816	3620	4
3645	1.86293	3.03893	84.522	0.033719431	0.0046460778	-0.41519088	-0.86003825	0.29656491	3613	4
3646	1.84893	3.00993	84.532	0.034296332	0.0023000378	0.79904681	-0.60126692	-0.0015125524	3645	5
3647	1.84893	3.00993	84.532	0.023964059	0.0028508137	0.24826241	-0.58375179	0.77304568	3645	4
3648	1.73293	3.13693	84.369	0.11744449	0.0049455988	0.73834783	-0.64974214	0.18076958	3611	4
3649	1.8196449	3.0606214	84.39023	0.025201857	0.0033983586	0.96362411	-0.26551088	0.030537804	3648	4
3650	1.84393	3.05393	84.391	0.12040764	0.0029185817	0.97169913	0.23254338	0.041525604	3649	4
3651	1.96093	3.08193	84.396	0.11505559	0.0027294268	0.90303392	0.4020716	0.15122225	3650	4
3652	2.0648291	3.1281906	84.413399	0.10718783	0.0025137981	0.8126006	0.41739265	0.40677223	3651	4
3653	2.15193	3.17293	84.457	0.10689572	0.0023337891	0.9224489	0.32636034	0.20634185	3652	4
3654	2.2505358	3.2078165	84.479057	0.086703884	0.0021869986	0.8309153	0.54861544	0.092740786	3653	4
3655	2.15193	3.17293	84.457	0.023824384	0.0018506153	0.48712484	0.85548431	0.17565873	3652	5
3656	1.96093	3.08193	84.396	0.017623083	0.0021416213	0.82535571	-0.33998378	0.45077597	3650	5
3657	1.84393	3.05393	84.391	0.029223278	0.0021303219	0.65016662	0.10265789	0.7528245	3649	5
3658	1.73293	3.13693	84.369	0.11988159	0.0052103875	0.95845319	-0.094941098	0.26898638	3611	4
3659	1.8478309	3.1255483	84.401247	0.13898705	0.0041816801	0.85898133	0.37151876	0.35231361	3658	4
3660	1.9672182	3.1771846	84.450214	0.11210134	0.0039716477	0.69322834	0.72028926	0.024856573	3659	4
3661	2.04493	3.25793	84.453	0.1307402	0.0037643601	0.39773535	0.80311947	0.4436279	3660	4
3662	2.09693	3.36293	84.511	0.047581872	0.0023908528	0.31467062	0.49730361	0.80849955	3661	5
3663	2.09693	3.36293	84.511	0.094154129	0.0035128278	-0.14869236	0.90277507	0.40359356	3661	4
3664	2.08293	3.44793	84.549	0.10248692	0.003328217	-0.021047941	0.73090186	0.68215793	3663	4
3665	2.0807729	3.5228379	84.618912	0.11355193	0.0031491732	-0.079287356	0.79638353	0.59957217	3664	4
3666	2.0717696	3.6132688	84.686995	0.022449406	0.0029980996	0.1853221	0.87580182	0.44567577	3665	4
3667	2.07593	3.63293	84.697	0.014371915	0.0021516375	0.51370536	0.13955713	-0.84654038	3666	5
3668	2.07593	3.63293	84.697	0.046850827	0.002934947	-0.66167455	0.74705191	-0.064033021	3666	4
3669	2.04493	3.66793	84.694	0.034190642	0.0028698834	0.26322992	0.93592861	0.23398215	3668	4
3670	2.05393	3.69993	84.702	0.12236342	0.0021275964	0.14798667	0.98763091	-0.051818219	3669	5
3671	2.0720382	3.8207799	84.695659	0.11730928	0.0018532734	-0.26778581	0.95364127	0.13732838	3670	5
3672	2.0406244	3.9326509	84.711769	0.028057636	0.0017430677	-0.23860901	0.96994262	-0.04771846	3671	5
3673	2.05393	3.69993	84.702	0.053609701	0.0028021843	-0.13057338	0.96997371	-0.20518675	3669	4
3674	2.04693	3.75193	84.691	0.10102475	0.0026736817	-0.28705837	0.88097224	0.37614545	3673	4
3675	2.01793	3.84093	84.729	0.10504983	0.0025005214	-0.20851136	0.77057963	0.60227074	3674	4
3676	1.9960259	3.9218793	84.792268	0.1415833	0.002299146	-0.25431128	0.88317789	0.39410986	3675	4
3677	1.9600197	4.0469225	84.848068	0.067955929	0.0021421184	-0.25148192	0.91246637	0.32274134	3676	4
3678	2.04693	3.75193	84.691	0.014840976	0.001991191	-0.45769343	0.72279824	-0.51776387	3673	5
3679	2.04693	3.75193	84.691	0.024522188	0.0019901224	-0.69285466	0.48986248	0.52913814	3673	5
3680	2.04493	3.66793	84.694	0.023757748	0.0020926041	-0.71626632	0.19059571	0.67129415	3668	5
3681	2.08293	3.44793	84.549	0.025032388	0.0024614814	-0.57893747	0.23962706	0.77936531	3663	5
3682	2.04493	3.25793	84.453	0.14568459	0.0029666821	0.041184864	0.97470844	-0.21965261	3660	5
3683	2.05093	3.39993	84.421	0.026926716	0.0021032563	0.42781629	0.63453478	0.64369157	3682	6
3684	2.05093	3.39993	84.421	0.099991612	0.0025684178	-0.21848424	0.8601785	-0.46082273	3682	5
3685	2.0290834	3.4859406	84.374922	0.10243833	0.0022767266	0.21967076	0.94623207	-0.237465	3684	5
3686	2.0515861	3.5828711	84.350596	0.12149747	0.002106534	0.33702679	0.93066193	0.14241247	3685	5
3687	2.092534	3.6959441	84.367899	0.057145142	0.0019825978	0.23442039	0.94471494	0.22926134	3686	5
3688	2.10593	3.74993	84.381	0.10142348	0.0018603995	0.65370727	0.75437786	0.059840177	3687	5
3689	2.1722313	3.8264416	84.387069	0.052444764	0.0017537651	0.35654142	0.90549304	-0.23013163	3688	5
3690	2.10593	3.74993	84.381	0.018079494	0.0015825048	-0.1949377	0.9126016	0.35938506	3687	6
3691	1.39593	3.07493	84.404	0.038845849	0.0056089539	0.025742776	0.82376884	-0.56634108	3605	4
3692	1.39693	3.10693	84.382	0.019601936	0.0028837338	0.9666954	0.25283894	0.039654485	3691	5
3693	1.39693	3.10693	84.382	0.050813384	0.0032304059	0.29519782	0.80687403	-0.51167621	3691	4
3694	1.28993	2.89993	84.432	0.12066569	0.0068260757	0.15285129	0.32164669	0.93444095	3603	4
3695	1.3083739	2.9387417	84.544755	0.12414572	0.0061034004	0.076974813	0.26733327	0.96052475	3694	4
3696	1.31793	2.97193	84.664	0.077285186	0.0036983872	0.72458905	-0.5305027	0.43992907	3695	5
3697	1.37393	2.93093	84.698	0.14707872	0.002208381	0.59378041	-0.25773746	0.76223108	3696	5
3698	1.37393	2.93093	84.698	0.024419379	0.0019371266	0.38540887	-0.91828803	0.090593072	3696	6
3699	1.31793	2.97193	84.664	0.035902646	0.0050908745	0	0.97485851	0.2228248	3695	4
3700	1.31793	3.00693	84.672	0.10562969	0.0043583592	0.89606967	0.13905725	0.42157114	3699	4
3701	1.4125816	3.0216186	84.71653	0.12410187	0.0041494734	0.91334996	0.32482529	0.24552064	3700	4
3702	1.52593	3.06193	84.747	0.1042142	0.0026846276	0.99882805	0.016936458	-0.045339684	3701	5
3703	1.6300221	3.063695	84.742275	0.095455108	0.0020404583	0.8161735	0.42150683	0.39521236	3702	5
3704	1.70793	3.10393	84.78	0.1255624	0.001898514	0.38719668	-0.05813998	0.9201622	3703	5
3705	1.7565473	3.0966298	84.895538	0.056583447	0.0017667276	0.38471664	0.13989398	0.91237206	3704	5
3706	1.52593	3.06193	84.747	0.1108678	0.0039155452	0.73246653	0.67546275	-0.085104966	3701	4
3707	1.607137	3.1368171	84.737565	0.056942784	0.0037452999	0.96224742	0.26540553	0.060330742	3706	4
3708	1.66193	3.15193	84.741	0.026103427	0.002654036	0.61380829	0.78342204	0.097412976	3707	5
3709	1.66193	3.15193	84.741	0.1123511	0.0035631713	0.19406519	0.79726382	0.57158474	3707	4
3710	1.6837334	3.2415035	84.805218	0.040525017	0.0034030903	0.59707718	0.45469527	0.66087144	3709	4
3711	1.70793	3.25993	84.832	0.040940744	0.0024726789	0.5193806	-0.16657268	0.83815114	3710	5
3712	1.70793	3.25993	84.832	0.13560605	0.0032722021	0.45720675	0.70793303	0.53832408	3710	4
3713	1.76993	3.35593	84.905	0.032744187	0.0023412474	0.71805683	0.56557748	-0.40560634	3712	5
3714	1.76993	3.35593	84.905	0.040718546	0.0031190453	0.17191184	-0.073676501	0.98235334	3712	4
3715	1.77693	3.35293	84.945	0.049588305	0.0030185312	0.86713994	0.42348695	0.26215859	3714	4
3716	1.81993	3.37393	84.958	0.024628224	0.0021351685	0.73109718	0.58909801	0.34418083	3715	5
3717	1.81993	3.37393	84.958	0.11266765	0.0028985215	0.5591667	0.79880958	0.22189155	3715	4
3718	1.88293	3.46393	84.983	0.028871622	0.0021012757	0.55587671	0.55467527	-0.61914169	3717	5
3719	1.88293	3.46393	84.983	0.019865839	0.0020424977	0.75268972	0.053877036	0.65616724	3717	5
3720	1.88293	3.46393	84.983	0.10929733	0.0027280604	-0.09394743	0.9360869	0.33899145	3717	4
3721	1.8726618	3.5662418	85.020051	0.073127993	0.0025673618	-0.051031031	0.98031138	0.19074967	3720	4
3722	1.86893	3.63793	85.034	0.015042927	0.0018796899	-0.19118724	0.42714999	0.88373657	3721	5
3723	1.86893	3.63793	85.034	0.098715935	0.0024002572	0.14850871	0.98770979	-0.048729231	3721	4
3724	1.8835902	3.7354327	85.02919	0.11568337	0.0022123571	-0.3687667	0.91194873	0.1798906	3723	4
3725	1.84093	3.84093	85.05	0.015742254	0.002100295	-0.61173686	0.63967967	0.46539009	3724	4
3726	1.77693	3.35293	84.945	0.040252603	0.0022067438	0.11698195	0.9493369	0.29167563	3714	5
3727	1.77693	3.35293	84.945	0.049830033	0.002254549	-0.37103001	0.099895829	0.92323213	3714	5
3728	1.70793	3.25993	84.832	0.046474021	0.0024239045	-0.26846316	0.3353352	0.90303812	3710	5
3729	1.31793	3.00693	84.672	0.063182276	0.0031295952	0.22158113	0.22158113	0.94963341	3699	5
3730	1.33193	3.02093	84.732	0.03389646	0.0024027745	0.77698357	-0.032093368	0.62870227	3729	5
3731	1.33193	3.02093	84.732	0.013642767	0.0018750231	0.056644884	0.83749017	0.54350857	3729	6
3732	1.17993	2.77293	84.439	0.037349699	0.0067064317	0.88354126	-0.2409658	-0.40160966	3601	4
3733	1.21293	2.76393	84.424	0.13835037	0.0044406572	0.75301597	0.32146304	-0.57413279	3732	4
3734	1.31711	2.8084045	84.344569	0.045758982	0.0034051754	0.71723537	0.49226332	-0.49320405	3733	4
3735	1.34993	2.83093	84.322	0.1190966	0.0032807422	0.60455127	0.25189636	-0.75568908	3734	4
3736	1.42193	2.86093	84.232	0.12445961	0.0031125438	0.71513923	0.35096446	-0.60448311	3735	4
3737	1.5109359	2.9046109	84.156766	0.062244403	0.0029890395	0.72286103	0.35857203	-0.59067592	3736	4
3738	1.55593	2.92693	84.12	0.046400431	0.0028543507	0.81895791	0.47413353	-0.32327286	3737	4
3739	1.59393	2.94893	84.105	0.021067911	0.0020883201	0.99979228	0.0080441128	0.018726643	3738	5
3740	1.59393	2.94893	84.105	0.024212545	0.002001713	0.82591484	0.49553342	-0.26890761	3738	5
3741	1.59393	2.94893	84.105	0.10418132	0.0026730835	0.64742141	0.75454159	-0.1072964	3738	4
3742	1.6613792	3.0275391	84.093822	0.11049055	0.0024768466	0.38678664	0.79089085	-0.47422333	3741	4
3743	1.7041155	3.1149251	84.041425	0.10137747	0.0022651833	-0.57368418	0.72223568	-0.38634452	3742	4
3744	1.6459568	3.1881435	84.002258	0.062684585	0.0021235935	-0.69282291	0.68353565	-0.22972903	3743	4
3745	1.55593	2.92693	84.12	0.031496031	0.0020629288	0.63500064	-0.12700013	0.76200076	3737	5
3746	1.42193	2.86093	84.232	0.019384888	0.0022736173	0.74681243	-0.1557431	-0.64654102	3735	5
3747	1.34993	2.83093	84.322	0.029095225	0.0024401469	0.84968638	0.52183713	-0.075624522	3734	5
3748	1.21293	2.76393	84.424	0.036069378	0.0031728238	0.94262785	-0.24951914	-0.22179479	3732	5
3749	0.86893	2.41793	84.398	0.11755076	0.011517861	-0.078377874	-0.4674209	0.88055358	3374	3
3750	0.85971662	2.3629843	84.50151	0.10692617	0.0094100105	0.091382145	-0.25808578	0.96179054	3749	3
3751	0.86948776	2.3353882	84.60435	0.10463822	0.0080189131	0.2815456	0.13922095	0.94939433	3750	3
3752	0.89894819	2.349956	84.703693	0.10821594	0.006986192	0.30864234	0.30599373	0.9006152	3751	3
3753	0.93234821	2.3830694	84.801154	0.054292793	0.0062116513	0.2869955	0.32896772	0.89967429	3752	3
3754	0.94793	2.40093	84.85	0.050019996	0.0033295308	0.059976014	-0.8396642	0.53978413	3753	4
3755	0.94793	2.40093	84.85	0.0681469	0.0057365984	-0.46957382	0.322832	0.82175418	3753	3
3756	0.91593	2.42293	84.906	0.075162292	0.0032050606	0.46426621	-0.4878111	0.7392545	3755	4
3757	0.91593	2.42293	84.906	0.063095166	0.0054471113	0.063396299	0.84000096	0.53886854	3755	3
3758	0.91993	2.47593	84.94	0.11836385	0.0052743955	0.21121314	-0.37173513	0.90399226	3757	3
3759	0.94493	2.43193	85.047	0.10950383	0.0050707132	0.49177977	0.62671432	0.6044682	3758	3
3760	0.99878177	2.5005576	85.113192	0.055144393	0.0049153418	0.45604333	0.67771864	0.57682053	3759	3
3761	1.02393	2.53793	85.145	0.052009614	0.0029510487	0.61527086	-0.17304493	0.76908857	3760	4
3762	1.02393	2.53793	85.145	0.058223707	0.0047418322	-0.85875673	0.3950281	0.32632756	3760	3
3763	0.97393	2.56093	85.164	0.04316955	0.0030755779	0.38196773	0.81725311	0.43150668	3762	4
3764	0.97393	2.56093	85.164	0.10175271	0.0045051858	-0.28149318	0.86619005	0.41288787	3762	3
3765	0.9452873	2.6490672	85.206012	0.034928281	0.0043488481	-0.49694127	0.59730429	0.62950532	3764	3
3766	0.92793	2.66993	85.228	0.068635458	0.0028512315	0.018845033	0.99756656	0.067125472	3765	4
3767	0.92793	2.66993	85.228	0.13028047	0.0041960886	-0.82898076	0.40681463	0.38378739	3765	3
3768	0.81993	2.72293	85.278	0.069050706	0.0039775623	0.17378533	0.98478356	0	3767	3
3769	0.83193	2.79093	85.278	0.039217343	0.0038123952	-0.91796122	0.28048815	-0.28048815	3768	3
3770	0.79593	2.80193	85.267	0.015783582	0.0024606186	-0.25497222	0.82140335	-0.51018202	3769	4
3771	0.79593	2.80193	85.267	0.036	0.0037142135	-0.44444444	0.44444444	0.77777778	3769	3
3772	0.77993	2.81793	85.295	0.015268274	0.0024614067	0.48940075	0.87154784	-0.029854083	3771	4
3773	0.77993	2.81793	85.295	0.11841446	0.0035228895	-0.70616509	0.58537609	0.39832865	3771	3
3774	0.69630984	2.887247	85.342168	0.1185207	0.0032230845	-0.53388354	0.082195723	0.84155346	3773	3
3775	0.63303359	2.8969889	85.441909	0.13991376	0.0029501018	-0.56404254	0.68502318	0.46108487	3774	3
3776	0.83193	2.79093	85.278	0.084917607	0.002498208	-0.45926871	0.2237463	0.85965682	3768	4
3777	0.81993	2.72293	85.278	0.025327451	0.0026733552	-0.71112317	-0.13542618	0.68990114	3767	4
3778	0.81993	2.72293	85.278	0.026732026	0.0027007289	-0.69381899	0.70888752	-0.12686094	3767	4
3779	0.94493	2.43193	85.047	0.016392374	0.0034212884	0.20573352	-0.5403856	0.81587813	3758	4
3780	0.91993	2.47593	84.94	0.044384682	0.0030743743	0.067590886	0.90121182	0.42807561	3757	4
3781	0.67293	1.61893	83.575	0.083731714	0.015048478	-0.32245846	0.82406052	0.46577334	3363	3
3782	0.64593	1.68793	83.614	0.10031106	0.014351457	0.13535718	0.86064378	0.49088769	3781	3
3783	0.65950782	1.7742621	83.663241	0.10050601	0.014201228	0.14642014	0.85152451	0.50345521	3782	3
3784	0.67422393	1.8598454	83.713842	0.10069893	0.014050999	0.15844503	0.84342587	0.51334976	3783	3
3785	0.69017917	1.9447775	83.765536	0.10074623	0.01390077	0.16699882	0.84134758	0.51404829	3784	3
3786	0.70700367	2.0295401	83.817324	0.10061994	0.013750541	0.17168284	0.8458928	0.50496571	3785	3
3787	0.72427839	2.1146538	83.868134	0.10035041	0.013600312	0.17242909	0.85685142	0.48587431	3786	3
3788	0.74158172	2.2006392	83.916891	0.10001203	0.013450083	0.16914411	0.87364679	0.45621437	3787	3
3789	0.75849816	2.2880144	83.962518	0.14922194	0.013262296	0.15798412	0.90551892	0.39379753	3788	3
3790	0.78207286	2.4231376	84.021281	0.14573724	0.012898158	0.10393619	0.99261385	0.062570002	3789	3
3791	0.79722023	2.5677984	84.0304	0.11269406	0.012293987	-0.014900599	0.88864888	-0.45834609	3790	3
3792	0.79554103	2.6679439	83.978747	0.06155907	0.011764931	-0.058659518	0.81200225	-0.58069907	3791	3
3793	0.79193	2.71793	83.943	0.11221421	0.011372714	-0.33905611	0.93930838	0.052352002	3792	3
3794	0.75388309	2.8233337	83.948875	0.14847095	0.011050364	-0.17907353	0.84159502	0.50955912	3793	3
3795	0.72729587	2.9482862	84.024529	0.10175711	0.010872887	-0.16625719	0.74496664	0.64605205	3794	3
3796	0.71037802	3.0240918	84.09027	0.14242188	0.010640412	-0.23288184	0.42314116	0.87562413	3795	3
3797	0.67721055	3.0843564	84.214978	0.14011489	0.010207447	-0.41796233	0.12584783	0.8997054	3796	3
3798	0.6186478	3.1019895	84.34104	0.14559573	0.0097670258	-0.62798994	0.70006987	0.33989824	3797	3
3799	0.52721515	3.2039167	84.390528	0.11331322	0.0094854592	-0.56732255	0.82085107	0.065944232	3798	3
3800	0.46293	3.29693	84.398	0.088442071	0.0059501197	0.52011446	0.10176152	0.8480127	3799	4
3801	0.50893	3.30593	84.473	0.049740174	0.0033891606	0.53475386	0.67091768	0.51371955	3800	5
3802	0.50893	3.30593	84.473	0.11384155	0.0038899512	0.14138244	0.11598564	0.98313699	3800	4
3803	0.5250252	3.319134	84.584922	0.026574085	0.0028713892	0.10930968	-0.15819865	0.98133816	3802	4
3804	0.52793	3.31493	84.611	0.033089124	0.0020363131	0.21543143	-0.90641564	0.36331801	3803	5
3805	0.52793	3.31493	84.611	0.11859595	0.0027770737	-0.95281498	0	0.30355167	3803	4
3806	0.41493	3.31493	84.647	0.1199409	0.0025770818	-0.39264537	-0.33172604	0.85778054	3805	4
3807	0.36783576	3.2751425	84.749883	0.10276601	0.0023625985	-0.24235407	0.10497167	0.96449233	3806	4
3808	0.34293	3.28593	84.849	0.083346773	0.0021880984	0.26482131	0.30658852	0.91426099	3807	4
3809	0.41493	3.31493	84.647	0.05416641	0.0019570215	-0.33230927	0.055384878	0.94154292	3805	5
3810	0.46293	3.29693	84.398	0.12093248	0.0091903453	-0.47552968	0.85772457	0.19539725	3799	3
3811	0.40542302	3.4006568	84.42163	0.13662537	0.0087651359	-0.23935833	0.90683077	0.34693738	3810	3
3812	0.3727206	3.5245529	84.46903	0.13996931	0.0084055066	-0.28338005	0.75335918	0.59341864	3811	3
3813	0.33305608	3.63	84.552091	0.051030507	0.0082496303	-0.37479706	0.68449214	0.62529807	3812	3
3814	0.31393	3.66493	84.584	0.11759677	0.0080258937	-0.32313813	0.62076536	0.71430534	3813	3
3815	0.27593	3.73793	84.668	0.10985993	0.0053330204	0.0022867365	0.99967604	0.025349307	3814	4
3816	0.27618122	3.8477543	84.670785	0.12365433	0.0037521153	0.0054417861	0.98441922	0.17575322	3815	4
3817	0.27593	3.73793	84.668	0.12931357	0.0077001487	-0.28612619	0.64185065	0.71144891	3814	3
3818	0.23893	3.82093	84.76	0.073763134	0.0051243675	-0.013556908	0.21691052	0.97609735	3817	4
3819	0.23793	3.83693	84.832	0.11446525	0.0040475922	-0.011696713	-0.065175691	0.99780525	3818	4
3820	0.23659113	3.8294696	84.946214	0.04590533	0.0034732892	-0.21045776	-0.2949472	0.93204811	3819	4
3821	0.22693	3.81593	84.989	0.14167348	0.0033122732	0.57707809	-0.2366545	0.78164923	3820	4
3822	0.30868666	3.7824023	85.099739	0.14239438	0.0030793319	0.57058402	0.084552595	0.81687498	3821	4
3823	0.38993462	3.7944421	85.216057	0.10426672	0.002835829	0.5226924	0.26067751	0.81168953	3822	4
3824	0.44443404	3.8216221	85.30069	0.016023392	0.0026863262	0.4054046	0.70570957	0.58105173	3823	4
3825	0.45093	3.83293	85.31	0.019062682	0.0019592865	0.76287795	0.55024064	0.33948856	3824	5
3826	0.45093	3.83293	85.31	0.10638609	0.0026149506	-0.36658928	0.46058653	0.80837636	3824	4
3827	0.41193	3.88193	85.396	0.11847463	0.0024307718	-0.020941818	0.56753991	0.82307952	3826	4
3828	0.40944893	3.9491691	85.493514	0.095355778	0.0022122518	-0.34643307	0.70418128	0.61976838	3827	4
3829	0.22693	3.81593	84.989	0.032218007	0.0026981527	-0.031038543	0.4345396	0.90011774	3820	5
3830	0.22593	3.82993	85.018	0.099408249	0.0024745476	-0.51303589	0.15089291	0.8450003	3829	5
3831	0.17493	3.84493	85.102	0.024301073	0.0018293652	0.21698984	-0.064450279	0.97404393	3830	6
3832	0.17493	3.84493	85.102	0.053094256	0.0017591631	-0.47086073	-0.24484758	0.84754931	3830	6
3833	0.17493	3.84493	85.102	0.068498175	0.0023149419	-0.58395716	0.49636359	0.64235288	3830	5
3834	0.13493	3.87893	85.146	0.099371047	0.0021996113	0.050898939	-0.19464807	0.97955165	3833	5
3835	0.13998788	3.8595876	85.243339	0.090860235	0.0020507312	-0.46288545	0.23489245	0.85472955	3834	5
3836	0.09793	3.88093	85.321	0.10699437	0.0019294038	-0.35845561	0.33451479	0.87155575	3835	5
3837	0.059577266	3.9167212	85.414252	0.10096793	0.0017864787	-0.25401397	0.19024653	0.94830542	3836	5
3838	0.13493	3.87893	85.146	0.10857182	0.0016892621	-0.92745925	0.079421615	0.36539232	3833	6
3839	0.22593	3.82993	85.018	0.028364761	0.0019861983	-0.18432312	0.77089423	0.60971065	3829	6
3840	0.23793	3.83693	84.832	0.07004492	0.0027868878	-0.37594123	0.61496865	0.69316791	3818	5
3841	0.23893	3.82093	84.76	0.10885528	0.0074726842	-0.74398811	0.65978281	0.10568038	3817	3
3842	0.15794297	3.8927508	84.771504	0.10935948	0.0072997105	-0.78135318	0.62237661	0.046201287	3841	3
3843	0.07249459	3.9608136	84.776556	0.10962368	0.0071267366	-0.81701864	0.57575496	0.031412775	3842	3
3844	-0.01707	4.02393	84.78	0.053009433	0.0049789575	-0.056593701	0.92436378	-0.37729134	3843	4
3845	-0.02007	4.07293	84.76	0.034842503	0.0045140711	-0.28700579	0.9471191	0.14350289	3844	4
3846	-0.03007	4.10593	84.765	0.065833122	0.0032190765	-0.34936821	0.2734186	0.8962054	3845	5
3847	-0.05307	4.12393	84.824	0.067386942	0.002576657	-0.059358681	0.97941823	0.19291571	3846	5
3848	-0.05707	4.18993	84.837	0.12672227	0.002167471	0.10637652	0.92451856	0.36599107	3847	5
3849	-0.043589727	4.3070871	84.883379	0.10617724	0.0020035127	-0.40920631	0.84673661	0.33998133	3848	5
3850	-0.087038125	4.3969912	84.919477	0.11470453	0.0018502985	-0.69195755	0.42884914	0.58076085	3849	5
3851	-0.16640879	4.4461822	84.986093	0.038106607	0.0017509652	-0.43238893	0.34339518	0.8337383	3850	5
3852	-0.05707	4.18993	84.837	0.024585516	0.0016861873	-0.49552644	0.81854437	-0.29058331	3847	6
3853	-0.05307	4.12393	84.824	0.032687596	0.0021798443	-0.29570778	0.55355358	0.77854694	3846	6
3854	-0.03007	4.10593	84.765	0.058549125	0.0042791071	-0.75150568	0.61486829	-0.23911544	3845	4
3855	-0.07407	4.14193	84.751	0.1230902	0.0041521776	0.23659725	0.77185332	-0.59013913	3854	4
3856	-0.044947197	4.2369376	84.67836	0.061501202	0.0040592747	0.25816076	0.76408949	-0.5912024	3855	4
3857	-0.02907	4.28393	84.642	0.081639451	0.0039183769	0.60020002	0.51445716	-0.612449	3856	4
3858	0.01993	4.32593	84.592	0.051633323	0.002531857	0.61975481	0.75532617	0.21304072	3857	5
3859	0.01993	4.32593	84.592	0.039673669	0.0037585425	-0.050411269	0.7309634	-0.68055213	3857	4
3860	0.01793	4.35493	84.565	0.032954514	0.0024388127	0.88000084	0.212414	-0.42482799	3859	5
3861	0.01793	4.35493	84.565	0.1353857	0.0036187854	-0.80668144	0.41259513	-0.42311975	3859	4
3862	-0.091283135	4.4107895	84.507716	0.10483658	0.0034751136	-0.92321653	0.10626556	-0.36929509	3861	4
3863	-0.18807	4.42193	84.469	0.13115211	0.0032552987	-0.6313365	0.66211079	0.40376171	3862	4
3864	-0.27087111	4.5087672	84.521954	0.052566214	0.0030540517	-0.68863408	0.68794707	0.22915481	3863	4
3865	-0.30707	4.54493	84.534	0.091580566	0.0029062395	-0.27298368	0.86262843	-0.42585454	3864	4
3866	-0.33207	4.62393	84.495	0.10557665	0.0026948345	0.29441639	0.90825572	0.29730547	3865	4
3867	-0.3009865	4.7198206	84.526389	0.11423438	0.0024898558	0.0051276328	0.98676016	-0.16210521	3866	4
3868	-0.30040075	4.8325425	84.507871	0.12295448	0.0022851346	-0.029735582	0.96430407	-0.26312249	3867	4
3869	-0.30405688	4.951108	84.475518	0.039088493	0.0021555296	-0.040196252	0.98881727	-0.14361294	3868	4
3870	-0.33207	4.62393	84.495	0.016033337	0.0020454652	-0.40883931	0.69441982	-0.59214147	3865	5
3871	-0.30707	4.54493	84.534	0.028830905	0.0021420071	-0.15245142	0.86153549	0.48426766	3864	5
3872	-0.18807	4.42193	84.469	0.02199763	0.0024830445	-0.36876132	0.51830868	-0.77160301	3862	5
3873	0.01793	4.35493	84.565	0.050815153	0.0023814125	-0.87162117	0.48299062	-0.083645695	3859	5
3874	-0.02907	4.28393	84.642	0.1199238	0.0027156801	-0.61016725	0.79222573	-0.0086202201	3856	5
3875	-0.10224357	4.3789367	84.640966	0.10664885	0.0020673758	-0.2553999	0.95798821	0.13049708	3874	5
3876	-0.12948168	4.4811051	84.654884	0.10244442	0.001908189	0.00063677822	0.99892144	-0.046427996	3875	5
3877	-0.12941645	4.583439	84.650127	0.064665256	0.0017720509	-0.29555755	0.88301983	-0.36458431	3876	5
3878	-0.07407	4.14193	84.751	0.035701649	0.0026661337	-0.38617433	0.72389808	-0.57170005	3854	5
3879	-0.02007	4.07293	84.76	0.043749286	0.0028799752	-0.80001306	0.38857777	-0.45715032	3844	5
3880	-0.01707	4.02393	84.78	0.13644318	0.0067470302	-0.96350745	0.25449152	0.082990703	3843	3
3881	-0.14853402	4.0586536	84.791324	0.0463402	0.0063996347	-0.89632708	0.43755459	-0.071719923	3880	3
3882	-0.19007	4.07893	84.788	0.13587157	0.0061952224	-0.9347916	-0.24406076	0.25806784	3881	3
3883	-0.3170816	4.0457691	84.823064	0.10083599	0.0059732719	-0.99091743	-0.083051501	0.10575961	3882	3
3884	-0.41700174	4.0373945	84.833728	0.1010194	0.0058056728	-0.95869444	0.047482274	0.28044679	3883	3
3885	-0.51384848	4.0421911	84.862059	0.101756	0.0056139034	-0.9095295	0.11732253	0.39873741	3884	3
3886	-0.60639856	4.0541294	84.902633	0.10209607	0.0054221336	-0.89789388	0.11558325	0.4247671	3885	3
3887	-0.69807	4.06593	84.946	0.12705094	0.0036774466	-0.65682701	0.7417691	0.13548753	3886	4
3888	-0.78152049	4.1601725	84.963214	0.11568282	0.0032415764	-0.90515505	0.42507358	-0.0026054539	3887	4
3889	-0.88623138	4.2093462	84.962912	0.034440978	0.0030861181	-0.77926424	0.62669033	0.0025431301	3888	4
3890	-0.91307	4.23093	84.963	0.10457071	0.0029759893	-0.96507593	0.042816611	-0.25844766	3889	4
3891	-1.0139887	4.2354074	84.935974	0.10876881	0.0027889375	-0.93159531	0.33555618	-0.13975779	3890	4
3892	-1.1153172	4.2719054	84.920773	0.027840944	0.0026463619	-0.85316118	0.50373974	-0.13550748	3891	4
3893	-1.13907	4.28593	84.917	0.042859268	0.0019729895	0.12629178	0.96298453	-0.23814109	3892	5
3894	-1.13907	4.28593	84.917	0.052564246	0.002576355	-0.55170581	0.58975448	0.58975448	3892	4
3895	-1.16807	4.31693	84.948	0.025330855	0.0018857869	-0.34482943	0.8331875	0.43230921	3894	5
3896	-1.16807	4.31693	84.948	0.10532346	0.0024766622	-0.87011755	0.49129143	0.039091908	3894	4
3897	-1.2597138	4.3686745	84.952117	0.13698442	0.002279161	-0.89342235	0.40491432	0.19452736	3896	4
3898	-1.13907	4.28593	84.917	0.041699761	0.0019736777	-0.94618535	0.31599495	-0.069860449	3892	5
3899	-0.91307	4.23093	84.963	0.10372049	0.0021254131	-0.48231397	0.45675549	0.74749425	3889	5
3900	-0.69807	4.06593	84.946	0.11684605	0.0050942245	-0.9242931	-0.12837404	0.35944732	3886	3
3901	-0.80607	4.05093	84.988	0.12264583	0.0046880824	-0.554442	0.62782403	0.54628844	3900	3
3902	-0.87407	4.12793	85.055	0.038535698	0.0028020938	-0.41519944	-0.90824877	0.05189993	3901	4
3903	-0.87407	4.12793	85.055	0.040420397	0.002899494	-0.66917019	0.6602179	-0.34106243	3901	4
3904	-0.87407	4.12793	85.055	0.12674778	0.004407027	-0.86786529	-0.17357306	0.46549138	3901	3
3905	-0.98407	4.10593	85.114	0.027283643	0.0028383387	-0.41174367	-0.87128884	-0.26706349	3904	4
3906	-0.98407	4.10593	85.114	0.035735137	0.0042122684	-0.97942818	-0.11193465	0.16790197	3904	3
3907	-1.01907	4.10193	85.12	0.020682315	0.0027527239	-0.071830691	0.62783106	0.77502807	3906	4
3908	-1.01907	4.10193	85.12	0.12135113	0.0039918113	-0.56326313	0.8255764	-0.034032987	3906	3
3909	-1.0874226	4.2021146	85.11587	0.11727134	0.0037471511	-0.68769901	0.58680469	0.42746968	3908	3
3910	-1.16807	4.27093	85.166	0.053070653	0.0025399451	-0.34933973	0.72441755	0.59429031	3909	4
3911	-1.16807	4.27093	85.166	0.14941887	0.003502465	-0.80980399	0.11377411	0.57556316	3909	3
3912	-1.28907	4.28793	85.252	0.11020194	0.0031837889	-0.90028418	0.3238311	0.2908983	3911	3
3913	-1.3882831	4.3236168	85.284058	0.10128967	0.0028901613	-0.95293817	0.29369839	0.075167116	3912	3
3914	-0.80607	4.05093	84.988	0.1046069	0.0028630173	-0.55583692	-0.81354206	0.17086439	3900	4
3915	-0.19007	4.07893	84.788	0.11526491	0.0043022953	-0.87624237	0.46848602	0.11278367	3881	4
3916	-0.29107	4.13293	84.801	0.021458029	0.0027049561	-0.73746072	0.27490439	0.61691107	3915	5
3917	-0.29107	4.13293	84.801	0.031	0.0034360514	-0.67741935	0.58064516	-0.4516129	3915	4
3918	-0.31207	4.15093	84.787	0.030380915	0.0029961806	-0.29623861	0.95454663	-0.032915401	3917	4
3919	-0.32107	4.17993	84.786	0.054571055	0.0029372721	-0.67801512	-0.054974199	-0.73298932	3918	4
3920	-0.35807	4.17693	84.746	0.051738657	0.0020601116	0.13800881	0.044400961	-0.98943525	3919	5
3921	-0.35807	4.17693	84.746	0.018779502	0.0020680741	-0.37382847	0.82382043	-0.42611287	3919	5
3922	-0.35807	4.17693	84.746	0.11087282	0.0028315961	-0.85535442	-0.38697747	-0.34440855	3919	4
3923	-0.45290556	4.1340247	84.707814	0.11607849	0.0026405616	-0.88681666	-0.18955797	-0.42145461	3922	4
3924	-0.5558459	4.1120211	84.658893	0.10186491	0.0024288888	-0.9563714	0.24390722	0.16081981	3923	4
3925	-0.65326658	4.1368667	84.675275	0.030112533	0.0023120488	-0.79048208	0.59985989	0.12371821	3924	4
3926	-0.67707	4.15493	84.679	0.022626473	0.0018145221	0.11750875	0.99042239	-0.07249269	3925	5
3927	-0.67707	4.15493	84.679	0.091443677	0.002192874	-0.99401863	0.10815059	-0.015179148	3925	4
3928	-0.32107	4.17993	84.786	0.025217631	0.0021927536	-0.63306171	0.65930435	-0.40564842	3918	5
3929	-0.31207	4.15093	84.787	0.016490722	0.0021576323	-0.98598172	-0.073121134	0.1499778	3917	5
3930	0.31393	3.66493	84.584	0.11440803	0.0045968656	-0.78096198	0.58049409	0.2304886	3813	4
3931	0.22458168	3.7313432	84.61037	0.039584799	0.0025620337	-0.82643733	0.56302784	-0.0009902594	3930	4
3932	0.79193	2.71793	83.943	0.08605231	0.0074582043	-0.88318373	0.34862516	-0.31376264	3792	4
3933	0.71593	2.74793	83.916	0.017050972	0.0042304327	-0.87991684	0.32265389	0.34877044	3932	5
3934	0.71593	2.74793	83.916	0.11298843	0.0057555518	-0.8604553	0.45160597	-0.23594221	3932	4
3935	0.61870851	2.7989562	83.889341	0.11460723	0.0047959232	-0.82730219	0.53091603	-0.18357356	3934	4
3936	0.52389369	2.8598031	83.868302	0.11627415	0.0039880379	-0.70530467	0.70843045	-0.025915399	3935	4
3937	0.44188499	2.9421752	83.865289	0.13310422	0.0034774002	-0.46371596	0.84915539	0.25278969	3936	4
3938	0.38016244	3.0552014	83.898936	0.13680198	0.0031945952	-0.32333188	0.93367525	0.15397084	3937	4
3939	0.33593	3.18293	83.92	0.10526357	0.0029757668	-0.030852429	0.98290683	-0.18150014	3938	4
3940	0.33268236	3.2863943	83.900895	0.021799934	0.0028382555	-0.080383881	0.98788018	-0.13278244	3939	4
3941	0.33093	3.30793	83.898	0.027836081	0.0020423758	0.44121299	0.89557635	-0.057219744	3940	5
3942	0.33093	3.30793	83.898	0.14479641	0.0027433725	-0.37293743	0.91853107	0.13121872	3940	4
3943	0.27693	3.44093	83.917	0.073983728	0.0025460594	-0.42568482	0.87174997	0.24257868	3942	4
3944	0.24543625	3.5054253	83.934947	0.089989509	0.0023336514	-0.11521352	0.97810533	0.1733084	3943	4
3945	0.23506824	3.5934445	83.950543	0.084658568	0.0021647045	-0.40884309	0.91185026	-0.037100313	3944	4
3946	0.33593	3.18293	83.92	0.021763422	0.0022147024	-0.58323653	0.8117602	-0.029673678	3938	5
3947	0.64593	1.68793	83.614	0.10807963	0.010698711	0.023283163	0.22775372	0.97344036	3781	4
3948	0.64844644	1.7125455	83.719209	0.10837019	0.010482147	0.047955651	0.19398632	0.97983139	3947	4
3949	0.6536434	1.7335679	83.825394	0.10860572	0.010265583	0.059293915	0.16794669	0.98401125	3948	4
3950	0.66008306	1.7518078	83.932263	0.10832615	0.010049019	0.040378096	0.16865787	0.98484726	3949	4
3951	0.66445706	1.7700779	84.038948	0.10773776	0.009832455	-0.0084356488	0.19592269	0.98058306	3950	4
3952	0.66354822	1.7911862	84.144593	0.10750257	0.0096158912	-0.06156339	0.23016964	0.97120126	3951	4
3953	0.65693	1.81593	84.249	0.10994901	0.0073312495	-0.034915154	0.15985961	0.98652209	3952	5
3954	0.65309111	1.8335064	84.357467	0.10989045	0.0065064617	-0.019714414	0.13539941	0.99059494	3953	5
3955	0.65092469	1.8483855	84.466324	0.11062462	0.0056816742	0.058391619	0.085206594	0.99465082	3954	5
3956	0.65738424	1.8578115	84.576357	0.11333316	0.0049189592	0.17615031	0.022123655	0.98411463	3955	5
3957	0.67734791	1.8603188	84.68789	0.11538701	0.0042183165	0.25593414	0.004641564	0.96668308	3956	5
3958	0.70687938	1.8608544	84.799432	0.057849253	0.0036928345	0.27745588	0.018593585	0.96055844	3957	5
3959	0.72293	1.86193	84.855	0.13891367	0.0033651166	0.18086787	0.36803166	0.91205236	3958	5
3960	0.74805502	1.9130546	84.981697	0.11939077	0.0031111107	-0.2794944	0.77873635	0.56165165	3959	5
3961	0.71468597	2.0060286	85.048753	0.10000364	0.0029577167	-0.077400994	0.94465724	0.31879739	3960	5
3962	0.70694559	2.1004977	85.080633	0.10184081	0.0028155884	0.1765934	0.94689229	0.26871874	3961	5
3963	0.72493	2.19693	85.108	0.013668701	0.0020576432	0.13320235	0.79225818	0.59546965	3962	6
3964	0.72493	2.19693	85.108	0.10513486	0.0026541085	-0.73243762	0.52238942	0.43662847	3962	5
3965	0.64792527	2.2518513	85.153905	0.14417129	0.0025203516	-0.7976295	0.37510008	0.47232099	3964	5
3966	0.53293	2.30593	85.222	0.027962086	0.0018368395	-0.24952314	0.32151794	0.9134355	3965	6
3967	0.53293	2.30593	85.222	0.094003603	0.0017814724	-0.70067409	0.17548135	0.69156498	3965	6
3968	0.46706411	2.3224259	85.28701	0.026113743	0.0014625169	-0.71137523	0.50471359	0.48909046	3967	6
3969	0.53293	2.30593	85.222	0.10418181	0.0023374117	-0.42813019	0.86784282	-0.25209797	3965	5
3970	0.48832662	2.3963434	85.195736	0.093690166	0.0021557507	-0.22837638	0.9455268	-0.23199849	3969	5
3971	0.46693	2.48493	85.174	0.016374883	0.0016333067	-0.20558233	0.96284798	-0.17509905	3970	6
3972	0.46693	2.48493	85.174	0.065909028	0.0016582003	-0.33379342	0.78896627	0.51586256	3970	6
3973	0.46693	2.48493	85.174	0.11252725	0.0020150436	-0.885188	0.4637085	0.037638105	3970	5
3974	0.36732223	2.5371098	85.178235	0.11822061	0.0018547611	-0.86263793	0.40767937	-0.29942167	3973	5
3975	0.26534064	2.5853059	85.142837	0.033669715	0.0017466234	-0.94623414	0.22625146	-0.23119523	3974	5
3976	0.72293	1.86193	84.855	0.066674003	0.0023274165	0.51576922	-0.16161132	0.84134648	3958	6
3977	0.65693	1.81593	84.249	0.11323886	0.0093038632	-0.26379855	0.38015718	0.88650485	3952	4
3978	0.62705775	1.8589786	84.349387	0.11388626	0.0088963712	-0.35850718	0.41310129	0.83714989	3977	4
3979	0.58622871	1.9060251	84.444727	0.11432769	0.0084888791	-0.46605719	0.39438111	0.79199384	3978	4
3980	0.53294547	1.9511138	84.535273	0.11398803	0.0081234091	-0.57605342	0.30583136	0.7580433	3979	4
3981	0.46728228	1.9859749	84.621681	0.11318157	0.0078419835	-0.71333225	0.19898984	0.67198225	3980	4
3982	0.38654621	2.0084969	84.697737	0.1105117	0.0076025801	-0.8721662	0.11238108	0.47612667	3981	4
3983	0.29016164	2.0209163	84.750355	0.10946911	0.0073851932	-0.98153677	0.041183314	0.18678731	3982	4
3984	0.18271368	2.0254246	84.770802	0.11021872	0.007189823	-0.99573621	0.062968457	-0.067412037	3983	4
3985	0.072964912	2.0323649	84.763372	0.05523325	0.0070432953	-0.97830404	0.1188608	-0.16968592	3984	4
3986	0.01893	2.03893	84.754	0.10623664	0.0053412966	-0.92855413	-0.27818598	-0.2457637	3985	5
3987	-0.079716475	2.0093765	84.727891	0.10204157	0.0047740575	-0.99638555	-0.070846874	-0.046867485	3986	5
3988	-0.18138922	2.0021471	84.723108	0.1102133	0.0043734575	-0.88628851	0.097836388	0.45268169	3987	5
3989	-0.27907	2.01293	84.773	0.047138095	0.0041474519	0.042428528	0.063642793	0.99707042	3988	5
3990	-0.27707	2.01593	84.82	0.13007488	0.0040548745	-0.25795042	0.72407675	0.63966744	3989	5
3991	-0.31062287	2.1101142	84.903205	0.064701112	0.0039717832	-0.28511301	0.70811458	0.64597548	3990	5
3992	-0.32907	2.15593	84.945	0.11820368	0.0024804818	-0.2046219	-0.54362197	0.81400555	3991	6
3993	-0.35325706	2.0916719	85.041218	0.096813651	0.0015372454	-0.17140472	-0.36269329	0.91600982	3992	6
3994	-0.32907	2.15593	84.945	0.11151214	0.0038615504	-0.57466645	0.10183615	0.81202701	3991	5
3995	-0.39315229	2.167286	85.035551	0.055916955	0.003737747	-0.55292201	0.065168663	0.83068062	3994	5
3996	-0.42407	2.17093	85.082	0.10918791	0.0036024313	0.25643864	0.21064603	0.94332787	3995	5
3997	-0.39607	2.19393	85.185	0.071372264	0.0025678233	0.49038658	0.86868479	0.070055225	3996	6
3998	-0.36107	2.25593	85.19	0.034056606	0.0015085079	0.46725172	0.68948743	0.55342833	3997	7
3999	-0.36107	2.25593	85.19	0.037555282	0.0019635731	-0.49001096	0.49338931	0.7186489	3997	6
4000	-0.39607	2.19393	85.185	0.078574805	0.003444795	-0.80178373	0.53452248	0.26726124	3996	5
4001	-0.45907	2.23593	85.206	0.073711984	0.0022312127	-0.37009384	-0.22664331	0.90092361	4000	6
4002	-0.45907	2.23593	85.206	0.10791656	0.0032959993	-0.61794395	0.61825977	0.48569551	4000	5
4003	-0.52575639	2.3026505	85.258415	0.077964914	0.0031372011	-0.77359943	0.45250523	0.44360223	4002	5
4004	-0.58607	2.33793	85.293	0.13602031	0.0022688356	-0.17923622	0.88344756	-0.43289119	4003	6
4005	-0.61044977	2.4580968	85.234118	0.035097446	0.0017743163	-0.05568453	0.95911817	-0.27747356	4004	6
4006	-0.58607	2.33793	85.293	0.13364131	0.0030046717	-0.22448149	0.65847902	0.71834075	4003	5
4007	-0.61607	2.42593	85.389	0.036069378	0.0019874472	-0.49903828	0.11089739	0.85945481	4006	6
4008	-0.61607	2.42593	85.389	0.13271002	0.0028331649	-0.32881932	0.94056048	0.084993231	4006	5
4009	-0.65970762	2.5507518	85.400279	0.036157275	0.002690463	-0.45253363	0.80698015	0.3794685	4008	5
4010	-0.67607	2.57993	85.414	0.10538026	0.0025727449	-0.66426101	0.62630323	0.40804605	4009	5
4011	-0.74607	2.64593	85.457	0.10486539	0.0024113012	-0.15703987	0.91634366	-0.36831072	4010	5
4012	-0.76253805	2.7420227	85.418377	0.10310363	0.002265369	-0.050184643	0.89958075	-0.4338617	4011	5
4013	-0.76771227	2.8347728	85.373644	0.029476947	0.0021739338	0.15748801	0.85345428	-0.49680309	4012	5
4014	-0.76307	2.85993	85.359	0.11613794	0.002077944	0.21478769	0.97431286	0.067680833	4013	5
4015	-0.738125	2.9730847	85.36686	0.089330084	0.0019368477	0.5155598	0.087823856	0.85234093	4014	5
4016	-0.69207	2.98093	85.443	0.062391628	0.0017886546	0.56966276	0.28746845	0.76996508	4015	5
4017	-0.69207	2.98093	85.443	0.11790352	0.0015355216	-0.53074081	0.42572446	0.73285256	4015	6
4018	-0.76307	2.85993	85.359	0.055366281	0.0017098445	-0.87399767	0.29060445	-0.38945749	4013	6
4019	-0.74607	2.64593	85.457	0.12955308	0.0018982442	-0.83363515	0.24700301	0.49400602	4010	6
4020	-0.85407	2.67793	85.521	0.052774232	0.0013061858	-0.051510698	0.74609684	0.66384197	4019	7
4021	-0.85407	2.67793	85.521	0.14434432	0.0016088605	-0.072095947	0.9948851	0.070751776	4019	6
4022	-0.86447664	2.821536	85.531213	0.052824898	0.0015027527	0.1780721	0.97291214	0.1474188	4021	6
4023	-0.67607	2.57993	85.414	0.11075087	0.0021094858	-0.9593828	0.27666349	0.055153877	4009	6
4024	-0.78232248	2.6105707	85.420108	0.12961131	0.0018406986	-0.99542565	0.01329501	-0.094609803	4023	6
4025	-0.9113409	2.6122939	85.407846	0.086771498	0.001661202	-0.91883975	0.3415418	0.19769349	4024	6
4026	-0.99107	2.64193	85.425	0.024700005	0.0012729014	-0.11857285	0.50822358	0.85302361	4025	7
4027	-0.99107	2.64193	85.425	0.10845784	0.0015612207	-0.9920291	0.024579954	0.1235884	4025	6
4028	-1.0986633	2.6445959	85.438404	0.047091512	0.0015007309	-0.95755214	-0.27737093	0.078481043	4027	6
4029	-0.42407	2.17093	85.082	0.11838687	0.0026714831	-0.22449967	-0.47013337	0.85356576	3995	6
4030	-0.45064781	2.1152724	85.183051	0.045090674	0.0019940005	-0.40556821	-0.3609082	0.83979742	4029	6
4031	-0.27707	2.01593	84.82	0.13033899	0.0028952972	-0.9710039	0.23546697	-0.041312645	3989	6
4032	-0.40362967	2.0466205	84.814615	0.10459956	0.0020438202	-0.99889988	-0.0050984991	0.046615836	4031	6
4033	-0.50811416	2.0460872	84.819491	0.013974708	0.0017772995	-0.6408606	-0.15436648	0.75197652	4032	6
4034	-0.51707	2.04393	84.83	0.031138132	0.0013438762	-0.65456757	-0.67405734	0.34232733	4033	7
4035	-0.51707	2.04393	84.83	0.14630834	0.0017119175	-0.97338705	-0.22827699	0.020180785	4033	6
4036	-0.65948465	2.0105312	84.832953	0.09366998	0.0015748626	-0.90993668	-0.30971686	0.27584545	4035	6
4037	-0.7447184	1.98152	84.858791	0.040703355	0.0014704383	-0.81938212	-0.35844711	0.44735736	4036	6
4038	-0.27907	2.01293	84.773	0.11500225	0.0031301426	-0.7934642	-0.57279019	0.20573273	3988	6
4039	-0.37032017	1.9470578	84.79666	0.057611657	0.0024966683	-0.79410724	-0.57501977	0.19683991	4038	6
4040	-0.41607	1.91393	84.808	0.024851936	0.0015629482	0.43297369	-0.87400291	-0.22057355	4039	7
4041	-0.41607	1.91393	84.808	0.021901493	0.001986875	-0.59368099	0.11080866	0.79703471	4039	6
4042	0.01893	2.03893	84.754	0.11869058	0.0068947611	-0.70554406	0.55837815	-0.43637303	3985	4
4043	-0.064811436	2.1052042	84.702207	0.1176205	0.0066953779	-0.56548291	0.63664805	-0.52431702	4042	4
4044	-0.13132382	2.1800871	84.640536	0.11036081	0.006479761	-0.3749001	0.68063555	-0.62943241	4043	4
4045	-0.1726981	2.2552026	84.571072	0.13471793	0.006182935	-0.3365246	0.63446749	-0.69584639	4044	4
4046	-0.21803399	2.3406767	84.477329	0.13009758	0.0058971471	-0.26784553	0.70494789	-0.65673986	4045	4
4047	-0.25288005	2.4323887	84.391888	0.10299825	0.0057361143	-0.15065581	0.77395778	-0.61505462	4046	4
4048	-0.26839733	2.512105	84.328539	0.10653482	0.005605654	-0.34246698	0.73793205	-0.58152614	4047	4
4049	-0.30488199	2.5907205	84.266586	0.11090879	0.0054388555	-0.56305284	0.64758968	-0.51341904	4048	4
4050	-0.3673295	2.6625439	84.209643	0.11258579	0.0052538881	-0.72730674	0.5429776	-0.4197621	4049	4
4051	-0.44921391	2.7236754	84.162384	0.1138476	0.0050730846	-0.84681688	0.43073371	-0.31204108	4050	4
4052	-0.54562197	2.7727134	84.126859	0.11561132	0.0048964452	-0.90161058	0.35414765	-0.24835017	4051	4
4053	-0.64985836	2.8136569	84.098147	0.11602327	0.0047198058	-0.90681498	0.33849309	-0.25121509	4052	4
4054	-0.75507	2.85293	84.069	0.11278128	0.004406788	-0.79849412	0.57992021	-0.16155398	4053	4
4055	-0.84512519	2.9183341	84.05078	0.12324118	0.0040606626	-0.61058961	0.79065765	0.045175329	4054	4
4056	-0.92037497	3.0157757	84.056347	0.1020879	0.0038624078	-0.7610601	0.54026262	0.35903179	4055	4
4057	-0.99807	3.07093	84.093	0.084811556	0.0036656702	-0.070745076	0.87252261	0.48342469	4056	4
4058	-1.00407	3.14493	84.134	0.062936476	0.0035051535	-0.38133689	0.81034089	0.44489304	4057	4
4059	-1.02807	3.19593	84.162	0.12441368	0.0026230027	-0.073616866	-0.045736718	0.99623728	4058	5
4060	-1.0372289	3.1902397	84.285946	0.13043397	0.0022040564	-0.25178299	0.051292417	0.96642352	4059	5
4061	-1.07007	3.19693	84.412	0.11946759	0.00186892	-0.18671243	0.34401051	0.92021478	4060	5
4062	-1.0923761	3.2380281	84.521936	0.040158315	0.0017262605	-0.19158961	0.39598013	0.89804964	4061	5
4063	-1.02807	3.19593	84.162	0.12577227	0.0033557099	-0.81252897	0.44518504	0.37630699	4058	4
4064	-1.1302636	3.2519219	84.209329	0.097776204	0.0031271319	-0.68108241	0.53049198	0.50468308	4063	4
4065	-1.1968573	3.3037914	84.258675	0.12046755	0.0028953163	-0.28407352	0.95587093	-0.074920009	4064	4
4066	-1.2310789	3.4189429	84.24965	0.10367936	0.0026968192	-0.23832529	0.92681473	0.29019908	4065	4
4067	-1.2557883	3.5150344	84.279737	0.1254654	0.0025056447	-0.12467674	0.991538	-0.03616784	4066	4
4068	-1.2714309	3.6394381	84.275199	0.051615382	0.0023648312	0.065115037	0.99760717	-0.023237153	4067	4
4069	-1.26807	3.69093	84.274	0.047107306	0.0018035239	0.15279278	0.88161583	0.44655112	4068	5
4070	-1.26807	3.69093	84.274	0.091438504	0.0022114981	-0.28434411	0.94052282	0.1859173	4068	4
4071	-1.00407	3.14493	84.134	0.09707295	0.0022952308	-0.37568336	0.7137786	-0.59108555	4057	5
4072	-0.99807	3.07093	84.093	0.10775578	0.0028020455	-0.24693871	-0.32135249	0.91419574	4056	5
4073	-1.0246791	3.0363024	84.19151	0.080227599	0.0021929741	-0.20537555	-0.44351981	0.87241679	4072	5
4074	-0.99807	3.07093	84.093	0.095807098	0.0025949077	-0.74107244	-0.13568932	-0.65757132	4056	5
4075	-1.06907	3.05793	84.03	0.12399805	0.0020388504	-0.84812196	-0.52764376	0.047761903	4074	5
4076	-1.1742355	2.9925032	84.035922	0.11084024	0.0018798137	-0.7857068	-0.37282264	0.49362749	4075	5
4077	-1.2613234	2.9511795	84.090636	0.063568907	0.0017452496	-0.70390705	-0.64889354	0.28888067	4076	5
4078	-1.06907	3.05793	84.03	0.035827958	0.0016612795	-0.91727531	-0.22839945	-0.32625097	4074	6
4079	-0.75507	2.85293	84.069	0.094424573	0.0028860285	-0.80487523	-0.48716132	-0.33889483	4053	5
