tree,method,total_m3,trunk_m3,branch_m3,std_m3,dbh_m,height_m,taper_cm_per_m,trunk_len_m,branch_len_m,branch_filter,n_cylinders,mode,pd1_m,pd2min_m,pd2max_m,mincylrad_m,simp_maxorder,simp_smallradii,simp_replaceiterations,adqsm_variant,radius_threshold_mm,seg_min_mm,seg_max_mm,seg_k_pct,calmethod,pmdist_mean,pmdist_trunk_mean,pmdist_branch_mean
B21_S01,AdQSM (TreesParams) (AdQSM 080),7.761910,2.807520,4.954390,,0.504786,28.730000,,30.218000,7799.330000,none,,,,,,,,,,,,,,,,,,
B21_S01,AdTree calibrated r5mm (AdQSM 080) [calref=min5mm]_seg35-500-k50,5.496410,2.952256,2.544154,,0.504785,28.284047,0.165233,27.847337,2565.108697,none,53491,,,,,,,,,080,5.000000,35.000000,500.000000,50.000000,min5mm,,,
B21_S01,AdTree calibrated r5mm (AdQSM 080) [calmethod=regression-perorder]_seg35-500-k50,7.157111,2.952256,4.204855,,0.504785,28.284047,0.165233,27.847337,2565.108697,none,53491,,,,,,,,,080,5.000000,35.000000,500.000000,50.000000,regression-perorder,,,
B21_S01,AdTree calibrated r5mm (AdQSM 080) [calref=min5mm]_seg35-500-k50-wlen,4.988429,2.952256,2.036173,,0.504785,28.284047,0.165233,27.847337,2565.108697,none,53491,,,,,,,,,080,5.000000,35.000000,500.000000,50.000000,min5mm,,,
B21_S01,AdTree calibrated r5mm (AdQSM 080) [calmethod=regression-perorder]_seg35-500-k50-wlen,6.312106,2.952256,3.359850,,0.504785,28.284047,0.165233,27.847337,2565.108697,none,53491,,,,,,,,,080,5.000000,35.000000,500.000000,50.000000,regression-perorder,,,
B21_S01,AdTree calibrated r10mm (AdQSM 080) [calref=min5mm]_seg35-500-k50,5.409763,2.950601,2.459161,,0.504785,28.084080,0.165233,27.310422,1226.002760,none,23769,,,,,,,,,080,10.000000,35.000000,500.000000,50.000000,min5mm,,,
B21_S01,AdTree calibrated r10mm (AdQSM 080) [calmethod=regression-perorder]_seg35-500-k50,6.781655,2.950601,3.831053,,0.504785,28.084080,0.165233,27.310422,1226.002760,none,23769,,,,,,,,,080,10.000000,35.000000,500.000000,50.000000,regression-perorder,,,
B21_S01,AdTree calibrated r10mm (AdQSM 080) [calref=min5mm]_seg35-500-k50-wlen,4.908378,2.950601,1.957777,,0.504785,28.084080,0.165233,27.310422,1226.002760,none,23769,,,,,,,,,080,10.000000,35.000000,500.000000,50.000000,min5mm,,,
B21_S01,AdTree calibrated r10mm (AdQSM 080) [calmethod=regression-perorder]_seg35-500-k50-wlen,5.956540,2.950601,3.005939,,0.504785,28.084080,0.165233,27.310422,1226.002760,none,23769,,,,,,,,,080,10.000000,35.000000,500.000000,50.000000,regression-perorder,,,
B21_S01,AdTree calibrated r15mm (AdQSM 080) [calref=min5mm]_seg35-500-k50,5.339723,2.950601,2.389121,,0.504785,27.746408,0.165233,27.310422,809.671626,none,15049,,,,,,,,,080,15.000000,35.000000,500.000000,50.000000,min5mm,,,
B21_S01,AdTree calibrated r15mm (AdQSM 080) [calmethod=regression-perorder]_seg35-500-k50,6.551958,2.950601,3.601357,,0.504785,27.746408,0.165233,27.310422,809.671626,none,15049,,,,,,,,,080,15.000000,35.000000,500.000000,50.000000,regression-perorder,,,
B21_S01,AdTree calibrated r15mm (AdQSM 080) [calref=min5mm]_seg35-500-k50-wlen,4.845858,2.950601,1.895256,,0.504785,27.746408,0.165233,27.310422,809.671626,none,15049,,,,,,,,,080,15.000000,35.000000,500.000000,50.000000,min5mm,,,
B21_S01,AdTree calibrated r15mm (AdQSM 080) [calmethod=regression-perorder]_seg35-500-k50-wlen,5.744398,2.950601,2.793797,,0.504785,27.746408,0.165233,27.310422,809.671626,none,15049,,,,,,,,,080,15.000000,35.000000,500.000000,50.000000,regression-perorder,,,
B21_S01,AdTree calibrated r20mm (AdQSM 080) [calref=min5mm]_seg35-500-k50,5.269376,2.948978,2.320398,,0.504785,27.449466,0.165233,26.904446,599.480257,none,10844,,,,,,,,,080,20.000000,35.000000,500.000000,50.000000,min5mm,,,
B21_S01,AdTree calibrated r20mm (AdQSM 080) [calmethod=regression-perorder]_seg35-500-k50,6.374799,2.948978,3.425821,,0.504785,27.449466,0.165233,26.904446,599.480257,none,10844,,,,,,,,,080,20.000000,35.000000,500.000000,50.000000,regression-perorder,,,
B21_S01,AdTree calibrated r20mm (AdQSM 080) [calref=min5mm]_seg35-500-k50-wlen,4.783827,2.948978,1.834849,,0.504785,27.449466,0.165233,26.904446,599.480257,none,10844,,,,,,,,,080,20.000000,35.000000,500.000000,50.000000,min5mm,,,
B21_S01,AdTree calibrated r20mm (AdQSM 080) [calmethod=regression-perorder]_seg35-500-k50-wlen,5.583806,2.948978,2.634828,,0.504785,27.449466,0.165233,26.904446,599.480257,none,10844,,,,,,,,,080,20.000000,35.000000,500.000000,50.000000,regression-perorder,,,
B21_S01,AdTree calibrated r5mm (AdQSM 080) [calref=min5mm]_seg35-500-k80,6.052456,2.946432,3.106024,,0.504787,28.284047,0.132840,27.802470,2564.898370,none,52668,,,,,,,,,080,5.000000,35.000000,500.000000,80.000000,min5mm,,,
B21_S01,AdTree calibrated r5mm (AdQSM 080) [calmethod=regression-perorder]_seg35-500-k80,8.329682,2.946432,5.383250,,0.504787,28.284047,0.132840,27.802470,2564.898370,none,52668,,,,,,,,,080,5.000000,35.000000,500.000000,80.000000,regression-perorder,,,
B21_S01,AdTree calibrated r5mm (AdQSM 080) [calref=min5mm]_seg35-500-k80-wlen,4.983447,2.946432,2.037015,,0.504787,28.284047,0.132840,27.802470,2564.898370,none,52668,,,,,,,,,080,5.000000,35.000000,500.000000,80.000000,min5mm,,,
B21_S01,AdTree calibrated r5mm (AdQSM 080) [calmethod=regression-perorder]_seg35-500-k80-wlen,6.328087,2.946432,3.381656,,0.504787,28.284047,0.132840,27.802470,2564.898370,none,52668,,,,,,,,,080,5.000000,35.000000,500.000000,80.000000,regression-perorder,,,
B21_S01,AdTree calibrated r10mm (AdQSM 080) [calref=min5mm]_seg35-500-k80,5.964472,2.944777,3.019695,,0.504787,28.084080,0.132840,27.265555,1225.792434,none,22946,,,,,,,,,080,10.000000,35.000000,500.000000,80.000000,min5mm,,,
B21_S01,AdTree calibrated r10mm (AdQSM 080) [calmethod=regression-perorder]_seg35-500-k80,7.951419,2.944777,5.006642,,0.504787,28.084080,0.132840,27.265555,1225.792434,none,22946,,,,,,,,,080,10.000000,35.000000,500.000000,80.000000,regression-perorder,,,
B21_S01,AdTree calibrated r10mm (AdQSM 080) [calref=min5mm]_seg35-500-k80-wlen,4.903391,2.944777,1.958614,,0.504787,28.084080,0.132840,27.265555,1225.792434,none,22946,,,,,,,,,080,10.000000,35.000000,500.000000,80.000000,min5mm,,,
B21_S01,AdTree calibrated r10mm (AdQSM 080) [calmethod=regression-perorder]_seg35-500-k80-wlen,5.972520,2.944777,3.027743,,0.504787,28.084080,0.132840,27.265555,1225.792434,none,22946,,,,,,,,,080,10.000000,35.000000,500.000000,80.000000,regression-perorder,,,
B21_S01,AdTree calibrated r15mm (AdQSM 080) [calref=min5mm]_seg35-500-k80,5.892188,2.944777,2.947411,,0.504787,27.746408,0.132840,27.265555,809.461300,none,14226,,,,,,,,,080,15.000000,35.000000,500.000000,80.000000,min5mm,,,
B21_S01,AdTree calibrated r15mm (AdQSM 080) [calmethod=regression-perorder]_seg35-500-k80,7.717570,2.944777,4.772793,,0.504787,27.746408,0.132840,27.265555,809.461300,none,14226,,,,,,,,,080,15.000000,35.000000,500.000000,80.000000,regression-perorder,,,
B21_S01,AdTree calibrated r15mm (AdQSM 080) [calref=min5mm]_seg35-500-k80-wlen,4.840862,2.944777,1.896085,,0.504787,27.746408,0.132840,27.265555,809.461300,none,14226,,,,,,,,,080,15.000000,35.000000,500.000000,80.000000,min5mm,,,
B21_S01,AdTree calibrated r15mm (AdQSM 080) [calmethod=regression-perorder]_seg35-500-k80-wlen,5.760378,2.944777,2.815601,,0.504787,27.746408,0.132840,27.265555,809.461300,none,14226,,,,,,,,,080,15.000000,35.000000,500.000000,80.000000,regression-perorder,,,
B21_S01,AdTree calibrated r20mm (AdQSM 080) [calref=min5mm]_seg35-500-k80,5.818829,2.943154,2.875676,,0.504787,27.449466,0.132840,26.859579,599.269931,none,10021,,,,,,,,,080,20.000000,35.000000,500.000000,80.000000,min5mm,,,
B21_S01,AdTree calibrated r20mm (AdQSM 080) [calmethod=regression-perorder]_seg35-500-k80,7.535138,2.943154,4.591984,,0.504787,27.449466,0.132840,26.859579,599.269931,none,10021,,,,,,,,,080,20.000000,35.000000,500.000000,80.000000,regression-perorder,,,
B21_S01,AdTree calibrated r20mm (AdQSM 080) [calref=min5mm]_seg35-500-k80-wlen,4.778820,2.943154,1.835666,,0.504787,27.449466,0.132840,26.859579,599.269931,none,10021,,,,,,,,,080,20.000000,35.000000,500.000000,80.000000,min5mm,,,
B21_S01,AdTree calibrated r20mm (AdQSM 080) [calmethod=regression-perorder]_seg35-500-k80-wlen,5.599787,2.943154,2.656633,,0.504787,27.449466,0.132840,26.859579,599.269931,none,10021,,,,,,,,,080,20.000000,35.000000,500.000000,80.000000,regression-perorder,,,
B21_S01,AdTree calibrated r5mm (AdQSM 080) [calref=min5mm]_seg35-500-k100,6.490112,2.945800,3.544312,,0.504785,28.284047,0.111209,27.791460,2564.725631,none,52004,,,,,,,,,080,5.000000,35.000000,500.000000,100.000000,min5mm,,,
B21_S01,AdTree calibrated r5mm (AdQSM 080) [calmethod=regression-perorder]_seg35-500-k100,9.280078,2.945800,6.334278,,0.504785,28.284047,0.111209,27.791460,2564.725631,none,52004,,,,,,,,,080,5.000000,35.000000,500.000000,100.000000,regression-perorder,,,
B21_S01,AdTree calibrated r5mm (AdQSM 080) [calref=min5mm]_seg35-500-k100-wlen,4.981412,2.945800,2.035612,,0.504785,28.284047,0.111209,27.791460,2564.725631,none,52004,,,,,,,,,080,5.000000,35.000000,500.000000,100.000000,min5mm,,,
B21_S01,AdTree calibrated r5mm (AdQSM 080) [calmethod=regression-perorder]_seg35-500-k100-wlen,6.310854,2.945800,3.365054,,0.504785,28.284047,0.111209,27.791460,2564.725631,none,52004,,,,,,,,,080,5.000000,35.000000,500.000000,100.000000,regression-perorder,,,
B21_S01,AdTree calibrated r10mm (AdQSM 080) [calref=min5mm]_seg35-500-k100,6.400839,2.944145,3.456694,,0.504785,28.084080,0.111209,27.254545,1225.619694,none,22282,,,,,,,,,080,10.000000,35.000000,500.000000,100.000000,min5mm,,,
B21_S01,AdTree calibrated r10mm (AdQSM 080) [calmethod=regression-perorder]_seg35-500-k100,8.898794,2.944145,5.954649,,0.504785,28.084080,0.111209,27.254545,1225.619694,none,22282,,,,,,,,,080,10.000000,35.000000,500.000000,100.000000,regression-perorder,,,
B21_S01,AdTree calibrated r10mm (AdQSM 080) [calref=min5mm]_seg35-500-k100-wlen,4.901353,2.944145,1.957208,,0.504785,28.084080,0.111209,27.254545,1225.619694,none,22282,,,,,,,,,080,10.000000,35.000000,500.000000,100.000000,min5mm,,,
B21_S01,AdTree calibrated r10mm (AdQSM 080) [calmethod=regression-perorder]_seg35-500-k100-wlen,5.955275,2.944145,3.011130,,0.504785,28.084080,0.111209,27.254545,1225.619694,none,22282,,,,,,,,,080,10.000000,35.000000,500.000000,100.000000,regression-perorder,,,
B21_S01,AdTree calibrated r15mm (AdQSM 080) [calref=min5mm]_seg35-500-k100,6.326506,2.944145,3.382361,,0.504785,27.746408,0.111209,27.254545,809.288571,none,13563,,,,,,,,,080,15.000000,35.000000,500.000000,100.000000,min5mm,,,
B21_S01,AdTree calibrated r15mm (AdQSM 080) [calmethod=regression-perorder]_seg35-500-k100,8.660721,2.944145,5.716576,,0.504785,27.746408,0.111209,27.254545,809.288571,none,13563,,,,,,,,,080,15.000000,35.000000,500.000000,100.000000,regression-perorder,,,
B21_S01,AdTree calibrated r15mm (AdQSM 080) [calref=min5mm]_seg35-500-k100-wlen,4.838845,2.944145,1.894700,,0.504785,27.746408,0.111209,27.254545,809.288571,none,13563,,,,,,,,,080,15.000000,35.000000,500.000000,100.000000,min5mm,,,
B21_S01,AdTree calibrated r15mm (AdQSM 080) [calmethod=regression-perorder]_seg35-500-k100-wlen,5.743128,2.944145,2.798983,,0.504785,27.746408,0.111209,27.254545,809.288571,none,13563,,,,,,,,,080,15.000000,35.000000,500.000000,100.000000,regression-perorder,,,
B21_S01,AdTree calibrated r20mm (AdQSM 080) [calref=min5mm]_seg35-500-k100,6.250390,2.942522,3.307868,,0.504785,27.449466,0.111209,26.848569,599.097202,none,9359,,,,,,,,,080,20.000000,35.000000,500.000000,100.000000,min5mm,,,
B21_S01,AdTree calibrated r20mm (AdQSM 080) [calmethod=regression-perorder]_seg35-500-k100,8.473086,2.942522,5.530564,,0.504785,27.449466,0.111209,26.848569,599.097202,none,9359,,,,,,,,,080,20.000000,35.000000,500.000000,100.000000,regression-perorder,,,
B21_S01,AdTree calibrated r20mm (AdQSM 080) [calref=min5mm]_seg35-500-k100-wlen,4.776803,2.942522,1.834281,,0.504785,27.449466,0.111209,26.848569,599.097202,none,9359,,,,,,,,,080,20.000000,35.000000,500.000000,100.000000,min5mm,,,
B21_S01,AdTree calibrated r20mm (AdQSM 080) [calmethod=regression-perorder]_seg35-500-k100-wlen,5.582521,2.942522,2.639999,,0.504785,27.449466,0.111209,26.848569,599.097202,none,9359,,,,,,,,,080,20.000000,35.000000,500.000000,100.000000,regression-perorder,,,
B21_S01,AdTree calibrated r5mm (AdQSM 080) [calref=min5mm]_seg50-500-k50,5.378143,2.952211,2.425932,,0.504785,28.284047,0.165233,27.842995,2558.695930,none,46019,,,,,,,,,080,5.000000,50.000000,500.000000,50.000000,min5mm,,,
B21_S01,AdTree calibrated r5mm (AdQSM 080) [calmethod=regression-perorder]_seg50-500-k50,6.948643,2.952211,3.996432,,0.504785,28.284047,0.165233,27.842995,2558.695930,none,46019,,,,,,,,,080,5.000000,50.000000,500.000000,50.000000,regression-perorder,,,
B21_S01,AdTree calibrated r5mm (AdQSM 080) [calref=min5mm]_seg50-500-k50-wlen,4.981781,2.952211,2.029570,,0.504785,28.284047,0.165233,27.842995,2558.695930,none,46019,,,,,,,,,080,5.000000,50.000000,500.000000,50.000000,min5mm,,,
B21_S01,AdTree calibrated r5mm (AdQSM 080) [calmethod=regression-perorder]_seg50-500-k50-wlen,6.331234,2.952211,3.379023,,0.504785,28.284047,0.165233,27.842995,2558.695930,none,46019,,,,,,,,,080,5.000000,50.000000,500.000000,50.000000,regression-perorder,,,
B21_S01,AdTree calibrated r10mm (AdQSM 080) [calref=min5mm]_seg50-500-k50,5.291061,2.950557,2.340504,,0.504785,28.084080,0.165233,27.306438,1223.733624,none,20186,,,,,,,,,080,10.000000,50.000000,500.000000,50.000000,min5mm,,,
B21_S01,AdTree calibrated r10mm (AdQSM 080) [calmethod=regression-perorder]_seg50-500-k50,6.567694,2.950557,3.617137,,0.504785,28.084080,0.165233,27.306438,1223.733624,none,20186,,,,,,,,,080,10.000000,50.000000,500.000000,50.000000,regression-perorder,,,
B21_S01,AdTree calibrated r10mm (AdQSM 080) [calref=min5mm]_seg50-500-k50-wlen,4.902442,2.950557,1.951885,,0.504785,28.084080,0.165233,27.306438,1223.733624,none,20186,,,,,,,,,080,10.000000,50.000000,500.000000,50.000000,min5mm,,,
B21_S01,AdTree calibrated r10mm (AdQSM 080) [calmethod=regression-perorder]_seg50-500-k50-wlen,5.974465,2.950557,3.023908,,0.504785,28.084080,0.165233,27.306438,1223.733624,none,20186,,,,,,,,,080,10.000000,50.000000,500.000000,50.000000,regression-perorder,,,
B21_S01,AdTree calibrated r15mm (AdQSM 080) [calref=min5mm]_seg50-500-k50,5.220834,2.950557,2.270277,,0.504785,27.746408,0.165233,27.306438,808.576643,none,12942,,,,,,,,,080,15.000000,50.000000,500.000000,50.000000,min5mm,,,
B21_S01,AdTree calibrated r15mm (AdQSM 080) [calmethod=regression-perorder]_seg50-500-k50,6.333165,2.950557,3.382608,,0.504785,27.746408,0.165233,27.306438,808.576643,none,12942,,,,,,,,,080,15.000000,50.000000,500.000000,50.000000,regression-perorder,,,
B21_S01,AdTree calibrated r15mm (AdQSM 080) [calref=min5mm]_seg50-500-k50-wlen,4.840502,2.950557,1.889945,,0.504785,27.746408,0.165233,27.306438,808.576643,none,12942,,,,,,,,,080,15.000000,50.000000,500.000000,50.000000,min5mm,,,
B21_S01,AdTree calibrated r15mm (AdQSM 080) [calmethod=regression-perorder]_seg50-500-k50-wlen,5.760847,2.950557,2.810290,,0.504785,27.746408,0.165233,27.306438,808.576643,none,12942,,,,,,,,,080,15.000000,50.000000,500.000000,50.000000,regression-perorder,,,
B21_S01,AdTree calibrated r20mm (AdQSM 080) [calref=min5mm]_seg50-500-k50,5.150573,2.948936,2.201638,,0.504785,27.449466,0.165233,26.900951,598.940182,none,9481,,,,,,,,,080,20.000000,50.000000,500.000000,50.000000,min5mm,,,
B21_S01,AdTree calibrated r20mm (AdQSM 080) [calmethod=regression-perorder]_seg50-500-k50,6.152050,2.948936,3.203114,,0.504785,27.449466,0.165233,26.900951,598.940182,none,9481,,,,,,,,,080,20.000000,50.000000,500.000000,50.000000,regression-perorder,,,
B21_S01,AdTree calibrated r20mm (AdQSM 080) [calref=min5mm]_seg50-500-k50-wlen,4.778972,2.948936,1.830036,,0.504785,27.449466,0.165233,26.900951,598.940182,none,9481,,,,,,,,,080,20.000000,50.000000,500.000000,50.000000,min5mm,,,
B21_S01,AdTree calibrated r20mm (AdQSM 080) [calmethod=regression-perorder]_seg50-500-k50-wlen,5.598867,2.948936,2.649932,,0.504785,27.449466,0.165233,26.900951,598.940182,none,9481,,,,,,,,,080,20.000000,50.000000,500.000000,50.000000,regression-perorder,,,
B21_S01,AdTree calibrated r5mm (AdQSM 080) [calref=min5mm]_seg50-500-k80,5.760045,2.946407,2.813637,,0.504787,28.284047,0.132840,27.799459,2558.537779,none,45461,,,,,,,,,080,5.000000,50.000000,500.000000,80.000000,min5mm,,,
B21_S01,AdTree calibrated r5mm (AdQSM 080) [calmethod=regression-perorder]_seg50-500-k80,7.789344,2.946407,4.842937,,0.504787,28.284047,0.132840,27.799459,2558.537779,none,45461,,,,,,,,,080,5.000000,50.000000,500.000000,80.000000,regression-perorder,,,
B21_S01,AdTree calibrated r5mm (AdQSM 080) [calref=min5mm]_seg50-500-k80-wlen,4.974162,2.946407,2.027755,,0.504787,28.284047,0.132840,27.799459,2558.537779,none,45461,,,,,,,,,080,5.000000,50.000000,500.000000,80.000000,min5mm,,,
B21_S01,AdTree calibrated r5mm (AdQSM 080) [calmethod=regression-perorder]_seg50-500-k80-wlen,6.344545,2.946407,3.398138,,0.504787,28.284047,0.132840,27.799459,2558.537779,none,45461,,,,,,,,,080,5.000000,50.000000,500.000000,80.000000,regression-perorder,,,
B21_S01,AdTree calibrated r10mm (AdQSM 080) [calref=min5mm]_seg50-500-k80,5.671983,2.944753,2.727230,,0.504787,28.084080,0.132840,27.262902,1223.575473,none,19628,,,,,,,,,080,10.000000,50.000000,500.000000,80.000000,min5mm,,,
B21_S01,AdTree calibrated r10mm (AdQSM 080) [calmethod=regression-perorder]_seg50-500-k80,7.406246,2.944753,4.461492,,0.504787,28.084080,0.132840,27.262902,1223.575473,none,19628,,,,,,,,,080,10.000000,50.000000,500.000000,80.000000,regression-perorder,,,
B21_S01,AdTree calibrated r10mm (AdQSM 080) [calref=min5mm]_seg50-500-k80-wlen,4.894822,2.944753,1.950069,,0.504787,28.084080,0.132840,27.262902,1223.575473,none,19628,,,,,,,,,080,10.000000,50.000000,500.000000,80.000000,min5mm,,,
B21_S01,AdTree calibrated r10mm (AdQSM 080) [calmethod=regression-perorder]_seg50-500-k80-wlen,5.987775,2.944753,3.043022,,0.504787,28.084080,0.132840,27.262902,1223.575473,none,19628,,,,,,,,,080,10.000000,50.000000,500.000000,80.000000,regression-perorder,,,
B21_S01,AdTree calibrated r15mm (AdQSM 080) [calref=min5mm]_seg50-500-k80,5.600121,2.944753,2.655368,,0.504787,27.746408,0.132840,27.262902,808.418492,none,12384,,,,,,,,,080,15.000000,50.000000,500.000000,80.000000,min5mm,,,
B21_S01,AdTree calibrated r15mm (AdQSM 080) [calmethod=regression-perorder]_seg50-500-k80,7.168569,2.944753,4.223816,,0.504787,27.746408,0.132840,27.262902,808.418492,none,12384,,,,,,,,,080,15.000000,50.000000,500.000000,80.000000,regression-perorder,,,
B21_S01,AdTree calibrated r15mm (AdQSM 080) [calref=min5mm]_seg50-500-k80-wlen,4.832881,2.944753,1.888127,,0.504787,27.746408,0.132840,27.262902,808.418492,none,12384,,,,,,,,,080,15.000000,50.000000,500.000000,80.000000,min5mm,,,
B21_S01,AdTree calibrated r15mm (AdQSM 080) [calmethod=regression-perorder]_seg50-500-k80-wlen,5.774161,2.944753,2.829408,,0.504787,27.746408,0.132840,27.262902,808.418492,none,12384,,,,,,,,,080,15.000000,50.000000,500.000000,80.000000,regression-perorder,,,
B21_S01,AdTree calibrated r20mm (AdQSM 080) [calref=min5mm]_seg50-500-k80,5.527653,2.943132,2.584521,,0.504787,27.449466,0.132840,26.857416,598.782031,none,8923,,,,,,,,,080,20.000000,50.000000,500.000000,80.000000,min5mm,,,
B21_S01,AdTree calibrated r20mm (AdQSM 080) [calmethod=regression-perorder]_seg50-500-k80,6.983496,2.943132,4.040364,,0.504787,27.449466,0.132840,26.857416,598.782031,none,8923,,,,,,,,,080,20.000000,50.000000,500.000000,80.000000,regression-perorder,,,
B21_S01,AdTree calibrated r20mm (AdQSM 080) [calref=min5mm]_seg50-500-k80-wlen,4.771349,2.943132,1.828217,,0.504787,27.449466,0.132840,26.857416,598.782031,none,8923,,,,,,,,,080,20.000000,50.000000,500.000000,80.000000,min5mm,,,
B21_S01,AdTree calibrated r20mm (AdQSM 080) [calmethod=regression-perorder]_seg50-500-k80-wlen,5.612185,2.943132,2.669053,,0.504787,27.449466,0.132840,26.857416,598.782031,none,8923,,,,,,,,,080,20.000000,50.000000,500.000000,80.000000,regression-perorder,,,
B21_S01,AdTree calibrated r5mm (AdQSM 080) [calref=min5mm]_seg50-500-k100,6.070226,2.945793,3.124433,,0.504785,28.284047,0.111209,27.790078,2558.401444,none,45007,,,,,,,,,080,5.000000,50.000000,500.000000,100.000000,min5mm,,,
B21_S01,AdTree calibrated r5mm (AdQSM 080) [calmethod=regression-perorder]_seg50-500-k100,8.448486,2.945793,5.502693,,0.504785,28.284047,0.111209,27.790078,2558.401444,none,45007,,,,,,,,,080,5.000000,50.000000,500.000000,100.000000,regression-perorder,,,
B21_S01,AdTree calibrated r5mm (AdQSM 080) [calref=min5mm]_seg50-500-k100-wlen,4.972532,2.945793,2.026739,,0.504785,28.284047,0.111209,27.790078,2558.401444,none,45007,,,,,,,,,080,5.000000,50.000000,500.000000,100.000000,min5mm,,,
B21_S01,AdTree calibrated r5mm (AdQSM 080) [calmethod=regression-perorder]_seg50-500-k100-wlen,6.328252,2.945793,3.382459,,0.504785,28.284047,0.111209,27.790078,2558.401444,none,45007,,,,,,,,,080,5.000000,50.000000,500.000000,100.000000,regression-perorder,,,
B21_S01,AdTree calibrated r10mm (AdQSM 080) [calref=min5mm]_seg50-500-k100,5.981280,2.944139,3.037141,,0.504785,28.084080,0.111209,27.253522,1223.439138,none,19174,,,,,,,,,080,10.000000,50.000000,500.000000,100.000000,min5mm,,,
B21_S01,AdTree calibrated r10mm (AdQSM 080) [calmethod=regression-perorder]_seg50-500-k100,8.063110,2.944139,5.118971,,0.504785,28.084080,0.111209,27.253522,1223.439138,none,19174,,,,,,,,,080,10.000000,50.000000,500.000000,100.000000,regression-perorder,,,
B21_S01,AdTree calibrated r10mm (AdQSM 080) [calref=min5mm]_seg50-500-k100-wlen,4.893191,2.944139,1.949051,,0.504785,28.084080,0.111209,27.253522,1223.439138,none,19174,,,,,,,,,080,10.000000,50.000000,500.000000,100.000000,min5mm,,,
B21_S01,AdTree calibrated r10mm (AdQSM 080) [calmethod=regression-perorder]_seg50-500-k100-wlen,5.971474,2.944139,3.027335,,0.504785,28.084080,0.111209,27.253522,1223.439138,none,19174,,,,,,,,,080,10.000000,50.000000,500.000000,100.000000,regression-perorder,,,
B21_S01,AdTree calibrated r15mm (AdQSM 080) [calref=min5mm]_seg50-500-k100,5.907982,2.944139,2.963842,,0.504785,27.746408,0.111209,27.253522,808.282156,none,11930,,,,,,,,,080,15.000000,50.000000,500.000000,100.000000,min5mm,,,
B21_S01,AdTree calibrated r15mm (AdQSM 080) [calmethod=regression-perorder]_seg50-500-k100,7.822283,2.944139,4.878144,,0.504785,27.746408,0.111209,27.253522,808.282156,none,11930,,,,,,,,,080,15.000000,50.000000,500.000000,100.000000,regression-perorder,,,
B21_S01,AdTree calibrated r15mm (AdQSM 080) [calref=min5mm]_seg50-500-k100-wlen,4.831247,2.944139,1.887108,,0.504785,27.746408,0.111209,27.253522,808.282156,none,11930,,,,,,,,,080,15.000000,50.000000,500.000000,100.000000,min5mm,,,
B21_S01,AdTree calibrated r15mm (AdQSM 080) [calmethod=regression-perorder]_seg50-500-k100-wlen,5.757846,2.944139,2.813707,,0.504785,27.746408,0.111209,27.253522,808.282156,none,11930,,,,,,,,,080,15.000000,50.000000,500.000000,100.000000,regression-perorder,,,
B21_S01,AdTree calibrated r20mm (AdQSM 080) [calref=min5mm]_seg50-500-k100,5.833611,2.942518,2.891093,,0.504785,27.449466,0.111209,26.848035,598.645696,none,8469,,,,,,,,,080,20.000000,50.000000,500.000000,100.000000,min5mm,,,
B21_S01,AdTree calibrated r20mm (AdQSM 080) [calmethod=regression-perorder]_seg50-500-k100,7.633362,2.942518,4.690845,,0.504785,27.449466,0.111209,26.848035,598.645696,none,8469,,,,,,,,,080,20.000000,50.000000,500.000000,100.000000,regression-perorder,,,
B21_S01,AdTree calibrated r20mm (AdQSM 080) [calref=min5mm]_seg50-500-k100-wlen,4.769713,2.942518,1.827195,,0.504785,27.449466,0.111209,26.848035,598.645696,none,8469,,,,,,,,,080,20.000000,50.000000,500.000000,100.000000,min5mm,,,
B21_S01,AdTree calibrated r20mm (AdQSM 080) [calmethod=regression-perorder]_seg50-500-k100-wlen,5.595854,2.942518,2.653336,,0.504785,27.449466,0.111209,26.848035,598.645696,none,8469,,,,,,,,,080,20.000000,50.000000,500.000000,100.000000,regression-perorder,,,
B21_S01,AdTree calibrated r5mm (AdQSM 080) [calref=min5mm]_seg65-500-k50,5.626395,2.952129,2.674266,,0.504785,28.284047,0.165233,27.835077,2545.940705,none,39284,,,,,,,,,080,5.000000,65.000000,500.000000,50.000000,min5mm,,,
B21_S01,AdTree calibrated r5mm (AdQSM 080) [calmethod=regression-perorder]_seg65-500-k50,7.166620,2.952129,4.214491,,0.504785,28.284047,0.165233,27.835077,2545.940705,none,39284,,,,,,,,,080,5.000000,65.000000,500.000000,50.000000,regression-perorder,,,
B21_S01,AdTree calibrated r5mm (AdQSM 080) [calref=min5mm]_seg65-500-k50-wlen,4.972822,2.952129,2.020693,,0.504785,28.284047,0.165233,27.835077,2545.940705,none,39284,,,,,,,,,080,5.000000,65.000000,500.000000,50.000000,min5mm,,,
B21_S01,AdTree calibrated r5mm (AdQSM 080) [calmethod=regression-perorder]_seg65-500-k50-wlen,6.348980,2.952129,3.396851,,0.504785,28.284047,0.165233,27.835077,2545.940705,none,39284,,,,,,,,,080,5.000000,65.000000,500.000000,50.000000,regression-perorder,,,
B21_S01,AdTree calibrated r10mm (AdQSM 080) [calref=min5mm]_seg65-500-k50,5.535587,2.950479,2.585107,,0.504785,28.084080,0.165233,27.300182,1219.355690,none,16143,,,,,,,,,080,10.000000,65.000000,500.000000,50.000000,min5mm,,,
B21_S01,AdTree calibrated r10mm (AdQSM 080) [calmethod=regression-perorder]_seg65-500-k50,6.767644,2.950479,3.817164,,0.504785,28.084080,0.165233,27.300182,1219.355690,none,16143,,,,,,,,,080,10.000000,65.000000,500.000000,50.000000,regression-perorder,,,
B21_S01,AdTree calibrated r10mm (AdQSM 080) [calref=min5mm]_seg65-500-k50-wlen,4.894346,2.950479,1.943866,,0.504785,28.084080,0.165233,27.300182,1219.355690,none,16143,,,,,,,,,080,10.000000,65.000000,500.000000,50.000000,min5mm,,,
B21_S01,AdTree calibrated r10mm (AdQSM 080) [calmethod=regression-perorder]_seg65-500-k50-wlen,5.993081,2.950479,3.042601,,0.504785,28.084080,0.165233,27.300182,1219.355690,none,16143,,,,,,,,,080,10.000000,65.000000,500.000000,50.000000,regression-perorder,,,
B21_S01,AdTree calibrated r15mm (AdQSM 080) [calref=min5mm]_seg65-500-k50,5.460063,2.950479,2.509583,,0.504785,27.746408,0.165233,27.300182,806.889901,none,9833,,,,,,,,,080,15.000000,65.000000,500.000000,50.000000,min5mm,,,
B21_S01,AdTree calibrated r15mm (AdQSM 080) [calmethod=regression-perorder]_seg65-500-k50,6.513463,2.950479,3.562983,,0.504785,27.746408,0.165233,27.300182,806.889901,none,9833,,,,,,,,,080,15.000000,65.000000,500.000000,50.000000,regression-perorder,,,
B21_S01,AdTree calibrated r15mm (AdQSM 080) [calref=min5mm]_seg65-500-k50-wlen,4.833038,2.950479,1.882559,,0.504785,27.746408,0.165233,27.300182,806.889901,none,9833,,,,,,,,,080,15.000000,65.000000,500.000000,50.000000,min5mm,,,
B21_S01,AdTree calibrated r15mm (AdQSM 080) [calmethod=regression-perorder]_seg65-500-k50-wlen,5.779411,2.950479,2.828931,,0.504785,27.746408,0.165233,27.300182,806.889901,none,9833,,,,,,,,,080,15.000000,65.000000,500.000000,50.000000,regression-perorder,,,
B21_S01,AdTree calibrated r20mm (AdQSM 080) [calref=min5mm]_seg65-500-k50,5.383241,2.948859,2.434382,,0.504785,27.449466,0.165233,26.894965,598.033122,none,6878,,,,,,,,,080,20.000000,65.000000,500.000000,50.000000,min5mm,,,
B21_S01,AdTree calibrated r20mm (AdQSM 080) [calmethod=regression-perorder]_seg65-500-k50,6.311763,2.948859,3.362904,,0.504785,27.449466,0.165233,26.894965,598.033122,none,6878,,,,,,,,,080,20.000000,65.000000,500.000000,50.000000,regression-perorder,,,
B21_S01,AdTree calibrated r20mm (AdQSM 080) [calref=min5mm]_seg65-500-k50-wlen,4.772102,2.948859,1.823243,,0.504785,27.449466,0.165233,26.894965,598.033122,none,6878,,,,,,,,,080,20.000000,65.000000,500.000000,50.000000,min5mm,,,
B21_S01,AdTree calibrated r20mm (AdQSM 080) [calmethod=regression-perorder]_seg65-500-k50-wlen,5.617023,2.948859,2.668164,,0.504785,27.449466,0.165233,26.894965,598.033122,none,6878,,,,,,,,,080,20.000000,65.000000,500.000000,50.000000,regression-perorder,,,
B21_S01,AdTree calibrated r5mm (AdQSM 080) [calref=min5mm]_seg65-500-k80,5.783828,2.946360,2.837468,,0.504787,28.284047,0.132840,27.793508,2545.860675,none,39140,,,,,,,,,080,5.000000,65.000000,500.000000,80.000000,min5mm,,,
B21_S01,AdTree calibrated r5mm (AdQSM 080) [calmethod=regression-perorder]_seg65-500-k80,7.508833,2.946360,4.562473,,0.504787,28.284047,0.132840,27.793508,2545.860675,none,39140,,,,,,,,,080,5.000000,65.000000,500.000000,80.000000,regression-perorder,,,
B21_S01,AdTree calibrated r5mm (AdQSM 080) [calref=min5mm]_seg65-500-k80-wlen,4.965734,2.946360,2.019375,,0.504787,28.284047,0.132840,27.793508,2545.860675,none,39140,,,,,,,,,080,5.000000,65.000000,500.000000,80.000000,min5mm,,,
B21_S01,AdTree calibrated r5mm (AdQSM 080) [calmethod=regression-perorder]_seg65-500-k80-wlen,6.361349,2.946360,3.414989,,0.504787,28.284047,0.132840,27.793508,2545.860675,none,39140,,,,,,,,,080,5.000000,65.000000,500.000000,80.000000,regression-perorder,,,
B21_S01,AdTree calibrated r10mm (AdQSM 080) [calref=min5mm]_seg65-500-k80,5.692734,2.944711,2.748023,,0.504787,28.084080,0.132840,27.258613,1219.275659,none,15999,,,,,,,,,080,10.000000,65.000000,500.000000,80.000000,min5mm,,,
B21_S01,AdTree calibrated r10mm (AdQSM 080) [calmethod=regression-perorder]_seg65-500-k80,7.109451,2.944711,4.164741,,0.504787,28.084080,0.132840,27.258613,1219.275659,none,15999,,,,,,,,,080,10.000000,65.000000,500.000000,80.000000,regression-perorder,,,
B21_S01,AdTree calibrated r10mm (AdQSM 080) [calref=min5mm]_seg65-500-k80-wlen,4.887257,2.944711,1.942547,,0.504787,28.084080,0.132840,27.258613,1219.275659,none,15999,,,,,,,,,080,10.000000,65.000000,500.000000,80.000000,min5mm,,,
B21_S01,AdTree calibrated r10mm (AdQSM 080) [calmethod=regression-perorder]_seg65-500-k80-wlen,6.005453,2.944711,3.060743,,0.504787,28.084080,0.132840,27.258613,1219.275659,none,15999,,,,,,,,,080,10.000000,65.000000,500.000000,80.000000,regression-perorder,,,
B21_S01,AdTree calibrated r15mm (AdQSM 080) [calref=min5mm]_seg65-500-k80,5.616691,2.944711,2.671981,,0.504787,27.746408,0.132840,27.258613,806.809870,none,9689,,,,,,,,,080,15.000000,65.000000,500.000000,80.000000,min5mm,,,
B21_S01,AdTree calibrated r15mm (AdQSM 080) [calmethod=regression-perorder]_seg65-500-k80,6.854512,2.944711,3.909801,,0.504787,27.746408,0.132840,27.258613,806.809870,none,9689,,,,,,,,,080,15.000000,65.000000,500.000000,80.000000,regression-perorder,,,
B21_S01,AdTree calibrated r15mm (AdQSM 080) [calref=min5mm]_seg65-500-k80-wlen,4.825948,2.944711,1.881238,,0.504787,27.746408,0.132840,27.258613,806.809870,none,9689,,,,,,,,,080,15.000000,65.000000,500.000000,80.000000,min5mm,,,
B21_S01,AdTree calibrated r15mm (AdQSM 080) [calmethod=regression-perorder]_seg65-500-k80-wlen,5.791791,2.944711,2.847080,,0.504787,27.746408,0.132840,27.258613,806.809870,none,9689,,,,,,,,,080,15.000000,65.000000,500.000000,80.000000,regression-perorder,,,
B21_S01,AdTree calibrated r20mm (AdQSM 080) [calref=min5mm]_seg65-500-k80,5.539150,2.943090,2.596060,,0.504787,27.449466,0.132840,26.853397,597.953091,none,6734,,,,,,,,,080,20.000000,65.000000,500.000000,80.000000,min5mm,,,
B21_S01,AdTree calibrated r20mm (AdQSM 080) [calmethod=regression-perorder]_seg65-500-k80,6.651734,2.943090,3.708644,,0.504787,27.449466,0.132840,26.853397,597.953091,none,6734,,,,,,,,,080,20.000000,65.000000,500.000000,80.000000,regression-perorder,,,
B21_S01,AdTree calibrated r20mm (AdQSM 080) [calref=min5mm]_seg65-500-k80-wlen,4.765009,2.943090,1.821920,,0.504787,27.449466,0.132840,26.853397,597.953091,none,6734,,,,,,,,,080,20.000000,65.000000,500.000000,80.000000,min5mm,,,
B21_S01,AdTree calibrated r20mm (AdQSM 080) [calmethod=regression-perorder]_seg65-500-k80-wlen,5.629412,2.943090,2.686322,,0.504787,27.449466,0.132840,26.853397,597.953091,none,6734,,,,,,,,,080,20.000000,65.000000,500.000000,80.000000,regression-perorder,,,
B21_S01,AdTree calibrated r5mm (AdQSM 080) [calref=min5mm]_seg65-500-k100,5.937764,2.945763,2.992001,,0.504785,28.284047,0.111209,27.785206,2545.773899,none,39003,,,,,,,,,080,5.000000,65.000000,500.000000,100.000000,min5mm,,,
B21_S01,AdTree calibrated r5mm (AdQSM 080) [calmethod=regression-perorder]_seg65-500-k100,7.790035,2.945763,4.844272,,0.504785,28.284047,0.111209,27.785206,2545.773899,none,39003,,,,,,,,,080,5.000000,65.000000,500.000000,100.000000,regression-perorder,,,
B21_S01,AdTree calibrated r5mm (AdQSM 080) [calref=min5mm]_seg65-500-k100-wlen,4.964363,2.945763,2.018600,,0.504785,28.284047,0.111209,27.785206,2545.773899,none,39003,,,,,,,,,080,5.000000,65.000000,500.000000,100.000000,min5mm,,,
B21_S01,AdTree calibrated r5mm (AdQSM 080) [calmethod=regression-perorder]_seg65-500-k100-wlen,6.353863,2.945763,3.408100,,0.504785,28.284047,0.111209,27.785206,2545.773899,none,39003,,,,,,,,,080,5.000000,65.000000,500.000000,100.000000,regression-perorder,,,
B21_S01,AdTree calibrated r10mm (AdQSM 080) [calref=min5mm]_seg65-500-k100,5.846352,2.944114,2.902238,,0.504785,28.084080,0.111209,27.250311,1219.188883,none,15862,,,,,,,,,080,10.000000,65.000000,500.000000,100.000000,min5mm,,,
B21_S01,AdTree calibrated r10mm (AdQSM 080) [calmethod=regression-perorder]_seg65-500-k100,7.390190,2.944114,4.446076,,0.504785,28.084080,0.111209,27.250311,1219.188883,none,15862,,,,,,,,,080,10.000000,65.000000,500.000000,100.000000,regression-perorder,,,
B21_S01,AdTree calibrated r10mm (AdQSM 080) [calref=min5mm]_seg65-500-k100-wlen,4.885886,2.944114,1.941772,,0.504785,28.084080,0.111209,27.250311,1219.188883,none,15862,,,,,,,,,080,10.000000,65.000000,500.000000,100.000000,min5mm,,,
B21_S01,AdTree calibrated r10mm (AdQSM 080) [calmethod=regression-perorder]_seg65-500-k100-wlen,5.997960,2.944114,3.053846,,0.504785,28.084080,0.111209,27.250311,1219.188883,none,15862,,,,,,,,,080,10.000000,65.000000,500.000000,100.000000,regression-perorder,,,
B21_S01,AdTree calibrated r15mm (AdQSM 080) [calref=min5mm]_seg65-500-k100,5.769751,2.944114,2.825637,,0.504785,27.746408,0.111209,27.250311,806.728620,none,9553,,,,,,,,,080,15.000000,65.000000,500.000000,100.000000,min5mm,,,
B21_S01,AdTree calibrated r15mm (AdQSM 080) [calmethod=regression-perorder]_seg65-500-k100,7.134438,2.944114,4.190324,,0.504785,27.746408,0.111209,27.250311,806.728620,none,9553,,,,,,,,,080,15.000000,65.000000,500.000000,100.000000,regression-perorder,,,
B21_S01,AdTree calibrated r15mm (AdQSM 080) [calref=min5mm]_seg65-500-k100-wlen,4.824578,2.944114,1.880464,,0.504785,27.746408,0.111209,27.250311,806.728620,none,9553,,,,,,,,,080,15.000000,65.000000,500.000000,100.000000,min5mm,,,
B21_S01,AdTree calibrated r15mm (AdQSM 080) [calmethod=regression-perorder]_seg65-500-k100-wlen,5.784287,2.944114,2.840173,,0.504785,27.746408,0.111209,27.250311,806.728620,none,9553,,,,,,,,,080,15.000000,65.000000,500.000000,100.000000,regression-perorder,,,
B21_S01,AdTree calibrated r20mm (AdQSM 080) [calref=min5mm]_seg65-500-k100,5.691466,2.942493,2.748973,,0.504785,27.449466,0.111209,26.845095,597.867359,none,6598,,,,,,,,,080,20.000000,65.000000,500.000000,100.000000,min5mm,,,
B21_S01,AdTree calibrated r20mm (AdQSM 080) [calmethod=regression-perorder]_seg65-500-k100,6.930577,2.942493,3.988084,,0.504785,27.449466,0.111209,26.845095,597.867359,none,6598,,,,,,,,,080,20.000000,65.000000,500.000000,100.000000,regression-perorder,,,
B21_S01,AdTree calibrated r20mm (AdQSM 080) [calref=min5mm]_seg65-500-k100-wlen,4.763655,2.942493,1.821162,,0.504785,27.449466,0.111209,26.845095,597.867359,none,6598,,,,,,,,,080,20.000000,65.000000,500.000000,100.000000,min5mm,,,
B21_S01,AdTree calibrated r20mm (AdQSM 080) [calmethod=regression-perorder]_seg65-500-k100-wlen,5.621912,2.942493,2.679419,,0.504785,27.449466,0.111209,26.845095,597.867359,none,6598,,,,,,,,,080,20.000000,65.000000,500.000000,100.000000,regression-perorder,,,
B21_S01,AdQSM (TreesParams) (AdQSM 999),11.105700,4.009660,7.096030,,0.603253,28.730000,,30.218000,7799.330000,none,,,,,,,,,,,,,,,,,,
B21_S01,AdTree raw r5mm_seg35-500-k50,12.527747,4.437955,8.089792,,0.622045,28.284047,0.000000,27.847337,2565.108697,none,53491,,,,,,,,,,5.000000,35.000000,500.000000,50.000000,,,,
B21_S01,AdTree calibrated r5mm (AdQSM 999) [calref=min5mm]_seg35-500-k50,7.842132,4.216403,3.625729,,0.603252,28.284047,0.197706,27.847337,2565.108697,none,53491,,,,,,,,,999,5.000000,35.000000,500.000000,50.000000,min5mm,,,
B21_S01,AdTree calibrated r5mm (AdQSM 999) [calmethod=regression-perorder]_seg35-500-k50,10.213912,4.216403,5.997509,,0.603252,28.284047,0.197706,27.847337,2565.108697,none,53491,,,,,,,,,999,5.000000,35.000000,500.000000,50.000000,regression-perorder,,,
B21_S01,AdTree raw r5mm_seg35-500-k50-wlen,12.527747,4.437955,8.089792,,0.622045,28.284047,0.000000,27.847337,2565.108697,none,53491,,,,,,,,,,5.000000,35.000000,500.000000,50.000000,,,,
B21_S01,AdTree calibrated r5mm (AdQSM 999) [calref=min5mm]_seg35-500-k50-wlen,7.116640,4.216403,2.900237,,0.603252,28.284047,0.197706,27.847337,2565.108697,none,53491,,,,,,,,,999,5.000000,35.000000,500.000000,50.000000,min5mm,,,
B21_S01,AdTree calibrated r5mm (AdQSM 999) [calmethod=regression-perorder]_seg35-500-k50-wlen,9.007094,4.216403,4.790690,,0.603252,28.284047,0.197706,27.847337,2565.108697,none,53491,,,,,,,,,999,5.000000,35.000000,500.000000,50.000000,regression-perorder,,,
B21_S01,AdTree raw r10mm_seg35-500-k50,12.252713,4.437714,7.814999,,0.622045,28.084080,0.000000,27.310422,1226.002760,none,23769,,,,,,,,,,10.000000,35.000000,500.000000,50.000000,,,,
B21_S01,AdTree calibrated r10mm (AdQSM 999) [calref=min5mm]_seg35-500-k50,7.725072,4.214041,3.511031,,0.603252,28.084080,0.197706,27.310422,1226.002760,none,23769,,,,,,,,,999,10.000000,35.000000,500.000000,50.000000,min5mm,,,
B21_S01,AdTree calibrated r10mm (AdQSM 999) [calmethod=regression-perorder]_seg35-500-k50,9.684381,4.214041,5.470340,,0.603252,28.084080,0.197706,27.310422,1226.002760,none,23769,,,,,,,,,999,10.000000,35.000000,500.000000,50.000000,regression-perorder,,,
B21_S01,AdTree raw r10mm_seg35-500-k50-wlen,12.252713,4.437714,7.814999,,0.622045,28.084080,0.000000,27.310422,1226.002760,none,23769,,,,,,,,,,10.000000,35.000000,500.000000,50.000000,,,,
B21_S01,AdTree calibrated r10mm (AdQSM 999) [calref=min5mm]_seg35-500-k50-wlen,7.009002,4.214041,2.794961,,0.603252,28.084080,0.197706,27.310422,1226.002760,none,23769,,,,,,,,,999,10.000000,35.000000,500.000000,50.000000,min5mm,,,
B21_S01,AdTree calibrated r10mm (AdQSM 999) [calmethod=regression-perorder]_seg35-500-k50-wlen,8.505970,4.214041,4.291929,,0.603252,28.084080,0.197706,27.310422,1226.002760,none,23769,,,,,,,,,999,10.000000,35.000000,500.000000,50.000000,regression-perorder,,,
B21_S01,AdTree raw r15mm_seg35-500-k50,12.016586,4.437714,7.578872,,0.622045,27.746408,0.000000,27.310422,809.671626,none,15049,,,,,,,,,,15.000000,35.000000,500.000000,50.000000,,,,
B21_S01,AdTree calibrated r15mm (AdQSM 999) [calref=min5mm]_seg35-500-k50,7.625979,4.214041,3.411938,,0.603252,27.746408,0.197706,27.310422,809.671626,none,15049,,,,,,,,,999,15.000000,35.000000,500.000000,50.000000,min5mm,,,
B21_S01,AdTree calibrated r15mm (AdQSM 999) [calmethod=regression-perorder]_seg35-500-k50,9.357269,4.214041,5.143229,,0.603252,27.746408,0.197706,27.310422,809.671626,none,15049,,,,,,,,,999,15.000000,35.000000,500.000000,50.000000,regression-perorder,,,
B21_S01,AdTree raw r15mm_seg35-500-k50-wlen,12.016586,4.437714,7.578872,,0.622045,27.746408,0.000000,27.310422,809.671626,none,15049,,,,,,,,,,15.000000,35.000000,500.000000,50.000000,,,,
B21_S01,AdTree calibrated r15mm (AdQSM 999) [calref=min5mm]_seg35-500-k50-wlen,6.920648,4.214041,2.706608,,0.603252,27.746408,0.197706,27.310422,809.671626,none,15049,,,,,,,,,999,15.000000,35.000000,500.000000,50.000000,min5mm,,,
B21_S01,AdTree calibrated r15mm (AdQSM 999) [calmethod=regression-perorder]_seg35-500-k50-wlen,8.203929,4.214041,3.989888,,0.603252,27.746408,0.197706,27.310422,809.671626,none,15049,,,,,,,,,999,15.000000,35.000000,500.000000,50.000000,regression-perorder,,,
B21_S01,AdTree raw r20mm_seg35-500-k50,11.789533,4.437308,7.352225,,0.622045,27.449466,0.000000,26.904446,599.480257,none,10844,,,,,,,,,,20.000000,35.000000,500.000000,50.000000,,,,
B21_S01,AdTree calibrated r20mm (AdQSM 999) [calref=min5mm]_seg35-500-k50,7.525680,4.211724,3.313956,,0.603252,27.449466,0.197706,26.904446,599.480257,none,10844,,,,,,,,,999,20.000000,35.000000,500.000000,50.000000,min5mm,,,
B21_S01,AdTree calibrated r20mm (AdQSM 999) [calmethod=regression-perorder]_seg35-500-k50,9.104422,4.211724,4.892697,,0.603252,27.449466,0.197706,26.904446,599.480257,none,10844,,,,,,,,,999,20.000000,35.000000,500.000000,50.000000,regression-perorder,,,
B21_S01,AdTree raw r20mm_seg35-500-k50-wlen,11.789533,4.437308,7.352225,,0.622045,27.449466,0.000000,26.904446,599.480257,none,10844,,,,,,,,,,20.000000,35.000000,500.000000,50.000000,,,,
B21_S01,AdTree calibrated r20mm (AdQSM 999) [calref=min5mm]_seg35-500-k50-wlen,6.832226,4.211724,2.620501,,0.603252,27.449466,0.197706,26.904446,599.480257,none,10844,,,,,,,,,999,20.000000,35.000000,500.000000,50.000000,min5mm,,,
B21_S01,AdTree calibrated r20mm (AdQSM 999) [calmethod=regression-perorder]_seg35-500-k50-wlen,7.974743,4.211724,3.763019,,0.603252,27.449466,0.197706,26.904446,599.480257,none,10844,,,,,,,,,999,20.000000,35.000000,500.000000,50.000000,regression-perorder,,,
B21_S01,AdTree raw r5mm_seg35-500-k80,12.507975,4.428890,8.079084,,0.622045,28.284047,0.000000,27.802470,2564.898370,none,52668,,,,,,,,,,5.000000,35.000000,500.000000,80.000000,,,,
B21_S01,AdTree calibrated r5mm (AdQSM 999) [calref=min5mm]_seg35-500-k80,8.636268,4.208086,4.428183,,0.603254,28.284047,0.158948,27.802470,2564.898370,none,52668,,,,,,,,,999,5.000000,35.000000,500.000000,80.000000,min5mm,,,
B21_S01,AdTree calibrated r5mm (AdQSM 999) [calmethod=regression-perorder]_seg35-500-k80,11.888544,4.208086,7.680458,,0.603254,28.284047,0.158948,27.802470,2564.898370,none,52668,,,,,,,,,999,5.000000,35.000000,500.000000,80.000000,regression-perorder,,,
B21_S01,AdTree raw r5mm_seg35-500-k80-wlen,12.507975,4.428890,8.079084,,0.622045,28.284047,0.000000,27.802470,2564.898370,none,52668,,,,,,,,,,5.000000,35.000000,500.000000,80.000000,,,,
B21_S01,AdTree calibrated r5mm (AdQSM 999) [calref=min5mm]_seg35-500-k80-wlen,7.109527,4.208086,2.901441,,0.603254,28.284047,0.158948,27.802470,2564.898370,none,52668,,,,,,,,,999,5.000000,35.000000,500.000000,80.000000,min5mm,,,
B21_S01,AdTree calibrated r5mm (AdQSM 999) [calmethod=regression-perorder]_seg35-500-k80-wlen,9.029920,4.208086,4.821834,,0.603254,28.284047,0.158948,27.802470,2564.898370,none,52668,,,,,,,,,999,5.000000,35.000000,500.000000,80.000000,regression-perorder,,,
B21_S01,AdTree raw r10mm_seg35-500-k80,12.232941,4.428650,7.804292,,0.622045,28.084080,0.000000,27.265555,1225.792434,none,22946,,,,,,,,,,10.000000,35.000000,500.000000,80.000000,,,,
B21_S01,AdTree calibrated r10mm (AdQSM 999) [calref=min5mm]_seg35-500-k80,8.517301,4.205724,4.311577,,0.603254,28.084080,0.158948,27.265555,1225.792434,none,22946,,,,,,,,,999,10.000000,35.000000,500.000000,80.000000,min5mm,,,
B21_S01,AdTree calibrated r10mm (AdQSM 999) [calmethod=regression-perorder]_seg35-500-k80,11.355005,4.205724,7.149281,,0.603254,28.084080,0.158948,27.265555,1225.792434,none,22946,,,,,,,,,999,10.000000,35.000000,500.000000,80.000000,regression-perorder,,,
B21_S01,AdTree raw r10mm_seg35-500-k80-wlen,12.232941,4.428650,7.804292,,0.622045,28.084080,0.000000,27.265555,1225.792434,none,22946,,,,,,,,,,10.000000,35.000000,500.000000,80.000000,,,,
B21_S01,AdTree calibrated r10mm (AdQSM 999) [calref=min5mm]_seg35-500-k80-wlen,7.001881,4.205724,2.796158,,0.603254,28.084080,0.158948,27.265555,1225.792434,none,22946,,,,,,,,,999,10.000000,35.000000,500.000000,80.000000,min5mm,,,
B21_S01,AdTree calibrated r10mm (AdQSM 999) [calmethod=regression-perorder]_seg35-500-k80-wlen,8.528794,4.205724,4.323071,,0.603254,28.084080,0.158948,27.265555,1225.792434,none,22946,,,,,,,,,999,10.000000,35.000000,500.000000,80.000000,regression-perorder,,,
B21_S01,AdTree raw r15mm_seg35-500-k80,11.996814,4.428650,7.568165,,0.622045,27.746408,0.000000,27.265555,809.461300,none,14226,,,,,,,,,,15.000000,35.000000,500.000000,80.000000,,,,
B21_S01,AdTree calibrated r15mm (AdQSM 999) [calref=min5mm]_seg35-500-k80,8.415003,4.205724,4.209279,,0.603254,27.746408,0.158948,27.265555,809.461300,none,14226,,,,,,,,,999,15.000000,35.000000,500.000000,80.000000,min5mm,,,
B21_S01,AdTree calibrated r15mm (AdQSM 999) [calmethod=regression-perorder]_seg35-500-k80,11.021963,4.205724,6.816239,,0.603254,27.746408,0.158948,27.265555,809.461300,none,14226,,,,,,,,,999,15.000000,35.000000,500.000000,80.000000,regression-perorder,,,
B21_S01,AdTree raw r15mm_seg35-500-k80-wlen,11.996814,4.428650,7.568165,,0.622045,27.746408,0.000000,27.265555,809.461300,none,14226,,,,,,,,,,15.000000,35.000000,500.000000,80.000000,,,,
B21_S01,AdTree calibrated r15mm (AdQSM 999) [calref=min5mm]_seg35-500-k80-wlen,6.913515,4.205724,2.707791,,0.603254,27.746408,0.158948,27.265555,809.461300,none,14226,,,,,,,,,999,15.000000,35.000000,500.000000,80.000000,min5mm,,,
B21_S01,AdTree calibrated r15mm (AdQSM 999) [calmethod=regression-perorder]_seg35-500-k80-wlen,8.226754,4.205724,4.021031,,0.603254,27.746408,0.158948,27.265555,809.461300,none,14226,,,,,,,,,999,15.000000,35.000000,500.000000,80.000000,regression-perorder,,,
B21_S01,AdTree raw r20mm_seg35-500-k80,11.769761,4.428244,7.341517,,0.622045,27.449466,0.000000,26.859579,599.269931,none,10021,,,,,,,,,,20.000000,35.000000,500.000000,80.000000,,,,
B21_S01,AdTree calibrated r20mm (AdQSM 999) [calref=min5mm]_seg35-500-k80,8.310401,4.203407,4.106994,,0.603254,27.449466,0.158948,26.859579,599.269931,none,10021,,,,,,,,,999,20.000000,35.000000,500.000000,80.000000,min5mm,,,
B21_S01,AdTree calibrated r20mm (AdQSM 999) [calmethod=regression-perorder]_seg35-500-k80,10.761586,4.203407,6.558179,,0.603254,27.449466,0.158948,26.859579,599.269931,none,10021,,,,,,,,,999,20.000000,35.000000,500.000000,80.000000,regression-perorder,,,
B21_S01,AdTree raw r20mm_seg35-500-k80-wlen,11.769761,4.428244,7.341517,,0.622045,27.449466,0.000000,26.859579,599.269931,none,10021,,,,,,,,,,20.000000,35.000000,500.000000,80.000000,,,,
B21_S01,AdTree calibrated r20mm (AdQSM 999) [calref=min5mm]_seg35-500-k80-wlen,6.825075,4.203407,2.621668,,0.603254,27.449466,0.158948,26.859579,599.269931,none,10021,,,,,,,,,999,20.000000,35.000000,500.000000,80.000000,min5mm,,,
B21_S01,AdTree calibrated r20mm (AdQSM 999) [calmethod=regression-perorder]_seg35-500-k80-wlen,7.997569,4.203407,3.794162,,0.603254,27.449466,0.158948,26.859579,599.269931,none,10021,,,,,,,,,999,20.000000,35.000000,500.000000,80.000000,regression-perorder,,,
B21_S01,AdTree raw r5mm_seg35-500-k100,12.498397,4.428634,8.069763,,0.622045,28.284047,0.000000,27.791460,2564.725631,none,52004,,,,,,,,,,5.000000,35.000000,500.000000,100.000000,,,,
B21_S01,AdTree calibrated r5mm (AdQSM 999) [calref=min5mm]_seg35-500-k100,9.261322,4.207183,5.054139,,0.603251,28.284047,0.133065,27.791460,2564.725631,none,52004,,,,,,,,,999,5.000000,35.000000,500.000000,100.000000,min5mm,,,
B21_S01,AdTree calibrated r5mm (AdQSM 999) [calmethod=regression-perorder]_seg35-500-k100,13.245915,4.207183,9.038732,,0.603251,28.284047,0.133065,27.791460,2564.725631,none,52004,,,,,,,,,999,5.000000,35.000000,500.000000,100.000000,regression-perorder,,,
B21_S01,AdTree raw r5mm_seg35-500-k100-wlen,12.498397,4.428634,8.069763,,0.622045,28.284047,0.000000,27.791460,2564.725631,none,52004,,,,,,,,,,5.000000,35.000000,500.000000,100.000000,,,,
B21_S01,AdTree calibrated r5mm (AdQSM 999) [calref=min5mm]_seg35-500-k100-wlen,7.106620,4.207183,2.899437,,0.603251,28.284047,0.133065,27.791460,2564.725631,none,52004,,,,,,,,,999,5.000000,35.000000,500.000000,100.000000,min5mm,,,
B21_S01,AdTree calibrated r5mm (AdQSM 999) [calmethod=regression-perorder]_seg35-500-k100-wlen,9.005301,4.207183,4.798118,,0.603251,28.284047,0.133065,27.791460,2564.725631,none,52004,,,,,,,,,999,5.000000,35.000000,500.000000,100.000000,regression-perorder,,,
B21_S01,AdTree raw r10mm_seg35-500-k100,12.223364,4.428393,7.794971,,0.622045,28.084080,0.000000,27.254545,1225.619694,none,22282,,,,,,,,,,10.000000,35.000000,500.000000,100.000000,,,,
B21_S01,AdTree calibrated r10mm (AdQSM 999) [calref=min5mm]_seg35-500-k100,9.140514,4.204821,4.935693,,0.603251,28.084080,0.133065,27.254545,1225.619694,none,22282,,,,,,,,,999,10.000000,35.000000,500.000000,100.000000,min5mm,,,
B21_S01,AdTree calibrated r10mm (AdQSM 999) [calmethod=regression-perorder]_seg35-500-k100,12.708061,4.204821,8.503240,,0.603251,28.084080,0.133065,27.254545,1225.619694,none,22282,,,,,,,,,999,10.000000,35.000000,500.000000,100.000000,regression-perorder,,,
B21_S01,AdTree raw r10mm_seg35-500-k100-wlen,12.223364,4.428393,7.794971,,0.622045,28.084080,0.000000,27.254545,1225.619694,none,22282,,,,,,,,,,10.000000,35.000000,500.000000,100.000000,,,,
B21_S01,AdTree calibrated r10mm (AdQSM 999) [calref=min5mm]_seg35-500-k100-wlen,6.998970,4.204821,2.794150,,0.603251,28.084080,0.133065,27.254545,1225.619694,none,22282,,,,,,,,,999,10.000000,35.000000,500.000000,100.000000,min5mm,,,
B21_S01,AdTree calibrated r10mm (AdQSM 999) [calmethod=regression-perorder]_seg35-500-k100-wlen,8.504158,4.204821,4.299337,,0.603251,28.084080,0.133065,27.254545,1225.619694,none,22282,,,,,,,,,999,10.000000,35.000000,500.000000,100.000000,regression-perorder,,,
B21_S01,AdTree raw r15mm_seg35-500-k100,11.987318,4.428393,7.558924,,0.622045,27.746408,0.000000,27.254545,809.288571,none,13563,,,,,,,,,,15.000000,35.000000,500.000000,100.000000,,,,
B21_S01,AdTree calibrated r15mm (AdQSM 999) [calref=min5mm]_seg35-500-k100,9.035289,4.204821,4.830468,,0.603251,27.746408,0.133065,27.254545,809.288571,none,13563,,,,,,,,,999,15.000000,35.000000,500.000000,100.000000,min5mm,,,
B21_S01,AdTree calibrated r15mm (AdQSM 999) [calmethod=regression-perorder]_seg35-500-k100,12.368986,4.204821,8.164166,,0.603251,27.746408,0.133065,27.254545,809.288571,none,13563,,,,,,,,,999,15.000000,35.000000,500.000000,100.000000,regression-perorder,,,
B21_S01,AdTree raw r15mm_seg35-500-k100-wlen,11.987318,4.428393,7.558924,,0.622045,27.746408,0.000000,27.254545,809.288571,none,13563,,,,,,,,,,15.000000,35.000000,500.000000,100.000000,,,,
B21_S01,AdTree calibrated r15mm (AdQSM 999) [calref=min5mm]_seg35-500-k100-wlen,6.910634,4.204821,2.705813,,0.603251,27.746408,0.133065,27.254545,809.288571,none,13563,,,,,,,,,999,15.000000,35.000000,500.000000,100.000000,min5mm,,,
B21_S01,AdTree calibrated r15mm (AdQSM 999) [calmethod=regression-perorder]_seg35-500-k100-wlen,8.202110,4.204821,3.997289,,0.603251,27.746408,0.133065,27.254545,809.288571,none,13563,,,,,,,,,999,15.000000,35.000000,500.000000,100.000000,regression-perorder,,,
B21_S01,AdTree raw r20mm_seg35-500-k100,11.760283,4.427988,7.332295,,0.622045,27.449466,0.000000,26.848569,599.097202,none,9359,,,,,,,,,,20.000000,35.000000,500.000000,100.000000,,,,
B21_S01,AdTree calibrated r20mm (AdQSM 999) [calref=min5mm]_seg35-500-k100,8.926750,4.202504,4.724245,,0.603251,27.449466,0.133065,26.848569,599.097202,none,9359,,,,,,,,,999,20.000000,35.000000,500.000000,100.000000,min5mm,,,
B21_S01,AdTree calibrated r20mm (AdQSM 999) [calmethod=regression-perorder]_seg35-500-k100,12.101177,4.202504,7.898673,,0.603251,27.449466,0.133065,26.848569,599.097202,none,9359,,,,,,,,,999,20.000000,35.000000,500.000000,100.000000,regression-perorder,,,
B21_S01,AdTree raw r20mm_seg35-500-k100-wlen,11.760283,4.427988,7.332295,,0.622045,27.449466,0.000000,26.848569,599.097202,none,9359,,,,,,,,,,20.000000,35.000000,500.000000,100.000000,,,,
B21_S01,AdTree calibrated r20mm (AdQSM 999) [calref=min5mm]_seg35-500-k100-wlen,6.822195,4.202504,2.619691,,0.603251,27.449466,0.133065,26.848569,599.097202,none,9359,,,,,,,,,999,20.000000,35.000000,500.000000,100.000000,min5mm,,,
B21_S01,AdTree calibrated r20mm (AdQSM 999) [calmethod=regression-perorder]_seg35-500-k100-wlen,7.972902,4.202504,3.770398,,0.603251,27.449466,0.133065,26.848569,599.097202,none,9359,,,,,,,,,999,20.000000,35.000000,500.000000,100.000000,regression-perorder,,,
B21_S01,AdTree raw r5mm_seg50-500-k50,12.521177,4.437902,8.083275,,0.622045,28.284047,0.000000,27.842995,2558.695930,none,46019,,,,,,,,,,5.000000,50.000000,500.000000,50.000000,,,,
B21_S01,AdTree calibrated r5mm (AdQSM 999) [calref=min5mm]_seg50-500-k50,7.673271,4.216339,3.456933,,0.603252,28.284047,0.197706,27.842995,2558.695930,none,46019,,,,,,,,,999,5.000000,50.000000,500.000000,50.000000,min5mm,,,
B21_S01,AdTree calibrated r5mm (AdQSM 999) [calmethod=regression-perorder]_seg50-500-k50,9.916221,4.216339,5.699882,,0.603252,28.284047,0.197706,27.842995,2558.695930,none,46019,,,,,,,,,999,5.000000,50.000000,500.000000,50.000000,regression-perorder,,,
B21_S01,AdTree raw r5mm_seg50-500-k50-wlen,12.521177,4.437902,8.083275,,0.622045,28.284047,0.000000,27.842995,2558.695930,none,46019,,,,,,,,,,5.000000,50.000000,500.000000,50.000000,,,,
B21_S01,AdTree calibrated r5mm (AdQSM 999) [calref=min5mm]_seg50-500-k50-wlen,7.107194,4.216339,2.890856,,0.603252,28.284047,0.197706,27.842995,2558.695930,none,46019,,,,,,,,,999,5.000000,50.000000,500.000000,50.000000,min5mm,,,
B21_S01,AdTree calibrated r5mm (AdQSM 999) [calmethod=regression-perorder]_seg50-500-k50-wlen,9.034458,4.216339,4.818120,,0.603252,28.284047,0.197706,27.842995,2558.695930,none,46019,,,,,,,,,999,5.000000,50.000000,500.000000,50.000000,regression-perorder,,,
B21_S01,AdTree raw r10mm_seg50-500-k50,12.247903,4.437673,7.810230,,0.622045,28.084080,0.000000,27.306438,1223.733624,none,20186,,,,,,,,,,10.000000,50.000000,500.000000,50.000000,,,,
B21_S01,AdTree calibrated r10mm (AdQSM 999) [calref=min5mm]_seg50-500-k50,7.555551,4.213978,3.341574,,0.603252,28.084080,0.197706,27.306438,1223.733624,none,20186,,,,,,,,,999,10.000000,50.000000,500.000000,50.000000,min5mm,,,
B21_S01,AdTree calibrated r10mm (AdQSM 999) [calmethod=regression-perorder]_seg50-500-k50,9.378805,4.213978,5.164827,,0.603252,28.084080,0.197706,27.306438,1223.733624,none,20186,,,,,,,,,999,10.000000,50.000000,500.000000,50.000000,regression-perorder,,,
B21_S01,AdTree raw r10mm_seg50-500-k50-wlen,12.247903,4.437673,7.810230,,0.622045,28.084080,0.000000,27.306438,1223.733624,none,20186,,,,,,,,,,10.000000,50.000000,500.000000,50.000000,,,,
B21_S01,AdTree calibrated r10mm (AdQSM 999) [calref=min5mm]_seg50-500-k50-wlen,7.000532,4.213978,2.786554,,0.603252,28.084080,0.197706,27.306438,1223.733624,none,20186,,,,,,,,,999,10.000000,50.000000,500.000000,50.000000,min5mm,,,
B21_S01,AdTree calibrated r10mm (AdQSM 999) [calmethod=regression-perorder]_seg50-500-k50-wlen,8.531575,4.213978,4.317598,,0.603252,28.084080,0.197706,27.306438,1223.733624,none,20186,,,,,,,,,999,10.000000,50.000000,500.000000,50.000000,regression-perorder,,,
B21_S01,AdTree raw r15mm_seg50-500-k50,12.012957,4.437673,7.575284,,0.622045,27.746408,0.000000,27.306438,808.576643,none,12942,,,,,,,,,,15.000000,50.000000,500.000000,50.000000,,,,
B21_S01,AdTree calibrated r15mm (AdQSM 999) [calref=min5mm]_seg50-500-k50,7.456183,4.213978,3.242205,,0.603252,27.746408,0.197706,27.306438,808.576643,none,12942,,,,,,,,,999,15.000000,50.000000,500.000000,50.000000,min5mm,,,
B21_S01,AdTree calibrated r15mm (AdQSM 999) [calmethod=regression-perorder]_seg50-500-k50,9.044784,4.213978,4.830806,,0.603252,27.746408,0.197706,27.306438,808.576643,none,12942,,,,,,,,,999,15.000000,50.000000,500.000000,50.000000,regression-perorder,,,
B21_S01,AdTree raw r15mm_seg50-500-k50-wlen,12.012957,4.437673,7.575284,,0.622045,27.746408,0.000000,27.306438,808.576643,none,12942,,,,,,,,,,15.000000,50.000000,500.000000,50.000000,,,,
B21_S01,AdTree calibrated r15mm (AdQSM 999) [calref=min5mm]_seg50-500-k50-wlen,6.912999,4.213978,2.699021,,0.603252,27.746408,0.197706,27.306438,808.576643,none,12942,,,,,,,,,999,15.000000,50.000000,500.000000,50.000000,min5mm,,,
B21_S01,AdTree calibrated r15mm (AdQSM 999) [calmethod=regression-perorder]_seg50-500-k50-wlen,8.227420,4.213978,4.013443,,0.603252,27.746408,0.197706,27.306438,808.576643,none,12942,,,,,,,,,999,15.000000,50.000000,500.000000,50.000000,regression-perorder,,,
B21_S01,AdTree raw r20mm_seg50-500-k50,11.786667,4.437267,7.349400,,0.622045,27.449466,0.000000,26.900951,598.940182,none,9481,,,,,,,,,,20.000000,50.000000,500.000000,50.000000,,,,
B21_S01,AdTree calibrated r20mm (AdQSM 999) [calref=min5mm]_seg50-500-k50,7.356007,4.211664,3.144344,,0.603252,27.449466,0.197706,26.900951,598.940182,none,9481,,,,,,,,,999,20.000000,50.000000,500.000000,50.000000,min5mm,,,
B21_S01,AdTree calibrated r20mm (AdQSM 999) [calmethod=regression-perorder]_seg50-500-k50,8.786287,4.211664,4.574623,,0.603252,27.449466,0.197706,26.900951,598.940182,none,9481,,,,,,,,,999,20.000000,50.000000,500.000000,50.000000,regression-perorder,,,
B21_S01,AdTree raw r20mm_seg50-500-k50-wlen,11.786667,4.437267,7.349400,,0.622045,27.449466,0.000000,26.900951,598.940182,none,9481,,,,,,,,,,20.000000,50.000000,500.000000,50.000000,,,,
B21_S01,AdTree calibrated r20mm (AdQSM 999) [calref=min5mm]_seg50-500-k50-wlen,6.825292,4.211664,2.613628,,0.603252,27.449466,0.197706,26.900951,598.940182,none,9481,,,,,,,,,999,20.000000,50.000000,500.000000,50.000000,min5mm,,,
B21_S01,AdTree calibrated r20mm (AdQSM 999) [calmethod=regression-perorder]_seg50-500-k50-wlen,7.996251,4.211664,3.784588,,0.603252,27.449466,0.197706,26.900951,598.940182,none,9481,,,,,,,,,999,20.000000,50.000000,500.000000,50.000000,regression-perorder,,,
B21_S01,AdTree raw r5mm_seg50-500-k80,12.502634,4.428863,8.073771,,0.622045,28.284047,0.000000,27.799459,2558.537779,none,45461,,,,,,,,,,5.000000,50.000000,500.000000,80.000000,,,,
B21_S01,AdTree calibrated r5mm (AdQSM 999) [calref=min5mm]_seg50-500-k80,8.218699,4.208051,4.010648,,0.603254,28.284047,0.158948,27.799459,2558.537779,none,45461,,,,,,,,,999,5.000000,50.000000,500.000000,80.000000,min5mm,,,
B21_S01,AdTree calibrated r5mm (AdQSM 999) [calmethod=regression-perorder]_seg50-500-k80,11.116933,4.208051,6.908882,,0.603254,28.284047,0.158948,27.799459,2558.537779,none,45461,,,,,,,,,999,5.000000,50.000000,500.000000,80.000000,regression-perorder,,,
B21_S01,AdTree raw r5mm_seg50-500-k80-wlen,12.502634,4.428863,8.073771,,0.622045,28.284047,0.000000,27.799459,2558.537779,none,45461,,,,,,,,,,5.000000,50.000000,500.000000,80.000000,,,,
B21_S01,AdTree calibrated r5mm (AdQSM 999) [calref=min5mm]_seg50-500-k80-wlen,7.096314,4.208051,2.888263,,0.603254,28.284047,0.158948,27.799459,2558.537779,none,45461,,,,,,,,,999,5.000000,50.000000,500.000000,80.000000,min5mm,,,
B21_S01,AdTree calibrated r5mm (AdQSM 999) [calmethod=regression-perorder]_seg50-500-k80-wlen,9.053473,4.208051,4.845422,,0.603254,28.284047,0.158948,27.799459,2558.537779,none,45461,,,,,,,,,999,5.000000,50.000000,500.000000,80.000000,regression-perorder,,,
B21_S01,AdTree raw r10mm_seg50-500-k80,12.229360,4.428634,7.800726,,0.622045,28.084080,0.000000,27.262902,1223.575473,none,19628,,,,,,,,,,10.000000,50.000000,500.000000,80.000000,,,,
B21_S01,AdTree calibrated r10mm (AdQSM 999) [calref=min5mm]_seg50-500-k80,8.099580,4.205690,3.893890,,0.603254,28.084080,0.158948,27.262902,1223.575473,none,19628,,,,,,,,,999,10.000000,50.000000,500.000000,80.000000,min5mm,,,
B21_S01,AdTree calibrated r10mm (AdQSM 999) [calmethod=regression-perorder]_seg50-500-k80,10.576447,4.205690,6.370757,,0.603254,28.084080,0.158948,27.262902,1223.575473,none,19628,,,,,,,,,999,10.000000,50.000000,500.000000,80.000000,regression-perorder,,,
B21_S01,AdTree raw r10mm_seg50-500-k80-wlen,12.229360,4.428634,7.800726,,0.622045,28.084080,0.000000,27.262902,1223.575473,none,19628,,,,,,,,,,10.000000,50.000000,500.000000,80.000000,,,,
B21_S01,AdTree calibrated r10mm (AdQSM 999) [calref=min5mm]_seg50-500-k80-wlen,6.989650,4.205690,2.783960,,0.603254,28.084080,0.158948,27.262902,1223.575473,none,19628,,,,,,,,,999,10.000000,50.000000,500.000000,80.000000,min5mm,,,
B21_S01,AdTree calibrated r10mm (AdQSM 999) [calmethod=regression-perorder]_seg50-500-k80-wlen,8.550589,4.205690,4.344899,,0.603254,28.084080,0.158948,27.262902,1223.575473,none,19628,,,,,,,,,999,10.000000,50.000000,500.000000,80.000000,regression-perorder,,,
B21_S01,AdTree raw r15mm_seg50-500-k80,11.994414,4.428634,7.565780,,0.622045,27.746408,0.000000,27.262902,808.418492,none,12384,,,,,,,,,,15.000000,50.000000,500.000000,80.000000,,,,
B21_S01,AdTree calibrated r15mm (AdQSM 999) [calref=min5mm]_seg50-500-k80,7.997877,4.205690,3.792187,,0.603254,27.746408,0.158948,27.262902,808.418492,none,12384,,,,,,,,,999,15.000000,50.000000,500.000000,80.000000,min5mm,,,
B21_S01,AdTree calibrated r15mm (AdQSM 999) [calmethod=regression-perorder]_seg50-500-k80,10.237932,4.205690,6.032242,,0.603254,27.746408,0.158948,27.262902,808.418492,none,12384,,,,,,,,,999,15.000000,50.000000,500.000000,80.000000,regression-perorder,,,
B21_S01,AdTree raw r15mm_seg50-500-k80-wlen,11.994414,4.428634,7.565780,,0.622045,27.746408,0.000000,27.262902,808.418492,none,12384,,,,,,,,,,15.000000,50.000000,500.000000,80.000000,,,,
B21_S01,AdTree calibrated r15mm (AdQSM 999) [calref=min5mm]_seg50-500-k80-wlen,6.902115,4.205690,2.696426,,0.603254,27.746408,0.158948,27.262902,808.418492,none,12384,,,,,,,,,999,15.000000,50.000000,500.000000,80.000000,min5mm,,,
B21_S01,AdTree calibrated r15mm (AdQSM 999) [calmethod=regression-perorder]_seg50-500-k80-wlen,8.246439,4.205690,4.040749,,0.603254,27.746408,0.158948,27.262902,808.418492,none,12384,,,,,,,,,999,15.000000,50.000000,500.000000,80.000000,regression-perorder,,,
B21_S01,AdTree raw r20mm_seg50-500-k80,11.768124,4.428228,7.339896,,0.622045,27.449466,0.000000,26.857416,598.782031,none,8923,,,,,,,,,,20.000000,50.000000,500.000000,80.000000,,,,
B21_S01,AdTree calibrated r20mm (AdQSM 999) [calref=min5mm]_seg50-500-k80,7.894548,4.203376,3.691172,,0.603254,27.449466,0.158948,26.857416,598.782031,none,8923,,,,,,,,,999,20.000000,50.000000,500.000000,80.000000,min5mm,,,
B21_S01,AdTree calibrated r20mm (AdQSM 999) [calmethod=regression-perorder]_seg50-500-k80,9.973781,4.203376,5.770405,,0.603254,27.449466,0.158948,26.857416,598.782031,none,8923,,,,,,,,,999,20.000000,50.000000,500.000000,80.000000,regression-perorder,,,
B21_S01,AdTree raw r20mm_seg50-500-k80-wlen,11.768124,4.428228,7.339896,,0.622045,27.449466,0.000000,26.857416,598.782031,none,8923,,,,,,,,,,20.000000,50.000000,500.000000,80.000000,,,,
B21_S01,AdTree calibrated r20mm (AdQSM 999) [calref=min5mm]_seg50-500-k80-wlen,6.814406,4.203376,2.611030,,0.603254,27.449466,0.158948,26.857416,598.782031,none,8923,,,,,,,,,999,20.000000,50.000000,500.000000,80.000000,min5mm,,,
B21_S01,AdTree calibrated r20mm (AdQSM 999) [calmethod=regression-perorder]_seg50-500-k80-wlen,8.015276,4.203376,3.811900,,0.603254,27.449466,0.158948,26.857416,598.782031,none,8923,,,,,,,,,999,20.000000,50.000000,500.000000,80.000000,regression-perorder,,,
B21_S01,AdTree raw r5mm_seg50-500-k100,12.493561,4.428621,8.064940,,0.622045,28.284047,0.000000,27.790078,2558.401444,none,45007,,,,,,,,,,5.000000,50.000000,500.000000,100.000000,,,,
B21_S01,AdTree calibrated r5mm (AdQSM 999) [calref=min5mm]_seg50-500-k100,8.661695,4.207173,4.454522,,0.603251,28.284047,0.133065,27.790078,2558.401444,none,45007,,,,,,,,,999,5.000000,50.000000,500.000000,100.000000,min5mm,,,
B21_S01,AdTree calibrated r5mm (AdQSM 999) [calmethod=regression-perorder]_seg50-500-k100,12.058413,4.207173,7.851240,,0.603251,28.284047,0.133065,27.790078,2558.401444,none,45007,,,,,,,,,999,5.000000,50.000000,500.000000,100.000000,regression-perorder,,,
B21_S01,AdTree raw r5mm_seg50-500-k100-wlen,12.493561,4.428621,8.064940,,0.622045,28.284047,0.000000,27.790078,2558.401444,none,45007,,,,,,,,,,5.000000,50.000000,500.000000,100.000000,,,,
B21_S01,AdTree calibrated r5mm (AdQSM 999) [calref=min5mm]_seg50-500-k100-wlen,7.093985,4.207173,2.886812,,0.603251,28.284047,0.133065,27.790078,2558.401444,none,45007,,,,,,,,,999,5.000000,50.000000,500.000000,100.000000,min5mm,,,
B21_S01,AdTree calibrated r5mm (AdQSM 999) [calmethod=regression-perorder]_seg50-500-k100-wlen,9.030196,4.207173,4.823022,,0.603251,28.284047,0.133065,27.790078,2558.401444,none,45007,,,,,,,,,999,5.000000,50.000000,500.000000,100.000000,regression-perorder,,,
B21_S01,AdTree raw r10mm_seg50-500-k100,12.220286,4.428391,7.791895,,0.622045,28.084080,0.000000,27.253522,1223.439138,none,19174,,,,,,,,,,10.000000,50.000000,500.000000,100.000000,,,,
B21_S01,AdTree calibrated r10mm (AdQSM 999) [calref=min5mm]_seg50-500-k100,8.541313,4.204812,4.336501,,0.603251,28.084080,0.133065,27.253522,1223.439138,none,19174,,,,,,,,,999,10.000000,50.000000,500.000000,100.000000,min5mm,,,
B21_S01,AdTree calibrated r10mm (AdQSM 999) [calmethod=regression-perorder]_seg50-500-k100,11.514675,4.204812,7.309863,,0.603251,28.084080,0.133065,27.253522,1223.439138,none,19174,,,,,,,,,999,10.000000,50.000000,500.000000,100.000000,regression-perorder,,,
B21_S01,AdTree raw r10mm_seg50-500-k100-wlen,12.220286,4.428391,7.791895,,0.622045,28.084080,0.000000,27.253522,1223.439138,none,19174,,,,,,,,,,10.000000,50.000000,500.000000,100.000000,,,,
B21_S01,AdTree calibrated r10mm (AdQSM 999) [calref=min5mm]_seg50-500-k100-wlen,6.987320,4.204812,2.782507,,0.603251,28.084080,0.133065,27.253522,1223.439138,none,19174,,,,,,,,,999,10.000000,50.000000,500.000000,100.000000,min5mm,,,
B21_S01,AdTree calibrated r10mm (AdQSM 999) [calmethod=regression-perorder]_seg50-500-k100-wlen,8.527300,4.204812,4.322488,,0.603251,28.084080,0.133065,27.253522,1223.439138,none,19174,,,,,,,,,999,10.000000,50.000000,500.000000,100.000000,regression-perorder,,,
B21_S01,AdTree raw r15mm_seg50-500-k100,11.985340,4.428391,7.556949,,0.622045,27.746408,0.000000,27.253522,808.282156,none,11930,,,,,,,,,,15.000000,50.000000,500.000000,100.000000,,,,
B21_S01,AdTree calibrated r15mm (AdQSM 999) [calref=min5mm]_seg50-500-k100,8.437558,4.204812,4.232746,,0.603251,27.746408,0.133065,27.253522,808.282156,none,11930,,,,,,,,,999,15.000000,50.000000,500.000000,100.000000,min5mm,,,
B21_S01,AdTree calibrated r15mm (AdQSM 999) [calmethod=regression-perorder]_seg50-500-k100,11.171660,4.204812,6.966847,,0.603251,27.746408,0.133065,27.253522,808.282156,none,11930,,,,,,,,,999,15.000000,50.000000,500.000000,100.000000,regression-perorder,,,
B21_S01,AdTree raw r15mm_seg50-500-k100-wlen,11.985340,4.428391,7.556949,,0.622045,27.746408,0.000000,27.253522,808.282156,none,11930,,,,,,,,,,15.000000,50.000000,500.000000,100.000000,,,,
B21_S01,AdTree calibrated r15mm (AdQSM 999) [calref=min5mm]_seg50-500-k100-wlen,6.899782,4.204812,2.694970,,0.603251,27.746408,0.133065,27.253522,808.282156,none,11930,,,,,,,,,999,15.000000,50.000000,500.000000,100.000000,min5mm,,,
B21_S01,AdTree calibrated r15mm (AdQSM 999) [calmethod=regression-perorder]_seg50-500-k100-wlen,8.223130,4.204812,4.018318,,0.603251,27.746408,0.133065,27.253522,808.282156,none,11930,,,,,,,,,999,15.000000,50.000000,500.000000,100.000000,regression-perorder,,,
B21_S01,AdTree raw r20mm_seg50-500-k100,11.759051,4.427986,7.331065,,0.622045,27.449466,0.000000,26.848035,598.645696,none,8469,,,,,,,,,,20.000000,50.000000,500.000000,100.000000,,,,
B21_S01,AdTree calibrated r20mm (AdQSM 999) [calref=min5mm]_seg50-500-k100,8.331512,4.202498,4.129014,,0.603251,27.449466,0.133065,26.848035,598.645696,none,8469,,,,,,,,,999,20.000000,50.000000,500.000000,100.000000,min5mm,,,
B21_S01,AdTree calibrated r20mm (AdQSM 999) [calmethod=regression-perorder]_seg50-500-k100,10.902015,4.202498,6.699517,,0.603251,27.449466,0.133065,26.848035,598.645696,none,8469,,,,,,,,,999,20.000000,50.000000,500.000000,100.000000,regression-perorder,,,
B21_S01,AdTree raw r20mm_seg50-500-k100-wlen,11.759051,4.427986,7.331065,,0.622045,27.449466,0.000000,26.848035,598.645696,none,8469,,,,,,,,,,20.000000,50.000000,500.000000,100.000000,,,,
B21_S01,AdTree calibrated r20mm (AdQSM 999) [calref=min5mm]_seg50-500-k100-wlen,6.812069,4.202498,2.609571,,0.603251,27.449466,0.133065,26.848035,598.645696,none,8469,,,,,,,,,999,20.000000,50.000000,500.000000,100.000000,min5mm,,,
B21_S01,AdTree calibrated r20mm (AdQSM 999) [calmethod=regression-perorder]_seg50-500-k100-wlen,7.991944,4.202498,3.789445,,0.603251,27.449466,0.133065,26.848035,598.645696,none,8469,,,,,,,,,999,20.000000,50.000000,500.000000,100.000000,regression-perorder,,,
B21_S01,AdTree raw r5mm_seg65-500-k50,12.510706,4.437822,8.072884,,0.622045,28.284047,0.000000,27.835077,2545.940705,none,39284,,,,,,,,,,5.000000,65.000000,500.000000,50.000000,,,,
B21_S01,AdTree calibrated r5mm (AdQSM 999) [calref=min5mm]_seg65-500-k50,8.027859,4.216221,3.811638,,0.603252,28.284047,0.197706,27.835077,2545.940705,none,39284,,,,,,,,,999,5.000000,65.000000,500.000000,50.000000,min5mm,,,
B21_S01,AdTree calibrated r5mm (AdQSM 999) [calmethod=regression-perorder]_seg65-500-k50,10.227566,4.216221,6.011345,,0.603252,28.284047,0.197706,27.835077,2545.940705,none,39284,,,,,,,,,999,5.000000,65.000000,500.000000,50.000000,regression-perorder,,,
B21_S01,AdTree raw r5mm_seg65-500-k50-wlen,12.510706,4.437822,8.072884,,0.622045,28.284047,0.000000,27.835077,2545.940705,none,39284,,,,,,,,,,5.000000,65.000000,500.000000,50.000000,,,,
B21_S01,AdTree calibrated r5mm (AdQSM 999) [calref=min5mm]_seg65-500-k50-wlen,7.094437,4.216221,2.878216,,0.603252,28.284047,0.197706,27.835077,2545.940705,none,39284,,,,,,,,,999,5.000000,65.000000,500.000000,50.000000,min5mm,,,
B21_S01,AdTree calibrated r5mm (AdQSM 999) [calmethod=regression-perorder]_seg65-500-k50-wlen,9.059860,4.216221,4.843639,,0.603252,28.284047,0.197706,27.835077,2545.940705,none,39284,,,,,,,,,999,5.000000,65.000000,500.000000,50.000000,regression-perorder,,,
B21_S01,AdTree raw r10mm_seg65-500-k50,12.239148,4.437593,7.801555,,0.622045,28.084080,0.000000,27.300182,1219.355690,none,16143,,,,,,,,,,10.000000,65.000000,500.000000,50.000000,,,,
B21_S01,AdTree calibrated r10mm (AdQSM 999) [calref=min5mm]_seg65-500-k50,7.904784,4.213866,3.690918,,0.603252,28.084080,0.197706,27.300182,1219.355690,none,16143,,,,,,,,,999,10.000000,65.000000,500.000000,50.000000,min5mm,,,
B21_S01,AdTree calibrated r10mm (AdQSM 999) [calmethod=regression-perorder]_seg65-500-k50,9.664372,4.213866,5.450505,,0.603252,28.084080,0.197706,27.300182,1219.355690,none,16143,,,,,,,,,999,10.000000,65.000000,500.000000,50.000000,regression-perorder,,,
B21_S01,AdTree raw r10mm_seg65-500-k50-wlen,12.239148,4.437593,7.801555,,0.622045,28.084080,0.000000,27.300182,1219.355690,none,16143,,,,,,,,,,10.000000,65.000000,500.000000,50.000000,,,,
B21_S01,AdTree calibrated r10mm (AdQSM 999) [calref=min5mm]_seg65-500-k50-wlen,6.988975,4.213866,2.775108,,0.603252,28.084080,0.197706,27.300182,1219.355690,none,16143,,,,,,,,,999,10.000000,65.000000,500.000000,50.000000,min5mm,,,
B21_S01,AdTree calibrated r10mm (AdQSM 999) [calmethod=regression-perorder]_seg65-500-k50-wlen,8.558187,4.213866,4.344320,,0.603252,28.084080,0.197706,27.300182,1219.355690,none,16143,,,,,,,,,999,10.000000,65.000000,500.000000,50.000000,regression-perorder,,,
B21_S01,AdTree raw r15mm_seg65-500-k50,12.005260,4.437593,7.567667,,0.622045,27.746408,0.000000,27.300182,806.889901,none,9833,,,,,,,,,,15.000000,65.000000,500.000000,50.000000,,,,
B21_S01,AdTree calibrated r15mm (AdQSM 999) [calref=min5mm]_seg65-500-k50,7.797846,4.213866,3.583980,,0.603252,27.746408,0.197706,27.300182,806.889901,none,9833,,,,,,,,,999,15.000000,65.000000,500.000000,50.000000,min5mm,,,
B21_S01,AdTree calibrated r15mm (AdQSM 999) [calmethod=regression-perorder]_seg65-500-k50,9.302278,4.213866,5.088412,,0.603252,27.746408,0.197706,27.300182,806.889901,none,9833,,,,,,,,,999,15.000000,65.000000,500.000000,50.000000,regression-perorder,,,
B21_S01,AdTree raw r15mm_seg65-500-k50-wlen,12.005260,4.437593,7.567667,,0.622045,27.746408,0.000000,27.300182,806.889901,none,9833,,,,,,,,,,15.000000,65.000000,500.000000,50.000000,,,,
B21_S01,AdTree calibrated r15mm (AdQSM 999) [calref=min5mm]_seg65-500-k50-wlen,6.902340,4.213866,2.688473,,0.603252,27.746408,0.197706,27.300182,806.889901,none,9833,,,,,,,,,999,15.000000,65.000000,500.000000,50.000000,min5mm,,,
B21_S01,AdTree calibrated r15mm (AdQSM 999) [calmethod=regression-perorder]_seg65-500-k50-wlen,8.253951,4.213866,4.040084,,0.603252,27.746408,0.197706,27.300182,806.889901,none,9833,,,,,,,,,999,15.000000,65.000000,500.000000,50.000000,regression-perorder,,,
B21_S01,AdTree raw r20mm_seg65-500-k50,11.779925,4.437188,7.342737,,0.622045,27.449466,0.000000,26.894965,598.033122,none,6878,,,,,,,,,,20.000000,65.000000,500.000000,50.000000,,,,
B21_S01,AdTree calibrated r20mm (AdQSM 999) [calref=min5mm]_seg65-500-k50,7.688298,4.211553,3.476745,,0.603252,27.449466,0.197706,26.894965,598.033122,none,6878,,,,,,,,,999,20.000000,65.000000,500.000000,50.000000,min5mm,,,
B21_S01,AdTree calibrated r20mm (AdQSM 999) [calmethod=regression-perorder]_seg65-500-k50,9.014383,4.211553,4.802830,,0.603252,27.449466,0.197706,26.894965,598.033122,none,6878,,,,,,,,,999,20.000000,65.000000,500.000000,50.000000,regression-perorder,,,
B21_S01,AdTree raw r20mm_seg65-500-k50-wlen,11.779925,4.437188,7.342737,,0.622045,27.449466,0.000000,26.894965,598.033122,none,6878,,,,,,,,,,20.000000,65.000000,500.000000,50.000000,,,,
B21_S01,AdTree calibrated r20mm (AdQSM 999) [calref=min5mm]_seg65-500-k50-wlen,6.815479,4.211553,2.603926,,0.603252,27.449466,0.197706,26.894965,598.033122,none,6878,,,,,,,,,999,20.000000,65.000000,500.000000,50.000000,min5mm,,,
B21_S01,AdTree calibrated r20mm (AdQSM 999) [calmethod=regression-perorder]_seg65-500-k50-wlen,8.022200,4.211553,3.810646,,0.603252,27.449466,0.197706,26.894965,598.033122,none,6878,,,,,,,,,999,20.000000,65.000000,500.000000,50.000000,regression-perorder,,,
B21_S01,AdTree raw r5mm_seg65-500-k80,12.494560,4.428830,8.065730,,0.622045,28.284047,0.000000,27.793508,2545.860675,none,39140,,,,,,,,,,5.000000,65.000000,500.000000,80.000000,,,,
B21_S01,AdTree calibrated r5mm (AdQSM 999) [calref=min5mm]_seg65-500-k80,8.252704,4.207983,4.044721,,0.603254,28.284047,0.158948,27.793508,2545.860675,none,39140,,,,,,,,,999,5.000000,65.000000,500.000000,80.000000,min5mm,,,
B21_S01,AdTree calibrated r5mm (AdQSM 999) [calmethod=regression-perorder]_seg65-500-k80,10.716317,4.207983,6.508334,,0.603254,28.284047,0.158948,27.793508,2545.860675,none,39140,,,,,,,,,999,5.000000,65.000000,500.000000,80.000000,regression-perorder,,,
B21_S01,AdTree raw r5mm_seg65-500-k80-wlen,12.494560,4.428830,8.065730,,0.622045,28.284047,0.000000,27.793508,2545.860675,none,39140,,,,,,,,,,5.000000,65.000000,500.000000,80.000000,,,,
B21_S01,AdTree calibrated r5mm (AdQSM 999) [calref=min5mm]_seg65-500-k80-wlen,7.084316,4.207983,2.876333,,0.603254,28.284047,0.158948,27.793508,2545.860675,none,39140,,,,,,,,,999,5.000000,65.000000,500.000000,80.000000,min5mm,,,
B21_S01,AdTree calibrated r5mm (AdQSM 999) [calmethod=regression-perorder]_seg65-500-k80-wlen,9.077520,4.207983,4.869537,,0.603254,28.284047,0.158948,27.793508,2545.860675,none,39140,,,,,,,,,999,5.000000,65.000000,500.000000,80.000000,regression-perorder,,,
B21_S01,AdTree raw r10mm_seg65-500-k80,12.223001,4.428601,7.794400,,0.622045,28.084080,0.000000,27.258613,1219.275659,none,15999,,,,,,,,,,10.000000,65.000000,500.000000,80.000000,,,,
B21_S01,AdTree calibrated r10mm (AdQSM 999) [calref=min5mm]_seg65-500-k80,8.129221,4.205628,3.923592,,0.603254,28.084080,0.158948,27.258613,1219.275659,none,15999,,,,,,,,,999,10.000000,65.000000,500.000000,80.000000,min5mm,,,
B21_S01,AdTree calibrated r10mm (AdQSM 999) [calmethod=regression-perorder]_seg65-500-k80,10.152543,4.205628,5.946915,,0.603254,28.084080,0.158948,27.258613,1219.275659,none,15999,,,,,,,,,999,10.000000,65.000000,500.000000,80.000000,regression-perorder,,,
B21_S01,AdTree raw r10mm_seg65-500-k80-wlen,12.223001,4.428601,7.794400,,0.622045,28.084080,0.000000,27.258613,1219.275659,none,15999,,,,,,,,,,10.000000,65.000000,500.000000,80.000000,,,,
B21_S01,AdTree calibrated r10mm (AdQSM 999) [calref=min5mm]_seg65-500-k80-wlen,6.978852,4.205628,2.773223,,0.603254,28.084080,0.158948,27.258613,1219.275659,none,15999,,,,,,,,,999,10.000000,65.000000,500.000000,80.000000,min5mm,,,
B21_S01,AdTree calibrated r10mm (AdQSM 999) [calmethod=regression-perorder]_seg65-500-k80-wlen,8.575852,4.205628,4.370224,,0.603254,28.084080,0.158948,27.258613,1219.275659,none,15999,,,,,,,,,999,10.000000,65.000000,500.000000,80.000000,regression-perorder,,,
B21_S01,AdTree raw r15mm_seg65-500-k80,11.989113,4.428601,7.560512,,0.622045,27.746408,0.000000,27.258613,806.809870,none,9689,,,,,,,,,,15.000000,65.000000,500.000000,80.000000,,,,
B21_S01,AdTree calibrated r15mm (AdQSM 999) [calref=min5mm]_seg65-500-k80,8.021542,4.205628,3.815913,,0.603254,27.746408,0.158948,27.258613,806.809870,none,9689,,,,,,,,,999,15.000000,65.000000,500.000000,80.000000,min5mm,,,
B21_S01,AdTree calibrated r15mm (AdQSM 999) [calmethod=regression-perorder]_seg65-500-k80,9.789366,4.205628,5.583738,,0.603254,27.746408,0.158948,27.258613,806.809870,none,9689,,,,,,,,,999,15.000000,65.000000,500.000000,80.000000,regression-perorder,,,
B21_S01,AdTree raw r15mm_seg65-500-k80-wlen,11.989113,4.428601,7.560512,,0.622045,27.746408,0.000000,27.258613,806.809870,none,9689,,,,,,,,,,15.000000,65.000000,500.000000,80.000000,,,,
B21_S01,AdTree calibrated r15mm (AdQSM 999) [calref=min5mm]_seg65-500-k80-wlen,6.892215,4.205628,2.686586,,0.603254,27.746408,0.158948,27.258613,806.809870,none,9689,,,,,,,,,999,15.000000,65.000000,500.000000,80.000000,min5mm,,,
B21_S01,AdTree calibrated r15mm (AdQSM 999) [calmethod=regression-perorder]_seg65-500-k80-wlen,8.271627,4.205628,4.065999,,0.603254,27.746408,0.158948,27.258613,806.809870,none,9689,,,,,,,,,999,15.000000,65.000000,500.000000,80.000000,regression-perorder,,,
B21_S01,AdTree raw r20mm_seg65-500-k80,11.763778,4.428196,7.335583,,0.622045,27.449466,0.000000,26.853397,597.953091,none,6734,,,,,,,,,,20.000000,65.000000,500.000000,80.000000,,,,
B21_S01,AdTree calibrated r20mm (AdQSM 999) [calref=min5mm]_seg65-500-k80,7.910966,4.203315,3.707651,,0.603254,27.449466,0.158948,26.853397,597.953091,none,6734,,,,,,,,,999,20.000000,65.000000,500.000000,80.000000,min5mm,,,
B21_S01,AdTree calibrated r20mm (AdQSM 999) [calmethod=regression-perorder]_seg65-500-k80,9.499931,4.203315,5.296616,,0.603254,27.449466,0.158948,26.853397,597.953091,none,6734,,,,,,,,,999,20.000000,65.000000,500.000000,80.000000,regression-perorder,,,
B21_S01,AdTree raw r20mm_seg65-500-k80-wlen,11.763778,4.428196,7.335583,,0.622045,27.449466,0.000000,26.853397,597.953091,none,6734,,,,,,,,,,20.000000,65.000000,500.000000,80.000000,,,,
B21_S01,AdTree calibrated r20mm (AdQSM 999) [calref=min5mm]_seg65-500-k80-wlen,6.805351,4.203315,2.602036,,0.603254,27.449466,0.158948,26.853397,597.953091,none,6734,,,,,,,,,999,20.000000,65.000000,500.000000,80.000000,min5mm,,,
B21_S01,AdTree calibrated r20mm (AdQSM 999) [calmethod=regression-perorder]_seg65-500-k80-wlen,8.039888,4.203315,3.836573,,0.603254,27.449466,0.158948,26.853397,597.953091,none,6734,,,,,,,,,999,20.000000,65.000000,500.000000,80.000000,regression-perorder,,,
B21_S01,AdTree raw r5mm_seg65-500-k100,12.486440,4.428607,8.057833,,0.622045,28.284047,0.000000,27.785206,2545.773899,none,39003,,,,,,,,,,5.000000,65.000000,500.000000,100.000000,,,,
B21_S01,AdTree calibrated r5mm (AdQSM 999) [calref=min5mm]_seg65-500-k100,8.472553,4.207130,4.265422,,0.603251,28.284047,0.133065,27.785206,2545.773899,none,39003,,,,,,,,,999,5.000000,65.000000,500.000000,100.000000,min5mm,,,
B21_S01,AdTree calibrated r5mm (AdQSM 999) [calmethod=regression-perorder]_seg65-500-k100,11.117927,4.207130,6.910796,,0.603251,28.284047,0.133065,27.785206,2545.773899,none,39003,,,,,,,,,999,5.000000,65.000000,500.000000,100.000000,regression-perorder,,,
B21_S01,AdTree raw r5mm_seg65-500-k100-wlen,12.486440,4.428607,8.057833,,0.622045,28.284047,0.000000,27.785206,2545.773899,none,39003,,,,,,,,,,5.000000,65.000000,500.000000,100.000000,,,,
B21_S01,AdTree calibrated r5mm (AdQSM 999) [calref=min5mm]_seg65-500-k100-wlen,7.082357,4.207130,2.875227,,0.603251,28.284047,0.133065,27.785206,2545.773899,none,39003,,,,,,,,,999,5.000000,65.000000,500.000000,100.000000,min5mm,,,
B21_S01,AdTree calibrated r5mm (AdQSM 999) [calmethod=regression-perorder]_seg65-500-k100-wlen,9.066844,4.207130,4.859713,,0.603251,28.284047,0.133065,27.785206,2545.773899,none,39003,,,,,,,,,999,5.000000,65.000000,500.000000,100.000000,regression-perorder,,,
B21_S01,AdTree raw r10mm_seg65-500-k100,12.214881,4.428378,7.786503,,0.622045,28.084080,0.000000,27.250311,1219.188883,none,15862,,,,,,,,,,10.000000,65.000000,500.000000,100.000000,,,,
B21_S01,AdTree calibrated r10mm (AdQSM 999) [calref=min5mm]_seg65-500-k100,8.348616,4.204776,4.143840,,0.603251,28.084080,0.133065,27.250311,1219.188883,none,15862,,,,,,,,,999,10.000000,65.000000,500.000000,100.000000,min5mm,,,
B21_S01,AdTree calibrated r10mm (AdQSM 999) [calmethod=regression-perorder]_seg65-500-k100,10.553492,4.204776,6.348716,,0.603251,28.084080,0.133065,27.250311,1219.188883,none,15862,,,,,,,,,999,10.000000,65.000000,500.000000,100.000000,regression-perorder,,,
B21_S01,AdTree raw r10mm_seg65-500-k100-wlen,12.214881,4.428378,7.786503,,0.622045,28.084080,0.000000,27.250311,1219.188883,none,15862,,,,,,,,,,10.000000,65.000000,500.000000,100.000000,,,,
B21_S01,AdTree calibrated r10mm (AdQSM 999) [calref=min5mm]_seg65-500-k100-wlen,6.976894,4.204776,2.772118,,0.603251,28.084080,0.133065,27.250311,1219.188883,none,15862,,,,,,,,,999,10.000000,65.000000,500.000000,100.000000,min5mm,,,
B21_S01,AdTree calibrated r10mm (AdQSM 999) [calmethod=regression-perorder]_seg65-500-k100-wlen,8.565165,4.204776,4.360389,,0.603251,28.084080,0.133065,27.250311,1219.188883,none,15862,,,,,,,,,999,10.000000,65.000000,500.000000,100.000000,regression-perorder,,,
B21_S01,AdTree raw r15mm_seg65-500-k100,11.980998,4.428378,7.552620,,0.622045,27.746408,0.000000,27.250311,806.728620,none,9553,,,,,,,,,,15.000000,65.000000,500.000000,100.000000,,,,
B21_S01,AdTree calibrated r15mm (AdQSM 999) [calref=min5mm]_seg65-500-k100,8.240139,4.204776,4.035363,,0.603251,27.746408,0.133065,27.250311,806.728620,none,9553,,,,,,,,,999,15.000000,65.000000,500.000000,100.000000,min5mm,,,
B21_S01,AdTree calibrated r15mm (AdQSM 999) [calmethod=regression-perorder]_seg65-500-k100,10.189154,4.204776,5.984378,,0.603251,27.746408,0.133065,27.250311,806.728620,none,9553,,,,,,,,,999,15.000000,65.000000,500.000000,100.000000,regression-perorder,,,
B21_S01,AdTree raw r15mm_seg65-500-k100-wlen,11.980998,4.428378,7.552620,,0.622045,27.746408,0.000000,27.250311,806.728620,none,9553,,,,,,,,,,15.000000,65.000000,500.000000,100.000000,,,,
B21_S01,AdTree calibrated r15mm (AdQSM 999) [calref=min5mm]_seg65-500-k100-wlen,6.890257,4.204776,2.685481,,0.603251,27.746408,0.133065,27.250311,806.728620,none,9553,,,,,,,,,999,15.000000,65.000000,500.000000,100.000000,min5mm,,,
B21_S01,AdTree calibrated r15mm (AdQSM 999) [calmethod=regression-perorder]_seg65-500-k100-wlen,8.260925,4.204776,4.056149,,0.603251,27.746408,0.133065,27.250311,806.728620,none,9553,,,,,,,,,999,15.000000,65.000000,500.000000,100.000000,regression-perorder,,,
B21_S01,AdTree raw r20mm_seg65-500-k100,11.755730,4.427973,7.327757,,0.622045,27.449466,0.000000,26.845095,597.867359,none,6598,,,,,,,,,,20.000000,65.000000,500.000000,100.000000,,,,
B21_S01,AdTree calibrated r20mm (AdQSM 999) [calref=min5mm]_seg65-500-k100,8.128502,4.202463,3.926039,,0.603251,27.449466,0.133065,26.845095,597.867359,none,6598,,,,,,,,,999,20.000000,65.000000,500.000000,100.000000,min5mm,,,
B21_S01,AdTree calibrated r20mm (AdQSM 999) [calmethod=regression-perorder]_seg65-500-k100,9.898172,4.202463,5.695709,,0.603251,27.449466,0.133065,26.845095,597.867359,none,6598,,,,,,,,,999,20.000000,65.000000,500.000000,100.000000,regression-perorder,,,
B21_S01,AdTree raw r20mm_seg65-500-k100-wlen,11.755730,4.427973,7.327757,,0.622045,27.449466,0.000000,26.845095,597.867359,none,6598,,,,,,,,,,20.000000,65.000000,500.000000,100.000000,,,,
B21_S01,AdTree calibrated r20mm (AdQSM 999) [calref=min5mm]_seg65-500-k100-wlen,6.803416,4.202463,2.600953,,0.603251,27.449466,0.133065,26.845095,597.867359,none,6598,,,,,,,,,999,20.000000,65.000000,500.000000,100.000000,min5mm,,,
B21_S01,AdTree calibrated r20mm (AdQSM 999) [calmethod=regression-perorder]_seg65-500-k100-wlen,8.029192,4.202463,3.826729,,0.603251,27.449466,0.133065,26.845095,597.867359,none,6598,,,,,,,,,999,20.000000,65.000000,500.000000,100.000000,regression-perorder,,,
B21_S01,"TreeQSM mine (aut_mo9_sr005_ri0, Optimal)",21.999485,3.144730,18.854755,0.711967,0.554267,28.780098,1.164938,28.123116,3429.365723,none,17354,auto,0.071920,0.025016,0.107880,0.002500,9.000000,0.005000,0.000000,,,,,,,0.031661,0.022905,0.031720
B21_S01,"TreeQSM mine (aut_mo9_sr005_ri0, Simplified (no islands))",22.116037,3.145091,18.970945,,0.554267,28.780098,1.164938,28.123116,3429.365723,none,17412,auto,0.071920,0.025016,0.107880,0.002500,9.000000,0.005000,0.000000,,,,,,,0.031661,0.022905,0.031720
B21_S01,"TreeQSM mine (man_pd07-002-10_mo9_sr005_ri0, Optimal)",11.936672,3.149159,8.787512,0.953319,0.556701,28.818874,1.271358,25.268618,5019.463867,none,42338,manual,0.070000,0.002000,0.100000,0.002500,9.000000,0.005000,0.000000,,,,,,,0.027319,0.030528,0.027260
B21_S01,"TreeQSM mine (man_pd07-002-10_mo9_sr005_ri0, Simplified (no islands))",13.268220,2.896084,10.372137,,0.556701,28.818874,1.271358,25.268618,5019.463867,none,41719,manual,0.070000,0.002000,0.100000,0.002500,9.000000,0.005000,0.000000,,,,,,,0.027319,0.030528,0.027260
B21_S01,"TreeQSM mine (man_pd07-002-10_mo9_sr005_ri1, Optimal)",11.936672,3.149159,8.787512,0.953319,0.556701,28.818874,1.271358,25.268618,5019.463867,none,42338,manual,0.070000,0.002000,0.100000,0.002500,9.000000,0.005000,1.000000,,,,,,,0.027319,0.030528,0.027260
B21_S01,"TreeQSM mine (man_pd07-002-10_mo9_sr005_ri1, Simplified (no islands))",13.330294,2.896084,10.434210,,0.556701,28.818874,1.271358,25.268618,5019.463867,none,22292,manual,0.070000,0.002000,0.100000,0.002500,9.000000,0.005000,1.000000,,,,,,,0.027319,0.030528,0.027260
B21_S01,"TreeQSM mine (man_pd07-002-10_mo9_sr005_ri2, Optimal)",11.936672,3.149159,8.787512,0.953319,0.556701,28.818874,1.271358,25.268618,5019.463867,none,42338,manual,0.070000,0.002000,0.100000,0.002500,9.000000,0.005000,2.000000,,,,,,,0.027319,0.030528,0.027260
B21_S01,"TreeQSM mine (man_pd07-002-10_mo9_sr005_ri2, Simplified (no islands))",13.423943,2.896085,10.527858,,0.556701,28.818874,1.271358,25.268618,5019.463867,none,12418,manual,0.070000,0.002000,0.100000,0.002500,9.000000,0.005000,2.000000,,,,,,,0.027319,0.030528,0.027260
B21_S01,"TreeQSM mine (man_pd07-002-10_mo9_sr005_ri3, Optimal)",11.936672,3.149159,8.787512,0.953319,0.556701,28.818874,1.271358,25.268618,5019.463867,none,42338,manual,0.070000,0.002000,0.100000,0.002500,9.000000,0.005000,3.000000,,,,,,,0.027319,0.030528,0.027260
B21_S01,"TreeQSM mine (man_pd07-002-10_mo9_sr005_ri3, Simplified (no islands))",13.596025,2.896084,10.699941,,0.556701,28.818874,1.271358,25.268618,5019.463867,none,7793,manual,0.070000,0.002000,0.100000,0.002500,9.000000,0.005000,3.000000,,,,,,,0.027319,0.030528,0.027260
B21_S01,"TreeQSM mine (man_pd07-002-10_mo9_sr010_ri0, Optimal)",11.936672,3.149159,8.787512,0.953319,0.556701,28.818874,1.271358,25.268618,5019.463867,none,42338,manual,0.070000,0.002000,0.100000,0.002500,9.000000,0.010000,0.000000,,,,,,,0.027319,0.030528,0.027260
B21_S01,"TreeQSM mine (man_pd07-002-10_mo9_sr010_ri0, Simplified (no islands))",13.263322,2.896084,10.367239,,0.556701,28.818874,1.271358,25.268618,5019.463867,none,41036,manual,0.070000,0.002000,0.100000,0.002500,9.000000,0.010000,0.000000,,,,,,,0.027319,0.030528,0.027260
B21_S01,"TreeQSM mine (man_pd07-002-10_mo9_sr010_ri1, Optimal)",11.936672,3.149159,8.787512,0.953319,0.556701,28.818874,1.271358,25.268618,5019.463867,none,42338,manual,0.070000,0.002000,0.100000,0.002500,9.000000,0.010000,1.000000,,,,,,,0.027319,0.030528,0.027260
B21_S01,"TreeQSM mine (man_pd07-002-10_mo9_sr010_ri1, Simplified (no islands))",13.325294,2.896084,10.429209,,0.556701,28.818874,1.271358,25.268618,5019.463867,none,21864,manual,0.070000,0.002000,0.100000,0.002500,9.000000,0.010000,1.000000,,,,,,,0.027319,0.030528,0.027260
B21_S01,"TreeQSM mine (man_pd07-002-10_mo9_sr010_ri2, Optimal)",11.936672,3.149159,8.787512,0.953319,0.556701,28.818874,1.271358,25.268618,5019.463867,none,42338,manual,0.070000,0.002000,0.100000,0.002500,9.000000,0.010000,2.000000,,,,,,,0.027319,0.030528,0.027260
B21_S01,"TreeQSM mine (man_pd07-002-10_mo9_sr010_ri2, Simplified (no islands))",13.418878,2.896085,10.522793,,0.556701,28.818874,1.271358,25.268618,5019.463867,none,12160,manual,0.070000,0.002000,0.100000,0.002500,9.000000,0.010000,2.000000,,,,,,,0.027319,0.030528,0.027260
B21_S01,"TreeQSM mine (man_pd07-002-10_mo9_sr010_ri3, Optimal)",11.936672,3.149159,8.787512,0.953319,0.556701,28.818874,1.271358,25.268618,5019.463867,none,42338,manual,0.070000,0.002000,0.100000,0.002500,9.000000,0.010000,3.000000,,,,,,,0.027319,0.030528,0.027260
B21_S01,"TreeQSM mine (man_pd07-002-10_mo9_sr010_ri3, Simplified (no islands))",13.590574,2.896084,10.694490,,0.556701,28.818874,1.271358,25.268618,5019.463867,none,7551,manual,0.070000,0.002000,0.100000,0.002500,9.000000,0.010000,3.000000,,,,,,,0.027319,0.030528,0.027260
B21_S01,"TreeQSM mine (man_pd07-002-10_mo9_sr020_ri0, Optimal)",11.936672,3.149159,8.787512,0.953319,0.556701,28.818874,1.271358,25.268618,5019.463867,none,42338,manual,0.070000,0.002000,0.100000,0.002500,9.000000,0.020000,0.000000,,,,,,,0.027319,0.030528,0.027260
B21_S01,"TreeQSM mine (man_pd07-002-10_mo9_sr020_ri0, Simplified (no islands))",13.184784,2.896084,10.288701,,0.556701,28.818874,1.271358,25.268618,5019.463867,none,37948,manual,0.070000,0.002000,0.100000,0.002500,9.000000,0.020000,0.000000,,,,,,,0.027319,0.030528,0.027260
B21_S01,"TreeQSM mine (man_pd07-002-10_mo9_sr020_ri1, Optimal)",11.936672,3.149159,8.787512,0.953319,0.556701,28.818874,1.271358,25.268618,5019.463867,none,42338,manual,0.070000,0.002000,0.100000,0.002500,9.000000,0.020000,1.000000,,,,,,,0.027319,0.030528,0.027260
B21_S01,"TreeQSM mine (man_pd07-002-10_mo9_sr020_ri1, Simplified (no islands))",13.245383,2.896084,10.349298,,0.556701,28.818874,1.271358,25.268618,5019.463867,none,19996,manual,0.070000,0.002000,0.100000,0.002500,9.000000,0.020000,1.000000,,,,,,,0.027319,0.030528,0.027260
B21_S01,"TreeQSM mine (man_pd07-002-10_mo9_sr020_ri2, Optimal)",11.936672,3.149159,8.787512,0.953319,0.556701,28.818874,1.271358,25.268618,5019.463867,none,42338,manual,0.070000,0.002000,0.100000,0.002500,9.000000,0.020000,2.000000,,,,,,,0.027319,0.030528,0.027260
B21_S01,"TreeQSM mine (man_pd07-002-10_mo9_sr020_ri2, Simplified (no islands))",13.337443,2.896085,10.441358,,0.556701,28.818874,1.271358,25.268618,5019.463867,none,11098,manual,0.070000,0.002000,0.100000,0.002500,9.000000,0.020000,2.000000,,,,,,,0.027319,0.030528,0.027260
B21_S01,"TreeQSM mine (man_pd07-002-10_mo9_sr020_ri3, Optimal)",11.936672,3.149159,8.787512,0.953319,0.556701,28.818874,1.271358,25.268618,5019.463867,none,42338,manual,0.070000,0.002000,0.100000,0.002500,9.000000,0.020000,3.000000,,,,,,,0.027319,0.030528,0.027260
B21_S01,"TreeQSM mine (man_pd07-002-10_mo9_sr020_ri3, Simplified (no islands))",13.506180,2.896084,10.610096,,0.556701,28.818874,1.271358,25.268618,5019.463867,none,6631,manual,0.070000,0.002000,0.100000,0.002500,9.000000,0.020000,3.000000,,,,,,,0.027319,0.030528,0.027260
B21_S01,"TreeQSM mine (man_pd07-005-10_mo9_sr005_ri0, Optimal)",12.309828,3.010613,9.299213,0.405301,0.563875,28.869562,1.332623,25.675476,5040.439453,none,41917,manual,0.070000,0.005000,0.100000,0.002500,9.000000,0.005000,0.000000,,,,,,,0.026559,0.029178,0.026516
B21_S01,"TreeQSM mine (man_pd07-005-10_mo9_sr005_ri0, Simplified (no islands))",12.898548,3.006916,9.891633,,0.563875,28.869562,1.332623,25.675476,5040.439453,none,41767,manual,0.070000,0.005000,0.100000,0.002500,9.000000,0.005000,0.000000,,,,,,,0.026559,0.029178,0.026516
B21_S01,"TreeQSM mine (man_pd07-005-10_mo9_sr005_ri1, Optimal)",12.309828,3.010613,9.299213,0.405301,0.563875,28.869562,1.332623,25.675476,5040.439453,none,41917,manual,0.070000,0.005000,0.100000,0.002500,9.000000,0.005000,1.000000,,,,,,,0.026559,0.029178,0.026516
B21_S01,"TreeQSM mine (man_pd07-005-10_mo9_sr005_ri1, Simplified (no islands))",12.962449,3.006916,9.955533,,0.563875,28.869562,1.332623,25.675476,5040.439453,none,22327,manual,0.070000,0.005000,0.100000,0.002500,9.000000,0.005000,1.000000,,,,,,,0.026559,0.029178,0.026516
B21_S01,"TreeQSM mine (man_pd07-005-10_mo9_sr005_ri2, Optimal)",12.309828,3.010613,9.299213,0.405301,0.563875,28.869562,1.332623,25.675476,5040.439453,none,41917,manual,0.070000,0.005000,0.100000,0.002500,9.000000,0.005000,2.000000,,,,,,,0.026559,0.029178,0.026516
B21_S01,"TreeQSM mine (man_pd07-005-10_mo9_sr005_ri2, Simplified (no islands))",13.073744,3.006916,10.066828,,0.563875,28.869562,1.332623,25.675476,5040.439453,none,12400,manual,0.070000,0.005000,0.100000,0.002500,9.000000,0.005000,2.000000,,,,,,,0.026559,0.029178,0.026516
B21_S01,"TreeQSM mine (man_pd07-005-10_mo9_sr005_ri3, Optimal)",12.309828,3.010613,9.299213,0.405301,0.563875,28.869562,1.332623,25.675476,5040.439453,none,41917,manual,0.070000,0.005000,0.100000,0.002500,9.000000,0.005000,3.000000,,,,,,,0.026559,0.029178,0.026516
B21_S01,"TreeQSM mine (man_pd07-005-10_mo9_sr005_ri3, Simplified (no islands))",13.264240,3.006916,10.257320,,0.563875,28.869562,1.332623,25.675476,5040.439453,none,7859,manual,0.070000,0.005000,0.100000,0.002500,9.000000,0.005000,3.000000,,,,,,,0.026559,0.029178,0.026516
B21_S01,"TreeQSM mine (man_pd07-005-10_mo9_sr010_ri0, Optimal)",12.309828,3.010613,9.299213,0.405301,0.563875,28.869562,1.332623,25.675476,5040.439453,none,41917,manual,0.070000,0.005000,0.100000,0.002500,9.000000,0.010000,0.000000,,,,,,,0.026559,0.029178,0.026516
B21_S01,"TreeQSM mine (man_pd07-005-10_mo9_sr010_ri0, Simplified (no islands))",12.893062,3.006916,9.886146,,0.563875,28.869562,1.332623,25.675476,5040.439453,none,40978,manual,0.070000,0.005000,0.100000,0.002500,9.000000,0.010000,0.000000,,,,,,,0.026559,0.029178,0.026516
B21_S01,"TreeQSM mine (man_pd07-005-10_mo9_sr010_ri1, Optimal)",12.309828,3.010613,9.299213,0.405301,0.563875,28.869562,1.332623,25.675476,5040.439453,none,41917,manual,0.070000,0.005000,0.100000,0.002500,9.000000,0.010000,1.000000,,,,,,,0.026559,0.029178,0.026516
B21_S01,"TreeQSM mine (man_pd07-005-10_mo9_sr010_ri1, Simplified (no islands))",12.956908,3.006916,9.949992,,0.563875,28.869562,1.332623,25.675476,5040.439453,none,21847,manual,0.070000,0.005000,0.100000,0.002500,9.000000,0.010000,1.000000,,,,,,,0.026559,0.029178,0.026516
B21_S01,"TreeQSM mine (man_pd07-005-10_mo9_sr010_ri2, Optimal)",12.309828,3.010613,9.299213,0.405301,0.563875,28.869562,1.332623,25.675476,5040.439453,none,41917,manual,0.070000,0.005000,0.100000,0.002500,9.000000,0.010000,2.000000,,,,,,,0.026559,0.029178,0.026516
B21_S01,"TreeQSM mine (man_pd07-005-10_mo9_sr010_ri2, Simplified (no islands))",13.068094,3.006916,10.061180,,0.563875,28.869562,1.332623,25.675476,5040.439453,none,12122,manual,0.070000,0.005000,0.100000,0.002500,9.000000,0.010000,2.000000,,,,,,,0.026559,0.029178,0.026516
B21_S01,"TreeQSM mine (man_pd07-005-10_mo9_sr010_ri3, Optimal)",12.309828,3.010613,9.299213,0.405301,0.563875,28.869562,1.332623,25.675476,5040.439453,none,41917,manual,0.070000,0.005000,0.100000,0.002500,9.000000,0.010000,3.000000,,,,,,,0.026559,0.029178,0.026516
B21_S01,"TreeQSM mine (man_pd07-005-10_mo9_sr010_ri3, Simplified (no islands))",13.258353,3.006916,10.251435,,0.563875,28.869562,1.332623,25.675476,5040.439453,none,7616,manual,0.070000,0.005000,0.100000,0.002500,9.000000,0.010000,3.000000,,,,,,,0.026559,0.029178,0.026516
B21_S01,"TreeQSM mine (man_pd07-005-10_mo9_sr020_ri0, Optimal)",12.309828,3.010613,9.299213,0.405301,0.563875,28.869562,1.332623,25.675476,5040.439453,none,41917,manual,0.070000,0.005000,0.100000,0.002500,9.000000,0.020000,0.000000,,,,,,,0.026559,0.029178,0.026516
B21_S01,"TreeQSM mine (man_pd07-005-10_mo9_sr020_ri0, Simplified (no islands))",12.813683,3.006916,9.806768,,0.563875,28.869562,1.332623,25.675476,5040.439453,none,38030,manual,0.070000,0.005000,0.100000,0.002500,9.000000,0.020000,0.000000,,,,,,,0.026559,0.029178,0.026516
B21_S01,"TreeQSM mine (man_pd07-005-10_mo9_sr020_ri1, Optimal)",12.309828,3.010613,9.299213,0.405301,0.563875,28.869562,1.332623,25.675476,5040.439453,none,41917,manual,0.070000,0.005000,0.100000,0.002500,9.000000,0.020000,1.000000,,,,,,,0.026559,0.029178,0.026516
B21_S01,"TreeQSM mine (man_pd07-005-10_mo9_sr020_ri1, Simplified (no islands))",12.876275,3.006916,9.869359,,0.563875,28.869562,1.332623,25.675476,5040.439453,none,20065,manual,0.070000,0.005000,0.100000,0.002500,9.000000,0.020000,1.000000,,,,,,,0.026559,0.029178,0.026516
B21_S01,"TreeQSM mine (man_pd07-005-10_mo9_sr020_ri2, Optimal)",12.309828,3.010613,9.299213,0.405301,0.563875,28.869562,1.332623,25.675476,5040.439453,none,41917,manual,0.070000,0.005000,0.100000,0.002500,9.000000,0.020000,2.000000,,,,,,,0.026559,0.029178,0.026516
B21_S01,"TreeQSM mine (man_pd07-005-10_mo9_sr020_ri2, Simplified (no islands))",12.985762,3.006916,9.978846,,0.563875,28.869562,1.332623,25.675476,5040.439453,none,11120,manual,0.070000,0.005000,0.100000,0.002500,9.000000,0.020000,2.000000,,,,,,,0.026559,0.029178,0.026516
B21_S01,"TreeQSM mine (man_pd07-005-10_mo9_sr020_ri3, Optimal)",12.309828,3.010613,9.299213,0.405301,0.563875,28.869562,1.332623,25.675476,5040.439453,none,41917,manual,0.070000,0.005000,0.100000,0.002500,9.000000,0.020000,3.000000,,,,,,,0.026559,0.029178,0.026516
B21_S01,"TreeQSM mine (man_pd07-005-10_mo9_sr020_ri3, Simplified (no islands))",13.173616,3.006916,10.166696,,0.563875,28.869562,1.332623,25.675476,5040.439453,none,6749,manual,0.070000,0.005000,0.100000,0.002500,9.000000,0.020000,3.000000,,,,,,,0.026559,0.029178,0.026516
B21_S01,"TreeQSM mine (man_pd07-01-10_mo9_sr005_ri0, Optimal)",14.047342,3.062705,10.984636,0.303392,0.559369,28.777201,1.270409,26.775816,4979.000977,none,40106,manual,0.070000,0.010000,0.100000,0.002500,9.000000,0.005000,0.000000,,,,,,,0.025125,0.026855,0.025097
B21_S01,"TreeQSM mine (man_pd07-01-10_mo9_sr005_ri0, Simplified (no islands))",14.149262,3.049303,11.099962,,0.559369,28.777201,1.270409,26.775816,4979.000977,none,39831,manual,0.070000,0.010000,0.100000,0.002500,9.000000,0.005000,0.000000,,,,,,,0.025125,0.026855,0.025097
B21_S01,"TreeQSM mine (man_pd07-01-10_mo9_sr005_ri1, Optimal)",14.047342,3.062705,10.984636,0.303392,0.559369,28.777201,1.270409,26.775816,4979.000977,none,40106,manual,0.070000,0.010000,0.100000,0.002500,9.000000,0.005000,1.000000,,,,,,,0.025125,0.026855,0.025097
B21_S01,"TreeQSM mine (man_pd07-01-10_mo9_sr005_ri1, Simplified (no islands))",14.238430,3.049302,11.189125,,0.559369,28.777201,1.270409,26.775816,4979.000977,none,21428,manual,0.070000,0.010000,0.100000,0.002500,9.000000,0.005000,1.000000,,,,,,,0.025125,0.026855,0.025097
B21_S01,"TreeQSM mine (man_pd07-01-10_mo9_sr005_ri2, Optimal)",14.047342,3.062705,10.984636,0.303392,0.559369,28.777201,1.270409,26.775816,4979.000977,none,40106,manual,0.070000,0.010000,0.100000,0.002500,9.000000,0.005000,2.000000,,,,,,,0.025125,0.026855,0.025097
B21_S01,"TreeQSM mine (man_pd07-01-10_mo9_sr005_ri2, Simplified (no islands))",14.365488,3.049303,11.316189,,0.559369,28.777201,1.270409,26.775816,4979.000977,none,12031,manual,0.070000,0.010000,0.100000,0.002500,9.000000,0.005000,2.000000,,,,,,,0.025125,0.026855,0.025097
B21_S01,"TreeQSM mine (man_pd07-01-10_mo9_sr005_ri3, Optimal)",14.047342,3.062705,10.984636,0.303392,0.559369,28.777201,1.270409,26.775816,4979.000977,none,40106,manual,0.070000,0.010000,0.100000,0.002500,9.000000,0.005000,3.000000,,,,,,,0.025125,0.026855,0.025097
B21_S01,"TreeQSM mine (man_pd07-01-10_mo9_sr005_ri3, Simplified (no islands))",14.618596,3.049303,11.569291,,0.559369,28.777201,1.270409,26.775816,4979.000977,none,7780,manual,0.070000,0.010000,0.100000,0.002500,9.000000,0.005000,3.000000,,,,,,,0.025125,0.026855,0.025097
B21_S01,"TreeQSM mine (man_pd07-01-10_mo9_sr010_ri0, Optimal)",14.047342,3.062705,10.984636,0.303392,0.559369,28.777201,1.270409,26.775816,4979.000977,none,40106,manual,0.070000,0.010000,0.100000,0.002500,9.000000,0.010000,0.000000,,,,,,,0.025125,0.026855,0.025097
B21_S01,"TreeQSM mine (man_pd07-01-10_mo9_sr010_ri0, Simplified (no islands))",14.144729,3.049303,11.095426,,0.559369,28.777201,1.270409,26.775816,4979.000977,none,39256,manual,0.070000,0.010000,0.100000,0.002500,9.000000,0.010000,0.000000,,,,,,,0.025125,0.026855,0.025097
B21_S01,"TreeQSM mine (man_pd07-01-10_mo9_sr010_ri1, Optimal)",14.047342,3.062705,10.984636,0.303392,0.559369,28.777201,1.270409,26.775816,4979.000977,none,40106,manual,0.070000,0.010000,0.100000,0.002500,9.000000,0.010000,1.000000,,,,,,,0.025125,0.026855,0.025097
B21_S01,"TreeQSM mine (man_pd07-01-10_mo9_sr010_ri1, Simplified (no islands))",14.233858,3.049302,11.184557,,0.559369,28.777201,1.270409,26.775816,4979.000977,none,21069,manual,0.070000,0.010000,0.100000,0.002500,9.000000,0.010000,1.000000,,,,,,,0.025125,0.026855,0.025097
B21_S01,"TreeQSM mine (man_pd07-01-10_mo9_sr010_ri2, Optimal)",14.047342,3.062705,10.984636,0.303392,0.559369,28.777201,1.270409,26.775816,4979.000977,none,40106,manual,0.070000,0.010000,0.100000,0.002500,9.000000,0.010000,2.000000,,,,,,,0.025125,0.026855,0.025097
B21_S01,"TreeQSM mine (man_pd07-01-10_mo9_sr010_ri2, Simplified (no islands))",14.360851,3.049303,11.311551,,0.559369,28.777201,1.270409,26.775816,4979.000977,none,11824,manual,0.070000,0.010000,0.100000,0.002500,9.000000,0.010000,2.000000,,,,,,,0.025125,0.026855,0.025097
B21_S01,"TreeQSM mine (man_pd07-01-10_mo9_sr010_ri3, Optimal)",14.047342,3.062705,10.984636,0.303392,0.559369,28.777201,1.270409,26.775816,4979.000977,none,40106,manual,0.070000,0.010000,0.100000,0.002500,9.000000,0.010000,3.000000,,,,,,,0.025125,0.026855,0.025097
B21_S01,"TreeQSM mine (man_pd07-01-10_mo9_sr010_ri3, Simplified (no islands))",14.613855,3.049303,11.564552,,0.559369,28.777201,1.270409,26.775816,4979.000977,none,7581,manual,0.070000,0.010000,0.100000,0.002500,9.000000,0.010000,3.000000,,,,,,,0.025125,0.026855,0.025097
B21_S01,"TreeQSM mine (man_pd07-01-10_mo9_sr020_ri0, Optimal)",14.047342,3.062705,10.984636,0.303392,0.559369,28.777201,1.270409,26.775816,4979.000977,none,40106,manual,0.070000,0.010000,0.100000,0.002500,9.000000,0.020000,0.000000,,,,,,,0.025125,0.026855,0.025097
B21_S01,"TreeQSM mine (man_pd07-01-10_mo9_sr020_ri0, Simplified (no islands))",14.072409,3.049303,11.023105,,0.559369,28.777201,1.270409,26.775816,4979.000977,none,36689,manual,0.070000,0.010000,0.100000,0.002500,9.000000,0.020000,0.000000,,,,,,,0.025125,0.026855,0.025097
B21_S01,"TreeQSM mine (man_pd07-01-10_mo9_sr020_ri1, Optimal)",14.047342,3.062705,10.984636,0.303392,0.559369,28.777201,1.270409,26.775816,4979.000977,none,40106,manual,0.070000,0.010000,0.100000,0.002500,9.000000,0.020000,1.000000,,,,,,,0.025125,0.026855,0.025097
B21_S01,"TreeQSM mine (man_pd07-01-10_mo9_sr020_ri1, Simplified (no islands))",14.160390,3.049302,11.111088,,0.559369,28.777201,1.270409,26.775816,4979.000977,none,19456,manual,0.070000,0.010000,0.100000,0.002500,9.000000,0.020000,1.000000,,,,,,,0.025125,0.026855,0.025097
B21_S01,"TreeQSM mine (man_pd07-01-10_mo9_sr020_ri2, Optimal)",14.047342,3.062705,10.984636,0.303392,0.559369,28.777201,1.270409,26.775816,4979.000977,none,40106,manual,0.070000,0.010000,0.100000,0.002500,9.000000,0.020000,2.000000,,,,,,,0.025125,0.026855,0.025097
B21_S01,"TreeQSM mine (man_pd07-01-10_mo9_sr020_ri2, Simplified (no islands))",14.285576,3.049303,11.236274,,0.559369,28.777201,1.270409,26.775816,4979.000977,none,10891,manual,0.070000,0.010000,0.100000,0.002500,9.000000,0.020000,2.000000,,,,,,,0.025125,0.026855,0.025097
B21_S01,"TreeQSM mine (man_pd07-01-10_mo9_sr020_ri3, Optimal)",14.047342,3.062705,10.984636,0.303392,0.559369,28.777201,1.270409,26.775816,4979.000977,none,40106,manual,0.070000,0.010000,0.100000,0.002500,9.000000,0.020000,3.000000,,,,,,,0.025125,0.026855,0.025097
B21_S01,"TreeQSM mine (man_pd07-01-10_mo9_sr020_ri3, Simplified (no islands))",14.535451,3.049303,11.486147,,0.559369,28.777201,1.270409,26.775816,4979.000977,none,6705,manual,0.070000,0.010000,0.100000,0.002500,9.000000,0.020000,3.000000,,,,,,,0.025125,0.026855,0.025097
B21_S01,"TreeQSM mine (man_pd07-02-10_mcr013_mo9_sr005_ri0, Optimal)",20.386316,3.123867,17.262447,0.541523,0.554601,28.792795,1.226948,28.242086,3918.239746,none,23911,manual,0.070000,0.020000,0.100000,0.001250,9.000000,0.005000,0.000000,,,,,,,0.026507,0.023715,0.026530
B21_S01,"TreeQSM mine (man_pd07-02-10_mcr013_mo9_sr005_ri0, Simplified (no islands))",21.114000,3.136460,17.977539,,0.554601,28.792795,1.226948,28.242086,3918.239746,none,23625,manual,0.070000,0.020000,0.100000,0.001250,9.000000,0.005000,0.000000,,,,,,,0.026507,0.023715,0.026530
B21_S01,"TreeQSM mine (man_pd07-02-10_mcr560_mo9_sr005_ri0, Optimal)",40.615501,3.104413,37.511086,0.691212,0.555954,28.836813,1.221864,27.927177,3825.219238,none,23356,manual,0.070000,0.020000,0.100000,0.055950,9.000000,0.005000,0.000000,,,,,,,0.019730,0.017875,0.019745
B21_S01,"TreeQSM mine (man_pd07-02-10_mcr560_mo9_sr005_ri0, Simplified (no islands))",41.200546,3.097700,38.102852,,0.555954,28.836813,1.221864,27.927177,3825.219238,none,23187,manual,0.070000,0.020000,0.100000,0.055950,9.000000,0.005000,0.000000,,,,,,,0.019730,0.017875,0.019745
B21_S01,"TreeQSM mine (man_pd07-02-10_mo9_sr005_ri0, Optimal)",20.456131,3.121574,17.334557,0.422920,0.554778,28.779280,1.205745,27.926430,3937.120361,none,23790,manual,0.070000,0.020000,0.100000,0.002500,9.000000,0.005000,0.000000,,,,,,,0.026426,0.023569,0.026449
B21_S01,"TreeQSM mine (man_pd07-02-10_mo9_sr005_ri0, Simplified (no islands))",20.966459,3.115033,17.851425,,0.554778,28.779280,1.205745,27.926430,3937.120361,none,23715,manual,0.070000,0.020000,0.100000,0.002500,9.000000,0.005000,0.000000,,,,,,,0.026426,0.023569,0.026449
B21_S04,AdQSM (TreesParams) (AdQSM 090),2.356930,1.487900,0.869036,,0.386497,29.440000,,30.603700,3816.780000,none,,,,,,,,,,,,,,,,,,
B21_S04,AdTree calibrated r5mm (AdQSM 090) [calref=min5mm]_seg35-500-k50,1.845123,1.560791,0.284332,,0.386497,28.622667,0.716412,27.559491,789.822764,none,16919,,,,,,,,,090,5.000000,35.000000,500.000000,50.000000,min5mm,,,
B21_S04,AdTree calibrated r5mm (AdQSM 090) [calmethod=regression-perorder]_seg35-500-k50,2.001037,1.560791,0.440246,,0.386497,28.622667,0.716412,27.559491,789.822764,none,16919,,,,,,,,,090,5.000000,35.000000,500.000000,50.000000,regression-perorder,,,
B21_S04,AdTree calibrated r5mm (AdQSM 090) [calref=min5mm]_seg35-500-k50-wlen,1.815418,1.560791,0.254627,,0.386497,28.622667,0.716412,27.559491,789.822764,none,16919,,,,,,,,,090,5.000000,35.000000,500.000000,50.000000,min5mm,,,
B21_S04,AdTree calibrated r5mm (AdQSM 090) [calmethod=regression-perorder]_seg35-500-k50-wlen,1.971927,1.560791,0.411136,,0.386497,28.622667,0.716412,27.559491,789.822764,none,16919,,,,,,,,,090,5.000000,35.000000,500.000000,50.000000,regression-perorder,,,
B21_S04,AdTree calibrated r10mm (AdQSM 090) [calref=min5mm]_seg35-500-k50,1.832367,1.560791,0.271576,,0.386497,28.237576,0.716412,27.559491,377.099478,none,7780,,,,,,,,,090,10.000000,35.000000,500.000000,50.000000,min5mm,,,
B21_S04,AdTree calibrated r10mm (AdQSM 090) [calmethod=regression-perorder]_seg35-500-k50,1.952698,1.560791,0.391907,,0.386497,28.237576,0.716412,27.559491,377.099478,none,7780,,,,,,,,,090,10.000000,35.000000,500.000000,50.000000,regression-perorder,,,
B21_S04,AdTree calibrated r10mm (AdQSM 090) [calref=min5mm]_seg35-500-k50-wlen,1.803328,1.560791,0.242537,,0.386497,28.237576,0.716412,27.559491,377.099478,none,7780,,,,,,,,,090,10.000000,35.000000,500.000000,50.000000,min5mm,,,
B21_S04,AdTree calibrated r10mm (AdQSM 090) [calmethod=regression-perorder]_seg35-500-k50-wlen,1.925697,1.560791,0.364905,,0.386497,28.237576,0.716412,27.559491,377.099478,none,7780,,,,,,,,,090,10.000000,35.000000,500.000000,50.000000,regression-perorder,,,
B21_S04,AdTree calibrated r15mm (AdQSM 090) [calref=min5mm]_seg35-500-k50,1.820049,1.559937,0.260112,,0.386497,27.807693,0.716412,27.009207,240.017239,none,4885,,,,,,,,,090,15.000000,35.000000,500.000000,50.000000,min5mm,,,
B21_S04,AdTree calibrated r15mm (AdQSM 090) [calmethod=regression-perorder]_seg35-500-k50,1.921271,1.559937,0.361334,,0.386497,27.807693,0.716412,27.009207,240.017239,none,4885,,,,,,,,,090,15.000000,35.000000,500.000000,50.000000,regression-perorder,,,
B21_S04,AdTree calibrated r15mm (AdQSM 090) [calref=min5mm]_seg35-500-k50-wlen,1.791840,1.559937,0.231902,,0.386497,27.807693,0.716412,27.009207,240.017239,none,4885,,,,,,,,,090,15.000000,35.000000,500.000000,50.000000,min5mm,,,
B21_S04,AdTree calibrated r15mm (AdQSM 090) [calmethod=regression-perorder]_seg35-500-k50-wlen,1.896422,1.559937,0.336485,,0.386497,27.807693,0.716412,27.009207,240.017239,none,4885,,,,,,,,,090,15.000000,35.000000,500.000000,50.000000,regression-perorder,,,
B21_S04,AdTree calibrated r20mm (AdQSM 090) [calref=min5mm]_seg35-500-k50,1.809682,1.558701,0.250981,,0.386497,27.235726,0.716412,26.396030,178.460256,none,3629,,,,,,,,,090,20.000000,35.000000,500.000000,50.000000,min5mm,,,
B21_S04,AdTree calibrated r20mm (AdQSM 090) [calmethod=regression-perorder]_seg35-500-k50,1.900998,1.558701,0.342297,,0.386497,27.235726,0.716412,26.396030,178.460256,none,3629,,,,,,,,,090,20.000000,35.000000,500.000000,50.000000,regression-perorder,,,
B21_S04,AdTree calibrated r20mm (AdQSM 090) [calref=min5mm]_seg35-500-k50-wlen,1.782283,1.558701,0.223582,,0.386497,27.235726,0.716412,26.396030,178.460256,none,3629,,,,,,,,,090,20.000000,35.000000,500.000000,50.000000,min5mm,,,
B21_S04,AdTree calibrated r20mm (AdQSM 090) [calmethod=regression-perorder]_seg35-500-k50-wlen,1.877932,1.558701,0.319232,,0.386497,27.235726,0.716412,26.396030,178.460256,none,3629,,,,,,,,,090,20.000000,35.000000,500.000000,50.000000,regression-perorder,,,
B21_S04,AdTree calibrated r5mm (AdQSM 090) [calref=min5mm]_seg35-500-k80,1.891187,1.559566,0.331621,,0.386469,28.622667,0.711951,27.541793,789.778968,none,16566,,,,,,,,,090,5.000000,35.000000,500.000000,80.000000,min5mm,,,
B21_S04,AdTree calibrated r5mm (AdQSM 090) [calmethod=regression-perorder]_seg35-500-k80,2.106899,1.559566,0.547334,,0.386469,28.622667,0.711951,27.541793,789.778968,none,16566,,,,,,,,,090,5.000000,35.000000,500.000000,80.000000,regression-perorder,,,
B21_S04,AdTree calibrated r5mm (AdQSM 090) [calref=min5mm]_seg35-500-k80-wlen,1.814382,1.559566,0.254816,,0.386469,28.622667,0.711951,27.541793,789.778968,none,16566,,,,,,,,,090,5.000000,35.000000,500.000000,80.000000,min5mm,,,
B21_S04,AdTree calibrated r5mm (AdQSM 090) [calmethod=regression-perorder]_seg35-500-k80-wlen,1.971215,1.559566,0.411650,,0.386469,28.622667,0.711951,27.541793,789.778968,none,16566,,,,,,,,,090,5.000000,35.000000,500.000000,80.000000,regression-perorder,,,
B21_S04,AdTree calibrated r10mm (AdQSM 090) [calref=min5mm]_seg35-500-k80,1.878220,1.559566,0.318654,,0.386469,28.237576,0.711951,27.541793,377.055682,none,7427,,,,,,,,,090,10.000000,35.000000,500.000000,80.000000,min5mm,,,
B21_S04,AdTree calibrated r10mm (AdQSM 090) [calmethod=regression-perorder]_seg35-500-k80,2.058105,1.559566,0.498540,,0.386469,28.237576,0.711951,27.541793,377.055682,none,7427,,,,,,,,,090,10.000000,35.000000,500.000000,80.000000,regression-perorder,,,
B21_S04,AdTree calibrated r10mm (AdQSM 090) [calref=min5mm]_seg35-500-k80-wlen,1.802291,1.559566,0.242726,,0.386469,28.237576,0.711951,27.541793,377.055682,none,7427,,,,,,,,,090,10.000000,35.000000,500.000000,80.000000,min5mm,,,
B21_S04,AdTree calibrated r10mm (AdQSM 090) [calmethod=regression-perorder]_seg35-500-k80-wlen,1.924985,1.559566,0.365419,,0.386469,28.237576,0.711951,27.541793,377.055682,none,7427,,,,,,,,,090,10.000000,35.000000,500.000000,80.000000,regression-perorder,,,
B21_S04,AdTree calibrated r15mm (AdQSM 090) [calref=min5mm]_seg35-500-k80,1.865606,1.558712,0.306894,,0.386469,27.807693,0.711951,26.991509,239.973443,none,4532,,,,,,,,,090,15.000000,35.000000,500.000000,80.000000,min5mm,,,
B21_S04,AdTree calibrated r15mm (AdQSM 090) [calmethod=regression-perorder]_seg35-500-k80,2.026078,1.558712,0.467366,,0.386469,27.807693,0.711951,26.991509,239.973443,none,4532,,,,,,,,,090,15.000000,35.000000,500.000000,80.000000,regression-perorder,,,
B21_S04,AdTree calibrated r15mm (AdQSM 090) [calref=min5mm]_seg35-500-k80-wlen,1.790802,1.558712,0.232090,,0.386469,27.807693,0.711951,26.991509,239.973443,none,4532,,,,,,,,,090,15.000000,35.000000,500.000000,80.000000,min5mm,,,
B21_S04,AdTree calibrated r15mm (AdQSM 090) [calmethod=regression-perorder]_seg35-500-k80-wlen,1.895711,1.558712,0.336999,,0.386469,27.807693,0.711951,26.991509,239.973443,none,4532,,,,,,,,,090,15.000000,35.000000,500.000000,80.000000,regression-perorder,,,
B21_S04,AdTree calibrated r20mm (AdQSM 090) [calref=min5mm]_seg35-500-k80,1.854629,1.557476,0.297153,,0.386469,27.235726,0.711951,26.378331,178.416460,none,3276,,,,,,,,,090,20.000000,35.000000,500.000000,80.000000,min5mm,,,
B21_S04,AdTree calibrated r20mm (AdQSM 090) [calmethod=regression-perorder]_seg35-500-k80,2.004455,1.557476,0.446980,,0.386469,27.235726,0.711951,26.378331,178.416460,none,3276,,,,,,,,,090,20.000000,35.000000,500.000000,80.000000,regression-perorder,,,
B21_S04,AdTree calibrated r20mm (AdQSM 090) [calref=min5mm]_seg35-500-k80-wlen,1.781241,1.557476,0.223765,,0.386469,27.235726,0.711951,26.378331,178.416460,none,3276,,,,,,,,,090,20.000000,35.000000,500.000000,80.000000,min5mm,,,
B21_S04,AdTree calibrated r20mm (AdQSM 090) [calmethod=regression-perorder]_seg35-500-k80-wlen,1.877221,1.557476,0.319746,,0.386469,27.235726,0.711951,26.378331,178.416460,none,3276,,,,,,,,,090,20.000000,35.000000,500.000000,80.000000,regression-perorder,,,
B21_S04,AdTree calibrated r5mm (AdQSM 090) [calref=min5mm]_seg35-500-k100,1.936734,1.559098,0.377636,,0.386469,28.622667,0.711951,27.532267,789.724272,none,16355,,,,,,,,,090,5.000000,35.000000,500.000000,100.000000,min5mm,,,
B21_S04,AdTree calibrated r5mm (AdQSM 090) [calmethod=regression-perorder]_seg35-500-k100,2.183415,1.559098,0.624317,,0.386469,28.622667,0.711951,27.532267,789.724272,none,16355,,,,,,,,,090,5.000000,35.000000,500.000000,100.000000,regression-perorder,,,
B21_S04,AdTree calibrated r5mm (AdQSM 090) [calref=min5mm]_seg35-500-k100-wlen,1.814246,1.559098,0.255148,,0.386469,28.622667,0.711951,27.532267,789.724272,none,16355,,,,,,,,,090,5.000000,35.000000,500.000000,100.000000,min5mm,,,
B21_S04,AdTree calibrated r5mm (AdQSM 090) [calmethod=regression-perorder]_seg35-500-k100-wlen,1.971026,1.559098,0.411928,,0.386469,28.622667,0.711951,27.532267,789.724272,none,16355,,,,,,,,,090,5.000000,35.000000,500.000000,100.000000,regression-perorder,,,
B21_S04,AdTree calibrated r10mm (AdQSM 090) [calref=min5mm]_seg35-500-k100,1.923523,1.559098,0.364425,,0.386469,28.237576,0.711951,27.532267,377.000986,none,7216,,,,,,,,,090,10.000000,35.000000,500.000000,100.000000,min5mm,,,
B21_S04,AdTree calibrated r10mm (AdQSM 090) [calmethod=regression-perorder]_seg35-500-k100,2.134089,1.559098,0.574990,,0.386469,28.237576,0.711951,27.532267,377.000986,none,7216,,,,,,,,,090,10.000000,35.000000,500.000000,100.000000,regression-perorder,,,
B21_S04,AdTree calibrated r10mm (AdQSM 090) [calref=min5mm]_seg35-500-k100-wlen,1.802154,1.559098,0.243056,,0.386469,28.237576,0.711951,27.532267,377.000986,none,7216,,,,,,,,,090,10.000000,35.000000,500.000000,100.000000,min5mm,,,
B21_S04,AdTree calibrated r10mm (AdQSM 090) [calmethod=regression-perorder]_seg35-500-k100-wlen,1.924796,1.559098,0.365698,,0.386469,28.237576,0.711951,27.532267,377.000986,none,7216,,,,,,,,,090,10.000000,35.000000,500.000000,100.000000,regression-perorder,,,
B21_S04,AdTree calibrated r15mm (AdQSM 090) [calref=min5mm]_seg35-500-k100,1.910596,1.558244,0.352352,,0.386469,27.807693,0.711951,26.981983,239.918748,none,4321,,,,,,,,,090,15.000000,35.000000,500.000000,100.000000,min5mm,,,
B21_S04,AdTree calibrated r15mm (AdQSM 090) [calmethod=regression-perorder]_seg35-500-k100,2.101431,1.558244,0.543187,,0.386469,27.807693,0.711951,26.981983,239.918748,none,4321,,,,,,,,,090,15.000000,35.000000,500.000000,100.000000,regression-perorder,,,
B21_S04,AdTree calibrated r15mm (AdQSM 090) [calref=min5mm]_seg35-500-k100-wlen,1.790663,1.558244,0.232418,,0.386469,27.807693,0.711951,26.981983,239.918748,none,4321,,,,,,,,,090,15.000000,35.000000,500.000000,100.000000,min5mm,,,
B21_S04,AdTree calibrated r15mm (AdQSM 090) [calmethod=regression-perorder]_seg35-500-k100-wlen,1.895522,1.558244,0.337278,,0.386469,27.807693,0.711951,26.981983,239.918748,none,4321,,,,,,,,,090,15.000000,35.000000,500.000000,100.000000,regression-perorder,,,
B21_S04,AdTree calibrated r20mm (AdQSM 090) [calref=min5mm]_seg35-500-k100,1.899028,1.557008,0.342020,,0.386469,27.235726,0.711951,26.368806,178.361765,none,3065,,,,,,,,,090,20.000000,35.000000,500.000000,100.000000,min5mm,,,
B21_S04,AdTree calibrated r20mm (AdQSM 090) [calmethod=regression-perorder]_seg35-500-k100,2.078685,1.557008,0.521677,,0.386469,27.235726,0.711951,26.368806,178.361765,none,3065,,,,,,,,,090,20.000000,35.000000,500.000000,100.000000,regression-perorder,,,
B21_S04,AdTree calibrated r20mm (AdQSM 090) [calref=min5mm]_seg35-500-k100-wlen,1.781097,1.557008,0.224089,,0.386469,27.235726,0.711951,26.368806,178.361765,none,3065,,,,,,,,,090,20.000000,35.000000,500.000000,100.000000,min5mm,,,
B21_S04,AdTree calibrated r20mm (AdQSM 090) [calmethod=regression-perorder]_seg35-500-k100-wlen,1.877034,1.557008,0.320026,,0.386469,27.235726,0.711951,26.368806,178.361765,none,3065,,,,,,,,,090,20.000000,35.000000,500.000000,100.000000,regression-perorder,,,
B21_S04,AdTree calibrated r5mm (AdQSM 090) [calref=min5mm]_seg50-500-k50,1.837391,1.560769,0.276622,,0.386497,28.622667,0.716412,27.555369,787.350834,none,14225,,,,,,,,,090,5.000000,50.000000,500.000000,50.000000,min5mm,,,
B21_S04,AdTree calibrated r5mm (AdQSM 090) [calmethod=regression-perorder]_seg50-500-k50,1.993706,1.560769,0.432937,,0.386497,28.622667,0.716412,27.555369,787.350834,none,14225,,,,,,,,,090,5.000000,50.000000,500.000000,50.000000,regression-perorder,,,
B21_S04,AdTree calibrated r5mm (AdQSM 090) [calref=min5mm]_seg50-500-k50-wlen,1.814646,1.560769,0.253877,,0.386497,28.622667,0.716412,27.555369,787.350834,none,14225,,,,,,,,,090,5.000000,50.000000,500.000000,50.000000,min5mm,,,
B21_S04,AdTree calibrated r5mm (AdQSM 090) [calmethod=regression-perorder]_seg50-500-k50-wlen,1.976236,1.560769,0.415466,,0.386497,28.622667,0.716412,27.555369,787.350834,none,14225,,,,,,,,,090,5.000000,50.000000,500.000000,50.000000,regression-perorder,,,
B21_S04,AdTree calibrated r10mm (AdQSM 090) [calref=min5mm]_seg50-500-k50,1.824611,1.560769,0.263842,,0.386497,28.237576,0.716412,27.555369,376.355601,none,6489,,,,,,,,,090,10.000000,50.000000,500.000000,50.000000,min5mm,,,
B21_S04,AdTree calibrated r10mm (AdQSM 090) [calmethod=regression-perorder]_seg50-500-k50,1.944473,1.560769,0.383704,,0.386497,28.237576,0.716412,27.555369,376.355601,none,6489,,,,,,,,,090,10.000000,50.000000,500.000000,50.000000,regression-perorder,,,
B21_S04,AdTree calibrated r10mm (AdQSM 090) [calref=min5mm]_seg50-500-k50-wlen,1.802662,1.560769,0.241893,,0.386497,28.237576,0.716412,27.555369,376.355601,none,6489,,,,,,,,,090,10.000000,50.000000,500.000000,50.000000,min5mm,,,
B21_S04,AdTree calibrated r10mm (AdQSM 090) [calmethod=regression-perorder]_seg50-500-k50-wlen,1.929794,1.560769,0.369025,,0.386497,28.237576,0.716412,27.555369,376.355601,none,6489,,,,,,,,,090,10.000000,50.000000,500.000000,50.000000,regression-perorder,,,
B21_S04,AdTree calibrated r15mm (AdQSM 090) [calref=min5mm]_seg50-500-k50,1.812384,1.559918,0.252466,,0.386497,27.807693,0.716412,27.006594,239.792936,none,4185,,,,,,,,,090,15.000000,50.000000,500.000000,50.000000,min5mm,,,
B21_S04,AdTree calibrated r15mm (AdQSM 090) [calmethod=regression-perorder]_seg50-500-k50,1.912412,1.559918,0.352494,,0.386497,27.807693,0.716412,27.006594,239.792936,none,4185,,,,,,,,,090,15.000000,50.000000,500.000000,50.000000,regression-perorder,,,
B21_S04,AdTree calibrated r15mm (AdQSM 090) [calref=min5mm]_seg50-500-k50-wlen,1.791254,1.559918,0.231336,,0.386497,27.807693,0.716412,27.006594,239.792936,none,4185,,,,,,,,,090,15.000000,50.000000,500.000000,50.000000,min5mm,,,
B21_S04,AdTree calibrated r15mm (AdQSM 090) [calmethod=regression-perorder]_seg50-500-k50-wlen,1.900358,1.559918,0.340441,,0.386497,27.807693,0.716412,27.006594,239.792936,none,4185,,,,,,,,,090,15.000000,50.000000,500.000000,50.000000,regression-perorder,,,
B21_S04,AdTree calibrated r20mm (AdQSM 090) [calref=min5mm]_seg50-500-k50,1.802244,1.558715,0.243529,,0.386497,27.235726,0.716412,26.404726,178.336100,none,3191,,,,,,,,,090,20.000000,50.000000,500.000000,50.000000,min5mm,,,
B21_S04,AdTree calibrated r20mm (AdQSM 090) [calmethod=regression-perorder]_seg50-500-k50,1.892086,1.558715,0.333371,,0.386497,27.235726,0.716412,26.404726,178.336100,none,3191,,,,,,,,,090,20.000000,50.000000,500.000000,50.000000,regression-perorder,,,
B21_S04,AdTree calibrated r20mm (AdQSM 090) [calref=min5mm]_seg50-500-k50-wlen,1.781786,1.558715,0.223071,,0.386497,27.235726,0.716412,26.404726,178.336100,none,3191,,,,,,,,,090,20.000000,50.000000,500.000000,50.000000,min5mm,,,
B21_S04,AdTree calibrated r20mm (AdQSM 090) [calmethod=regression-perorder]_seg50-500-k50-wlen,1.881772,1.558715,0.323057,,0.386497,27.235726,0.716412,26.404726,178.336100,none,3191,,,,,,,,,090,20.000000,50.000000,500.000000,50.000000,regression-perorder,,,
B21_S04,AdTree calibrated r5mm (AdQSM 090) [calref=min5mm]_seg50-500-k80,1.871856,1.559551,0.312305,,0.386469,28.622667,0.711951,27.538245,787.319783,none,13956,,,,,,,,,090,5.000000,50.000000,500.000000,80.000000,min5mm,,,
B21_S04,AdTree calibrated r5mm (AdQSM 090) [calmethod=regression-perorder]_seg50-500-k80,2.048525,1.559551,0.488974,,0.386469,28.622667,0.711951,27.538245,787.319783,none,13956,,,,,,,,,090,5.000000,50.000000,500.000000,80.000000,regression-perorder,,,
B21_S04,AdTree calibrated r5mm (AdQSM 090) [calref=min5mm]_seg50-500-k80-wlen,1.813600,1.559551,0.254049,,0.386469,28.622667,0.711951,27.538245,787.319783,none,13956,,,,,,,,,090,5.000000,50.000000,500.000000,80.000000,min5mm,,,
B21_S04,AdTree calibrated r5mm (AdQSM 090) [calmethod=regression-perorder]_seg50-500-k80-wlen,1.975696,1.559551,0.416145,,0.386469,28.622667,0.711951,27.538245,787.319783,none,13956,,,,,,,,,090,5.000000,50.000000,500.000000,80.000000,regression-perorder,,,
B21_S04,AdTree calibrated r10mm (AdQSM 090) [calref=min5mm]_seg50-500-k80,1.858911,1.559551,0.299360,,0.386469,28.237576,0.711951,27.538245,376.324551,none,6220,,,,,,,,,090,10.000000,50.000000,500.000000,80.000000,min5mm,,,
B21_S04,AdTree calibrated r10mm (AdQSM 090) [calmethod=regression-perorder]_seg50-500-k80,1.998921,1.559551,0.439370,,0.386469,28.237576,0.711951,27.538245,376.324551,none,6220,,,,,,,,,090,10.000000,50.000000,500.000000,80.000000,regression-perorder,,,
B21_S04,AdTree calibrated r10mm (AdQSM 090) [calref=min5mm]_seg50-500-k80-wlen,1.801615,1.559551,0.242064,,0.386469,28.237576,0.711951,27.538245,376.324551,none,6220,,,,,,,,,090,10.000000,50.000000,500.000000,80.000000,min5mm,,,
B21_S04,AdTree calibrated r10mm (AdQSM 090) [calmethod=regression-perorder]_seg50-500-k80-wlen,1.929255,1.559551,0.369704,,0.386469,28.237576,0.711951,27.538245,376.324551,none,6220,,,,,,,,,090,10.000000,50.000000,500.000000,80.000000,regression-perorder,,,
B21_S04,AdTree calibrated r15mm (AdQSM 090) [calref=min5mm]_seg50-500-k80,1.846449,1.558699,0.287750,,0.386469,27.807693,0.711951,26.989470,239.761886,none,3916,,,,,,,,,090,15.000000,50.000000,500.000000,80.000000,min5mm,,,
B21_S04,AdTree calibrated r15mm (AdQSM 090) [calmethod=regression-perorder]_seg50-500-k80,1.966355,1.558699,0.407656,,0.386469,27.807693,0.711951,26.989470,239.761886,none,3916,,,,,,,,,090,15.000000,50.000000,500.000000,80.000000,regression-perorder,,,
B21_S04,AdTree calibrated r15mm (AdQSM 090) [calref=min5mm]_seg50-500-k80-wlen,1.790205,1.558699,0.231506,,0.386469,27.807693,0.711951,26.989470,239.761886,none,3916,,,,,,,,,090,15.000000,50.000000,500.000000,80.000000,min5mm,,,
B21_S04,AdTree calibrated r15mm (AdQSM 090) [calmethod=regression-perorder]_seg50-500-k80-wlen,1.899820,1.558699,0.341121,,0.386469,27.807693,0.711951,26.989470,239.761886,none,3916,,,,,,,,,090,15.000000,50.000000,500.000000,80.000000,regression-perorder,,,
B21_S04,AdTree calibrated r20mm (AdQSM 090) [calref=min5mm]_seg50-500-k80,1.835842,1.557496,0.278345,,0.386469,27.235726,0.711951,26.387602,178.305050,none,2922,,,,,,,,,090,20.000000,50.000000,500.000000,80.000000,min5mm,,,
B21_S04,AdTree calibrated r20mm (AdQSM 090) [calmethod=regression-perorder]_seg50-500-k80,1.945083,1.557496,0.387586,,0.386469,27.235726,0.711951,26.387602,178.305050,none,2922,,,,,,,,,090,20.000000,50.000000,500.000000,80.000000,regression-perorder,,,
B21_S04,AdTree calibrated r20mm (AdQSM 090) [calref=min5mm]_seg50-500-k80-wlen,1.780734,1.557496,0.223237,,0.386469,27.235726,0.711951,26.387602,178.305050,none,2922,,,,,,,,,090,20.000000,50.000000,500.000000,80.000000,min5mm,,,
B21_S04,AdTree calibrated r20mm (AdQSM 090) [calmethod=regression-perorder]_seg50-500-k80-wlen,1.881235,1.557496,0.323738,,0.386469,27.235726,0.711951,26.387602,178.305050,none,2922,,,,,,,,,090,20.000000,50.000000,500.000000,80.000000,regression-perorder,,,
B21_S04,AdTree calibrated r5mm (AdQSM 090) [calref=min5mm]_seg50-500-k100,1.894556,1.559094,0.335462,,0.386469,28.622667,0.711951,27.529966,787.277179,none,13812,,,,,,,,,090,5.000000,50.000000,500.000000,100.000000,min5mm,,,
B21_S04,AdTree calibrated r5mm (AdQSM 090) [calmethod=regression-perorder]_seg50-500-k100,2.088919,1.559094,0.529825,,0.386469,28.622667,0.711951,27.529966,787.277179,none,13812,,,,,,,,,090,5.000000,50.000000,500.000000,100.000000,regression-perorder,,,
B21_S04,AdTree calibrated r5mm (AdQSM 090) [calref=min5mm]_seg50-500-k100-wlen,1.813394,1.559094,0.254300,,0.386469,28.622667,0.711951,27.529966,787.277179,none,13812,,,,,,,,,090,5.000000,50.000000,500.000000,100.000000,min5mm,,,
B21_S04,AdTree calibrated r5mm (AdQSM 090) [calmethod=regression-perorder]_seg50-500-k100-wlen,1.976053,1.559094,0.416959,,0.386469,28.622667,0.711951,27.529966,787.277179,none,13812,,,,,,,,,090,5.000000,50.000000,500.000000,100.000000,regression-perorder,,,
B21_S04,AdTree calibrated r10mm (AdQSM 090) [calref=min5mm]_seg50-500-k100,1.881471,1.559094,0.322377,,0.386469,28.237576,0.711951,27.529966,376.281947,none,6076,,,,,,,,,090,10.000000,50.000000,500.000000,100.000000,min5mm,,,
B21_S04,AdTree calibrated r10mm (AdQSM 090) [calmethod=regression-perorder]_seg50-500-k100,2.038929,1.559094,0.479834,,0.386469,28.237576,0.711951,27.529966,376.281947,none,6076,,,,,,,,,090,10.000000,50.000000,500.000000,100.000000,regression-perorder,,,
B21_S04,AdTree calibrated r10mm (AdQSM 090) [calref=min5mm]_seg50-500-k100-wlen,1.801407,1.559094,0.242313,,0.386469,28.237576,0.711951,27.529966,376.281947,none,6076,,,,,,,,,090,10.000000,50.000000,500.000000,100.000000,min5mm,,,
B21_S04,AdTree calibrated r10mm (AdQSM 090) [calmethod=regression-perorder]_seg50-500-k100-wlen,1.929614,1.559094,0.370519,,0.386469,28.237576,0.711951,27.529966,376.281947,none,6076,,,,,,,,,090,10.000000,50.000000,500.000000,100.000000,regression-perorder,,,
B21_S04,AdTree calibrated r15mm (AdQSM 090) [calref=min5mm]_seg50-500-k100,1.868805,1.558242,0.310563,,0.386469,27.807693,0.711951,26.981192,239.719281,none,3772,,,,,,,,,090,15.000000,50.000000,500.000000,100.000000,min5mm,,,
B21_S04,AdTree calibrated r15mm (AdQSM 090) [calmethod=regression-perorder]_seg50-500-k100,2.005909,1.558242,0.447666,,0.386469,27.807693,0.711951,26.981192,239.719281,none,3772,,,,,,,,,090,15.000000,50.000000,500.000000,100.000000,regression-perorder,,,
B21_S04,AdTree calibrated r15mm (AdQSM 090) [calref=min5mm]_seg50-500-k100-wlen,1.789996,1.558242,0.231753,,0.386469,27.807693,0.711951,26.981192,239.719281,none,3772,,,,,,,,,090,15.000000,50.000000,500.000000,100.000000,min5mm,,,
B21_S04,AdTree calibrated r15mm (AdQSM 090) [calmethod=regression-perorder]_seg50-500-k100-wlen,1.900180,1.558242,0.341937,,0.386469,27.807693,0.711951,26.981192,239.719281,none,3772,,,,,,,,,090,15.000000,50.000000,500.000000,100.000000,regression-perorder,,,
B21_S04,AdTree calibrated r20mm (AdQSM 090) [calref=min5mm]_seg50-500-k100,1.857859,1.557040,0.300819,,0.386469,27.235726,0.711951,26.379323,178.262446,none,2778,,,,,,,,,090,20.000000,50.000000,500.000000,100.000000,min5mm,,,
B21_S04,AdTree calibrated r20mm (AdQSM 090) [calmethod=regression-perorder]_seg50-500-k100,1.983946,1.557040,0.426906,,0.386469,27.235726,0.711951,26.379323,178.262446,none,2778,,,,,,,,,090,20.000000,50.000000,500.000000,100.000000,regression-perorder,,,
B21_S04,AdTree calibrated r20mm (AdQSM 090) [calref=min5mm]_seg50-500-k100-wlen,1.780519,1.557040,0.223480,,0.386469,27.235726,0.711951,26.379323,178.262446,none,2778,,,,,,,,,090,20.000000,50.000000,500.000000,100.000000,min5mm,,,
B21_S04,AdTree calibrated r20mm (AdQSM 090) [calmethod=regression-perorder]_seg50-500-k100-wlen,1.881598,1.557040,0.324558,,0.386469,27.235726,0.711951,26.379323,178.262446,none,2778,,,,,,,,,090,20.000000,50.000000,500.000000,100.000000,regression-perorder,,,
B21_S04,AdTree calibrated r5mm (AdQSM 090) [calref=min5mm]_seg65-500-k50,1.878777,1.560682,0.318095,,0.386497,28.622667,0.716412,27.543099,782.747546,none,11750,,,,,,,,,090,5.000000,65.000000,500.000000,50.000000,min5mm,,,
B21_S04,AdTree calibrated r5mm (AdQSM 090) [calmethod=regression-perorder]_seg65-500-k50,2.070910,1.560682,0.510229,,0.386497,28.622667,0.716412,27.543099,782.747546,none,11750,,,,,,,,,090,5.000000,65.000000,500.000000,50.000000,regression-perorder,,,
B21_S04,AdTree calibrated r5mm (AdQSM 090) [calref=min5mm]_seg65-500-k50-wlen,1.813990,1.560682,0.253308,,0.386497,28.622667,0.716412,27.543099,782.747546,none,11750,,,,,,,,,090,5.000000,65.000000,500.000000,50.000000,min5mm,,,
B21_S04,AdTree calibrated r5mm (AdQSM 090) [calmethod=regression-perorder]_seg65-500-k50-wlen,1.977849,1.560682,0.417167,,0.386497,28.622667,0.716412,27.543099,782.747546,none,11750,,,,,,,,,090,5.000000,65.000000,500.000000,50.000000,regression-perorder,,,
B21_S04,AdTree calibrated r10mm (AdQSM 090) [calref=min5mm]_seg65-500-k50,1.865338,1.560682,0.304656,,0.386497,28.237576,0.716412,27.543099,375.096648,none,4928,,,,,,,,,090,10.000000,65.000000,500.000000,50.000000,min5mm,,,
B21_S04,AdTree calibrated r10mm (AdQSM 090) [calmethod=regression-perorder]_seg65-500-k50,2.018529,1.560682,0.457847,,0.386497,28.237576,0.716412,27.543099,375.096648,none,4928,,,,,,,,,090,10.000000,65.000000,500.000000,50.000000,regression-perorder,,,
B21_S04,AdTree calibrated r10mm (AdQSM 090) [calref=min5mm]_seg65-500-k50-wlen,1.802109,1.560682,0.241428,,0.386497,28.237576,0.716412,27.543099,375.096648,none,4928,,,,,,,,,090,10.000000,65.000000,500.000000,50.000000,min5mm,,,
B21_S04,AdTree calibrated r10mm (AdQSM 090) [calmethod=regression-perorder]_seg65-500-k50-wlen,1.931359,1.560682,0.370677,,0.386497,28.237576,0.716412,27.543099,375.096648,none,4928,,,,,,,,,090,10.000000,65.000000,500.000000,50.000000,regression-perorder,,,
B21_S04,AdTree calibrated r15mm (AdQSM 090) [calref=min5mm]_seg65-500-k50,1.851968,1.559833,0.292135,,0.386497,27.807693,0.716412,26.996320,239.237480,none,2939,,,,,,,,,090,15.000000,65.000000,500.000000,50.000000,min5mm,,,
B21_S04,AdTree calibrated r15mm (AdQSM 090) [calmethod=regression-perorder]_seg65-500-k50,1.982814,1.559833,0.422980,,0.386497,27.807693,0.716412,26.996320,239.237480,none,2939,,,,,,,,,090,15.000000,65.000000,500.000000,50.000000,regression-perorder,,,
B21_S04,AdTree calibrated r15mm (AdQSM 090) [calref=min5mm]_seg65-500-k50-wlen,1.790793,1.559833,0.230960,,0.386497,27.807693,0.716412,26.996320,239.237480,none,2939,,,,,,,,,090,15.000000,65.000000,500.000000,50.000000,min5mm,,,
B21_S04,AdTree calibrated r15mm (AdQSM 090) [calmethod=regression-perorder]_seg65-500-k50-wlen,1.901779,1.559833,0.341946,,0.386497,27.807693,0.716412,26.996320,239.237480,none,2939,,,,,,,,,090,15.000000,65.000000,500.000000,50.000000,regression-perorder,,,
B21_S04,AdTree calibrated r20mm (AdQSM 090) [calref=min5mm]_seg65-500-k50,1.840544,1.558626,0.281918,,0.386497,27.235726,0.716412,26.392809,177.996040,none,2133,,,,,,,,,090,20.000000,65.000000,500.000000,50.000000,min5mm,,,
B21_S04,AdTree calibrated r20mm (AdQSM 090) [calmethod=regression-perorder]_seg65-500-k50,1.958885,1.558626,0.400259,,0.386497,27.235726,0.716412,26.392809,177.996040,none,2133,,,,,,,,,090,20.000000,65.000000,500.000000,50.000000,regression-perorder,,,
B21_S04,AdTree calibrated r20mm (AdQSM 090) [calref=min5mm]_seg65-500-k50-wlen,1.781343,1.558626,0.222716,,0.386497,27.235726,0.716412,26.392809,177.996040,none,2133,,,,,,,,,090,20.000000,65.000000,500.000000,50.000000,min5mm,,,
B21_S04,AdTree calibrated r20mm (AdQSM 090) [calmethod=regression-perorder]_seg65-500-k50-wlen,1.883045,1.558626,0.324419,,0.386497,27.235726,0.716412,26.392809,177.996040,none,2133,,,,,,,,,090,20.000000,65.000000,500.000000,50.000000,regression-perorder,,,
B21_S04,AdTree calibrated r5mm (AdQSM 090) [calref=min5mm]_seg65-500-k80,1.878092,1.559507,0.318585,,0.386469,28.622667,0.711951,27.529309,782.744524,none,11673,,,,,,,,,090,5.000000,65.000000,500.000000,80.000000,min5mm,,,
B21_S04,AdTree calibrated r5mm (AdQSM 090) [calmethod=regression-perorder]_seg65-500-k80,2.071872,1.559507,0.512365,,0.386469,28.622667,0.711951,27.529309,782.744524,none,11673,,,,,,,,,090,5.000000,65.000000,500.000000,80.000000,regression-perorder,,,
B21_S04,AdTree calibrated r5mm (AdQSM 090) [calref=min5mm]_seg65-500-k80-wlen,1.812785,1.559507,0.253278,,0.386469,28.622667,0.711951,27.529309,782.744524,none,11673,,,,,,,,,090,5.000000,65.000000,500.000000,80.000000,min5mm,,,
B21_S04,AdTree calibrated r5mm (AdQSM 090) [calmethod=regression-perorder]_seg65-500-k80-wlen,1.977183,1.559507,0.417676,,0.386469,28.622667,0.711951,27.529309,782.744524,none,11673,,,,,,,,,090,5.000000,65.000000,500.000000,80.000000,regression-perorder,,,
B21_S04,AdTree calibrated r10mm (AdQSM 090) [calref=min5mm]_seg65-500-k80,1.864652,1.559507,0.305145,,0.386469,28.237576,0.711951,27.529309,375.093625,none,4851,,,,,,,,,090,10.000000,65.000000,500.000000,80.000000,min5mm,,,
B21_S04,AdTree calibrated r10mm (AdQSM 090) [calmethod=regression-perorder]_seg65-500-k80,2.019484,1.559507,0.459977,,0.386469,28.237576,0.711951,27.529309,375.093625,none,4851,,,,,,,,,090,10.000000,65.000000,500.000000,80.000000,regression-perorder,,,
B21_S04,AdTree calibrated r10mm (AdQSM 090) [calref=min5mm]_seg65-500-k80-wlen,1.800905,1.559507,0.241398,,0.386469,28.237576,0.711951,27.529309,375.093625,none,4851,,,,,,,,,090,10.000000,65.000000,500.000000,80.000000,min5mm,,,
B21_S04,AdTree calibrated r10mm (AdQSM 090) [calmethod=regression-perorder]_seg65-500-k80-wlen,1.930696,1.559507,0.371189,,0.386469,28.237576,0.711951,27.529309,375.093625,none,4851,,,,,,,,,090,10.000000,65.000000,500.000000,80.000000,regression-perorder,,,
B21_S04,AdTree calibrated r15mm (AdQSM 090) [calref=min5mm]_seg65-500-k80,1.851281,1.558659,0.292622,,0.386469,27.807693,0.711951,26.982530,239.234457,none,2862,,,,,,,,,090,15.000000,65.000000,500.000000,80.000000,min5mm,,,
B21_S04,AdTree calibrated r15mm (AdQSM 090) [calmethod=regression-perorder]_seg65-500-k80,1.983763,1.558659,0.425105,,0.386469,27.807693,0.711951,26.982530,239.234457,none,2862,,,,,,,,,090,15.000000,65.000000,500.000000,80.000000,regression-perorder,,,
B21_S04,AdTree calibrated r15mm (AdQSM 090) [calref=min5mm]_seg65-500-k80-wlen,1.789588,1.558659,0.230930,,0.386469,27.807693,0.711951,26.982530,239.234457,none,2862,,,,,,,,,090,15.000000,65.000000,500.000000,80.000000,min5mm,,,
B21_S04,AdTree calibrated r15mm (AdQSM 090) [calmethod=regression-perorder]_seg65-500-k80-wlen,1.901117,1.558659,0.342458,,0.386469,27.807693,0.711951,26.982530,239.234457,none,2862,,,,,,,,,090,15.000000,65.000000,500.000000,80.000000,regression-perorder,,,
B21_S04,AdTree calibrated r20mm (AdQSM 090) [calref=min5mm]_seg65-500-k80,1.839852,1.557452,0.282400,,0.386469,27.235726,0.711951,26.379019,177.993017,none,2056,,,,,,,,,090,20.000000,65.000000,500.000000,80.000000,min5mm,,,
B21_S04,AdTree calibrated r20mm (AdQSM 090) [calmethod=regression-perorder]_seg65-500-k80,1.959813,1.557452,0.402362,,0.386469,27.235726,0.711951,26.379019,177.993017,none,2056,,,,,,,,,090,20.000000,65.000000,500.000000,80.000000,regression-perorder,,,
B21_S04,AdTree calibrated r20mm (AdQSM 090) [calref=min5mm]_seg65-500-k80-wlen,1.780138,1.557452,0.222686,,0.386469,27.235726,0.711951,26.379019,177.993017,none,2056,,,,,,,,,090,20.000000,65.000000,500.000000,80.000000,min5mm,,,
B21_S04,AdTree calibrated r20mm (AdQSM 090) [calmethod=regression-perorder]_seg65-500-k80-wlen,1.882386,1.557452,0.324934,,0.386469,27.235726,0.711951,26.379019,177.993017,none,2056,,,,,,,,,090,20.000000,65.000000,500.000000,80.000000,regression-perorder,,,
B21_S04,AdTree calibrated r5mm (AdQSM 090) [calref=min5mm]_seg65-500-k100,1.886707,1.559069,0.327638,,0.386469,28.622667,0.711951,27.523013,782.724455,none,11645,,,,,,,,,090,5.000000,65.000000,500.000000,100.000000,min5mm,,,
B21_S04,AdTree calibrated r5mm (AdQSM 090) [calmethod=regression-perorder]_seg65-500-k100,2.100205,1.559069,0.541136,,0.386469,28.622667,0.711951,27.523013,782.724455,none,11645,,,,,,,,,090,5.000000,65.000000,500.000000,100.000000,regression-perorder,,,
B21_S04,AdTree calibrated r5mm (AdQSM 090) [calref=min5mm]_seg65-500-k100-wlen,1.812362,1.559069,0.253293,,0.386469,28.622667,0.711951,27.523013,782.724455,none,11645,,,,,,,,,090,5.000000,65.000000,500.000000,100.000000,min5mm,,,
B21_S04,AdTree calibrated r5mm (AdQSM 090) [calmethod=regression-perorder]_seg65-500-k100-wlen,1.978574,1.559069,0.419505,,0.386469,28.622667,0.711951,27.523013,782.724455,none,11645,,,,,,,,,090,5.000000,65.000000,500.000000,100.000000,regression-perorder,,,
B21_S04,AdTree calibrated r10mm (AdQSM 090) [calref=min5mm]_seg65-500-k100,1.873233,1.559069,0.314164,,0.386469,28.237576,0.711951,27.523013,375.073557,none,4823,,,,,,,,,090,10.000000,65.000000,500.000000,100.000000,min5mm,,,
B21_S04,AdTree calibrated r10mm (AdQSM 090) [calmethod=regression-perorder]_seg65-500-k100,2.047749,1.559069,0.488680,,0.386469,28.237576,0.711951,27.523013,375.073557,none,4823,,,,,,,,,090,10.000000,65.000000,500.000000,100.000000,regression-perorder,,,
B21_S04,AdTree calibrated r10mm (AdQSM 090) [calref=min5mm]_seg65-500-k100-wlen,1.800481,1.559069,0.241412,,0.386469,28.237576,0.711951,27.523013,375.073557,none,4823,,,,,,,,,090,10.000000,65.000000,500.000000,100.000000,min5mm,,,
B21_S04,AdTree calibrated r10mm (AdQSM 090) [calmethod=regression-perorder]_seg65-500-k100-wlen,1.932092,1.559069,0.373022,,0.386469,28.237576,0.711951,27.523013,375.073557,none,4823,,,,,,,,,090,10.000000,65.000000,500.000000,100.000000,regression-perorder,,,
B21_S04,AdTree calibrated r15mm (AdQSM 090) [calref=min5mm]_seg65-500-k100,1.859818,1.558221,0.301597,,0.386469,27.807693,0.711951,26.976235,239.214389,none,2834,,,,,,,,,090,15.000000,65.000000,500.000000,100.000000,min5mm,,,
B21_S04,AdTree calibrated r15mm (AdQSM 090) [calmethod=regression-perorder]_seg65-500-k100,2.011955,1.558221,0.453734,,0.386469,27.807693,0.711951,26.976235,239.214389,none,2834,,,,,,,,,090,15.000000,65.000000,500.000000,100.000000,regression-perorder,,,
B21_S04,AdTree calibrated r15mm (AdQSM 090) [calref=min5mm]_seg65-500-k100-wlen,1.789165,1.558221,0.230944,,0.386469,27.807693,0.711951,26.976235,239.214389,none,2834,,,,,,,,,090,15.000000,65.000000,500.000000,100.000000,min5mm,,,
B21_S04,AdTree calibrated r15mm (AdQSM 090) [calmethod=regression-perorder]_seg65-500-k100-wlen,1.902517,1.558221,0.344296,,0.386469,27.807693,0.711951,26.976235,239.214389,none,2834,,,,,,,,,090,15.000000,65.000000,500.000000,100.000000,regression-perorder,,,
B21_S04,AdTree calibrated r20mm (AdQSM 090) [calref=min5mm]_seg65-500-k100,1.848279,1.557014,0.291266,,0.386469,27.235726,0.711951,26.372723,177.972949,none,2028,,,,,,,,,090,20.000000,65.000000,500.000000,100.000000,min5mm,,,
B21_S04,AdTree calibrated r20mm (AdQSM 090) [calmethod=regression-perorder]_seg65-500-k100,1.987754,1.557014,0.430740,,0.386469,27.235726,0.711951,26.372723,177.972949,none,2028,,,,,,,,,090,20.000000,65.000000,500.000000,100.000000,regression-perorder,,,
B21_S04,AdTree calibrated r20mm (AdQSM 090) [calref=min5mm]_seg65-500-k100-wlen,1.779713,1.557014,0.222699,,0.386469,27.235726,0.711951,26.372723,177.972949,none,2028,,,,,,,,,090,20.000000,65.000000,500.000000,100.000000,min5mm,,,
B21_S04,AdTree calibrated r20mm (AdQSM 090) [calmethod=regression-perorder]_seg65-500-k100-wlen,1.883796,1.557014,0.326782,,0.386469,27.235726,0.711951,26.372723,177.972949,none,2028,,,,,,,,,090,20.000000,65.000000,500.000000,100.000000,regression-perorder,,,
B21_S04,AdQSM (TreesParams) (AdQSM 999),2.330240,1.471010,0.859233,,0.384315,29.440000,,30.603700,3816.780000,none,,,,,,,,,,,,,,,,,,
B21_S04,AdTree raw r5mm_seg35-500-k50,3.772933,2.090063,1.682870,,0.393500,28.622667,0.000000,27.559491,789.822764,none,16919,,,,,,,,,,5.000000,35.000000,500.000000,50.000000,,,,
B21_S04,AdTree calibrated r5mm (AdQSM 999) [calref=min5mm]_seg35-500-k50,1.814514,1.533334,0.281180,,0.384315,28.622667,0.712371,27.559491,789.822764,none,16919,,,,,,,,,999,5.000000,35.000000,500.000000,50.000000,min5mm,,,
B21_S04,AdTree calibrated r5mm (AdQSM 999) [calmethod=regression-perorder]_seg35-500-k50,1.968678,1.533334,0.435344,,0.384315,28.622667,0.712371,27.559491,789.822764,none,16919,,,,,,,,,999,5.000000,35.000000,500.000000,50.000000,regression-perorder,,,
B21_S04,AdTree raw r5mm_seg35-500-k50-wlen,3.772933,2.090063,1.682870,,0.393500,28.622667,0.000000,27.559491,789.822764,none,16919,,,,,,,,,,5.000000,35.000000,500.000000,50.000000,,,,
B21_S04,AdTree calibrated r5mm (AdQSM 999) [calref=min5mm]_seg35-500-k50-wlen,1.785142,1.533334,0.251809,,0.384315,28.622667,0.712371,27.559491,789.822764,none,16919,,,,,,,,,999,5.000000,35.000000,500.000000,50.000000,min5mm,,,
B21_S04,AdTree calibrated r5mm (AdQSM 999) [calmethod=regression-perorder]_seg35-500-k50-wlen,1.939891,1.533334,0.406557,,0.384315,28.622667,0.712371,27.559491,789.822764,none,16919,,,,,,,,,999,5.000000,35.000000,500.000000,50.000000,regression-perorder,,,
B21_S04,AdTree raw r10mm_seg35-500-k50,3.688285,2.090063,1.598222,,0.393500,28.237576,0.000000,27.559491,377.099478,none,7780,,,,,,,,,,10.000000,35.000000,500.000000,50.000000,,,,
B21_S04,AdTree calibrated r10mm (AdQSM 999) [calref=min5mm]_seg35-500-k50,1.801863,1.533334,0.268530,,0.384315,28.237576,0.712371,27.559491,377.099478,none,7780,,,,,,,,,999,10.000000,35.000000,500.000000,50.000000,min5mm,,,
B21_S04,AdTree calibrated r10mm (AdQSM 999) [calmethod=regression-perorder]_seg35-500-k50,1.920846,1.533334,0.387512,,0.384315,28.237576,0.712371,27.559491,377.099478,none,7780,,,,,,,,,999,10.000000,35.000000,500.000000,50.000000,regression-perorder,,,
B21_S04,AdTree raw r10mm_seg35-500-k50-wlen,3.688285,2.090063,1.598222,,0.393500,28.237576,0.000000,27.559491,377.099478,none,7780,,,,,,,,,,10.000000,35.000000,500.000000,50.000000,,,,
B21_S04,AdTree calibrated r10mm (AdQSM 999) [calref=min5mm]_seg35-500-k50-wlen,1.773151,1.533334,0.239817,,0.384315,28.237576,0.712371,27.559491,377.099478,none,7780,,,,,,,,,999,10.000000,35.000000,500.000000,50.000000,min5mm,,,
B21_S04,AdTree calibrated r10mm (AdQSM 999) [calmethod=regression-perorder]_seg35-500-k50-wlen,1.894143,1.533334,0.360809,,0.384315,28.237576,0.712371,27.559491,377.099478,none,7780,,,,,,,,,999,10.000000,35.000000,500.000000,50.000000,regression-perorder,,,
B21_S04,AdTree raw r15mm_seg35-500-k50,3.609655,2.089755,1.519899,,0.393500,27.807693,0.000000,27.009207,240.017239,none,4885,,,,,,,,,,15.000000,35.000000,500.000000,50.000000,,,,
B21_S04,AdTree calibrated r15mm (AdQSM 999) [calref=min5mm]_seg35-500-k50,1.789674,1.532489,0.257184,,0.384315,27.807693,0.712371,27.009207,240.017239,none,4885,,,,,,,,,999,15.000000,35.000000,500.000000,50.000000,min5mm,,,
B21_S04,AdTree calibrated r15mm (AdQSM 999) [calmethod=regression-perorder]_seg35-500-k50,1.889763,1.532489,0.357273,,0.384315,27.807693,0.712371,27.009207,240.017239,none,4885,,,,,,,,,999,15.000000,35.000000,500.000000,50.000000,regression-perorder,,,
B21_S04,AdTree raw r15mm_seg35-500-k50-wlen,3.609655,2.089755,1.519899,,0.393500,27.807693,0.000000,27.009207,240.017239,none,4885,,,,,,,,,,15.000000,35.000000,500.000000,50.000000,,,,
B21_S04,AdTree calibrated r15mm (AdQSM 999) [calref=min5mm]_seg35-500-k50-wlen,1.761781,1.532489,0.229292,,0.384315,27.807693,0.712371,27.009207,240.017239,none,4885,,,,,,,,,999,15.000000,35.000000,500.000000,50.000000,min5mm,,,
B21_S04,AdTree calibrated r15mm (AdQSM 999) [calmethod=regression-perorder]_seg35-500-k50-wlen,1.865188,1.532489,0.332698,,0.384315,27.807693,0.712371,27.009207,240.017239,none,4885,,,,,,,,,999,15.000000,35.000000,500.000000,50.000000,regression-perorder,,,
B21_S04,AdTree raw r20mm_seg35-500-k50,3.545595,2.089132,1.456463,,0.393500,27.235726,0.000000,26.396030,178.460256,none,3629,,,,,,,,,,20.000000,35.000000,500.000000,50.000000,,,,
B21_S04,AdTree calibrated r20mm (AdQSM 999) [calref=min5mm]_seg35-500-k50,1.779423,1.531267,0.248156,,0.384315,27.235726,0.712371,26.396030,178.460256,none,3629,,,,,,,,,999,20.000000,35.000000,500.000000,50.000000,min5mm,,,
B21_S04,AdTree calibrated r20mm (AdQSM 999) [calmethod=regression-perorder]_seg35-500-k50,1.869717,1.531267,0.338450,,0.384315,27.235726,0.712371,26.396030,178.460256,none,3629,,,,,,,,,999,20.000000,35.000000,500.000000,50.000000,regression-perorder,,,
B21_S04,AdTree raw r20mm_seg35-500-k50-wlen,3.545595,2.089132,1.456463,,0.393500,27.235726,0.000000,26.396030,178.460256,none,3629,,,,,,,,,,20.000000,35.000000,500.000000,50.000000,,,,
B21_S04,AdTree calibrated r20mm (AdQSM 999) [calref=min5mm]_seg35-500-k50-wlen,1.752332,1.531267,0.221065,,0.384315,27.235726,0.712371,26.396030,178.460256,none,3629,,,,,,,,,999,20.000000,35.000000,500.000000,50.000000,min5mm,,,
B21_S04,AdTree calibrated r20mm (AdQSM 999) [calmethod=regression-perorder]_seg35-500-k50-wlen,1.846906,1.531267,0.315639,,0.384315,27.235726,0.712371,26.396030,178.460256,none,3629,,,,,,,,,999,20.000000,35.000000,500.000000,50.000000,regression-perorder,,,
B21_S04,AdTree raw r5mm_seg35-500-k80,3.770036,2.088417,1.681619,,0.393500,28.622667,0.000000,27.541793,789.778968,none,16566,,,,,,,,,,5.000000,35.000000,500.000000,80.000000,,,,
B21_S04,AdTree calibrated r5mm (AdQSM 999) [calref=min5mm]_seg35-500-k80,1.860062,1.532126,0.327936,,0.384287,28.622667,0.707935,27.541793,789.778968,none,16566,,,,,,,,,999,5.000000,35.000000,500.000000,80.000000,min5mm,,,
B21_S04,AdTree calibrated r5mm (AdQSM 999) [calmethod=regression-perorder]_seg35-500-k80,2.073347,1.532126,0.541221,,0.384287,28.622667,0.707935,27.541793,789.778968,none,16566,,,,,,,,,999,5.000000,35.000000,500.000000,80.000000,regression-perorder,,,
B21_S04,AdTree raw r5mm_seg35-500-k80-wlen,3.770036,2.088417,1.681619,,0.393500,28.622667,0.000000,27.541793,789.778968,none,16566,,,,,,,,,,5.000000,35.000000,500.000000,80.000000,,,,
B21_S04,AdTree calibrated r5mm (AdQSM 999) [calref=min5mm]_seg35-500-k80-wlen,1.784122,1.532126,0.251996,,0.384287,28.622667,0.707935,27.541793,789.778968,none,16566,,,,,,,,,999,5.000000,35.000000,500.000000,80.000000,min5mm,,,
B21_S04,AdTree calibrated r5mm (AdQSM 999) [calmethod=regression-perorder]_seg35-500-k80-wlen,1.939188,1.532126,0.407062,,0.384287,28.622667,0.707935,27.541793,789.778968,none,16566,,,,,,,,,999,5.000000,35.000000,500.000000,80.000000,regression-perorder,,,
B21_S04,AdTree raw r10mm_seg35-500-k80,3.685388,2.088417,1.596971,,0.393500,28.237576,0.000000,27.541793,377.055682,none,7427,,,,,,,,,,10.000000,35.000000,500.000000,80.000000,,,,
B21_S04,AdTree calibrated r10mm (AdQSM 999) [calref=min5mm]_seg35-500-k80,1.847203,1.532126,0.315077,,0.384287,28.237576,0.707935,27.541793,377.055682,none,7427,,,,,,,,,999,10.000000,35.000000,500.000000,80.000000,min5mm,,,
B21_S04,AdTree calibrated r10mm (AdQSM 999) [calmethod=regression-perorder]_seg35-500-k80,2.025064,1.532126,0.492938,,0.384287,28.237576,0.707935,27.541793,377.055682,none,7427,,,,,,,,,999,10.000000,35.000000,500.000000,80.000000,regression-perorder,,,
B21_S04,AdTree raw r10mm_seg35-500-k80-wlen,3.685388,2.088417,1.596971,,0.393500,28.237576,0.000000,27.541793,377.055682,none,7427,,,,,,,,,,10.000000,35.000000,500.000000,80.000000,,,,
B21_S04,AdTree calibrated r10mm (AdQSM 999) [calref=min5mm]_seg35-500-k80-wlen,1.772129,1.532126,0.240004,,0.384287,28.237576,0.707935,27.541793,377.055682,none,7427,,,,,,,,,999,10.000000,35.000000,500.000000,80.000000,min5mm,,,
B21_S04,AdTree calibrated r10mm (AdQSM 999) [calmethod=regression-perorder]_seg35-500-k80-wlen,1.893441,1.532126,0.361315,,0.384287,28.237576,0.707935,27.541793,377.055682,none,7427,,,,,,,,,999,10.000000,35.000000,500.000000,80.000000,regression-perorder,,,
B21_S04,AdTree raw r15mm_seg35-500-k80,3.606757,2.088109,1.518648,,0.393500,27.807693,0.000000,26.991509,239.973443,none,4532,,,,,,,,,,15.000000,35.000000,500.000000,80.000000,,,,
B21_S04,AdTree calibrated r15mm (AdQSM 999) [calref=min5mm]_seg35-500-k80,1.834720,1.531282,0.303439,,0.384287,27.807693,0.707935,26.991509,239.973443,none,4532,,,,,,,,,999,15.000000,35.000000,500.000000,80.000000,min5mm,,,
B21_S04,AdTree calibrated r15mm (AdQSM 999) [calmethod=regression-perorder]_seg35-500-k80,1.993387,1.531282,0.462105,,0.384287,27.807693,0.707935,26.991509,239.973443,none,4532,,,,,,,,,999,15.000000,35.000000,500.000000,80.000000,regression-perorder,,,
B21_S04,AdTree raw r15mm_seg35-500-k80-wlen,3.606757,2.088109,1.518648,,0.393500,27.807693,0.000000,26.991509,239.973443,none,4532,,,,,,,,,,15.000000,35.000000,500.000000,80.000000,,,,
B21_S04,AdTree calibrated r15mm (AdQSM 999) [calref=min5mm]_seg35-500-k80-wlen,1.760759,1.531282,0.229477,,0.384287,27.807693,0.707935,26.991509,239.973443,none,4532,,,,,,,,,999,15.000000,35.000000,500.000000,80.000000,min5mm,,,
B21_S04,AdTree calibrated r15mm (AdQSM 999) [calmethod=regression-perorder]_seg35-500-k80-wlen,1.864486,1.531282,0.333204,,0.384287,27.807693,0.707935,26.991509,239.973443,none,4532,,,,,,,,,999,15.000000,35.000000,500.000000,80.000000,regression-perorder,,,
B21_S04,AdTree raw r20mm_seg35-500-k80,3.542698,2.087486,1.455212,,0.393500,27.235726,0.000000,26.378331,178.416460,none,3276,,,,,,,,,,20.000000,35.000000,500.000000,80.000000,,,,
B21_S04,AdTree calibrated r20mm (AdQSM 999) [calref=min5mm]_seg35-500-k80,1.823867,1.530059,0.293808,,0.384287,27.235726,0.707935,26.378331,178.416460,none,3276,,,,,,,,,999,20.000000,35.000000,500.000000,80.000000,min5mm,,,
B21_S04,AdTree calibrated r20mm (AdQSM 999) [calmethod=regression-perorder]_seg35-500-k80,1.972007,1.530059,0.441948,,0.384287,27.235726,0.707935,26.378331,178.416460,none,3276,,,,,,,,,999,20.000000,35.000000,500.000000,80.000000,regression-perorder,,,
B21_S04,AdTree raw r20mm_seg35-500-k80-wlen,3.542698,2.087486,1.455212,,0.393500,27.235726,0.000000,26.378331,178.416460,none,3276,,,,,,,,,,20.000000,35.000000,500.000000,80.000000,,,,
B21_S04,AdTree calibrated r20mm (AdQSM 999) [calref=min5mm]_seg35-500-k80-wlen,1.751306,1.530059,0.221246,,0.384287,27.235726,0.707935,26.378331,178.416460,none,3276,,,,,,,,,999,20.000000,35.000000,500.000000,80.000000,min5mm,,,
B21_S04,AdTree calibrated r20mm (AdQSM 999) [calmethod=regression-perorder]_seg35-500-k80-wlen,1.846204,1.530059,0.316145,,0.384287,27.235726,0.707935,26.378331,178.416460,none,3276,,,,,,,,,999,20.000000,35.000000,500.000000,80.000000,regression-perorder,,,
B21_S04,AdTree raw r5mm_seg35-500-k100,3.768164,2.087747,1.680416,,0.393500,28.622667,0.000000,27.532267,789.724272,none,16355,,,,,,,,,,5.000000,35.000000,500.000000,100.000000,,,,
B21_S04,AdTree calibrated r5mm (AdQSM 999) [calref=min5mm]_seg35-500-k100,1.905123,1.531690,0.373433,,0.384287,28.622667,0.707935,27.532267,789.724272,none,16355,,,,,,,,,999,5.000000,35.000000,500.000000,100.000000,min5mm,,,
B21_S04,AdTree calibrated r5mm (AdQSM 999) [calmethod=regression-perorder]_seg35-500-k100,2.149028,1.531690,0.617338,,0.384287,28.622667,0.707935,27.532267,789.724272,none,16355,,,,,,,,,999,5.000000,35.000000,500.000000,100.000000,regression-perorder,,,
B21_S04,AdTree raw r5mm_seg35-500-k100-wlen,3.768164,2.087747,1.680416,,0.393500,28.622667,0.000000,27.532267,789.724272,none,16355,,,,,,,,,,5.000000,35.000000,500.000000,100.000000,,,,
B21_S04,AdTree calibrated r5mm (AdQSM 999) [calref=min5mm]_seg35-500-k100-wlen,1.784014,1.531690,0.252324,,0.384287,28.622667,0.707935,27.532267,789.724272,none,16355,,,,,,,,,999,5.000000,35.000000,500.000000,100.000000,min5mm,,,
B21_S04,AdTree calibrated r5mm (AdQSM 999) [calmethod=regression-perorder]_seg35-500-k100-wlen,1.939031,1.531690,0.407342,,0.384287,28.622667,0.707935,27.532267,789.724272,none,16355,,,,,,,,,999,5.000000,35.000000,500.000000,100.000000,regression-perorder,,,
B21_S04,AdTree raw r10mm_seg35-500-k100,3.683515,2.087747,1.595768,,0.393500,28.237576,0.000000,27.532267,377.000986,none,7216,,,,,,,,,,10.000000,35.000000,500.000000,100.000000,,,,
B21_S04,AdTree calibrated r10mm (AdQSM 999) [calref=min5mm]_seg35-500-k100,1.892022,1.531690,0.360333,,0.384287,28.237576,0.707935,27.532267,377.000986,none,7216,,,,,,,,,999,10.000000,35.000000,500.000000,100.000000,min5mm,,,
B21_S04,AdTree calibrated r10mm (AdQSM 999) [calmethod=regression-perorder]_seg35-500-k100,2.100218,1.531690,0.568529,,0.384287,28.237576,0.707935,27.532267,377.000986,none,7216,,,,,,,,,999,10.000000,35.000000,500.000000,100.000000,regression-perorder,,,
B21_S04,AdTree raw r10mm_seg35-500-k100-wlen,3.683515,2.087747,1.595768,,0.393500,28.237576,0.000000,27.532267,377.000986,none,7216,,,,,,,,,,10.000000,35.000000,500.000000,100.000000,,,,
B21_S04,AdTree calibrated r10mm (AdQSM 999) [calref=min5mm]_seg35-500-k100-wlen,1.772020,1.531690,0.240330,,0.384287,28.237576,0.707935,27.532267,377.000986,none,7216,,,,,,,,,999,10.000000,35.000000,500.000000,100.000000,min5mm,,,
B21_S04,AdTree calibrated r10mm (AdQSM 999) [calmethod=regression-perorder]_seg35-500-k100-wlen,1.893284,1.531690,0.361594,,0.384287,28.237576,0.707935,27.532267,377.000986,none,7216,,,,,,,,,999,10.000000,35.000000,500.000000,100.000000,regression-perorder,,,
B21_S04,AdTree raw r15mm_seg35-500-k100,3.604885,2.087439,1.517446,,0.393500,27.807693,0.000000,26.981983,239.918748,none,4321,,,,,,,,,,15.000000,35.000000,500.000000,100.000000,,,,
B21_S04,AdTree calibrated r15mm (AdQSM 999) [calref=min5mm]_seg35-500-k100,1.879230,1.530845,0.348385,,0.384287,27.807693,0.707935,26.981983,239.918748,none,4321,,,,,,,,,999,15.000000,35.000000,500.000000,100.000000,min5mm,,,
B21_S04,AdTree calibrated r15mm (AdQSM 999) [calmethod=regression-perorder]_seg35-500-k100,2.067918,1.530845,0.537073,,0.384287,27.807693,0.707935,26.981983,239.918748,none,4321,,,,,,,,,999,15.000000,35.000000,500.000000,100.000000,regression-perorder,,,
B21_S04,AdTree raw r15mm_seg35-500-k100-wlen,3.604885,2.087439,1.517446,,0.393500,27.807693,0.000000,26.981983,239.918748,none,4321,,,,,,,,,,15.000000,35.000000,500.000000,100.000000,,,,
B21_S04,AdTree calibrated r15mm (AdQSM 999) [calref=min5mm]_seg35-500-k100-wlen,1.760647,1.530845,0.229802,,0.384287,27.807693,0.707935,26.981983,239.918748,none,4321,,,,,,,,,999,15.000000,35.000000,500.000000,100.000000,min5mm,,,
B21_S04,AdTree calibrated r15mm (AdQSM 999) [calmethod=regression-perorder]_seg35-500-k100-wlen,1.864329,1.530845,0.333483,,0.384287,27.807693,0.707935,26.981983,239.918748,none,4321,,,,,,,,,999,15.000000,35.000000,500.000000,100.000000,regression-perorder,,,
B21_S04,AdTree raw r20mm_seg35-500-k100,3.540825,2.086816,1.454009,,0.393500,27.235726,0.000000,26.368806,178.361765,none,3065,,,,,,,,,,20.000000,35.000000,500.000000,100.000000,,,,
B21_S04,AdTree calibrated r20mm (AdQSM 999) [calref=min5mm]_seg35-500-k100,1.867793,1.529623,0.338170,,0.384287,27.235726,0.707935,26.368806,178.361765,none,3065,,,,,,,,,999,20.000000,35.000000,500.000000,100.000000,min5mm,,,
B21_S04,AdTree calibrated r20mm (AdQSM 999) [calmethod=regression-perorder]_seg35-500-k100,2.045428,1.529623,0.515805,,0.384287,27.235726,0.707935,26.368806,178.361765,none,3065,,,,,,,,,999,20.000000,35.000000,500.000000,100.000000,regression-perorder,,,
B21_S04,AdTree raw r20mm_seg35-500-k100-wlen,3.540825,2.086816,1.454009,,0.393500,27.235726,0.000000,26.368806,178.361765,none,3065,,,,,,,,,,20.000000,35.000000,500.000000,100.000000,,,,
B21_S04,AdTree calibrated r20mm (AdQSM 999) [calref=min5mm]_seg35-500-k100-wlen,1.751189,1.529623,0.221566,,0.384287,27.235726,0.707935,26.368806,178.361765,none,3065,,,,,,,,,999,20.000000,35.000000,500.000000,100.000000,min5mm,,,
B21_S04,AdTree calibrated r20mm (AdQSM 999) [calmethod=regression-perorder]_seg35-500-k100-wlen,1.846049,1.529623,0.316426,,0.384287,27.235726,0.707935,26.368806,178.361765,none,3065,,,,,,,,,999,20.000000,35.000000,500.000000,100.000000,regression-perorder,,,
B21_S04,AdTree raw r5mm_seg50-500-k50,3.771631,2.090038,1.681593,,0.393500,28.622667,0.000000,27.555369,787.350834,none,14225,,,,,,,,,,5.000000,50.000000,500.000000,50.000000,,,,
B21_S04,AdTree calibrated r5mm (AdQSM 999) [calref=min5mm]_seg50-500-k50,1.806868,1.533312,0.273556,,0.384315,28.622667,0.712371,27.555369,787.350834,none,14225,,,,,,,,,999,5.000000,50.000000,500.000000,50.000000,min5mm,,,
B21_S04,AdTree calibrated r5mm (AdQSM 999) [calmethod=regression-perorder]_seg50-500-k50,1.961407,1.533312,0.428095,,0.384315,28.622667,0.712371,27.555369,787.350834,none,14225,,,,,,,,,999,5.000000,50.000000,500.000000,50.000000,regression-perorder,,,
B21_S04,AdTree raw r5mm_seg50-500-k50-wlen,3.771631,2.090038,1.681593,,0.393500,28.622667,0.000000,27.555369,787.350834,none,14225,,,,,,,,,,5.000000,50.000000,500.000000,50.000000,,,,
B21_S04,AdTree calibrated r5mm (AdQSM 999) [calref=min5mm]_seg50-500-k50-wlen,1.784379,1.533312,0.251067,,0.384315,28.622667,0.712371,27.555369,787.350834,none,14225,,,,,,,,,999,5.000000,50.000000,500.000000,50.000000,min5mm,,,
B21_S04,AdTree calibrated r5mm (AdQSM 999) [calmethod=regression-perorder]_seg50-500-k50-wlen,1.944150,1.533312,0.410838,,0.384315,28.622667,0.712371,27.555369,787.350834,none,14225,,,,,,,,,999,5.000000,50.000000,500.000000,50.000000,regression-perorder,,,
B21_S04,AdTree raw r10mm_seg50-500-k50,3.687232,2.090038,1.597193,,0.393500,28.237576,0.000000,27.555369,376.355601,none,6489,,,,,,,,,,10.000000,50.000000,500.000000,50.000000,,,,
B21_S04,AdTree calibrated r10mm (AdQSM 999) [calref=min5mm]_seg50-500-k50,1.794195,1.533312,0.260882,,0.384315,28.237576,0.712371,27.555369,376.355601,none,6489,,,,,,,,,999,10.000000,50.000000,500.000000,50.000000,min5mm,,,
B21_S04,AdTree calibrated r10mm (AdQSM 999) [calmethod=regression-perorder]_seg50-500-k50,1.912690,1.533312,0.379378,,0.384315,28.237576,0.712371,27.555369,376.355601,none,6489,,,,,,,,,999,10.000000,50.000000,500.000000,50.000000,regression-perorder,,,
B21_S04,AdTree raw r10mm_seg50-500-k50-wlen,3.687232,2.090038,1.597193,,0.393500,28.237576,0.000000,27.555369,376.355601,none,6489,,,,,,,,,,10.000000,50.000000,500.000000,50.000000,,,,
B21_S04,AdTree calibrated r10mm (AdQSM 999) [calref=min5mm]_seg50-500-k50-wlen,1.772492,1.533312,0.239180,,0.384315,28.237576,0.712371,27.555369,376.355601,none,6489,,,,,,,,,999,10.000000,50.000000,500.000000,50.000000,min5mm,,,
B21_S04,AdTree calibrated r10mm (AdQSM 999) [calmethod=regression-perorder]_seg50-500-k50-wlen,1.898193,1.533312,0.364881,,0.384315,28.237576,0.712371,27.555369,376.355601,none,6489,,,,,,,,,999,10.000000,50.000000,500.000000,50.000000,regression-perorder,,,
B21_S04,AdTree raw r15mm_seg50-500-k50,3.608879,2.089731,1.519148,,0.393500,27.807693,0.000000,27.006594,239.792936,none,4185,,,,,,,,,,15.000000,50.000000,500.000000,50.000000,,,,
B21_S04,AdTree calibrated r15mm (AdQSM 999) [calref=min5mm]_seg50-500-k50,1.782094,1.532470,0.249624,,0.384315,27.807693,0.712371,27.006594,239.792936,none,4185,,,,,,,,,999,15.000000,50.000000,500.000000,50.000000,min5mm,,,
B21_S04,AdTree calibrated r15mm (AdQSM 999) [calmethod=regression-perorder]_seg50-500-k50,1.880980,1.532470,0.348510,,0.384315,27.807693,0.712371,27.006594,239.792936,none,4185,,,,,,,,,999,15.000000,50.000000,500.000000,50.000000,regression-perorder,,,
B21_S04,AdTree raw r15mm_seg50-500-k50-wlen,3.608879,2.089731,1.519148,,0.393500,27.807693,0.000000,27.006594,239.792936,none,4185,,,,,,,,,,15.000000,50.000000,500.000000,50.000000,,,,
B21_S04,AdTree calibrated r15mm (AdQSM 999) [calref=min5mm]_seg50-500-k50-wlen,1.761202,1.532470,0.228732,,0.384315,27.807693,0.712371,27.006594,239.792936,none,4185,,,,,,,,,999,15.000000,50.000000,500.000000,50.000000,min5mm,,,
B21_S04,AdTree calibrated r15mm (AdQSM 999) [calmethod=regression-perorder]_seg50-500-k50-wlen,1.869079,1.532470,0.336609,,0.384315,27.807693,0.712371,27.006594,239.792936,none,4185,,,,,,,,,999,15.000000,50.000000,500.000000,50.000000,regression-perorder,,,
B21_S04,AdTree raw r20mm_seg50-500-k50,3.545030,2.089131,1.455899,,0.393500,27.235726,0.000000,26.404726,178.336100,none,3191,,,,,,,,,,20.000000,50.000000,500.000000,50.000000,,,,
B21_S04,AdTree calibrated r20mm (AdQSM 999) [calref=min5mm]_seg50-500-k50,1.772069,1.531281,0.240788,,0.384315,27.235726,0.712371,26.404726,178.336100,none,3191,,,,,,,,,999,20.000000,50.000000,500.000000,50.000000,min5mm,,,
B21_S04,AdTree calibrated r20mm (AdQSM 999) [calmethod=regression-perorder]_seg50-500-k50,1.860882,1.531281,0.329601,,0.384315,27.235726,0.712371,26.404726,178.336100,none,3191,,,,,,,,,999,20.000000,50.000000,500.000000,50.000000,regression-perorder,,,
B21_S04,AdTree raw r20mm_seg50-500-k50-wlen,3.545030,2.089131,1.455899,,0.393500,27.235726,0.000000,26.404726,178.336100,none,3191,,,,,,,,,,20.000000,50.000000,500.000000,50.000000,,,,
B21_S04,AdTree calibrated r20mm (AdQSM 999) [calref=min5mm]_seg50-500-k50-wlen,1.751840,1.531281,0.220560,,0.384315,27.235726,0.712371,26.404726,178.336100,none,3191,,,,,,,,,999,20.000000,50.000000,500.000000,50.000000,min5mm,,,
B21_S04,AdTree calibrated r20mm (AdQSM 999) [calmethod=regression-perorder]_seg50-500-k50-wlen,1.850701,1.531281,0.319420,,0.384315,27.235726,0.712371,26.404726,178.336100,none,3191,,,,,,,,,999,20.000000,50.000000,500.000000,50.000000,regression-perorder,,,
B21_S04,AdTree raw r5mm_seg50-500-k80,3.768963,2.088403,1.680560,,0.393500,28.622667,0.000000,27.538245,787.319783,none,13956,,,,,,,,,,5.000000,50.000000,500.000000,80.000000,,,,
B21_S04,AdTree calibrated r5mm (AdQSM 999) [calref=min5mm]_seg50-500-k80,1.840948,1.532111,0.308837,,0.384287,28.622667,0.707935,27.538245,787.319783,none,13956,,,,,,,,,999,5.000000,50.000000,500.000000,80.000000,min5mm,,,
B21_S04,AdTree calibrated r5mm (AdQSM 999) [calmethod=regression-perorder]_seg50-500-k80,2.015635,1.532111,0.483524,,0.384287,28.622667,0.707935,27.538245,787.319783,none,13956,,,,,,,,,999,5.000000,50.000000,500.000000,80.000000,regression-perorder,,,
B21_S04,AdTree raw r5mm_seg50-500-k80-wlen,3.768963,2.088403,1.680560,,0.393500,28.622667,0.000000,27.538245,787.319783,none,13956,,,,,,,,,,5.000000,50.000000,500.000000,80.000000,,,,
B21_S04,AdTree calibrated r5mm (AdQSM 999) [calref=min5mm]_seg50-500-k80-wlen,1.783349,1.532111,0.251238,,0.384287,28.622667,0.707935,27.538245,787.319783,none,13956,,,,,,,,,999,5.000000,50.000000,500.000000,80.000000,min5mm,,,
B21_S04,AdTree calibrated r5mm (AdQSM 999) [calmethod=regression-perorder]_seg50-500-k80-wlen,1.943621,1.532111,0.411509,,0.384287,28.622667,0.707935,27.538245,787.319783,none,13956,,,,,,,,,999,5.000000,50.000000,500.000000,80.000000,regression-perorder,,,
B21_S04,AdTree raw r10mm_seg50-500-k80,3.684563,2.088403,1.596160,,0.393500,28.237576,0.000000,27.538245,376.324551,none,6220,,,,,,,,,,10.000000,50.000000,500.000000,80.000000,,,,
B21_S04,AdTree calibrated r10mm (AdQSM 999) [calref=min5mm]_seg50-500-k80,1.828112,1.532111,0.296001,,0.384287,28.237576,0.707935,27.538245,376.324551,none,6220,,,,,,,,,999,10.000000,50.000000,500.000000,80.000000,min5mm,,,
B21_S04,AdTree calibrated r10mm (AdQSM 999) [calmethod=regression-perorder]_seg50-500-k80,1.966551,1.532111,0.434440,,0.384287,28.237576,0.707935,27.538245,376.324551,none,6220,,,,,,,,,999,10.000000,50.000000,500.000000,80.000000,regression-perorder,,,
B21_S04,AdTree raw r10mm_seg50-500-k80-wlen,3.684563,2.088403,1.596160,,0.393500,28.237576,0.000000,27.538245,376.324551,none,6220,,,,,,,,,,10.000000,50.000000,500.000000,80.000000,,,,
B21_S04,AdTree calibrated r10mm (AdQSM 999) [calref=min5mm]_seg50-500-k80-wlen,1.771460,1.532111,0.239349,,0.384287,28.237576,0.707935,27.538245,376.324551,none,6220,,,,,,,,,999,10.000000,50.000000,500.000000,80.000000,min5mm,,,
B21_S04,AdTree calibrated r10mm (AdQSM 999) [calmethod=regression-perorder]_seg50-500-k80-wlen,1.897665,1.532111,0.365554,,0.384287,28.237576,0.707935,27.538245,376.324551,none,6220,,,,,,,,,999,10.000000,50.000000,500.000000,80.000000,regression-perorder,,,
B21_S04,AdTree raw r15mm_seg50-500-k80,3.606211,2.088096,1.518115,,0.393500,27.807693,0.000000,26.989470,239.761886,none,3916,,,,,,,,,,15.000000,50.000000,500.000000,80.000000,,,,
B21_S04,AdTree calibrated r15mm (AdQSM 999) [calref=min5mm]_seg50-500-k80,1.815780,1.531269,0.284511,,0.384287,27.807693,0.707935,26.989470,239.761886,none,3916,,,,,,,,,999,15.000000,50.000000,500.000000,80.000000,min5mm,,,
B21_S04,AdTree calibrated r15mm (AdQSM 999) [calmethod=regression-perorder]_seg50-500-k80,1.934342,1.531269,0.403073,,0.384287,27.807693,0.707935,26.989470,239.761886,none,3916,,,,,,,,,999,15.000000,50.000000,500.000000,80.000000,regression-perorder,,,
B21_S04,AdTree raw r15mm_seg50-500-k80-wlen,3.606211,2.088096,1.518115,,0.393500,27.807693,0.000000,26.989470,239.761886,none,3916,,,,,,,,,,15.000000,50.000000,500.000000,80.000000,,,,
B21_S04,AdTree calibrated r15mm (AdQSM 999) [calref=min5mm]_seg50-500-k80-wlen,1.760169,1.531269,0.228900,,0.384287,27.807693,0.707935,26.989470,239.761886,none,3916,,,,,,,,,999,15.000000,50.000000,500.000000,80.000000,min5mm,,,
B21_S04,AdTree calibrated r15mm (AdQSM 999) [calmethod=regression-perorder]_seg50-500-k80-wlen,1.868551,1.531269,0.337282,,0.384287,27.807693,0.707935,26.989470,239.761886,none,3916,,,,,,,,,999,15.000000,50.000000,500.000000,80.000000,regression-perorder,,,
B21_S04,AdTree raw r20mm_seg50-500-k80,3.542361,2.087496,1.454866,,0.393500,27.235726,0.000000,26.387602,178.305050,none,2922,,,,,,,,,,20.000000,50.000000,500.000000,80.000000,,,,
B21_S04,AdTree calibrated r20mm (AdQSM 999) [calref=min5mm]_seg50-500-k80,1.805292,1.530080,0.275212,,0.384287,27.235726,0.707935,26.387602,178.305050,none,2922,,,,,,,,,999,20.000000,50.000000,500.000000,80.000000,min5mm,,,
B21_S04,AdTree calibrated r20mm (AdQSM 999) [calmethod=regression-perorder]_seg50-500-k80,1.913308,1.530080,0.383229,,0.384287,27.235726,0.707935,26.387602,178.305050,none,2922,,,,,,,,,999,20.000000,50.000000,500.000000,80.000000,regression-perorder,,,
B21_S04,AdTree raw r20mm_seg50-500-k80-wlen,3.542361,2.087496,1.454866,,0.393500,27.235726,0.000000,26.387602,178.305050,none,2922,,,,,,,,,,20.000000,50.000000,500.000000,80.000000,,,,
B21_S04,AdTree calibrated r20mm (AdQSM 999) [calref=min5mm]_seg50-500-k80-wlen,1.750804,1.530080,0.220724,,0.384287,27.235726,0.707935,26.387602,178.305050,none,2922,,,,,,,,,999,20.000000,50.000000,500.000000,80.000000,min5mm,,,
B21_S04,AdTree calibrated r20mm (AdQSM 999) [calmethod=regression-perorder]_seg50-500-k80-wlen,1.850175,1.530080,0.320095,,0.384287,27.235726,0.707935,26.387602,178.305050,none,2922,,,,,,,,,999,20.000000,50.000000,500.000000,80.000000,regression-perorder,,,
B21_S04,AdTree raw r5mm_seg50-500-k100,3.767212,2.087745,1.679466,,0.393500,28.622667,0.000000,27.529966,787.277179,none,13812,,,,,,,,,,5.000000,50.000000,500.000000,100.000000,,,,
B21_S04,AdTree calibrated r5mm (AdQSM 999) [calref=min5mm]_seg50-500-k100,1.863419,1.531686,0.331733,,0.384287,28.622667,0.707935,27.529966,787.277179,none,13812,,,,,,,,,999,5.000000,50.000000,500.000000,100.000000,min5mm,,,
B21_S04,AdTree calibrated r5mm (AdQSM 999) [calmethod=regression-perorder]_seg50-500-k100,2.055596,1.531686,0.523910,,0.384287,28.622667,0.707935,27.529966,787.277179,none,13812,,,,,,,,,999,5.000000,50.000000,500.000000,100.000000,regression-perorder,,,
B21_S04,AdTree raw r5mm_seg50-500-k100-wlen,3.767212,2.087745,1.679466,,0.393500,28.622667,0.000000,27.529966,787.277179,none,13812,,,,,,,,,,5.000000,50.000000,500.000000,100.000000,,,,
B21_S04,AdTree calibrated r5mm (AdQSM 999) [calref=min5mm]_seg50-500-k100-wlen,1.783171,1.531686,0.251485,,0.384287,28.622667,0.707935,27.529966,787.277179,none,13812,,,,,,,,,999,5.000000,50.000000,500.000000,100.000000,min5mm,,,
B21_S04,AdTree calibrated r5mm (AdQSM 999) [calmethod=regression-perorder]_seg50-500-k100-wlen,1.943998,1.531686,0.412313,,0.384287,28.622667,0.707935,27.529966,787.277179,none,13812,,,,,,,,,999,5.000000,50.000000,500.000000,100.000000,regression-perorder,,,
B21_S04,AdTree raw r10mm_seg50-500-k100,3.682812,2.087745,1.595067,,0.393500,28.237576,0.000000,27.529966,376.281947,none,6076,,,,,,,,,,10.000000,50.000000,500.000000,100.000000,,,,
B21_S04,AdTree calibrated r10mm (AdQSM 999) [calref=min5mm]_seg50-500-k100,1.850443,1.531686,0.318758,,0.384287,28.237576,0.707935,27.529966,376.281947,none,6076,,,,,,,,,999,10.000000,50.000000,500.000000,100.000000,min5mm,,,
B21_S04,AdTree calibrated r10mm (AdQSM 999) [calmethod=regression-perorder]_seg50-500-k100,2.006130,1.531686,0.474445,,0.384287,28.237576,0.707935,27.529966,376.281947,none,6076,,,,,,,,,999,10.000000,50.000000,500.000000,100.000000,regression-perorder,,,
B21_S04,AdTree raw r10mm_seg50-500-k100-wlen,3.682812,2.087745,1.595067,,0.393500,28.237576,0.000000,27.529966,376.281947,none,6076,,,,,,,,,,10.000000,50.000000,500.000000,100.000000,,,,
B21_S04,AdTree calibrated r10mm (AdQSM 999) [calref=min5mm]_seg50-500-k100-wlen,1.771281,1.531686,0.239595,,0.384287,28.237576,0.707935,27.529966,376.281947,none,6076,,,,,,,,,999,10.000000,50.000000,500.000000,100.000000,min5mm,,,
B21_S04,AdTree calibrated r10mm (AdQSM 999) [calmethod=regression-perorder]_seg50-500-k100-wlen,1.898044,1.531686,0.366359,,0.384287,28.237576,0.707935,27.529966,376.281947,none,6076,,,,,,,,,999,10.000000,50.000000,500.000000,100.000000,regression-perorder,,,
B21_S04,AdTree raw r15mm_seg50-500-k100,3.604460,2.087438,1.517022,,0.393500,27.807693,0.000000,26.981192,239.719281,none,3772,,,,,,,,,,15.000000,50.000000,500.000000,100.000000,,,,
B21_S04,AdTree calibrated r15mm (AdQSM 999) [calref=min5mm]_seg50-500-k100,1.837910,1.530843,0.307067,,0.384287,27.807693,0.707935,26.981192,239.719281,none,3772,,,,,,,,,999,15.000000,50.000000,500.000000,100.000000,min5mm,,,
B21_S04,AdTree calibrated r15mm (AdQSM 999) [calmethod=regression-perorder]_seg50-500-k100,1.973471,1.530843,0.442628,,0.384287,27.807693,0.707935,26.981192,239.719281,none,3772,,,,,,,,,999,15.000000,50.000000,500.000000,100.000000,regression-perorder,,,
B21_S04,AdTree raw r15mm_seg50-500-k100-wlen,3.604460,2.087438,1.517022,,0.393500,27.807693,0.000000,26.981192,239.719281,none,3772,,,,,,,,,,15.000000,50.000000,500.000000,100.000000,,,,
B21_S04,AdTree calibrated r15mm (AdQSM 999) [calref=min5mm]_seg50-500-k100-wlen,1.759988,1.530843,0.229145,,0.384287,27.807693,0.707935,26.981192,239.719281,none,3772,,,,,,,,,999,15.000000,50.000000,500.000000,100.000000,min5mm,,,
B21_S04,AdTree calibrated r15mm (AdQSM 999) [calmethod=regression-perorder]_seg50-500-k100-wlen,1.868931,1.530843,0.338088,,0.384287,27.807693,0.707935,26.981192,239.719281,none,3772,,,,,,,,,999,15.000000,50.000000,500.000000,100.000000,regression-perorder,,,
B21_S04,AdTree raw r20mm_seg50-500-k100,3.540610,2.086838,1.453772,,0.393500,27.235726,0.000000,26.379323,178.262446,none,2778,,,,,,,,,,20.000000,50.000000,500.000000,100.000000,,,,
B21_S04,AdTree calibrated r20mm (AdQSM 999) [calref=min5mm]_seg50-500-k100,1.827087,1.529654,0.297433,,0.384287,27.235726,0.707935,26.379323,178.262446,none,2778,,,,,,,,,999,20.000000,50.000000,500.000000,100.000000,min5mm,,,
B21_S04,AdTree calibrated r20mm (AdQSM 999) [calmethod=regression-perorder]_seg50-500-k100,1.951756,1.529654,0.422101,,0.384287,27.235726,0.707935,26.379323,178.262446,none,2778,,,,,,,,,999,20.000000,50.000000,500.000000,100.000000,regression-perorder,,,
B21_S04,AdTree raw r20mm_seg50-500-k100-wlen,3.540610,2.086838,1.453772,,0.393500,27.235726,0.000000,26.379323,178.262446,none,2778,,,,,,,,,,20.000000,50.000000,500.000000,100.000000,,,,
B21_S04,AdTree calibrated r20mm (AdQSM 999) [calref=min5mm]_seg50-500-k100-wlen,1.750618,1.529654,0.220964,,0.384287,27.235726,0.707935,26.379323,178.262446,none,2778,,,,,,,,,999,20.000000,50.000000,500.000000,100.000000,min5mm,,,
B21_S04,AdTree calibrated r20mm (AdQSM 999) [calmethod=regression-perorder]_seg50-500-k100-wlen,1.850559,1.529654,0.320904,,0.384287,27.235726,0.707935,26.379323,178.262446,none,2778,,,,,,,,,999,20.000000,50.000000,500.000000,100.000000,regression-perorder,,,
B21_S04,AdTree raw r5mm_seg65-500-k50,3.768936,2.089924,1.679012,,0.393500,28.622667,0.000000,27.543099,782.747546,none,11750,,,,,,,,,,5.000000,65.000000,500.000000,50.000000,,,,
B21_S04,AdTree calibrated r5mm (AdQSM 999) [calref=min5mm]_seg65-500-k50,1.847788,1.533226,0.314562,,0.384315,28.622667,0.712371,27.543099,782.747546,none,11750,,,,,,,,,999,5.000000,65.000000,500.000000,50.000000,min5mm,,,
B21_S04,AdTree calibrated r5mm (AdQSM 999) [calmethod=regression-perorder]_seg65-500-k50,2.037753,1.533226,0.504527,,0.384315,28.622667,0.712371,27.543099,782.747546,none,11750,,,,,,,,,999,5.000000,65.000000,500.000000,50.000000,regression-perorder,,,
B21_S04,AdTree raw r5mm_seg65-500-k50-wlen,3.768936,2.089924,1.679012,,0.393500,28.622667,0.000000,27.543099,782.747546,none,11750,,,,,,,,,,5.000000,65.000000,500.000000,50.000000,,,,
B21_S04,AdTree calibrated r5mm (AdQSM 999) [calref=min5mm]_seg65-500-k50-wlen,1.783730,1.533226,0.250504,,0.384315,28.622667,0.712371,27.543099,782.747546,none,11750,,,,,,,,,999,5.000000,65.000000,500.000000,50.000000,min5mm,,,
B21_S04,AdTree calibrated r5mm (AdQSM 999) [calmethod=regression-perorder]_seg65-500-k50-wlen,1.945745,1.533226,0.412519,,0.384315,28.622667,0.712371,27.543099,782.747546,none,11750,,,,,,,,,999,5.000000,65.000000,500.000000,50.000000,regression-perorder,,,
B21_S04,AdTree raw r10mm_seg65-500-k50,3.685404,2.089924,1.595480,,0.393500,28.237576,0.000000,27.543099,375.096648,none,4928,,,,,,,,,,10.000000,65.000000,500.000000,50.000000,,,,
B21_S04,AdTree calibrated r10mm (AdQSM 999) [calref=min5mm]_seg65-500-k50,1.834462,1.533226,0.301236,,0.384315,28.237576,0.712371,27.543099,375.096648,none,4928,,,,,,,,,999,10.000000,65.000000,500.000000,50.000000,min5mm,,,
B21_S04,AdTree calibrated r10mm (AdQSM 999) [calmethod=regression-perorder]_seg65-500-k50,1.985924,1.533226,0.452698,,0.384315,28.237576,0.712371,27.543099,375.096648,none,4928,,,,,,,,,999,10.000000,65.000000,500.000000,50.000000,regression-perorder,,,
B21_S04,AdTree raw r10mm_seg65-500-k50-wlen,3.685404,2.089924,1.595480,,0.393500,28.237576,0.000000,27.543099,375.096648,none,4928,,,,,,,,,,10.000000,65.000000,500.000000,50.000000,,,,
B21_S04,AdTree calibrated r10mm (AdQSM 999) [calref=min5mm]_seg65-500-k50-wlen,1.771946,1.533226,0.238720,,0.384315,28.237576,0.712371,27.543099,375.096648,none,4928,,,,,,,,,999,10.000000,65.000000,500.000000,50.000000,min5mm,,,
B21_S04,AdTree calibrated r10mm (AdQSM 999) [calmethod=regression-perorder]_seg65-500-k50-wlen,1.899741,1.533226,0.366516,,0.384315,28.237576,0.712371,27.543099,375.096648,none,4928,,,,,,,,,999,10.000000,65.000000,500.000000,50.000000,regression-perorder,,,
B21_S04,AdTree raw r15mm_seg65-500-k50,3.607187,2.089618,1.517569,,0.393500,27.807693,0.000000,26.996320,239.237480,none,2939,,,,,,,,,,15.000000,65.000000,500.000000,50.000000,,,,
B21_S04,AdTree calibrated r15mm (AdQSM 999) [calref=min5mm]_seg65-500-k50,1.821233,1.532387,0.288846,,0.384315,27.807693,0.712371,26.996320,239.237480,none,2939,,,,,,,,,999,15.000000,65.000000,500.000000,50.000000,min5mm,,,
B21_S04,AdTree calibrated r15mm (AdQSM 999) [calmethod=regression-perorder]_seg65-500-k50,1.950600,1.532387,0.418213,,0.384315,27.807693,0.712371,26.996320,239.237480,none,2939,,,,,,,,,999,15.000000,65.000000,500.000000,50.000000,regression-perorder,,,
B21_S04,AdTree raw r15mm_seg65-500-k50-wlen,3.607187,2.089618,1.517569,,0.393500,27.807693,0.000000,26.996320,239.237480,none,2939,,,,,,,,,,15.000000,65.000000,500.000000,50.000000,,,,
B21_S04,AdTree calibrated r15mm (AdQSM 999) [calref=min5mm]_seg65-500-k50-wlen,1.760747,1.532387,0.228360,,0.384315,27.807693,0.712371,26.996320,239.237480,none,2939,,,,,,,,,999,15.000000,65.000000,500.000000,50.000000,min5mm,,,
B21_S04,AdTree calibrated r15mm (AdQSM 999) [calmethod=regression-perorder]_seg65-500-k50-wlen,1.870484,1.532387,0.338097,,0.384315,27.807693,0.712371,26.996320,239.237480,none,2939,,,,,,,,,999,15.000000,65.000000,500.000000,50.000000,regression-perorder,,,
B21_S04,AdTree raw r20mm_seg65-500-k50,3.543275,2.089019,1.454256,,0.393500,27.235726,0.000000,26.392809,177.996040,none,2133,,,,,,,,,,20.000000,65.000000,500.000000,50.000000,,,,
B21_S04,AdTree calibrated r20mm (AdQSM 999) [calref=min5mm]_seg65-500-k50,1.809938,1.531193,0.278744,,0.384315,27.235726,0.712371,26.392809,177.996040,none,2133,,,,,,,,,999,20.000000,65.000000,500.000000,50.000000,min5mm,,,
B21_S04,AdTree calibrated r20mm (AdQSM 999) [calmethod=regression-perorder]_seg65-500-k50,1.926941,1.531193,0.395748,,0.384315,27.235726,0.712371,26.392809,177.996040,none,2133,,,,,,,,,999,20.000000,65.000000,500.000000,50.000000,regression-perorder,,,
B21_S04,AdTree raw r20mm_seg65-500-k50-wlen,3.543275,2.089019,1.454256,,0.393500,27.235726,0.000000,26.392809,177.996040,none,2133,,,,,,,,,,20.000000,65.000000,500.000000,50.000000,,,,
B21_S04,AdTree calibrated r20mm (AdQSM 999) [calref=min5mm]_seg65-500-k50-wlen,1.751403,1.531193,0.220209,,0.384315,27.235726,0.712371,26.392809,177.996040,none,2133,,,,,,,,,999,20.000000,65.000000,500.000000,50.000000,min5mm,,,
B21_S04,AdTree calibrated r20mm (AdQSM 999) [calmethod=regression-perorder]_seg65-500-k50-wlen,1.851960,1.531193,0.320767,,0.384315,27.235726,0.712371,26.392809,177.996040,none,2133,,,,,,,,,999,20.000000,65.000000,500.000000,50.000000,regression-perorder,,,
B21_S04,AdTree raw r5mm_seg65-500-k80,3.767060,2.088362,1.678698,,0.393500,28.622667,0.000000,27.529309,782.744524,none,11673,,,,,,,,,,5.000000,65.000000,500.000000,80.000000,,,,
B21_S04,AdTree calibrated r5mm (AdQSM 999) [calref=min5mm]_seg65-500-k80,1.847115,1.532068,0.315047,,0.384287,28.622667,0.707935,27.529309,782.744524,none,11673,,,,,,,,,999,5.000000,65.000000,500.000000,80.000000,min5mm,,,
B21_S04,AdTree calibrated r5mm (AdQSM 999) [calmethod=regression-perorder]_seg65-500-k80,2.038708,1.532068,0.506640,,0.384287,28.622667,0.707935,27.529309,782.744524,none,11673,,,,,,,,,999,5.000000,65.000000,500.000000,80.000000,regression-perorder,,,
B21_S04,AdTree raw r5mm_seg65-500-k80-wlen,3.767060,2.088362,1.678698,,0.393500,28.622667,0.000000,27.529309,782.744524,none,11673,,,,,,,,,,5.000000,65.000000,500.000000,80.000000,,,,
B21_S04,AdTree calibrated r5mm (AdQSM 999) [calref=min5mm]_seg65-500-k80-wlen,1.782543,1.532068,0.250475,,0.384287,28.622667,0.707935,27.529309,782.744524,none,11673,,,,,,,,,999,5.000000,65.000000,500.000000,80.000000,min5mm,,,
B21_S04,AdTree calibrated r5mm (AdQSM 999) [calmethod=regression-perorder]_seg65-500-k80-wlen,1.945092,1.532068,0.413024,,0.384287,28.622667,0.707935,27.529309,782.744524,none,11673,,,,,,,,,999,5.000000,65.000000,500.000000,80.000000,regression-perorder,,,
B21_S04,AdTree raw r10mm_seg65-500-k80,3.683528,2.088362,1.595165,,0.393500,28.237576,0.000000,27.529309,375.093625,none,4851,,,,,,,,,,10.000000,65.000000,500.000000,80.000000,,,,
B21_S04,AdTree calibrated r10mm (AdQSM 999) [calref=min5mm]_seg65-500-k80,1.833788,1.532068,0.301720,,0.384287,28.237576,0.707935,27.529309,375.093625,none,4851,,,,,,,,,999,10.000000,65.000000,500.000000,80.000000,min5mm,,,
B21_S04,AdTree calibrated r10mm (AdQSM 999) [calmethod=regression-perorder]_seg65-500-k80,1.986872,1.532068,0.454804,,0.384287,28.237576,0.707935,27.529309,375.093625,none,4851,,,,,,,,,999,10.000000,65.000000,500.000000,80.000000,regression-perorder,,,
B21_S04,AdTree raw r10mm_seg65-500-k80-wlen,3.683528,2.088362,1.595165,,0.393500,28.237576,0.000000,27.529309,375.093625,none,4851,,,,,,,,,,10.000000,65.000000,500.000000,80.000000,,,,
B21_S04,AdTree calibrated r10mm (AdQSM 999) [calref=min5mm]_seg65-500-k80-wlen,1.770758,1.532068,0.238691,,0.384287,28.237576,0.707935,27.529309,375.093625,none,4851,,,,,,,,,999,10.000000,65.000000,500.000000,80.000000,min5mm,,,
B21_S04,AdTree calibrated r10mm (AdQSM 999) [calmethod=regression-perorder]_seg65-500-k80-wlen,1.899090,1.532068,0.367022,,0.384287,28.237576,0.707935,27.529309,375.093625,none,4851,,,,,,,,,999,10.000000,65.000000,500.000000,80.000000,regression-perorder,,,
B21_S04,AdTree raw r15mm_seg65-500-k80,3.605311,2.088056,1.517255,,0.393500,27.807693,0.000000,26.982530,239.234457,none,2862,,,,,,,,,,15.000000,65.000000,500.000000,80.000000,,,,
B21_S04,AdTree calibrated r15mm (AdQSM 999) [calref=min5mm]_seg65-500-k80,1.820557,1.531229,0.289328,,0.384287,27.807693,0.707935,26.982530,239.234457,none,2862,,,,,,,,,999,15.000000,65.000000,500.000000,80.000000,min5mm,,,
B21_S04,AdTree calibrated r15mm (AdQSM 999) [calmethod=regression-perorder]_seg65-500-k80,1.951543,1.531229,0.420314,,0.384287,27.807693,0.707935,26.982530,239.234457,none,2862,,,,,,,,,999,15.000000,65.000000,500.000000,80.000000,regression-perorder,,,
B21_S04,AdTree raw r15mm_seg65-500-k80-wlen,3.605311,2.088056,1.517255,,0.393500,27.807693,0.000000,26.982530,239.234457,none,2862,,,,,,,,,,15.000000,65.000000,500.000000,80.000000,,,,
B21_S04,AdTree calibrated r15mm (AdQSM 999) [calref=min5mm]_seg65-500-k80-wlen,1.759559,1.531229,0.228330,,0.384287,27.807693,0.707935,26.982530,239.234457,none,2862,,,,,,,,,999,15.000000,65.000000,500.000000,80.000000,min5mm,,,
B21_S04,AdTree calibrated r15mm (AdQSM 999) [calmethod=regression-perorder]_seg65-500-k80-wlen,1.869834,1.531229,0.338605,,0.384287,27.807693,0.707935,26.982530,239.234457,none,2862,,,,,,,,,999,15.000000,65.000000,500.000000,80.000000,regression-perorder,,,
B21_S04,AdTree raw r20mm_seg65-500-k80,3.541399,2.087457,1.453942,,0.393500,27.235726,0.000000,26.379019,177.993017,none,2056,,,,,,,,,,20.000000,65.000000,500.000000,80.000000,,,,
B21_S04,AdTree calibrated r20mm (AdQSM 999) [calref=min5mm]_seg65-500-k80,1.809256,1.530035,0.279221,,0.384287,27.235726,0.707935,26.379019,177.993017,none,2056,,,,,,,,,999,20.000000,65.000000,500.000000,80.000000,min5mm,,,
B21_S04,AdTree calibrated r20mm (AdQSM 999) [calmethod=regression-perorder]_seg65-500-k80,1.927863,1.530035,0.397827,,0.384287,27.235726,0.707935,26.379019,177.993017,none,2056,,,,,,,,,999,20.000000,65.000000,500.000000,80.000000,regression-perorder,,,
B21_S04,AdTree raw r20mm_seg65-500-k80-wlen,3.541399,2.087457,1.453942,,0.393500,27.235726,0.000000,26.379019,177.993017,none,2056,,,,,,,,,,20.000000,65.000000,500.000000,80.000000,,,,
B21_S04,AdTree calibrated r20mm (AdQSM 999) [calref=min5mm]_seg65-500-k80-wlen,1.750215,1.530035,0.220180,,0.384287,27.235726,0.707935,26.379019,177.993017,none,2056,,,,,,,,,999,20.000000,65.000000,500.000000,80.000000,min5mm,,,
B21_S04,AdTree calibrated r20mm (AdQSM 999) [calmethod=regression-perorder]_seg65-500-k80-wlen,1.851314,1.530035,0.321278,,0.384287,27.235726,0.707935,26.379019,177.993017,none,2056,,,,,,,,,999,20.000000,65.000000,500.000000,80.000000,regression-perorder,,,
B21_S04,AdTree raw r5mm_seg65-500-k100,3.765590,2.087725,1.677865,,0.393500,28.622667,0.000000,27.523013,782.724455,none,11645,,,,,,,,,,5.000000,65.000000,500.000000,100.000000,,,,
B21_S04,AdTree calibrated r5mm (AdQSM 999) [calref=min5mm]_seg65-500-k100,1.855659,1.531661,0.323998,,0.384287,28.622667,0.707935,27.523013,782.724455,none,11645,,,,,,,,,999,5.000000,65.000000,500.000000,100.000000,min5mm,,,
B21_S04,AdTree calibrated r5mm (AdQSM 999) [calmethod=regression-perorder]_seg65-500-k100,2.066747,1.531661,0.535086,,0.384287,28.622667,0.707935,27.523013,782.724455,none,11645,,,,,,,,,999,5.000000,65.000000,500.000000,100.000000,regression-perorder,,,
B21_S04,AdTree raw r5mm_seg65-500-k100-wlen,3.765590,2.087725,1.677865,,0.393500,28.622667,0.000000,27.523013,782.724455,none,11645,,,,,,,,,,5.000000,65.000000,500.000000,100.000000,,,,
B21_S04,AdTree calibrated r5mm (AdQSM 999) [calref=min5mm]_seg65-500-k100-wlen,1.782151,1.531661,0.250490,,0.384287,28.622667,0.707935,27.523013,782.724455,none,11645,,,,,,,,,999,5.000000,65.000000,500.000000,100.000000,min5mm,,,
B21_S04,AdTree calibrated r5mm (AdQSM 999) [calmethod=regression-perorder]_seg65-500-k100-wlen,1.946491,1.531661,0.414830,,0.384287,28.622667,0.707935,27.523013,782.724455,none,11645,,,,,,,,,999,5.000000,65.000000,500.000000,100.000000,regression-perorder,,,
B21_S04,AdTree raw r10mm_seg65-500-k100,3.682058,2.087725,1.594333,,0.393500,28.237576,0.000000,27.523013,375.073557,none,4823,,,,,,,,,,10.000000,65.000000,500.000000,100.000000,,,,
B21_S04,AdTree calibrated r10mm (AdQSM 999) [calref=min5mm]_seg65-500-k100,1.842298,1.531661,0.310637,,0.384287,28.237576,0.707935,27.523013,375.073557,none,4823,,,,,,,,,999,10.000000,65.000000,500.000000,100.000000,min5mm,,,
B21_S04,AdTree calibrated r10mm (AdQSM 999) [calmethod=regression-perorder]_seg65-500-k100,2.014844,1.531661,0.483183,,0.384287,28.237576,0.707935,27.523013,375.073557,none,4823,,,,,,,,,999,10.000000,65.000000,500.000000,100.000000,regression-perorder,,,
B21_S04,AdTree raw r10mm_seg65-500-k100-wlen,3.682058,2.087725,1.594333,,0.393500,28.237576,0.000000,27.523013,375.073557,none,4823,,,,,,,,,,10.000000,65.000000,500.000000,100.000000,,,,
B21_S04,AdTree calibrated r10mm (AdQSM 999) [calref=min5mm]_seg65-500-k100-wlen,1.770366,1.531661,0.238705,,0.384287,28.237576,0.707935,27.523013,375.073557,none,4823,,,,,,,,,999,10.000000,65.000000,500.000000,100.000000,min5mm,,,
B21_S04,AdTree calibrated r10mm (AdQSM 999) [calmethod=regression-perorder]_seg65-500-k100-wlen,1.900494,1.531661,0.368833,,0.384287,28.237576,0.707935,27.523013,375.073557,none,4823,,,,,,,,,999,10.000000,65.000000,500.000000,100.000000,regression-perorder,,,
B21_S04,AdTree raw r15mm_seg65-500-k100,3.603841,2.087419,1.516422,,0.393500,27.807693,0.000000,26.976235,239.214389,none,2834,,,,,,,,,,15.000000,65.000000,500.000000,100.000000,,,,
B21_S04,AdTree calibrated r15mm (AdQSM 999) [calref=min5mm]_seg65-500-k100,1.829024,1.530822,0.298202,,0.384287,27.807693,0.707935,26.976235,239.214389,none,2834,,,,,,,,,999,15.000000,65.000000,500.000000,100.000000,min5mm,,,
B21_S04,AdTree calibrated r15mm (AdQSM 999) [calmethod=regression-perorder]_seg65-500-k100,1.979442,1.530822,0.448620,,0.384287,27.807693,0.707935,26.976235,239.214389,none,2834,,,,,,,,,999,15.000000,65.000000,500.000000,100.000000,regression-perorder,,,
B21_S04,AdTree raw r15mm_seg65-500-k100-wlen,3.603841,2.087419,1.516422,,0.393500,27.807693,0.000000,26.976235,239.214389,none,2834,,,,,,,,,,15.000000,65.000000,500.000000,100.000000,,,,
B21_S04,AdTree calibrated r15mm (AdQSM 999) [calref=min5mm]_seg65-500-k100-wlen,1.759166,1.530822,0.228344,,0.384287,27.807693,0.707935,26.976235,239.214389,none,2834,,,,,,,,,999,15.000000,65.000000,500.000000,100.000000,min5mm,,,
B21_S04,AdTree calibrated r15mm (AdQSM 999) [calmethod=regression-perorder]_seg65-500-k100-wlen,1.871242,1.530822,0.340420,,0.384287,27.807693,0.707935,26.976235,239.214389,none,2834,,,,,,,,,999,15.000000,65.000000,500.000000,100.000000,regression-perorder,,,
B21_S04,AdTree raw r20mm_seg65-500-k100,3.539929,2.086820,1.453110,,0.393500,27.235726,0.000000,26.372723,177.972949,none,2028,,,,,,,,,,20.000000,65.000000,500.000000,100.000000,,,,
B21_S04,AdTree calibrated r20mm (AdQSM 999) [calref=min5mm]_seg65-500-k100,1.817615,1.529628,0.287987,,0.384287,27.235726,0.707935,26.372723,177.972949,none,2028,,,,,,,,,999,20.000000,65.000000,500.000000,100.000000,min5mm,,,
B21_S04,AdTree calibrated r20mm (AdQSM 999) [calmethod=regression-perorder]_seg65-500-k100,1.955514,1.529628,0.425885,,0.384287,27.235726,0.707935,26.372723,177.972949,none,2028,,,,,,,,,999,20.000000,65.000000,500.000000,100.000000,regression-perorder,,,
B21_S04,AdTree raw r20mm_seg65-500-k100-wlen,3.539929,2.086820,1.453110,,0.393500,27.235726,0.000000,26.372723,177.972949,none,2028,,,,,,,,,,20.000000,65.000000,500.000000,100.000000,,,,
B21_S04,AdTree calibrated r20mm (AdQSM 999) [calref=min5mm]_seg65-500-k100-wlen,1.749820,1.529628,0.220192,,0.384287,27.235726,0.707935,26.372723,177.972949,none,2028,,,,,,,,,999,20.000000,65.000000,500.000000,100.000000,min5mm,,,
B21_S04,AdTree calibrated r20mm (AdQSM 999) [calmethod=regression-perorder]_seg65-500-k100-wlen,1.852732,1.529628,0.323103,,0.384287,27.235726,0.707935,26.372723,177.972949,none,2028,,,,,,,,,999,20.000000,65.000000,500.000000,100.000000,regression-perorder,,,
B21_S04,"TreeQSM mine (aut_mo9_sr005_ri0, Optimal)",10.096266,2.219624,7.876643,0.225214,0.425170,29.504808,0.695862,29.671715,1817.807739,none,11274,auto,0.056334,0.019096,0.101401,0.002500,9.000000,0.005000,0.000000,,,,,,,0.024741,0.021357,0.024786
B21_S04,"TreeQSM mine (aut_mo9_sr005_ri0, Simplified (no islands))",10.367198,2.222517,8.144682,,0.425170,29.504808,0.695862,29.671715,1817.807739,none,11253,auto,0.056334,0.019096,0.101401,0.002500,9.000000,0.005000,0.000000,,,,,,,0.024741,0.021357,0.024786
B21_S04,"TreeQSM mine (man_pd05-002-10_mo9_sr005_ri0, Optimal)",5.615917,2.161202,3.454715,0.417548,0.424604,29.495581,0.669169,26.869696,2277.273926,none,19562,manual,0.050000,0.002000,0.100000,0.002500,9.000000,0.005000,0.000000,,,,,,,0.026422,0.026296,0.026422
B21_S04,"TreeQSM mine (man_pd05-002-10_mo9_sr005_ri0, Simplified (no islands))",6.235597,2.331062,3.904534,,0.424604,29.495581,0.669169,26.869696,2277.273926,none,19508,manual,0.050000,0.002000,0.100000,0.002500,9.000000,0.005000,0.000000,,,,,,,0.026422,0.026296,0.026422
B21_S04,"TreeQSM mine (man_pd05-002-10_mo9_sr005_ri1, Optimal)",5.615917,2.161202,3.454715,0.417548,0.424604,29.495581,0.669169,26.869696,2277.273926,none,19562,manual,0.050000,0.002000,0.100000,0.002500,9.000000,0.005000,1.000000,,,,,,,0.026422,0.026296,0.026422
B21_S04,"TreeQSM mine (man_pd05-002-10_mo9_sr005_ri1, Simplified (no islands))",6.261258,2.331062,3.930195,,0.424604,29.495581,0.669169,26.869696,2277.273926,none,10406,manual,0.050000,0.002000,0.100000,0.002500,9.000000,0.005000,1.000000,,,,,,,0.026422,0.026296,0.026422
B21_S04,"TreeQSM mine (man_pd05-002-10_mo9_sr005_ri2, Optimal)",5.615917,2.161202,3.454715,0.417548,0.424604,29.495581,0.669169,26.869696,2277.273926,none,19562,manual,0.050000,0.002000,0.100000,0.002500,9.000000,0.005000,2.000000,,,,,,,0.026422,0.026296,0.026422
B21_S04,"TreeQSM mine (man_pd05-002-10_mo9_sr005_ri2, Simplified (no islands))",6.300961,2.331062,3.969900,,0.424604,29.495581,0.669169,26.869696,2277.273926,none,5770,manual,0.050000,0.002000,0.100000,0.002500,9.000000,0.005000,2.000000,,,,,,,0.026422,0.026296,0.026422
B21_S04,"TreeQSM mine (man_pd05-002-10_mo9_sr005_ri3, Optimal)",5.615917,2.161202,3.454715,0.417548,0.424604,29.495581,0.669169,26.869696,2277.273926,none,19562,manual,0.050000,0.002000,0.100000,0.002500,9.000000,0.005000,3.000000,,,,,,,0.026422,0.026296,0.026422
B21_S04,"TreeQSM mine (man_pd05-002-10_mo9_sr005_ri3, Simplified (no islands))",6.371905,2.331062,4.040844,,0.424604,29.495581,0.669169,26.869696,2277.273926,none,3620,manual,0.050000,0.002000,0.100000,0.002500,9.000000,0.005000,3.000000,,,,,,,0.026422,0.026296,0.026422
B21_S04,"TreeQSM mine (man_pd05-002-10_mo9_sr010_ri0, Optimal)",5.615917,2.161202,3.454715,0.417548,0.424604,29.495581,0.669169,26.869696,2277.273926,none,19562,manual,0.050000,0.002000,0.100000,0.002500,9.000000,0.010000,0.000000,,,,,,,0.026422,0.026296,0.026422
B21_S04,"TreeQSM mine (man_pd05-002-10_mo9_sr010_ri0, Simplified (no islands))",6.233549,2.331062,3.902486,,0.424604,29.495581,0.669169,26.869696,2277.273926,none,19200,manual,0.050000,0.002000,0.100000,0.002500,9.000000,0.010000,0.000000,,,,,,,0.026422,0.026296,0.026422
B21_S04,"TreeQSM mine (man_pd05-002-10_mo9_sr010_ri1, Optimal)",5.615917,2.161202,3.454715,0.417548,0.424604,29.495581,0.669169,26.869696,2277.273926,none,19562,manual,0.050000,0.002000,0.100000,0.002500,9.000000,0.010000,1.000000,,,,,,,0.026422,0.026296,0.026422
B21_S04,"TreeQSM mine (man_pd05-002-10_mo9_sr010_ri1, Simplified (no islands))",6.259176,2.331062,3.928113,,0.424604,29.495581,0.669169,26.869696,2277.273926,none,10212,manual,0.050000,0.002000,0.100000,0.002500,9.000000,0.010000,1.000000,,,,,,,0.026422,0.026296,0.026422
B21_S04,"TreeQSM mine (man_pd05-002-10_mo9_sr010_ri2, Optimal)",5.615917,2.161202,3.454715,0.417548,0.424604,29.495581,0.669169,26.869696,2277.273926,none,19562,manual,0.050000,0.002000,0.100000,0.002500,9.000000,0.010000,2.000000,,,,,,,0.026422,0.026296,0.026422
B21_S04,"TreeQSM mine (man_pd05-002-10_mo9_sr010_ri2, Simplified (no islands))",6.298823,2.331062,3.967762,,0.424604,29.495581,0.669169,26.869696,2277.273926,none,5656,manual,0.050000,0.002000,0.100000,0.002500,9.000000,0.010000,2.000000,,,,,,,0.026422,0.026296,0.026422
B21_S04,"TreeQSM mine (man_pd05-002-10_mo9_sr010_ri3, Optimal)",5.615917,2.161202,3.454715,0.417548,0.424604,29.495581,0.669169,26.869696,2277.273926,none,19562,manual,0.050000,0.002000,0.100000,0.002500,9.000000,0.010000,3.000000,,,,,,,0.026422,0.026296,0.026422
B21_S04,"TreeQSM mine (man_pd05-002-10_mo9_sr010_ri3, Simplified (no islands))",6.369771,2.331062,4.038710,,0.424604,29.495581,0.669169,26.869696,2277.273926,none,3510,manual,0.050000,0.002000,0.100000,0.002500,9.000000,0.010000,3.000000,,,,,,,0.026422,0.026296,0.026422
B21_S04,"TreeQSM mine (man_pd05-002-10_mo9_sr015_ri0, Optimal)",5.615917,2.161202,3.454715,0.417548,0.424604,29.495581,0.669169,26.869696,2277.273926,none,19562,manual,0.050000,0.002000,0.100000,0.002500,9.000000,0.015000,0.000000,,,,,,,0.026422,0.026296,0.026422
B21_S04,"TreeQSM mine (man_pd05-002-10_mo9_sr015_ri0, Simplified (no islands))",6.226401,2.331062,3.895339,,0.424604,29.495581,0.669169,26.869696,2277.273926,none,18730,manual,0.050000,0.002000,0.100000,0.002500,9.000000,0.015000,0.000000,,,,,,,0.026422,0.026296,0.026422
B21_S04,"TreeQSM mine (man_pd05-002-10_mo9_sr015_ri1, Optimal)",5.615917,2.161202,3.454715,0.417548,0.424604,29.495581,0.669169,26.869696,2277.273926,none,19562,manual,0.050000,0.002000,0.100000,0.002500,9.000000,0.015000,1.000000,,,,,,,0.026422,0.026296,0.026422
B21_S04,"TreeQSM mine (man_pd05-002-10_mo9_sr015_ri1, Simplified (no islands))",6.251856,2.331062,3.920794,,0.424604,29.495581,0.669169,26.869696,2277.273926,none,9918,manual,0.050000,0.002000,0.100000,0.002500,9.000000,0.015000,1.000000,,,,,,,0.026422,0.026296,0.026422
B21_S04,"TreeQSM mine (man_pd05-002-10_mo9_sr015_ri2, Optimal)",5.615917,2.161202,3.454715,0.417548,0.424604,29.495581,0.669169,26.869696,2277.273926,none,19562,manual,0.050000,0.002000,0.100000,0.002500,9.000000,0.015000,2.000000,,,,,,,0.026422,0.026296,0.026422
B21_S04,"TreeQSM mine (man_pd05-002-10_mo9_sr015_ri2, Simplified (no islands))",6.291355,2.331062,3.960293,,0.424604,29.495581,0.669169,26.869696,2277.273926,none,5491,manual,0.050000,0.002000,0.100000,0.002500,9.000000,0.015000,2.000000,,,,,,,0.026422,0.026296,0.026422
B21_S04,"TreeQSM mine (man_pd05-002-10_mo9_sr015_ri3, Optimal)",5.615917,2.161202,3.454715,0.417548,0.424604,29.495581,0.669169,26.869696,2277.273926,none,19562,manual,0.050000,0.002000,0.100000,0.002500,9.000000,0.015000,3.000000,,,,,,,0.026422,0.026296,0.026422
B21_S04,"TreeQSM mine (man_pd05-002-10_mo9_sr015_ri3, Simplified (no islands))",6.361981,2.331062,4.030920,,0.424604,29.495581,0.669169,26.869696,2277.273926,none,3354,manual,0.050000,0.002000,0.100000,0.002500,9.000000,0.015000,3.000000,,,,,,,0.026422,0.026296,0.026422
B21_S04,"TreeQSM mine (man_pd05-002-10_mo9_sr020_ri0, Optimal)",5.615917,2.161202,3.454715,0.417548,0.424604,29.495581,0.669169,26.869696,2277.273926,none,19562,manual,0.050000,0.002000,0.100000,0.002500,9.000000,0.020000,0.000000,,,,,,,0.026422,0.026296,0.026422
B21_S04,"TreeQSM mine (man_pd05-002-10_mo9_sr020_ri0, Simplified (no islands))",6.201006,2.331062,3.869944,,0.424604,29.495581,0.669169,26.869696,2277.273926,none,17813,manual,0.050000,0.002000,0.100000,0.002500,9.000000,0.020000,0.000000,,,,,,,0.026422,0.026296,0.026422
B21_S04,"TreeQSM mine (man_pd05-002-10_mo9_sr020_ri1, Optimal)",5.615917,2.161202,3.454715,0.417548,0.424604,29.495581,0.669169,26.869696,2277.273926,none,19562,manual,0.050000,0.002000,0.100000,0.002500,9.000000,0.020000,1.000000,,,,,,,0.026422,0.026296,0.026422
B21_S04,"TreeQSM mine (man_pd05-002-10_mo9_sr020_ri1, Simplified (no islands))",6.226120,2.331062,3.895057,,0.424604,29.495581,0.669169,26.869696,2277.273926,none,9376,manual,0.050000,0.002000,0.100000,0.002500,9.000000,0.020000,1.000000,,,,,,,0.026422,0.026296,0.026422
B21_S04,"TreeQSM mine (man_pd05-002-10_mo9_sr020_ri2, Optimal)",5.615917,2.161202,3.454715,0.417548,0.424604,29.495581,0.669169,26.869696,2277.273926,none,19562,manual,0.050000,0.002000,0.100000,0.002500,9.000000,0.020000,2.000000,,,,,,,0.026422,0.026296,0.026422
B21_S04,"TreeQSM mine (man_pd05-002-10_mo9_sr020_ri2, Simplified (no islands))",6.265016,2.331062,3.933955,,0.424604,29.495581,0.669169,26.869696,2277.273926,none,5189,manual,0.050000,0.002000,0.100000,0.002500,9.000000,0.020000,2.000000,,,,,,,0.026422,0.026296,0.026422
B21_S04,"TreeQSM mine (man_pd05-002-10_mo9_sr020_ri3, Optimal)",5.615917,2.161202,3.454715,0.417548,0.424604,29.495581,0.669169,26.869696,2277.273926,none,19562,manual,0.050000,0.002000,0.100000,0.002500,9.000000,0.020000,3.000000,,,,,,,0.026422,0.026296,0.026422
B21_S04,"TreeQSM mine (man_pd05-002-10_mo9_sr020_ri3, Simplified (no islands))",6.334528,2.331062,4.003467,,0.424604,29.495581,0.669169,26.869696,2277.273926,none,3107,manual,0.050000,0.002000,0.100000,0.002500,9.000000,0.020000,3.000000,,,,,,,0.026422,0.026296,0.026422
B21_S04,"TreeQSM mine (man_pd05-005-10_mo9_sr005_ri0, Optimal)",5.745173,2.079321,3.665852,0.212436,0.426527,29.384691,0.677057,27.676426,2314.538574,none,18410,manual,0.050000,0.005000,0.100000,0.002500,9.000000,0.005000,0.000000,,,,,,,0.026445,0.027429,0.026419
B21_S04,"TreeQSM mine (man_pd05-005-10_mo9_sr005_ri0, Simplified (no islands))",5.991521,2.059791,3.931731,,0.426527,29.384691,0.677057,27.676426,2314.538574,none,19667,manual,0.050000,0.005000,0.100000,0.002500,9.000000,0.005000,0.000000,,,,,,,0.026445,0.027429,0.026419
B21_S04,"TreeQSM mine (man_pd05-005-10_mo9_sr005_ri1, Optimal)",5.745173,2.079321,3.665852,0.212436,0.426527,29.384691,0.677057,27.676426,2314.538574,none,18410,manual,0.050000,0.005000,0.100000,0.002500,9.000000,0.005000,1.000000,,,,,,,0.026445,0.027429,0.026419
B21_S04,"TreeQSM mine (man_pd05-005-10_mo9_sr005_ri1, Simplified (no islands))",6.021458,2.059791,3.961666,,0.426527,29.384691,0.677057,27.676426,2314.538574,none,10523,manual,0.050000,0.005000,0.100000,0.002500,9.000000,0.005000,1.000000,,,,,,,0.026445,0.027429,0.026419
B21_S04,"TreeQSM mine (man_pd05-005-10_mo9_sr005_ri2, Optimal)",5.745173,2.079321,3.665852,0.212436,0.426527,29.384691,0.677057,27.676426,2314.538574,none,18410,manual,0.050000,0.005000,0.100000,0.002500,9.000000,0.005000,2.000000,,,,,,,0.026445,0.027429,0.026419
B21_S04,"TreeQSM mine (man_pd05-005-10_mo9_sr005_ri2, Simplified (no islands))",6.058128,2.059791,3.998336,,0.426527,29.384691,0.677057,27.676426,2314.538574,none,5847,manual,0.050000,0.005000,0.100000,0.002500,9.000000,0.005000,2.000000,,,,,,,0.026445,0.027429,0.026419
B21_S04,"TreeQSM mine (man_pd05-005-10_mo9_sr005_ri3, Optimal)",5.745173,2.079321,3.665852,0.212436,0.426527,29.384691,0.677057,27.676426,2314.538574,none,18410,manual,0.050000,0.005000,0.100000,0.002500,9.000000,0.005000,3.000000,,,,,,,0.026445,0.027429,0.026419
B21_S04,"TreeQSM mine (man_pd05-005-10_mo9_sr005_ri3, Simplified (no islands))",6.147861,2.059791,4.088071,,0.426527,29.384691,0.677057,27.676426,2314.538574,none,3704,manual,0.050000,0.005000,0.100000,0.002500,9.000000,0.005000,3.000000,,,,,,,0.026445,0.027429,0.026419
B21_S04,"TreeQSM mine (man_pd05-005-10_mo9_sr010_ri0, Optimal)",5.745173,2.079321,3.665852,0.212436,0.426527,29.384691,0.677057,27.676426,2314.538574,none,18410,manual,0.050000,0.005000,0.100000,0.002500,9.000000,0.010000,0.000000,,,,,,,0.026445,0.027429,0.026419
B21_S04,"TreeQSM mine (man_pd05-005-10_mo9_sr010_ri0, Simplified (no islands))",5.989367,2.059791,3.929576,,0.426527,29.384691,0.677057,27.676426,2314.538574,none,19364,manual,0.050000,0.005000,0.100000,0.002500,9.000000,0.010000,0.000000,,,,,,,0.026445,0.027429,0.026419
B21_S04,"TreeQSM mine (man_pd05-005-10_mo9_sr010_ri1, Optimal)",5.745173,2.079321,3.665852,0.212436,0.426527,29.384691,0.677057,27.676426,2314.538574,none,18410,manual,0.050000,0.005000,0.100000,0.002500,9.000000,0.010000,1.000000,,,,,,,0.026445,0.027429,0.026419
B21_S04,"TreeQSM mine (man_pd05-005-10_mo9_sr010_ri1, Simplified (no islands))",6.019289,2.059791,3.959497,,0.426527,29.384691,0.677057,27.676426,2314.538574,none,10331,manual,0.050000,0.005000,0.100000,0.002500,9.000000,0.010000,1.000000,,,,,,,0.026445,0.027429,0.026419
B21_S04,"TreeQSM mine (man_pd05-005-10_mo9_sr010_ri2, Optimal)",5.745173,2.079321,3.665852,0.212436,0.426527,29.384691,0.677057,27.676426,2314.538574,none,18410,manual,0.050000,0.005000,0.100000,0.002500,9.000000,0.010000,2.000000,,,,,,,0.026445,0.027429,0.026419
B21_S04,"TreeQSM mine (man_pd05-005-10_mo9_sr010_ri2, Simplified (no islands))",6.055924,2.059791,3.996132,,0.426527,29.384691,0.677057,27.676426,2314.538574,none,5737,manual,0.050000,0.005000,0.100000,0.002500,9.000000,0.010000,2.000000,,,,,,,0.026445,0.027429,0.026419
B21_S04,"TreeQSM mine (man_pd05-005-10_mo9_sr010_ri3, Optimal)",5.745173,2.079321,3.665852,0.212436,0.426527,29.384691,0.677057,27.676426,2314.538574,none,18410,manual,0.050000,0.005000,0.100000,0.002500,9.000000,0.010000,3.000000,,,,,,,0.026445,0.027429,0.026419
B21_S04,"TreeQSM mine (man_pd05-005-10_mo9_sr010_ri3, Simplified (no islands))",6.145590,2.059791,4.085799,,0.426527,29.384691,0.677057,27.676426,2314.538574,none,3599,manual,0.050000,0.005000,0.100000,0.002500,9.000000,0.010000,3.000000,,,,,,,0.026445,0.027429,0.026419
B21_S04,"TreeQSM mine (man_pd05-005-10_mo9_sr015_ri0, Optimal)",5.745173,2.079321,3.665852,0.212436,0.426527,29.384691,0.677057,27.676426,2314.538574,none,18410,manual,0.050000,0.005000,0.100000,0.002500,9.000000,0.015000,0.000000,,,,,,,0.026445,0.027429,0.026419
B21_S04,"TreeQSM mine (man_pd05-005-10_mo9_sr015_ri0, Simplified (no islands))",5.980130,2.059791,3.920339,,0.426527,29.384691,0.677057,27.676426,2314.538574,none,18786,manual,0.050000,0.005000,0.100000,0.002500,9.000000,0.015000,0.000000,,,,,,,0.026445,0.027429,0.026419
B21_S04,"TreeQSM mine (man_pd05-005-10_mo9_sr015_ri1, Optimal)",5.745173,2.079321,3.665852,0.212436,0.426527,29.384691,0.677057,27.676426,2314.538574,none,18410,manual,0.050000,0.005000,0.100000,0.002500,9.000000,0.015000,1.000000,,,,,,,0.026445,0.027429,0.026419
B21_S04,"TreeQSM mine (man_pd05-005-10_mo9_sr015_ri1, Simplified (no islands))",6.009913,2.059791,3.950122,,0.426527,29.384691,0.677057,27.676426,2314.538574,none,9974,manual,0.050000,0.005000,0.100000,0.002500,9.000000,0.015000,1.000000,,,,,,,0.026445,0.027429,0.026419
B21_S04,"TreeQSM mine (man_pd05-005-10_mo9_sr015_ri2, Optimal)",5.745173,2.079321,3.665852,0.212436,0.426527,29.384691,0.677057,27.676426,2314.538574,none,18410,manual,0.050000,0.005000,0.100000,0.002500,9.000000,0.015000,2.000000,,,,,,,0.026445,0.027429,0.026419
B21_S04,"TreeQSM mine (man_pd05-005-10_mo9_sr015_ri2, Simplified (no islands))",6.046217,2.059791,3.986426,,0.426527,29.384691,0.677057,27.676426,2314.538574,none,5532,manual,0.050000,0.005000,0.100000,0.002500,9.000000,0.015000,2.000000,,,,,,,0.026445,0.027429,0.026419
B21_S04,"TreeQSM mine (man_pd05-005-10_mo9_sr015_ri3, Optimal)",5.745173,2.079321,3.665852,0.212436,0.426527,29.384691,0.677057,27.676426,2314.538574,none,18410,manual,0.050000,0.005000,0.100000,0.002500,9.000000,0.015000,3.000000,,,,,,,0.026445,0.027429,0.026419
B21_S04,"TreeQSM mine (man_pd05-005-10_mo9_sr015_ri3, Simplified (no islands))",6.135601,2.059791,4.075810,,0.426527,29.384691,0.677057,27.676426,2314.538574,none,3414,manual,0.050000,0.005000,0.100000,0.002500,9.000000,0.015000,3.000000,,,,,,,0.026445,0.027429,0.026419
B21_S04,"TreeQSM mine (man_pd05-005-10_mo9_sr020_ri0, Optimal)",5.745173,2.079321,3.665852,0.212436,0.426527,29.384691,0.677057,27.676426,2314.538574,none,18410,manual,0.050000,0.005000,0.100000,0.002500,9.000000,0.020000,0.000000,,,,,,,0.026445,0.027429,0.026419
B21_S04,"TreeQSM mine (man_pd05-005-10_mo9_sr020_ri0, Simplified (no islands))",5.951797,2.059791,3.892006,,0.426527,29.384691,0.677057,27.676426,2314.538574,none,17877,manual,0.050000,0.005000,0.100000,0.002500,9.000000,0.020000,0.000000,,,,,,,0.026445,0.027429,0.026419
B21_S04,"TreeQSM mine (man_pd05-005-10_mo9_sr020_ri1, Optimal)",5.745173,2.079321,3.665852,0.212436,0.426527,29.384691,0.677057,27.676426,2314.538574,none,18410,manual,0.050000,0.005000,0.100000,0.002500,9.000000,0.020000,1.000000,,,,,,,0.026445,0.027429,0.026419
B21_S04,"TreeQSM mine (man_pd05-005-10_mo9_sr020_ri1, Simplified (no islands))",5.981249,2.059791,3.921457,,0.426527,29.384691,0.677057,27.676426,2314.538574,none,9424,manual,0.050000,0.005000,0.100000,0.002500,9.000000,0.020000,1.000000,,,,,,,0.026445,0.027429,0.026419
B21_S04,"TreeQSM mine (man_pd05-005-10_mo9_sr020_ri2, Optimal)",5.745173,2.079321,3.665852,0.212436,0.426527,29.384691,0.677057,27.676426,2314.538574,none,18410,manual,0.050000,0.005000,0.100000,0.002500,9.000000,0.020000,2.000000,,,,,,,0.026445,0.027429,0.026419
B21_S04,"TreeQSM mine (man_pd05-005-10_mo9_sr020_ri2, Simplified (no islands))",6.016652,2.059791,3.956861,,0.426527,29.384691,0.677057,27.676426,2314.538574,none,5220,manual,0.050000,0.005000,0.100000,0.002500,9.000000,0.020000,2.000000,,,,,,,0.026445,0.027429,0.026419
B21_S04,"TreeQSM mine (man_pd05-005-10_mo9_sr020_ri3, Optimal)",5.745173,2.079321,3.665852,0.212436,0.426527,29.384691,0.677057,27.676426,2314.538574,none,18410,manual,0.050000,0.005000,0.100000,0.002500,9.000000,0.020000,3.000000,,,,,,,0.026445,0.027429,0.026419
B21_S04,"TreeQSM mine (man_pd05-005-10_mo9_sr020_ri3, Simplified (no islands))",6.105273,2.059791,4.045482,,0.426527,29.384691,0.677057,27.676426,2314.538574,none,3155,manual,0.050000,0.005000,0.100000,0.002500,9.000000,0.020000,3.000000,,,,,,,0.026445,0.027429,0.026419
B21_S04,"TreeQSM mine (man_pd05-01-10_mo9_sr005_ri0, Optimal)",6.809303,2.143368,4.665934,0.118761,0.435673,29.505325,0.785836,28.577469,2285.859863,none,18649,manual,0.050000,0.010000,0.100000,0.002500,9.000000,0.005000,0.000000,,,,,,,0.024186,0.024251,0.024183
B21_S04,"TreeQSM mine (man_pd05-01-10_mo9_sr005_ri0, Simplified (no islands))",6.751737,2.134114,4.617623,,0.435673,29.505325,0.785836,28.577469,2285.859863,none,18899,manual,0.050000,0.010000,0.100000,0.002500,9.000000,0.005000,0.000000,,,,,,,0.024186,0.024251,0.024183
B21_S04,"TreeQSM mine (man_pd05-01-10_mo9_sr005_ri1, Optimal)",6.809303,2.143368,4.665934,0.118761,0.435673,29.505325,0.785836,28.577469,2285.859863,none,18649,manual,0.050000,0.010000,0.100000,0.002500,9.000000,0.005000,1.000000,,,,,,,0.024186,0.024251,0.024183
B21_S04,"TreeQSM mine (man_pd05-01-10_mo9_sr005_ri1, Simplified (no islands))",6.786893,2.134114,4.652778,,0.435673,29.505325,0.785836,28.577469,2285.859863,none,10156,manual,0.050000,0.010000,0.100000,0.002500,9.000000,0.005000,1.000000,,,,,,,0.024186,0.024251,0.024183
B21_S04,"TreeQSM mine (man_pd05-01-10_mo9_sr005_ri2, Optimal)",6.809303,2.143368,4.665934,0.118761,0.435673,29.505325,0.785836,28.577469,2285.859863,none,18649,manual,0.050000,0.010000,0.100000,0.002500,9.000000,0.005000,2.000000,,,,,,,0.024186,0.024251,0.024183
B21_S04,"TreeQSM mine (man_pd05-01-10_mo9_sr005_ri2, Simplified (no islands))",6.841094,2.134114,4.706981,,0.435673,29.505325,0.785836,28.577469,2285.859863,none,5694,manual,0.050000,0.010000,0.100000,0.002500,9.000000,0.005000,2.000000,,,,,,,0.024186,0.024251,0.024183
B21_S04,"TreeQSM mine (man_pd05-01-10_mo9_sr005_ri3, Optimal)",6.809303,2.143368,4.665934,0.118761,0.435673,29.505325,0.785836,28.577469,2285.859863,none,18649,manual,0.050000,0.010000,0.100000,0.002500,9.000000,0.005000,3.000000,,,,,,,0.024186,0.024251,0.024183
B21_S04,"TreeQSM mine (man_pd05-01-10_mo9_sr005_ri3, Simplified (no islands))",6.937942,2.134115,4.803828,,0.435673,29.505325,0.785836,28.577469,2285.859863,none,3686,manual,0.050000,0.010000,0.100000,0.002500,9.000000,0.005000,3.000000,,,,,,,0.024186,0.024251,0.024183
B21_S04,"TreeQSM mine (man_pd05-01-10_mo9_sr010_ri0, Optimal)",6.809303,2.143368,4.665934,0.118761,0.435673,29.505325,0.785836,28.577469,2285.859863,none,18649,manual,0.050000,0.010000,0.100000,0.002500,9.000000,0.010000,0.000000,,,,,,,0.024186,0.024251,0.024183
B21_S04,"TreeQSM mine (man_pd05-01-10_mo9_sr010_ri0, Simplified (no islands))",6.749825,2.134114,4.615710,,0.435673,29.505325,0.785836,28.577469,2285.859863,none,18662,manual,0.050000,0.010000,0.100000,0.002500,9.000000,0.010000,0.000000,,,,,,,0.024186,0.024251,0.024183
B21_S04,"TreeQSM mine (man_pd05-01-10_mo9_sr010_ri1, Optimal)",6.809303,2.143368,4.665934,0.118761,0.435673,29.505325,0.785836,28.577469,2285.859863,none,18649,manual,0.050000,0.010000,0.100000,0.002500,9.000000,0.010000,1.000000,,,,,,,0.024186,0.024251,0.024183
B21_S04,"TreeQSM mine (man_pd05-01-10_mo9_sr010_ri1, Simplified (no islands))",6.784965,2.134114,4.650849,,0.435673,29.505325,0.785836,28.577469,2285.859863,none,10008,manual,0.050000,0.010000,0.100000,0.002500,9.000000,0.010000,1.000000,,,,,,,0.024186,0.024251,0.024183
B21_S04,"TreeQSM mine (man_pd05-01-10_mo9_sr010_ri2, Optimal)",6.809303,2.143368,4.665934,0.118761,0.435673,29.505325,0.785836,28.577469,2285.859863,none,18649,manual,0.050000,0.010000,0.100000,0.002500,9.000000,0.010000,2.000000,,,,,,,0.024186,0.024251,0.024183
B21_S04,"TreeQSM mine (man_pd05-01-10_mo9_sr010_ri2, Simplified (no islands))",6.839163,2.134114,4.705050,,0.435673,29.505325,0.785836,28.577469,2285.859863,none,5608,manual,0.050000,0.010000,0.100000,0.002500,9.000000,0.010000,2.000000,,,,,,,0.024186,0.024251,0.024183
B21_S04,"TreeQSM mine (man_pd05-01-10_mo9_sr010_ri3, Optimal)",6.809303,2.143368,4.665934,0.118761,0.435673,29.505325,0.785836,28.577469,2285.859863,none,18649,manual,0.050000,0.010000,0.100000,0.002500,9.000000,0.010000,3.000000,,,,,,,0.024186,0.024251,0.024183
B21_S04,"TreeQSM mine (man_pd05-01-10_mo9_sr010_ri3, Simplified (no islands))",6.935952,2.134115,4.801839,,0.435673,29.505325,0.785836,28.577469,2285.859863,none,3602,manual,0.050000,0.010000,0.100000,0.002500,9.000000,0.010000,3.000000,,,,,,,0.024186,0.024251,0.024183
B21_S04,"TreeQSM mine (man_pd05-01-10_mo9_sr015_ri0, Optimal)",6.809303,2.143368,4.665934,0.118761,0.435673,29.505325,0.785836,28.577469,2285.859863,none,18649,manual,0.050000,0.010000,0.100000,0.002500,9.000000,0.015000,0.000000,,,,,,,0.024186,0.024251,0.024183
B21_S04,"TreeQSM mine (man_pd05-01-10_mo9_sr015_ri0, Simplified (no islands))",6.741594,2.134114,4.607480,,0.435673,29.505325,0.785836,28.577469,2285.859863,none,18161,manual,0.050000,0.010000,0.100000,0.002500,9.000000,0.015000,0.000000,,,,,,,0.024186,0.024251,0.024183
B21_S04,"TreeQSM mine (man_pd05-01-10_mo9_sr015_ri1, Optimal)",6.809303,2.143368,4.665934,0.118761,0.435673,29.505325,0.785836,28.577469,2285.859863,none,18649,manual,0.050000,0.010000,0.100000,0.002500,9.000000,0.015000,1.000000,,,,,,,0.024186,0.024251,0.024183
B21_S04,"TreeQSM mine (man_pd05-01-10_mo9_sr015_ri1, Simplified (no islands))",6.776646,2.134114,4.642532,,0.435673,29.505325,0.785836,28.577469,2285.859863,none,9692,manual,0.050000,0.010000,0.100000,0.002500,9.000000,0.015000,1.000000,,,,,,,0.024186,0.024251,0.024183
B21_S04,"TreeQSM mine (man_pd05-01-10_mo9_sr015_ri2, Optimal)",6.809303,2.143368,4.665934,0.118761,0.435673,29.505325,0.785836,28.577469,2285.859863,none,18649,manual,0.050000,0.010000,0.100000,0.002500,9.000000,0.015000,2.000000,,,,,,,0.024186,0.024251,0.024183
B21_S04,"TreeQSM mine (man_pd05-01-10_mo9_sr015_ri2, Simplified (no islands))",6.830680,2.134114,4.696565,,0.435673,29.505325,0.785836,28.577469,2285.859863,none,5423,manual,0.050000,0.010000,0.100000,0.002500,9.000000,0.015000,2.000000,,,,,,,0.024186,0.024251,0.024183
B21_S04,"TreeQSM mine (man_pd05-01-10_mo9_sr015_ri3, Optimal)",6.809303,2.143368,4.665934,0.118761,0.435673,29.505325,0.785836,28.577469,2285.859863,none,18649,manual,0.050000,0.010000,0.100000,0.002500,9.000000,0.015000,3.000000,,,,,,,0.024186,0.024251,0.024183
B21_S04,"TreeQSM mine (man_pd05-01-10_mo9_sr015_ri3, Simplified (no islands))",6.927236,2.134115,4.793122,,0.435673,29.505325,0.785836,28.577469,2285.859863,none,3428,manual,0.050000,0.010000,0.100000,0.002500,9.000000,0.015000,3.000000,,,,,,,0.024186,0.024251,0.024183
B21_S04,"TreeQSM mine (man_pd05-01-10_mo9_sr020_ri0, Optimal)",6.809303,2.143368,4.665934,0.118761,0.435673,29.505325,0.785836,28.577469,2285.859863,none,18649,manual,0.050000,0.010000,0.100000,0.002500,9.000000,0.020000,0.000000,,,,,,,0.024186,0.024251,0.024183
B21_S04,"TreeQSM mine (man_pd05-01-10_mo9_sr020_ri0, Simplified (no islands))",6.716730,2.134114,4.582616,,0.435673,29.505325,0.785836,28.577469,2285.859863,none,17361,manual,0.050000,0.010000,0.100000,0.002500,9.000000,0.020000,0.000000,,,,,,,0.024186,0.024251,0.024183
B21_S04,"TreeQSM mine (man_pd05-01-10_mo9_sr020_ri1, Optimal)",6.809303,2.143368,4.665934,0.118761,0.435673,29.505325,0.785836,28.577469,2285.859863,none,18649,manual,0.050000,0.010000,0.100000,0.002500,9.000000,0.020000,1.000000,,,,,,,0.024186,0.024251,0.024183
B21_S04,"TreeQSM mine (man_pd05-01-10_mo9_sr020_ri1, Simplified (no islands))",6.751166,2.134114,4.617051,,0.435673,29.505325,0.785836,28.577469,2285.859863,none,9191,manual,0.050000,0.010000,0.100000,0.002500,9.000000,0.020000,1.000000,,,,,,,0.024186,0.024251,0.024183
B21_S04,"TreeQSM mine (man_pd05-01-10_mo9_sr020_ri2, Optimal)",6.809303,2.143368,4.665934,0.118761,0.435673,29.505325,0.785836,28.577469,2285.859863,none,18649,manual,0.050000,0.010000,0.100000,0.002500,9.000000,0.020000,2.000000,,,,,,,0.024186,0.024251,0.024183
B21_S04,"TreeQSM mine (man_pd05-01-10_mo9_sr020_ri2, Simplified (no islands))",6.804752,2.134114,4.670638,,0.435673,29.505325,0.785836,28.577469,2285.859863,none,5135,manual,0.050000,0.010000,0.100000,0.002500,9.000000,0.020000,2.000000,,,,,,,0.024186,0.024251,0.024183
B21_S04,"TreeQSM mine (man_pd05-01-10_mo9_sr020_ri3, Optimal)",6.809303,2.143368,4.665934,0.118761,0.435673,29.505325,0.785836,28.577469,2285.859863,none,18649,manual,0.050000,0.010000,0.100000,0.002500,9.000000,0.020000,3.000000,,,,,,,0.024186,0.024251,0.024183
B21_S04,"TreeQSM mine (man_pd05-01-10_mo9_sr020_ri3, Simplified (no islands))",6.900483,2.134115,4.766369,,0.435673,29.505325,0.785836,28.577469,2285.859863,none,3160,manual,0.050000,0.010000,0.100000,0.002500,9.000000,0.020000,3.000000,,,,,,,0.024186,0.024251,0.024183
B21_S04,"TreeQSM mine (man_pd05-02-10_mo9_sr005_ri0, Optimal)",10.117357,2.224798,7.892556,0.183775,0.453121,29.500689,0.964345,28.513655,1747.819458,none,10604,manual,0.050000,0.020000,0.100000,0.002500,9.000000,0.005000,0.000000,,,,,,,0.025393,0.020435,0.025455
B21_S04,"TreeQSM mine (man_pd05-02-10_mo9_sr005_ri0, Simplified (no islands))",10.194093,2.222947,7.971146,,0.453121,29.500689,0.964345,28.513655,1747.819458,none,10508,manual,0.050000,0.020000,0.100000,0.002500,9.000000,0.005000,0.000000,,,,,,,0.025393,0.020435,0.025455
B21_S01,"TreeQSM mine (man_pd07-002-10_mo9_sr015_ri0, Optimal)",11.936672,3.149159,8.787512,0.953319,0.556701,28.818874,1.271358,25.268618,5019.463867,none,42338,manual,0.070000,0.002000,0.100000,0.002500,9.000000,0.015000,0.000000,,,,,,,0.027319,0.030528,0.027260
B21_S01,"TreeQSM mine (man_pd07-002-10_mo9_sr015_ri0, Simplified (no islands))",13.243226,2.896084,10.347138,,0.556701,28.818874,1.271358,25.268618,5019.463867,none,39917,manual,0.070000,0.002000,0.100000,0.002500,9.000000,0.015000,0.000000,,,,,,,0.027319,0.030528,0.027260
B21_S01,"TreeQSM mine (man_pd07-002-10_mo9_sr015_ri1, Optimal)",11.936672,3.149159,8.787512,0.953319,0.556701,28.818874,1.271358,25.268618,5019.463867,none,42338,manual,0.070000,0.002000,0.100000,0.002500,9.000000,0.015000,1.000000,,,,,,,0.027319,0.030528,0.027260
B21_S01,"TreeQSM mine (man_pd07-002-10_mo9_sr015_ri1, Simplified (no islands))",13.304850,2.896084,10.408765,,0.556701,28.818874,1.271358,25.268618,5019.463867,none,21179,manual,0.070000,0.002000,0.100000,0.002500,9.000000,0.015000,1.000000,,,,,,,0.027319,0.030528,0.027260
B21_S01,"TreeQSM mine (man_pd07-002-10_mo9_sr015_ri2, Optimal)",11.936672,3.149159,8.787512,0.953319,0.556701,28.818874,1.271358,25.268618,5019.463867,none,42338,manual,0.070000,0.002000,0.100000,0.002500,9.000000,0.015000,2.000000,,,,,,,0.027319,0.030528,0.027260
B21_S01,"TreeQSM mine (man_pd07-002-10_mo9_sr015_ri2, Simplified (no islands))",13.398143,2.896085,10.502057,,0.556701,28.818874,1.271358,25.268618,5019.463867,none,11764,manual,0.070000,0.002000,0.100000,0.002500,9.000000,0.015000,2.000000,,,,,,,0.027319,0.030528,0.027260
B21_S01,"TreeQSM mine (man_pd07-002-10_mo9_sr015_ri3, Optimal)",11.936672,3.149159,8.787512,0.953319,0.556701,28.818874,1.271358,25.268618,5019.463867,none,42338,manual,0.070000,0.002000,0.100000,0.002500,9.000000,0.015000,3.000000,,,,,,,0.027319,0.030528,0.027260
B21_S01,"TreeQSM mine (man_pd07-002-10_mo9_sr015_ri3, Simplified (no islands))",13.569255,2.896084,10.673170,,0.556701,28.818874,1.271358,25.268618,5019.463867,none,7190,manual,0.070000,0.002000,0.100000,0.002500,9.000000,0.015000,3.000000,,,,,,,0.027319,0.030528,0.027260
B21_S01,"TreeQSM mine (man_pd07-005-10_mo9_sr015_ri0, Optimal)",12.309828,3.010613,9.299213,0.405301,0.563875,28.869562,1.332623,25.675476,5040.439453,none,41917,manual,0.070000,0.005000,0.100000,0.002500,9.000000,0.015000,0.000000,,,,,,,0.026559,0.029178,0.026516
B21_S01,"TreeQSM mine (man_pd07-005-10_mo9_sr015_ri0, Simplified (no islands))",12.874949,3.006916,9.868032,,0.563875,28.869562,1.332623,25.675476,5040.439453,none,39974,manual,0.070000,0.005000,0.100000,0.002500,9.000000,0.015000,0.000000,,,,,,,0.026559,0.029178,0.026516
B21_S01,"TreeQSM mine (man_pd07-005-10_mo9_sr015_ri1, Optimal)",12.309828,3.010613,9.299213,0.405301,0.563875,28.869562,1.332623,25.675476,5040.439453,none,41917,manual,0.070000,0.005000,0.100000,0.002500,9.000000,0.015000,1.000000,,,,,,,0.026559,0.029178,0.026516
B21_S01,"TreeQSM mine (man_pd07-005-10_mo9_sr015_ri1, Simplified (no islands))",12.938539,3.006916,9.931622,,0.563875,28.869562,1.332623,25.675476,5040.439453,none,21229,manual,0.070000,0.005000,0.100000,0.002500,9.000000,0.015000,1.000000,,,,,,,0.026559,0.029178,0.026516
B21_S01,"TreeQSM mine (man_pd07-005-10_mo9_sr015_ri2, Optimal)",12.309828,3.010613,9.299213,0.405301,0.563875,28.869562,1.332623,25.675476,5040.439453,none,41917,manual,0.070000,0.005000,0.100000,0.002500,9.000000,0.015000,2.000000,,,,,,,0.026559,0.029178,0.026516
B21_S01,"TreeQSM mine (man_pd07-005-10_mo9_sr015_ri2, Simplified (no islands))",13.049450,3.006916,10.042535,,0.563875,28.869562,1.332623,25.675476,5040.439453,none,11770,manual,0.070000,0.005000,0.100000,0.002500,9.000000,0.015000,2.000000,,,,,,,0.026559,0.029178,0.026516
B21_S01,"TreeQSM mine (man_pd07-005-10_mo9_sr015_ri3, Optimal)",12.309828,3.010613,9.299213,0.405301,0.563875,28.869562,1.332623,25.675476,5040.439453,none,41917,manual,0.070000,0.005000,0.100000,0.002500,9.000000,0.015000,3.000000,,,,,,,0.026559,0.029178,0.026516
B21_S01,"TreeQSM mine (man_pd07-005-10_mo9_sr015_ri3, Simplified (no islands))",13.239392,3.006916,10.232475,,0.563875,28.869562,1.332623,25.675476,5040.439453,none,7292,manual,0.070000,0.005000,0.100000,0.002500,9.000000,0.015000,3.000000,,,,,,,0.026559,0.029178,0.026516
B21_S01,"TreeQSM mine (man_pd07-01-10_mo9_sr015_ri0, Optimal)",14.047342,3.062705,10.984636,0.303392,0.559369,28.777201,1.270409,26.775816,4979.000977,none,40106,manual,0.070000,0.010000,0.100000,0.002500,9.000000,0.015000,0.000000,,,,,,,0.025125,0.026855,0.025097
B21_S01,"TreeQSM mine (man_pd07-01-10_mo9_sr015_ri0, Simplified (no islands))",14.125361,3.049303,11.076058,,0.559369,28.777201,1.270409,26.775816,4979.000977,none,38294,manual,0.070000,0.010000,0.100000,0.002500,9.000000,0.015000,0.000000,,,,,,,0.025125,0.026855,0.025097
B21_S01,"TreeQSM mine (man_pd07-01-10_mo9_sr015_ri1, Optimal)",14.047342,3.062705,10.984636,0.303392,0.559369,28.777201,1.270409,26.775816,4979.000977,none,40106,manual,0.070000,0.010000,0.100000,0.002500,9.000000,0.015000,1.000000,,,,,,,0.025125,0.026855,0.025097
B21_S01,"TreeQSM mine (man_pd07-01-10_mo9_sr015_ri1, Simplified (no islands))",14.214235,3.049302,11.164933,,0.559369,28.777201,1.270409,26.775816,4979.000977,none,20472,manual,0.070000,0.010000,0.100000,0.002500,9.000000,0.015000,1.000000,,,,,,,0.025125,0.026855,0.025097
B21_S01,"TreeQSM mine (man_pd07-01-10_mo9_sr015_ri2, Optimal)",14.047342,3.062705,10.984636,0.303392,0.559369,28.777201,1.270409,26.775816,4979.000977,none,40106,manual,0.070000,0.010000,0.100000,0.002500,9.000000,0.015000,2.000000,,,,,,,0.025125,0.026855,0.025097
B21_S01,"TreeQSM mine (man_pd07-01-10_mo9_sr015_ri2, Simplified (no islands))",14.340781,3.049303,11.291480,,0.559369,28.777201,1.270409,26.775816,4979.000977,none,11473,manual,0.070000,0.010000,0.100000,0.002500,9.000000,0.015000,2.000000,,,,,,,0.025125,0.026855,0.025097
B21_S01,"TreeQSM mine (man_pd07-01-10_mo9_sr015_ri3, Optimal)",14.047342,3.062705,10.984636,0.303392,0.559369,28.777201,1.270409,26.775816,4979.000977,none,40106,manual,0.070000,0.010000,0.100000,0.002500,9.000000,0.015000,3.000000,,,,,,,0.025125,0.026855,0.025097
B21_S01,"TreeQSM mine (man_pd07-01-10_mo9_sr015_ri3, Simplified (no islands))",14.593065,3.049303,11.543764,,0.559369,28.777201,1.270409,26.775816,4979.000977,none,7246,manual,0.070000,0.010000,0.100000,0.002500,9.000000,0.015000,3.000000,,,,,,,0.025125,0.026855,0.025097
B21_S07,AdQSM (TreesParams) (AdQSM 080),11.580400,3.920060,7.660360,,0.580272,29.890000,,29.275500,6912.680000,none,,,,,,,,,,,,,,,,,,
B21_S07,AdTree calibrated r5mm (AdQSM 080) [calref=min5mm]_seg35-500-k50,9.408192,4.108932,5.299260,,0.580272,29.454803,-0.000195,27.877206,2024.694462,none,41581,,,,,,,,,080,5.000000,35.000000,500.000000,50.000000,min5mm,,,
B21_S07,AdTree calibrated r5mm (AdQSM 080) [calmethod=regression-perorder]_seg35-500-k50,14.993098,4.108932,10.884165,,0.580272,29.454803,-0.000195,27.877206,2024.694462,none,41581,,,,,,,,,080,5.000000,35.000000,500.000000,50.000000,regression-perorder,,,
B21_S07,AdTree calibrated r5mm (AdQSM 080) [calref=min5mm]_seg35-500-k50-wlen,8.131012,4.108932,4.022080,,0.580272,29.454803,-0.000195,27.877206,2024.694462,none,41581,,,,,,,,,080,5.000000,35.000000,500.000000,50.000000,min5mm,,,
B21_S07,AdTree calibrated r5mm (AdQSM 080) [calmethod=regression-perorder]_seg35-500-k50-wlen,10.965418,4.108932,6.856486,,0.580272,29.454803,-0.000195,27.877206,2024.694462,none,41581,,,,,,,,,080,5.000000,35.000000,500.000000,50.000000,regression-perorder,,,
B21_S07,AdTree calibrated r10mm (AdQSM 080) [calref=min5mm]_seg35-500-k50,9.344968,4.108932,5.236035,,0.580272,28.924823,-0.000195,27.877206,1001.490498,none,19033,,,,,,,,,080,10.000000,35.000000,500.000000,50.000000,min5mm,,,
B21_S07,AdTree calibrated r10mm (AdQSM 080) [calmethod=regression-perorder]_seg35-500-k50,14.734520,4.108932,10.625588,,0.580272,28.924823,-0.000195,27.877206,1001.490498,none,19033,,,,,,,,,080,10.000000,35.000000,500.000000,50.000000,regression-perorder,,,
B21_S07,AdTree calibrated r10mm (AdQSM 080) [calref=min5mm]_seg35-500-k50-wlen,8.075687,4.108932,3.966754,,0.580272,28.924823,-0.000195,27.877206,1001.490498,none,19033,,,,,,,,,080,10.000000,35.000000,500.000000,50.000000,min5mm,,,
B21_S07,AdTree calibrated r10mm (AdQSM 080) [calmethod=regression-perorder]_seg35-500-k50-wlen,10.727570,4.108932,6.618637,,0.580272,28.924823,-0.000195,27.877206,1001.490498,none,19033,,,,,,,,,080,10.000000,35.000000,500.000000,50.000000,regression-perorder,,,
B21_S07,AdTree calibrated r15mm (AdQSM 080) [calref=min5mm]_seg35-500-k50,9.287285,4.107863,5.179422,,0.580272,28.810183,-0.000195,27.504714,675.916628,none,12334,,,,,,,,,080,15.000000,35.000000,500.000000,50.000000,min5mm,,,
B21_S07,AdTree calibrated r15mm (AdQSM 080) [calmethod=regression-perorder]_seg35-500-k50,14.567945,4.107863,10.460081,,0.580272,28.810183,-0.000195,27.504714,675.916628,none,12334,,,,,,,,,080,15.000000,35.000000,500.000000,50.000000,regression-perorder,,,
B21_S07,AdTree calibrated r15mm (AdQSM 080) [calref=min5mm]_seg35-500-k50-wlen,8.027606,4.107863,3.919743,,0.580272,28.810183,-0.000195,27.504714,675.916628,none,12334,,,,,,,,,080,15.000000,35.000000,500.000000,50.000000,min5mm,,,
B21_S07,AdTree calibrated r15mm (AdQSM 080) [calmethod=regression-perorder]_seg35-500-k50-wlen,10.580973,4.107863,6.473110,,0.580272,28.810183,-0.000195,27.504714,675.916628,none,12334,,,,,,,,,080,15.000000,35.000000,500.000000,50.000000,regression-perorder,,,
B21_S07,AdTree calibrated r20mm (AdQSM 080) [calref=min5mm]_seg35-500-k50,9.209423,4.106392,5.103031,,0.580272,28.462233,-0.000195,26.992108,506.639631,none,9060,,,,,,,,,080,20.000000,35.000000,500.000000,50.000000,min5mm,,,
B21_S07,AdTree calibrated r20mm (AdQSM 080) [calmethod=regression-perorder]_seg35-500-k50,14.408531,4.106392,10.302139,,0.580272,28.462233,-0.000195,26.992108,506.639631,none,9060,,,,,,,,,080,20.000000,35.000000,500.000000,50.000000,regression-perorder,,,
B21_S07,AdTree calibrated r20mm (AdQSM 080) [calref=min5mm]_seg35-500-k50-wlen,7.964798,4.106392,3.858406,,0.580272,28.462233,-0.000195,26.992108,506.639631,none,9060,,,,,,,,,080,20.000000,35.000000,500.000000,50.000000,min5mm,,,
B21_S07,AdTree calibrated r20mm (AdQSM 080) [calmethod=regression-perorder]_seg35-500-k50-wlen,10.449016,4.106392,6.342624,,0.580272,28.462233,-0.000195,26.992108,506.639631,none,9060,,,,,,,,,080,20.000000,35.000000,500.000000,50.000000,regression-perorder,,,
B21_S07,AdTree calibrated r5mm (AdQSM 080) [calref=min5mm]_seg35-500-k80,10.235145,4.104984,6.130161,,0.580272,29.454803,-0.000180,27.850957,2024.489650,none,40706,,,,,,,,,080,5.000000,35.000000,500.000000,80.000000,min5mm,,,
B21_S07,AdTree calibrated r5mm (AdQSM 080) [calmethod=regression-perorder]_seg35-500-k80,21.792582,4.104984,17.687599,,0.580272,29.454803,-0.000180,27.850957,2024.489650,none,40706,,,,,,,,,080,5.000000,35.000000,500.000000,80.000000,regression-perorder,,,
B21_S07,AdTree calibrated r5mm (AdQSM 080) [calref=min5mm]_seg35-500-k80-wlen,8.120248,4.104984,4.015264,,0.580272,29.454803,-0.000180,27.850957,2024.489650,none,40706,,,,,,,,,080,5.000000,35.000000,500.000000,80.000000,min5mm,,,
B21_S07,AdTree calibrated r5mm (AdQSM 080) [calmethod=regression-perorder]_seg35-500-k80-wlen,11.142451,4.104984,7.037467,,0.580272,29.454803,-0.000180,27.850957,2024.489650,none,40706,,,,,,,,,080,5.000000,35.000000,500.000000,80.000000,regression-perorder,,,
B21_S07,AdTree calibrated r10mm (AdQSM 080) [calref=min5mm]_seg35-500-k80,10.168564,4.104984,6.063581,,0.580272,28.924823,-0.000180,27.850957,1001.285686,none,18158,,,,,,,,,080,10.000000,35.000000,500.000000,80.000000,min5mm,,,
B21_S07,AdTree calibrated r10mm (AdQSM 080) [calmethod=regression-perorder]_seg35-500-k80,21.528098,4.104984,17.423115,,0.580272,28.924823,-0.000180,27.850957,1001.285686,none,18158,,,,,,,,,080,10.000000,35.000000,500.000000,80.000000,regression-perorder,,,
B21_S07,AdTree calibrated r10mm (AdQSM 080) [calref=min5mm]_seg35-500-k80-wlen,8.064905,4.104984,3.959922,,0.580272,28.924823,-0.000180,27.850957,1001.285686,none,18158,,,,,,,,,080,10.000000,35.000000,500.000000,80.000000,min5mm,,,
B21_S07,AdTree calibrated r10mm (AdQSM 080) [calmethod=regression-perorder]_seg35-500-k80-wlen,10.904626,4.104984,6.799643,,0.580272,28.924823,-0.000180,27.850957,1001.285686,none,18158,,,,,,,,,080,10.000000,35.000000,500.000000,80.000000,regression-perorder,,,
B21_S07,AdTree calibrated r15mm (AdQSM 080) [calref=min5mm]_seg35-500-k80,10.106193,4.103914,6.002278,,0.580272,28.810183,-0.000180,27.478466,675.711829,none,11460,,,,,,,,,080,15.000000,35.000000,500.000000,80.000000,min5mm,,,
B21_S07,AdTree calibrated r15mm (AdQSM 080) [calmethod=regression-perorder]_seg35-500-k80,21.354185,4.103914,17.250271,,0.580272,28.810183,-0.000180,27.478466,675.711829,none,11460,,,,,,,,,080,15.000000,35.000000,500.000000,80.000000,regression-perorder,,,
B21_S07,AdTree calibrated r15mm (AdQSM 080) [calref=min5mm]_seg35-500-k80-wlen,8.016812,4.103914,3.912898,,0.580272,28.810183,-0.000180,27.478466,675.711829,none,11460,,,,,,,,,080,15.000000,35.000000,500.000000,80.000000,min5mm,,,
B21_S07,AdTree calibrated r15mm (AdQSM 080) [calmethod=regression-perorder]_seg35-500-k80-wlen,10.758094,4.103914,6.654179,,0.580272,28.810183,-0.000180,27.478466,675.711829,none,11460,,,,,,,,,080,15.000000,35.000000,500.000000,80.000000,regression-perorder,,,
B21_S07,AdTree calibrated r20mm (AdQSM 080) [calref=min5mm]_seg35-500-k80,10.019631,4.102443,5.917188,,0.580272,28.462233,-0.000180,26.965860,506.434832,none,8186,,,,,,,,,080,20.000000,35.000000,500.000000,80.000000,min5mm,,,
B21_S07,AdTree calibrated r20mm (AdQSM 080) [calmethod=regression-perorder]_seg35-500-k80,21.180100,4.102443,17.077657,,0.580272,28.462233,-0.000180,26.965860,506.434832,none,8186,,,,,,,,,080,20.000000,35.000000,500.000000,80.000000,regression-perorder,,,
B21_S07,AdTree calibrated r20mm (AdQSM 080) [calref=min5mm]_seg35-500-k80-wlen,7.953967,4.102443,3.851523,,0.580272,28.462233,-0.000180,26.965860,506.434832,none,8186,,,,,,,,,080,20.000000,35.000000,500.000000,80.000000,min5mm,,,
B21_S07,AdTree calibrated r20mm (AdQSM 080) [calmethod=regression-perorder]_seg35-500-k80-wlen,10.626161,4.102443,6.523717,,0.580272,28.462233,-0.000180,26.965860,506.434832,none,8186,,,,,,,,,080,20.000000,35.000000,500.000000,80.000000,regression-perorder,,,
B21_S07,AdTree calibrated r5mm (AdQSM 080) [calref=min5mm]_seg35-500-k100,10.811317,4.103506,6.707811,,0.580272,29.454803,-0.000207,27.829607,2024.287727,none,40103,,,,,,,,,080,5.000000,35.000000,500.000000,100.000000,min5mm,,,
B21_S07,AdTree calibrated r5mm (AdQSM 080) [calmethod=regression-perorder]_seg35-500-k100,27.704057,4.103506,23.600551,,0.580272,29.454803,-0.000207,27.829607,2024.287727,none,40103,,,,,,,,,080,5.000000,35.000000,500.000000,100.000000,regression-perorder,,,
B21_S07,AdTree calibrated r5mm (AdQSM 080) [calref=min5mm]_seg35-500-k100-wlen,8.112784,4.103506,4.009278,,0.580272,29.454803,-0.000207,27.829607,2024.287727,none,40103,,,,,,,,,080,5.000000,35.000000,500.000000,100.000000,min5mm,,,
B21_S07,AdTree calibrated r5mm (AdQSM 080) [calmethod=regression-perorder]_seg35-500-k100-wlen,11.162828,4.103506,7.059323,,0.580272,29.454803,-0.000207,27.829607,2024.287727,none,40103,,,,,,,,,080,5.000000,35.000000,500.000000,100.000000,regression-perorder,,,
B21_S07,AdTree calibrated r10mm (AdQSM 080) [calref=min5mm]_seg35-500-k100,10.742547,4.103506,6.639042,,0.580272,28.924823,-0.000207,27.829607,1001.083763,none,17555,,,,,,,,,080,10.000000,35.000000,500.000000,100.000000,min5mm,,,
B21_S07,AdTree calibrated r10mm (AdQSM 080) [calmethod=regression-perorder]_seg35-500-k100,27.434534,4.103506,23.331028,,0.580272,28.924823,-0.000207,27.829607,1001.083763,none,17555,,,,,,,,,080,10.000000,35.000000,500.000000,100.000000,regression-perorder,,,
B21_S07,AdTree calibrated r10mm (AdQSM 080) [calref=min5mm]_seg35-500-k100-wlen,8.057433,4.103506,3.953928,,0.580272,28.924823,-0.000207,27.829607,1001.083763,none,17555,,,,,,,,,080,10.000000,35.000000,500.000000,100.000000,min5mm,,,
B21_S07,AdTree calibrated r10mm (AdQSM 080) [calmethod=regression-perorder]_seg35-500-k100-wlen,10.924984,4.103506,6.821478,,0.580272,28.924823,-0.000207,27.829607,1001.083763,none,17555,,,,,,,,,080,10.000000,35.000000,500.000000,100.000000,regression-perorder,,,
B21_S07,AdTree calibrated r15mm (AdQSM 080) [calref=min5mm]_seg35-500-k100,10.677068,4.102437,6.574632,,0.580272,28.810183,-0.000207,27.457116,675.509911,none,10858,,,,,,,,,080,15.000000,35.000000,500.000000,100.000000,min5mm,,,
B21_S07,AdTree calibrated r15mm (AdQSM 080) [calmethod=regression-perorder]_seg35-500-k100,27.254249,4.102437,23.151813,,0.580272,28.810183,-0.000207,27.457116,675.509911,none,10858,,,,,,,,,080,15.000000,35.000000,500.000000,100.000000,regression-perorder,,,
B21_S07,AdTree calibrated r15mm (AdQSM 080) [calref=min5mm]_seg35-500-k100-wlen,8.009340,4.102437,3.906903,,0.580272,28.810183,-0.000207,27.457116,675.509911,none,10858,,,,,,,,,080,15.000000,35.000000,500.000000,100.000000,min5mm,,,
B21_S07,AdTree calibrated r15mm (AdQSM 080) [calmethod=regression-perorder]_seg35-500-k100-wlen,10.778434,4.102437,6.675997,,0.580272,28.810183,-0.000207,27.457116,675.509911,none,10858,,,,,,,,,080,15.000000,35.000000,500.000000,100.000000,regression-perorder,,,
B21_S07,AdTree calibrated r20mm (AdQSM 080) [calref=min5mm]_seg35-500-k100,10.584447,4.100965,6.483482,,0.580272,28.462233,-0.000207,26.944510,506.232922,none,7587,,,,,,,,,080,20.000000,35.000000,500.000000,100.000000,min5mm,,,
B21_S07,AdTree calibrated r20mm (AdQSM 080) [calmethod=regression-perorder]_seg35-500-k100,27.067205,4.100965,22.966240,,0.580272,28.462233,-0.000207,26.944510,506.232922,none,7587,,,,,,,,,080,20.000000,35.000000,500.000000,100.000000,regression-perorder,,,
B21_S07,AdTree calibrated r20mm (AdQSM 080) [calref=min5mm]_seg35-500-k100-wlen,7.946522,4.100965,3.845557,,0.580272,28.462233,-0.000207,26.944510,506.232922,none,7587,,,,,,,,,080,20.000000,35.000000,500.000000,100.000000,min5mm,,,
B21_S07,AdTree calibrated r20mm (AdQSM 080) [calmethod=regression-perorder]_seg35-500-k100-wlen,10.646479,4.100965,6.545514,,0.580272,28.462233,-0.000207,26.944510,506.232922,none,7587,,,,,,,,,080,20.000000,35.000000,500.000000,100.000000,regression-perorder,,,
B21_S07,AdTree calibrated r5mm (AdQSM 080) [calref=min5mm]_seg50-500-k50,8.997862,4.108855,4.889007,,0.580272,29.454803,-0.000195,27.867925,2020.790311,none,36076,,,,,,,,,080,5.000000,50.000000,500.000000,50.000000,min5mm,,,
B21_S07,AdTree calibrated r5mm (AdQSM 080) [calmethod=regression-perorder]_seg50-500-k50,13.861925,4.108855,9.753070,,0.580272,29.454803,-0.000195,27.867925,2020.790311,none,36076,,,,,,,,,080,5.000000,50.000000,500.000000,50.000000,regression-perorder,,,
B21_S07,AdTree calibrated r5mm (AdQSM 080) [calref=min5mm]_seg50-500-k50-wlen,8.129092,4.108855,4.020238,,0.580272,29.454803,-0.000195,27.867925,2020.790311,none,36076,,,,,,,,,080,5.000000,50.000000,500.000000,50.000000,min5mm,,,
B21_S07,AdTree calibrated r5mm (AdQSM 080) [calmethod=regression-perorder]_seg50-500-k50-wlen,11.081671,4.108855,6.972816,,0.580272,29.454803,-0.000195,27.867925,2020.790311,none,36076,,,,,,,,,080,5.000000,50.000000,500.000000,50.000000,regression-perorder,,,
B21_S07,AdTree calibrated r10mm (AdQSM 080) [calref=min5mm]_seg50-500-k50,8.936497,4.108855,4.827642,,0.580272,28.924823,-0.000195,27.867925,1000.299387,none,16626,,,,,,,,,080,10.000000,50.000000,500.000000,50.000000,min5mm,,,
B21_S07,AdTree calibrated r10mm (AdQSM 080) [calmethod=regression-perorder]_seg50-500-k50,13.602284,4.108855,9.493429,,0.580272,28.924823,-0.000195,27.867925,1000.299387,none,16626,,,,,,,,,080,10.000000,50.000000,500.000000,50.000000,regression-perorder,,,
B21_S07,AdTree calibrated r10mm (AdQSM 080) [calref=min5mm]_seg50-500-k50-wlen,8.074421,4.108855,3.965566,,0.580272,28.924823,-0.000195,27.867925,1000.299387,none,16626,,,,,,,,,080,10.000000,50.000000,500.000000,50.000000,min5mm,,,
B21_S07,AdTree calibrated r10mm (AdQSM 080) [calmethod=regression-perorder]_seg50-500-k50-wlen,10.843841,4.108855,6.734986,,0.580272,28.924823,-0.000195,27.867925,1000.299387,none,16626,,,,,,,,,080,10.000000,50.000000,500.000000,50.000000,regression-perorder,,,
B21_S07,AdTree calibrated r15mm (AdQSM 080) [calref=min5mm]_seg50-500-k50,8.881010,4.107799,4.773211,,0.580272,28.810183,-0.000195,27.500049,675.172543,none,10955,,,,,,,,,080,15.000000,50.000000,500.000000,50.000000,min5mm,,,
B21_S07,AdTree calibrated r15mm (AdQSM 080) [calmethod=regression-perorder]_seg50-500-k50,13.435036,4.107799,9.327237,,0.580272,28.810183,-0.000195,27.500049,675.172543,none,10955,,,,,,,,,080,15.000000,50.000000,500.000000,50.000000,regression-perorder,,,
B21_S07,AdTree calibrated r15mm (AdQSM 080) [calref=min5mm]_seg50-500-k50-wlen,8.026624,4.107799,3.918825,,0.580272,28.810183,-0.000195,27.500049,675.172543,none,10955,,,,,,,,,080,15.000000,50.000000,500.000000,50.000000,min5mm,,,
B21_S07,AdTree calibrated r15mm (AdQSM 080) [calmethod=regression-perorder]_seg50-500-k50-wlen,10.696460,4.107799,6.588661,,0.580272,28.810183,-0.000195,27.500049,675.172543,none,10955,,,,,,,,,080,15.000000,50.000000,500.000000,50.000000,regression-perorder,,,
B21_S07,AdTree calibrated r20mm (AdQSM 080) [calref=min5mm]_seg50-500-k50,8.807315,4.106330,4.700985,,0.580272,28.462233,-0.000195,26.988421,506.061447,none,8135,,,,,,,,,080,20.000000,50.000000,500.000000,50.000000,min5mm,,,
B21_S07,AdTree calibrated r20mm (AdQSM 080) [calmethod=regression-perorder]_seg50-500-k50,13.277952,4.106330,9.171621,,0.580272,28.462233,-0.000195,26.988421,506.061447,none,8135,,,,,,,,,080,20.000000,50.000000,500.000000,50.000000,regression-perorder,,,
B21_S07,AdTree calibrated r20mm (AdQSM 080) [calref=min5mm]_seg50-500-k50-wlen,7.964098,4.106330,3.857768,,0.580272,28.462233,-0.000195,26.988421,506.061447,none,8135,,,,,,,,,080,20.000000,50.000000,500.000000,50.000000,min5mm,,,
B21_S07,AdTree calibrated r20mm (AdQSM 080) [calmethod=regression-perorder]_seg50-500-k50-wlen,10.563785,4.106330,6.457455,,0.580272,28.462233,-0.000195,26.988421,506.061447,none,8135,,,,,,,,,080,20.000000,50.000000,500.000000,50.000000,regression-perorder,,,
B21_S07,AdTree calibrated r5mm (AdQSM 080) [calref=min5mm]_seg50-500-k80,9.796844,4.104941,5.691903,,0.580272,29.454803,-0.000180,27.842674,2020.612587,none,35387,,,,,,,,,080,5.000000,50.000000,500.000000,80.000000,min5mm,,,
B21_S07,AdTree calibrated r5mm (AdQSM 080) [calmethod=regression-perorder]_seg50-500-k80,17.776837,4.104941,13.671896,,0.580272,29.454803,-0.000180,27.842674,2020.612587,none,35387,,,,,,,,,080,5.000000,50.000000,500.000000,80.000000,regression-perorder,,,
B21_S07,AdTree calibrated r5mm (AdQSM 080) [calref=min5mm]_seg50-500-k80-wlen,8.119872,4.104941,4.014931,,0.580272,29.454803,-0.000180,27.842674,2020.612587,none,35387,,,,,,,,,080,5.000000,50.000000,500.000000,80.000000,min5mm,,,
B21_S07,AdTree calibrated r5mm (AdQSM 080) [calmethod=regression-perorder]_seg50-500-k80-wlen,11.229686,4.104941,7.124745,,0.580272,29.454803,-0.000180,27.842674,2020.612587,none,35387,,,,,,,,,080,5.000000,50.000000,500.000000,80.000000,regression-perorder,,,
B21_S07,AdTree calibrated r10mm (AdQSM 080) [calref=min5mm]_seg50-500-k80,9.732451,4.104941,5.627510,,0.580272,28.924823,-0.000180,27.842674,1000.121663,none,15937,,,,,,,,,080,10.000000,50.000000,500.000000,80.000000,min5mm,,,
B21_S07,AdTree calibrated r10mm (AdQSM 080) [calmethod=regression-perorder]_seg50-500-k80,17.511829,4.104941,13.406887,,0.580272,28.924823,-0.000180,27.842674,1000.121663,none,15937,,,,,,,,,080,10.000000,50.000000,500.000000,80.000000,regression-perorder,,,
B21_S07,AdTree calibrated r10mm (AdQSM 080) [calref=min5mm]_seg50-500-k80-wlen,8.065188,4.104941,3.960247,,0.580272,28.924823,-0.000180,27.842674,1000.121663,none,15937,,,,,,,,,080,10.000000,50.000000,500.000000,80.000000,min5mm,,,
B21_S07,AdTree calibrated r10mm (AdQSM 080) [calmethod=regression-perorder]_seg50-500-k80-wlen,10.991880,4.104941,6.886939,,0.580272,28.924823,-0.000180,27.842674,1000.121663,none,15937,,,,,,,,,080,10.000000,50.000000,500.000000,80.000000,regression-perorder,,,
B21_S07,AdTree calibrated r15mm (AdQSM 080) [calref=min5mm]_seg50-500-k80,9.672575,4.103885,5.568690,,0.580272,28.810183,-0.000180,27.474798,674.994818,none,10266,,,,,,,,,080,15.000000,50.000000,500.000000,80.000000,min5mm,,,
B21_S07,AdTree calibrated r15mm (AdQSM 080) [calmethod=regression-perorder]_seg50-500-k80,17.337551,4.103885,13.233666,,0.580272,28.810183,-0.000180,27.474798,674.994818,none,10266,,,,,,,,,080,15.000000,50.000000,500.000000,80.000000,regression-perorder,,,
B21_S07,AdTree calibrated r15mm (AdQSM 080) [calref=min5mm]_seg50-500-k80-wlen,8.017372,4.103885,3.913486,,0.580272,28.810183,-0.000180,27.474798,674.994818,none,10266,,,,,,,,,080,15.000000,50.000000,500.000000,80.000000,min5mm,,,
B21_S07,AdTree calibrated r15mm (AdQSM 080) [calmethod=regression-perorder]_seg50-500-k80-wlen,10.844553,4.103885,6.740668,,0.580272,28.810183,-0.000180,27.474798,674.994818,none,10266,,,,,,,,,080,15.000000,50.000000,500.000000,80.000000,regression-perorder,,,
B21_S07,AdTree calibrated r20mm (AdQSM 080) [calref=min5mm]_seg50-500-k80,9.590636,4.102417,5.488219,,0.580272,28.462233,-0.000180,26.963170,505.883723,none,7446,,,,,,,,,080,20.000000,50.000000,500.000000,80.000000,min5mm,,,
B21_S07,AdTree calibrated r20mm (AdQSM 080) [calmethod=regression-perorder]_seg50-500-k80,17.167019,4.102417,13.064602,,0.580272,28.462233,-0.000180,26.963170,505.883723,none,7446,,,,,,,,,080,20.000000,50.000000,500.000000,80.000000,regression-perorder,,,
B21_S07,AdTree calibrated r20mm (AdQSM 080) [calref=min5mm]_seg50-500-k80-wlen,7.954795,4.102417,3.852378,,0.580272,28.462233,-0.000180,26.963170,505.883723,none,7446,,,,,,,,,080,20.000000,50.000000,500.000000,80.000000,min5mm,,,
B21_S07,AdTree calibrated r20mm (AdQSM 080) [calmethod=regression-perorder]_seg50-500-k80-wlen,10.711902,4.102417,6.609485,,0.580272,28.462233,-0.000180,26.963170,505.883723,none,7446,,,,,,,,,080,20.000000,50.000000,500.000000,80.000000,regression-perorder,,,
B21_S07,AdTree calibrated r5mm (AdQSM 080) [calref=min5mm]_seg50-500-k100,10.272876,4.103476,6.169401,,0.580272,29.454803,-0.000207,27.822024,2020.433758,none,34922,,,,,,,,,080,5.000000,50.000000,500.000000,100.000000,min5mm,,,
B21_S07,AdTree calibrated r5mm (AdQSM 080) [calmethod=regression-perorder]_seg50-500-k100,22.518855,4.103476,18.415379,,0.580272,29.454803,-0.000207,27.822024,2020.433758,none,34922,,,,,,,,,080,5.000000,50.000000,500.000000,100.000000,regression-perorder,,,
B21_S07,AdTree calibrated r5mm (AdQSM 080) [calref=min5mm]_seg50-500-k100-wlen,8.114995,4.103476,4.011519,,0.580272,29.454803,-0.000207,27.822024,2020.433758,none,34922,,,,,,,,,080,5.000000,50.000000,500.000000,100.000000,min5mm,,,
B21_S07,AdTree calibrated r5mm (AdQSM 080) [calmethod=regression-perorder]_seg50-500-k100-wlen,11.244172,4.103476,7.140696,,0.580272,29.454803,-0.000207,27.822024,2020.433758,none,34922,,,,,,,,,080,5.000000,50.000000,500.000000,100.000000,regression-perorder,,,
B21_S07,AdTree calibrated r10mm (AdQSM 080) [calref=min5mm]_seg50-500-k100,10.206479,4.103476,6.103003,,0.580272,28.924823,-0.000207,27.822024,999.936240,none,15473,,,,,,,,,080,10.000000,50.000000,500.000000,100.000000,min5mm,,,
B21_S07,AdTree calibrated r10mm (AdQSM 080) [calmethod=regression-perorder]_seg50-500-k100,22.249866,4.103476,18.146390,,0.580272,28.924823,-0.000207,27.822024,999.936240,none,15473,,,,,,,,,080,10.000000,50.000000,500.000000,100.000000,regression-perorder,,,
B21_S07,AdTree calibrated r10mm (AdQSM 080) [calref=min5mm]_seg50-500-k100-wlen,8.060300,4.103476,3.956824,,0.580272,28.924823,-0.000207,27.822024,999.936240,none,15473,,,,,,,,,080,10.000000,50.000000,500.000000,100.000000,min5mm,,,
B21_S07,AdTree calibrated r10mm (AdQSM 080) [calmethod=regression-perorder]_seg50-500-k100-wlen,11.006333,4.103476,6.902857,,0.580272,28.924823,-0.000207,27.822024,999.936240,none,15473,,,,,,,,,080,10.000000,50.000000,500.000000,100.000000,regression-perorder,,,
B21_S07,AdTree calibrated r15mm (AdQSM 080) [calref=min5mm]_seg50-500-k100,10.143794,4.102420,6.041374,,0.580272,28.810183,-0.000207,27.454148,674.816373,none,9802,,,,,,,,,080,15.000000,50.000000,500.000000,100.000000,min5mm,,,
B21_S07,AdTree calibrated r15mm (AdQSM 080) [calmethod=regression-perorder]_seg50-500-k100,22.070647,4.102420,17.968227,,0.580272,28.810183,-0.000207,27.454148,674.816373,none,9802,,,,,,,,,080,15.000000,50.000000,500.000000,100.000000,regression-perorder,,,
B21_S07,AdTree calibrated r15mm (AdQSM 080) [calref=min5mm]_seg50-500-k100-wlen,8.012475,4.102420,3.910055,,0.580272,28.810183,-0.000207,27.454148,674.816373,none,9802,,,,,,,,,080,15.000000,50.000000,500.000000,100.000000,min5mm,,,
B21_S07,AdTree calibrated r15mm (AdQSM 080) [calmethod=regression-perorder]_seg50-500-k100-wlen,10.858987,4.102420,6.756567,,0.580272,28.810183,-0.000207,27.454148,674.816373,none,9802,,,,,,,,,080,15.000000,50.000000,500.000000,100.000000,regression-perorder,,,
B21_S07,AdTree calibrated r20mm (AdQSM 080) [calref=min5mm]_seg50-500-k100,10.056764,4.100952,5.955812,,0.580272,28.462233,-0.000207,26.942520,505.704729,none,6981,,,,,,,,,080,20.000000,50.000000,500.000000,100.000000,min5mm,,,
B21_S07,AdTree calibrated r20mm (AdQSM 080) [calmethod=regression-perorder]_seg50-500-k100,21.890511,4.100952,17.789559,,0.580272,28.462233,-0.000207,26.942520,505.704729,none,6981,,,,,,,,,080,20.000000,50.000000,500.000000,100.000000,regression-perorder,,,
B21_S07,AdTree calibrated r20mm (AdQSM 080) [calref=min5mm]_seg50-500-k100-wlen,7.949865,4.100952,3.848914,,0.580272,28.462233,-0.000207,26.942520,505.704729,none,6981,,,,,,,,,080,20.000000,50.000000,500.000000,100.000000,min5mm,,,
B21_S07,AdTree calibrated r20mm (AdQSM 080) [calmethod=regression-perorder]_seg50-500-k100-wlen,10.726286,4.100952,6.625334,,0.580272,28.462233,-0.000207,26.942520,505.704729,none,6981,,,,,,,,,080,20.000000,50.000000,500.000000,100.000000,regression-perorder,,,
B21_S07,AdTree calibrated r5mm (AdQSM 080) [calref=min5mm]_seg65-500-k50,9.942669,4.108590,5.834079,,0.580272,29.454803,-0.000195,27.854376,2011.255538,none,30723,,,,,,,,,080,5.000000,65.000000,500.000000,50.000000,min5mm,,,
B21_S07,AdTree calibrated r5mm (AdQSM 080) [calmethod=regression-perorder]_seg65-500-k50,13.983323,4.108590,9.874733,,0.580272,29.454803,-0.000195,27.854376,2011.255538,none,30723,,,,,,,,,080,5.000000,65.000000,500.000000,50.000000,regression-perorder,,,
B21_S07,AdTree calibrated r5mm (AdQSM 080) [calref=min5mm]_seg65-500-k50-wlen,8.100810,4.108590,3.992220,,0.580272,29.454803,-0.000195,27.854376,2011.255538,none,30723,,,,,,,,,080,5.000000,65.000000,500.000000,50.000000,min5mm,,,
B21_S07,AdTree calibrated r5mm (AdQSM 080) [calmethod=regression-perorder]_seg65-500-k50-wlen,10.956753,4.108590,6.848162,,0.580272,29.454803,-0.000195,27.854376,2011.255538,none,30723,,,,,,,,,080,5.000000,65.000000,500.000000,50.000000,regression-perorder,,,
B21_S07,AdTree calibrated r10mm (AdQSM 080) [calref=min5mm]_seg65-500-k50,9.875579,4.108590,5.766989,,0.580272,28.924823,-0.000195,27.854376,997.061249,none,13225,,,,,,,,,080,10.000000,65.000000,500.000000,50.000000,min5mm,,,
B21_S07,AdTree calibrated r10mm (AdQSM 080) [calmethod=regression-perorder]_seg65-500-k50,13.708073,4.108590,9.599483,,0.580272,28.924823,-0.000195,27.854376,997.061249,none,13225,,,,,,,,,080,10.000000,65.000000,500.000000,50.000000,regression-perorder,,,
B21_S07,AdTree calibrated r10mm (AdQSM 080) [calref=min5mm]_seg65-500-k50-wlen,8.046667,4.108590,3.938077,,0.580272,28.924823,-0.000195,27.854376,997.061249,none,13225,,,,,,,,,080,10.000000,65.000000,500.000000,50.000000,min5mm,,,
B21_S07,AdTree calibrated r10mm (AdQSM 080) [calmethod=regression-perorder]_seg65-500-k50-wlen,10.718880,4.108590,6.610290,,0.580272,28.924823,-0.000195,27.854376,997.061249,none,13225,,,,,,,,,080,10.000000,65.000000,500.000000,50.000000,regression-perorder,,,
B21_S07,AdTree calibrated r15mm (AdQSM 080) [calref=min5mm]_seg65-500-k50,9.813120,4.107456,5.705664,,0.580272,28.810183,-0.000195,27.459159,673.898216,none,8264,,,,,,,,,080,15.000000,65.000000,500.000000,50.000000,min5mm,,,
B21_S07,AdTree calibrated r15mm (AdQSM 080) [calmethod=regression-perorder]_seg65-500-k50,13.525386,4.107456,9.417930,,0.580272,28.810183,-0.000195,27.459159,673.898216,none,8264,,,,,,,,,080,15.000000,65.000000,500.000000,50.000000,regression-perorder,,,
B21_S07,AdTree calibrated r15mm (AdQSM 080) [calref=min5mm]_seg65-500-k50-wlen,7.999540,4.107456,3.892084,,0.580272,28.810183,-0.000195,27.459159,673.898216,none,8264,,,,,,,,,080,15.000000,65.000000,500.000000,50.000000,min5mm,,,
B21_S07,AdTree calibrated r15mm (AdQSM 080) [calmethod=regression-perorder]_seg65-500-k50-wlen,10.571412,4.107456,6.463956,,0.580272,28.810183,-0.000195,27.459159,673.898216,none,8264,,,,,,,,,080,15.000000,65.000000,500.000000,50.000000,regression-perorder,,,
B21_S07,AdTree calibrated r20mm (AdQSM 080) [calref=min5mm]_seg65-500-k50,9.728180,4.106069,5.622111,,0.580272,28.462233,-0.000195,26.976070,505.359477,none,5915,,,,,,,,,080,20.000000,65.000000,500.000000,50.000000,min5mm,,,
B21_S07,AdTree calibrated r20mm (AdQSM 080) [calmethod=regression-perorder]_seg65-500-k50,13.347789,4.106069,9.241719,,0.580272,28.462233,-0.000195,26.976070,505.359477,none,5915,,,,,,,,,080,20.000000,65.000000,500.000000,50.000000,regression-perorder,,,
B21_S07,AdTree calibrated r20mm (AdQSM 080) [calref=min5mm]_seg65-500-k50-wlen,7.937531,4.106069,3.831462,,0.580272,28.462233,-0.000195,26.976070,505.359477,none,5915,,,,,,,,,080,20.000000,65.000000,500.000000,50.000000,min5mm,,,
B21_S07,AdTree calibrated r20mm (AdQSM 080) [calmethod=regression-perorder]_seg65-500-k50-wlen,10.438109,4.106069,6.332040,,0.580272,28.462233,-0.000195,26.976070,505.359477,none,5915,,,,,,,,,080,20.000000,65.000000,500.000000,50.000000,regression-perorder,,,
B21_S07,AdTree calibrated r5mm (AdQSM 080) [calref=min5mm]_seg65-500-k80,10.301790,4.104809,6.196982,,0.580272,29.454803,-0.000180,27.832641,2011.159555,none,30550,,,,,,,,,080,5.000000,65.000000,500.000000,80.000000,min5mm,,,
B21_S07,AdTree calibrated r5mm (AdQSM 080) [calmethod=regression-perorder]_seg65-500-k80,15.753707,4.104809,11.648899,,0.580272,29.454803,-0.000180,27.832641,2011.159555,none,30550,,,,,,,,,080,5.000000,65.000000,500.000000,80.000000,regression-perorder,,,
B21_S07,AdTree calibrated r5mm (AdQSM 080) [calref=min5mm]_seg65-500-k80-wlen,8.092909,4.104809,3.988100,,0.580272,29.454803,-0.000180,27.832641,2011.159555,none,30550,,,,,,,,,080,5.000000,65.000000,500.000000,80.000000,min5mm,,,
B21_S07,AdTree calibrated r5mm (AdQSM 080) [calmethod=regression-perorder]_seg65-500-k80-wlen,10.954292,4.104809,6.849483,,0.580272,29.454803,-0.000180,27.832641,2011.159555,none,30550,,,,,,,,,080,5.000000,65.000000,500.000000,80.000000,regression-perorder,,,
B21_S07,AdTree calibrated r10mm (AdQSM 080) [calref=min5mm]_seg65-500-k80,10.233557,4.104809,6.128749,,0.580272,28.924823,-0.000180,27.832641,996.965267,none,13052,,,,,,,,,080,10.000000,65.000000,500.000000,80.000000,min5mm,,,
B21_S07,AdTree calibrated r10mm (AdQSM 080) [calmethod=regression-perorder]_seg65-500-k80,15.476300,4.104809,11.371491,,0.580272,28.924823,-0.000180,27.832641,996.965267,none,13052,,,,,,,,,080,10.000000,65.000000,500.000000,80.000000,regression-perorder,,,
B21_S07,AdTree calibrated r10mm (AdQSM 080) [calref=min5mm]_seg65-500-k80-wlen,8.038756,4.104809,3.933948,,0.580272,28.924823,-0.000180,27.832641,996.965267,none,13052,,,,,,,,,080,10.000000,65.000000,500.000000,80.000000,min5mm,,,
B21_S07,AdTree calibrated r10mm (AdQSM 080) [calmethod=regression-perorder]_seg65-500-k80-wlen,10.716410,4.104809,6.611601,,0.580272,28.924823,-0.000180,27.832641,996.965267,none,13052,,,,,,,,,080,10.000000,65.000000,500.000000,80.000000,regression-perorder,,,
B21_S07,AdTree calibrated r15mm (AdQSM 080) [calref=min5mm]_seg65-500-k80,10.169358,4.103674,6.065683,,0.580272,28.810183,-0.000180,27.437425,673.802233,none,8091,,,,,,,,,080,15.000000,65.000000,500.000000,80.000000,min5mm,,,
B21_S07,AdTree calibrated r15mm (AdQSM 080) [calmethod=regression-perorder]_seg65-500-k80,15.290386,4.103674,11.186711,,0.580272,28.810183,-0.000180,27.437425,673.802233,none,8091,,,,,,,,,080,15.000000,65.000000,500.000000,80.000000,regression-perorder,,,
B21_S07,AdTree calibrated r15mm (AdQSM 080) [calref=min5mm]_seg65-500-k80-wlen,7.991613,4.103674,3.887939,,0.580272,28.810183,-0.000180,27.437425,673.802233,none,8091,,,,,,,,,080,15.000000,65.000000,500.000000,80.000000,min5mm,,,
B21_S07,AdTree calibrated r15mm (AdQSM 080) [calmethod=regression-perorder]_seg65-500-k80-wlen,10.568932,4.103674,6.465258,,0.580272,28.810183,-0.000180,27.437425,673.802233,none,8091,,,,,,,,,080,15.000000,65.000000,500.000000,80.000000,regression-perorder,,,
B21_S07,AdTree calibrated r20mm (AdQSM 080) [calref=min5mm]_seg65-500-k80,10.080795,4.102288,5.978508,,0.580272,28.462233,-0.000180,26.954335,505.263494,none,5742,,,,,,,,,080,20.000000,65.000000,500.000000,80.000000,min5mm,,,
B21_S07,AdTree calibrated r20mm (AdQSM 080) [calmethod=regression-perorder]_seg65-500-k80,15.106262,4.102288,11.003974,,0.580272,28.462233,-0.000180,26.954335,505.263494,none,5742,,,,,,,,,080,20.000000,65.000000,500.000000,80.000000,regression-perorder,,,
B21_S07,AdTree calibrated r20mm (AdQSM 080) [calref=min5mm]_seg65-500-k80-wlen,7.929557,4.102288,3.827269,,0.580272,28.462233,-0.000180,26.954335,505.263494,none,5742,,,,,,,,,080,20.000000,65.000000,500.000000,80.000000,min5mm,,,
B21_S07,AdTree calibrated r20mm (AdQSM 080) [calmethod=regression-perorder]_seg65-500-k80-wlen,10.435600,4.102288,6.333312,,0.580272,28.462233,-0.000180,26.954335,505.263494,none,5742,,,,,,,,,080,20.000000,65.000000,500.000000,80.000000,regression-perorder,,,
B21_S07,AdTree calibrated r5mm (AdQSM 080) [calref=min5mm]_seg65-500-k100,10.589055,4.103400,6.485655,,0.580272,29.454803,-0.000207,27.815240,2011.041809,none,30390,,,,,,,,,080,5.000000,65.000000,500.000000,100.000000,min5mm,,,
B21_S07,AdTree calibrated r5mm (AdQSM 080) [calmethod=regression-perorder]_seg65-500-k100,18.328100,4.103400,14.224701,,0.580272,29.454803,-0.000207,27.815240,2011.041809,none,30390,,,,,,,,,080,5.000000,65.000000,500.000000,100.000000,regression-perorder,,,
B21_S07,AdTree calibrated r5mm (AdQSM 080) [calref=min5mm]_seg65-500-k100-wlen,8.107545,4.103400,4.004145,,0.580272,29.454803,-0.000207,27.815240,2011.041809,none,30390,,,,,,,,,080,5.000000,65.000000,500.000000,100.000000,min5mm,,,
B21_S07,AdTree calibrated r5mm (AdQSM 080) [calmethod=regression-perorder]_seg65-500-k100-wlen,10.972306,4.103400,6.868907,,0.580272,29.454803,-0.000207,27.815240,2011.041809,none,30390,,,,,,,,,080,5.000000,65.000000,500.000000,100.000000,regression-perorder,,,
B21_S07,AdTree calibrated r10mm (AdQSM 080) [calref=min5mm]_seg65-500-k100,10.519793,4.103400,6.416393,,0.580272,28.924823,-0.000207,27.815240,996.847520,none,12892,,,,,,,,,080,10.000000,65.000000,500.000000,100.000000,min5mm,,,
B21_S07,AdTree calibrated r10mm (AdQSM 080) [calmethod=regression-perorder]_seg65-500-k100,18.048916,4.103400,13.945517,,0.580272,28.924823,-0.000207,27.815240,996.847520,none,12892,,,,,,,,,080,10.000000,65.000000,500.000000,100.000000,regression-perorder,,,
B21_S07,AdTree calibrated r10mm (AdQSM 080) [calref=min5mm]_seg65-500-k100-wlen,8.053352,4.103400,3.949952,,0.580272,28.924823,-0.000207,27.815240,996.847520,none,12892,,,,,,,,,080,10.000000,65.000000,500.000000,100.000000,min5mm,,,
B21_S07,AdTree calibrated r10mm (AdQSM 080) [calmethod=regression-perorder]_seg65-500-k100-wlen,10.734415,4.103400,6.631015,,0.580272,28.924823,-0.000207,27.815240,996.847520,none,12892,,,,,,,,,080,10.000000,65.000000,500.000000,100.000000,regression-perorder,,,
B21_S07,AdTree calibrated r15mm (AdQSM 080) [calref=min5mm]_seg65-500-k100,10.454105,4.102265,6.351840,,0.580272,28.810183,-0.000207,27.420023,673.675005,none,7930,,,,,,,,,080,15.000000,65.000000,500.000000,100.000000,min5mm,,,
B21_S07,AdTree calibrated r15mm (AdQSM 080) [calmethod=regression-perorder]_seg65-500-k100,17.860322,4.102265,13.758056,,0.580272,28.810183,-0.000207,27.420023,673.675005,none,7930,,,,,,,,,080,15.000000,65.000000,500.000000,100.000000,regression-perorder,,,
B21_S07,AdTree calibrated r15mm (AdQSM 080) [calref=min5mm]_seg65-500-k100-wlen,8.006148,4.102265,3.903883,,0.580272,28.810183,-0.000207,27.420023,673.675005,none,7930,,,,,,,,,080,15.000000,65.000000,500.000000,100.000000,min5mm,,,
B21_S07,AdTree calibrated r15mm (AdQSM 080) [calmethod=regression-perorder]_seg65-500-k100-wlen,10.586949,4.102265,6.484684,,0.580272,28.810183,-0.000207,27.420023,673.675005,none,7930,,,,,,,,,080,15.000000,65.000000,500.000000,100.000000,regression-perorder,,,
B21_S07,AdTree calibrated r20mm (AdQSM 080) [calref=min5mm]_seg65-500-k100,10.362586,4.100879,6.261707,,0.580272,28.462233,-0.000207,26.936934,505.145748,none,5582,,,,,,,,,080,20.000000,65.000000,500.000000,100.000000,min5mm,,,
B21_S07,AdTree calibrated r20mm (AdQSM 080) [calmethod=regression-perorder]_seg65-500-k100,17.669778,4.100879,13.568899,,0.580272,28.462233,-0.000207,26.936934,505.145748,none,5582,,,,,,,,,080,20.000000,65.000000,500.000000,100.000000,regression-perorder,,,
B21_S07,AdTree calibrated r20mm (AdQSM 080) [calref=min5mm]_seg65-500-k100-wlen,7.943856,4.100879,3.842977,,0.580272,28.462233,-0.000207,26.936934,505.145748,none,5582,,,,,,,,,080,20.000000,65.000000,500.000000,100.000000,min5mm,,,
B21_S07,AdTree calibrated r20mm (AdQSM 080) [calmethod=regression-perorder]_seg65-500-k100-wlen,10.453582,4.100879,6.352703,,0.580272,28.462233,-0.000207,26.936934,505.145748,none,5582,,,,,,,,,080,20.000000,65.000000,500.000000,100.000000,regression-perorder,,,
B21_S07,AdQSM (TreesParams) (AdQSM 999),11.348300,3.841490,7.506780,,0.574466,29.890000,,29.275500,6912.680000,none,,,,,,,,,,,,,,,,,,
B21_S07,AdTree raw r5mm_seg35-500-k50,12.321812,3.965478,8.356334,,0.582831,29.454803,0.000000,27.877206,2024.694462,none,41581,,,,,,,,,,5.000000,35.000000,500.000000,50.000000,,,,
B21_S07,AdTree calibrated r5mm (AdQSM 999) [calref=min5mm]_seg35-500-k50,9.220116,4.026055,5.194061,,0.574466,29.454803,-0.000188,27.877206,2024.694462,none,41581,,,,,,,,,999,5.000000,35.000000,500.000000,50.000000,min5mm,,,
B21_S07,AdTree calibrated r5mm (AdQSM 999) [calmethod=regression-perorder]_seg35-500-k50,14.693872,4.026055,10.667817,,0.574466,29.454803,-0.000188,27.877206,2024.694462,none,41581,,,,,,,,,999,5.000000,35.000000,500.000000,50.000000,regression-perorder,,,
B21_S07,AdTree raw r5mm_seg35-500-k50-wlen,12.321812,3.965478,8.356334,,0.582831,29.454803,0.000000,27.877206,2024.694462,none,41581,,,,,,,,,,5.000000,35.000000,500.000000,50.000000,,,,
B21_S07,AdTree calibrated r5mm (AdQSM 999) [calref=min5mm]_seg35-500-k50-wlen,7.968366,4.026055,3.942311,,0.574466,29.454803,-0.000188,27.877206,2024.694462,none,41581,,,,,,,,,999,5.000000,35.000000,500.000000,50.000000,min5mm,,,
B21_S07,AdTree calibrated r5mm (AdQSM 999) [calmethod=regression-perorder]_seg35-500-k50-wlen,10.746332,4.026055,6.720277,,0.574466,29.454803,-0.000188,27.877206,2024.694462,none,41581,,,,,,,,,999,5.000000,35.000000,500.000000,50.000000,regression-perorder,,,
B21_S07,AdTree raw r10mm_seg35-500-k50,12.097153,3.965478,8.131675,,0.582831,28.924823,0.000000,27.877206,1001.490498,none,19033,,,,,,,,,,10.000000,35.000000,500.000000,50.000000,,,,
B21_S07,AdTree calibrated r10mm (AdQSM 999) [calref=min5mm]_seg35-500-k50,9.157948,4.026055,5.131893,,0.574466,28.924823,-0.000188,27.877206,1001.490498,none,19033,,,,,,,,,999,10.000000,35.000000,500.000000,50.000000,min5mm,,,
B21_S07,AdTree calibrated r10mm (AdQSM 999) [calmethod=regression-perorder]_seg35-500-k50,14.440241,4.026055,10.414186,,0.574466,28.924823,-0.000188,27.877206,1001.490498,none,19033,,,,,,,,,999,10.000000,35.000000,500.000000,50.000000,regression-perorder,,,
B21_S07,AdTree raw r10mm_seg35-500-k50-wlen,12.097153,3.965478,8.131675,,0.582831,28.924823,0.000000,27.877206,1001.490498,none,19033,,,,,,,,,,10.000000,35.000000,500.000000,50.000000,,,,
B21_S07,AdTree calibrated r10mm (AdQSM 999) [calref=min5mm]_seg35-500-k50-wlen,7.913939,4.026055,3.887885,,0.574466,28.924823,-0.000188,27.877206,1001.490498,none,19033,,,,,,,,,999,10.000000,35.000000,500.000000,50.000000,min5mm,,,
B21_S07,AdTree calibrated r10mm (AdQSM 999) [calmethod=regression-perorder]_seg35-500-k50-wlen,10.513017,4.026055,6.486962,,0.574466,28.924823,-0.000188,27.877206,1001.490498,none,19033,,,,,,,,,999,10.000000,35.000000,500.000000,50.000000,regression-perorder,,,
B21_S07,AdTree raw r15mm_seg35-500-k50,11.903498,3.965275,7.938223,,0.582831,28.810183,0.000000,27.504714,675.916628,none,12334,,,,,,,,,,15.000000,35.000000,500.000000,50.000000,,,,
B21_S07,AdTree calibrated r15mm (AdQSM 999) [calref=min5mm]_seg35-500-k50,9.101366,4.025007,5.076359,,0.574466,28.810183,-0.000188,27.504714,675.916628,none,12334,,,,,,,,,999,15.000000,35.000000,500.000000,50.000000,min5mm,,,
B21_S07,AdTree calibrated r15mm (AdQSM 999) [calmethod=regression-perorder]_seg35-500-k50,14.276934,4.025007,10.251927,,0.574466,28.810183,-0.000188,27.504714,675.916628,none,12334,,,,,,,,,999,15.000000,35.000000,500.000000,50.000000,regression-perorder,,,
B21_S07,AdTree raw r15mm_seg35-500-k50-wlen,11.903498,3.965275,7.938223,,0.582831,28.810183,0.000000,27.504714,675.916628,none,12334,,,,,,,,,,15.000000,35.000000,500.000000,50.000000,,,,
B21_S07,AdTree calibrated r15mm (AdQSM 999) [calref=min5mm]_seg35-500-k50-wlen,7.866768,4.025007,3.841762,,0.574466,28.810183,-0.000188,27.504714,675.916628,none,12334,,,,,,,,,999,15.000000,35.000000,500.000000,50.000000,min5mm,,,
B21_S07,AdTree calibrated r15mm (AdQSM 999) [calmethod=regression-perorder]_seg35-500-k50-wlen,10.369291,4.025007,6.344284,,0.574466,28.810183,-0.000188,27.504714,675.916628,none,12334,,,,,,,,,999,15.000000,35.000000,500.000000,50.000000,regression-perorder,,,
B21_S07,AdTree raw r20mm_seg35-500-k50,11.697366,3.964756,7.732610,,0.582831,28.462233,0.000000,26.992108,506.639631,none,9060,,,,,,,,,,20.000000,35.000000,500.000000,50.000000,,,,
B21_S07,AdTree calibrated r20mm (AdQSM 999) [calref=min5mm]_seg35-500-k50,9.025036,4.023565,5.001471,,0.574466,28.462233,-0.000188,26.992108,506.639631,none,9060,,,,,,,,,999,20.000000,35.000000,500.000000,50.000000,min5mm,,,
B21_S07,AdTree calibrated r20mm (AdQSM 999) [calmethod=regression-perorder]_seg35-500-k50,14.120677,4.023565,10.097112,,0.574466,28.462233,-0.000188,26.992108,506.639631,none,9060,,,,,,,,,999,20.000000,35.000000,500.000000,50.000000,regression-perorder,,,
B21_S07,AdTree raw r20mm_seg35-500-k50-wlen,11.697366,3.964756,7.732610,,0.582831,28.462233,0.000000,26.992108,506.639631,none,9060,,,,,,,,,,20.000000,35.000000,500.000000,50.000000,,,,
B21_S07,AdTree calibrated r20mm (AdQSM 999) [calref=min5mm]_seg35-500-k50-wlen,7.805193,4.023565,3.781628,,0.574466,28.462233,-0.000188,26.992108,506.639631,none,9060,,,,,,,,,999,20.000000,35.000000,500.000000,50.000000,min5mm,,,
B21_S07,AdTree calibrated r20mm (AdQSM 999) [calmethod=regression-perorder]_seg35-500-k50-wlen,10.239944,4.023565,6.216379,,0.574466,28.462233,-0.000188,26.992108,506.639631,none,9060,,,,,,,,,999,20.000000,35.000000,500.000000,50.000000,regression-perorder,,,
B21_S07,AdTree raw r5mm_seg35-500-k80,12.301575,3.961147,8.340428,,0.582831,29.454803,0.000000,27.850957,2024.489650,none,40706,,,,,,,,,,5.000000,35.000000,500.000000,80.000000,,,,
B21_S07,AdTree calibrated r5mm (AdQSM 999) [calref=min5mm]_seg35-500-k80,10.030603,4.022185,6.008418,,0.574466,29.454803,-0.000172,27.850957,2024.489650,none,40706,,,,,,,,,999,5.000000,35.000000,500.000000,80.000000,min5mm,,,
B21_S07,AdTree calibrated r5mm (AdQSM 999) [calmethod=regression-perorder]_seg35-500-k80,21.357925,4.022185,17.335740,,0.574466,29.454803,-0.000172,27.850957,2024.489650,none,40706,,,,,,,,,999,5.000000,35.000000,500.000000,80.000000,regression-perorder,,,
B21_S07,AdTree raw r5mm_seg35-500-k80-wlen,12.301575,3.961147,8.340428,,0.582831,29.454803,0.000000,27.850957,2024.489650,none,40706,,,,,,,,,,5.000000,35.000000,500.000000,80.000000,,,,
B21_S07,AdTree calibrated r5mm (AdQSM 999) [calref=min5mm]_seg35-500-k80-wlen,7.957816,4.022185,3.935631,,0.574466,29.454803,-0.000172,27.850957,2024.489650,none,40706,,,,,,,,,999,5.000000,35.000000,500.000000,80.000000,min5mm,,,
B21_S07,AdTree calibrated r5mm (AdQSM 999) [calmethod=regression-perorder]_seg35-500-k80-wlen,10.919861,4.022185,6.897676,,0.574466,29.454803,-0.000172,27.850957,2024.489650,none,40706,,,,,,,,,999,5.000000,35.000000,500.000000,80.000000,regression-perorder,,,
B21_S07,AdTree raw r10mm_seg35-500-k80,12.076916,3.961147,8.115769,,0.582831,28.924823,0.000000,27.850957,1001.285686,none,18158,,,,,,,,,,10.000000,35.000000,500.000000,80.000000,,,,
B21_S07,AdTree calibrated r10mm (AdQSM 999) [calref=min5mm]_seg35-500-k80,9.965145,4.022185,5.942961,,0.574466,28.924823,-0.000172,27.850957,1001.285686,none,18158,,,,,,,,,999,10.000000,35.000000,500.000000,80.000000,min5mm,,,
B21_S07,AdTree calibrated r10mm (AdQSM 999) [calmethod=regression-perorder]_seg35-500-k80,21.098505,4.022185,17.076320,,0.574466,28.924823,-0.000172,27.850957,1001.285686,none,18158,,,,,,,,,999,10.000000,35.000000,500.000000,80.000000,regression-perorder,,,
B21_S07,AdTree raw r10mm_seg35-500-k80-wlen,12.076916,3.961147,8.115769,,0.582831,28.924823,0.000000,27.850957,1001.285686,none,18158,,,,,,,,,,10.000000,35.000000,500.000000,80.000000,,,,
B21_S07,AdTree calibrated r10mm (AdQSM 999) [calref=min5mm]_seg35-500-k80-wlen,7.903373,4.022185,3.881188,,0.574466,28.924823,-0.000172,27.850957,1001.285686,none,18158,,,,,,,,,999,10.000000,35.000000,500.000000,80.000000,min5mm,,,
B21_S07,AdTree calibrated r10mm (AdQSM 999) [calmethod=regression-perorder]_seg35-500-k80-wlen,10.686569,4.022185,6.664385,,0.574466,28.924823,-0.000172,27.850957,1001.285686,none,18158,,,,,,,,,999,10.000000,35.000000,500.000000,80.000000,regression-perorder,,,
B21_S07,AdTree raw r15mm_seg35-500-k80,11.883340,3.960945,7.922396,,0.582831,28.810183,0.000000,27.478466,675.711829,none,11460,,,,,,,,,,15.000000,35.000000,500.000000,80.000000,,,,
B21_S07,AdTree calibrated r15mm (AdQSM 999) [calref=min5mm]_seg35-500-k80,9.903968,4.021137,5.882831,,0.574466,28.810183,-0.000172,27.478466,675.711829,none,11460,,,,,,,,,999,15.000000,35.000000,500.000000,80.000000,min5mm,,,
B21_S07,AdTree calibrated r15mm (AdQSM 999) [calmethod=regression-perorder]_seg35-500-k80,20.928006,4.021137,16.906870,,0.574466,28.810183,-0.000172,27.478466,675.711829,none,11460,,,,,,,,,999,15.000000,35.000000,500.000000,80.000000,regression-perorder,,,
B21_S07,AdTree raw r15mm_seg35-500-k80-wlen,11.883340,3.960945,7.922396,,0.582831,28.810183,0.000000,27.478466,675.711829,none,11460,,,,,,,,,,15.000000,35.000000,500.000000,80.000000,,,,
B21_S07,AdTree calibrated r15mm (AdQSM 999) [calref=min5mm]_seg35-500-k80-wlen,7.856189,4.021137,3.835053,,0.574466,28.810183,-0.000172,27.478466,675.711829,none,11460,,,,,,,,,999,15.000000,35.000000,500.000000,80.000000,min5mm,,,
B21_S07,AdTree calibrated r15mm (AdQSM 999) [calmethod=regression-perorder]_seg35-500-k80-wlen,10.542906,4.021137,6.521769,,0.574466,28.810183,-0.000172,27.478466,675.711829,none,11460,,,,,,,,,999,15.000000,35.000000,500.000000,80.000000,regression-perorder,,,
B21_S07,AdTree raw r20mm_seg35-500-k80,11.677208,3.960425,7.716783,,0.582831,28.462233,0.000000,26.965860,506.434832,none,8186,,,,,,,,,,20.000000,35.000000,500.000000,80.000000,,,,
B21_S07,AdTree calibrated r20mm (AdQSM 999) [calref=min5mm]_seg35-500-k80,9.819112,4.019695,5.799418,,0.574466,28.462233,-0.000172,26.965860,506.434832,none,8186,,,,,,,,,999,20.000000,35.000000,500.000000,80.000000,min5mm,,,
B21_S07,AdTree calibrated r20mm (AdQSM 999) [calmethod=regression-perorder]_seg35-500-k80,20.757370,4.019695,16.737675,,0.574466,28.462233,-0.000172,26.965860,506.434832,none,8186,,,,,,,,,999,20.000000,35.000000,500.000000,80.000000,regression-perorder,,,
B21_S07,AdTree raw r20mm_seg35-500-k80-wlen,11.677208,3.960425,7.716783,,0.582831,28.462233,0.000000,26.965860,506.434832,none,8186,,,,,,,,,,20.000000,35.000000,500.000000,80.000000,,,,
B21_S07,AdTree calibrated r20mm (AdQSM 999) [calref=min5mm]_seg35-500-k80-wlen,7.794578,4.019695,3.774883,,0.574466,28.462233,-0.000172,26.965860,506.434832,none,8186,,,,,,,,,999,20.000000,35.000000,500.000000,80.000000,min5mm,,,
B21_S07,AdTree calibrated r20mm (AdQSM 999) [calmethod=regression-perorder]_seg35-500-k80-wlen,10.413583,4.019695,6.393888,,0.574466,28.462233,-0.000172,26.965860,506.434832,none,8186,,,,,,,,,999,20.000000,35.000000,500.000000,80.000000,regression-perorder,,,
B21_S07,AdTree raw r5mm_seg35-500-k100,12.288575,3.959481,8.329094,,0.582831,29.454803,0.000000,27.829607,2024.287727,none,40103,,,,,,,,,,5.000000,35.000000,500.000000,100.000000,,,,
B21_S07,AdTree calibrated r5mm (AdQSM 999) [calref=min5mm]_seg35-500-k100,10.595303,4.020737,6.574566,,0.574466,29.454803,-0.000200,27.829607,2024.287727,none,40103,,,,,,,,,999,5.000000,35.000000,500.000000,100.000000,min5mm,,,
B21_S07,AdTree calibrated r5mm (AdQSM 999) [calmethod=regression-perorder]_seg35-500-k100,27.151662,4.020737,23.130926,,0.574466,29.454803,-0.000200,27.829607,2024.287727,none,40103,,,,,,,,,999,5.000000,35.000000,500.000000,100.000000,regression-perorder,,,
B21_S07,AdTree raw r5mm_seg35-500-k100-wlen,12.288575,3.959481,8.329094,,0.582831,29.454803,0.000000,27.829607,2024.287727,none,40103,,,,,,,,,,5.000000,35.000000,500.000000,100.000000,,,,
B21_S07,AdTree calibrated r5mm (AdQSM 999) [calref=min5mm]_seg35-500-k100-wlen,7.950501,4.020737,3.929764,,0.574466,29.454803,-0.000200,27.829607,2024.287727,none,40103,,,,,,,,,999,5.000000,35.000000,500.000000,100.000000,min5mm,,,
B21_S07,AdTree calibrated r5mm (AdQSM 999) [calmethod=regression-perorder]_seg35-500-k100-wlen,10.939814,4.020737,6.919077,,0.574466,29.454803,-0.000200,27.829607,2024.287727,none,40103,,,,,,,,,999,5.000000,35.000000,500.000000,100.000000,regression-perorder,,,
B21_S07,AdTree raw r10mm_seg35-500-k100,12.063916,3.959481,8.104435,,0.582831,28.924823,0.000000,27.829607,1001.083763,none,17555,,,,,,,,,,10.000000,35.000000,500.000000,100.000000,,,,
B21_S07,AdTree calibrated r10mm (AdQSM 999) [calref=min5mm]_seg35-500-k100,10.527700,4.020737,6.506964,,0.574466,28.924823,-0.000200,27.829607,1001.083763,none,17555,,,,,,,,,999,10.000000,35.000000,500.000000,100.000000,min5mm,,,
B21_S07,AdTree calibrated r10mm (AdQSM 999) [calmethod=regression-perorder]_seg35-500-k100,26.887303,4.020737,22.866567,,0.574466,28.924823,-0.000200,27.829607,1001.083763,none,17555,,,,,,,,,999,10.000000,35.000000,500.000000,100.000000,regression-perorder,,,
B21_S07,AdTree raw r10mm_seg35-500-k100-wlen,12.063916,3.959481,8.104435,,0.582831,28.924823,0.000000,27.829607,1001.083763,none,17555,,,,,,,,,,10.000000,35.000000,500.000000,100.000000,,,,
B21_S07,AdTree calibrated r10mm (AdQSM 999) [calref=min5mm]_seg35-500-k100-wlen,7.896050,4.020737,3.875314,,0.574466,28.924823,-0.000200,27.829607,1001.083763,none,17555,,,,,,,,,999,10.000000,35.000000,500.000000,100.000000,min5mm,,,
B21_S07,AdTree calibrated r10mm (AdQSM 999) [calmethod=regression-perorder]_seg35-500-k100-wlen,10.706503,4.020737,6.685766,,0.574466,28.924823,-0.000200,27.829607,1001.083763,none,17555,,,,,,,,,999,10.000000,35.000000,500.000000,100.000000,regression-perorder,,,
B21_S07,AdTree raw r15mm_seg35-500-k100,11.870385,3.959279,7.911107,,0.582831,28.810183,0.000000,27.457116,675.509911,none,10858,,,,,,,,,,15.000000,35.000000,500.000000,100.000000,,,,
B21_S07,AdTree calibrated r15mm (AdQSM 999) [calref=min5mm]_seg35-500-k100,10.463477,4.019689,6.443788,,0.574466,28.810183,-0.000200,27.457116,675.509911,none,10858,,,,,,,,,999,15.000000,35.000000,500.000000,100.000000,min5mm,,,
B21_S07,AdTree calibrated r15mm (AdQSM 999) [calmethod=regression-perorder]_seg35-500-k100,26.710560,4.019689,22.690872,,0.574466,28.810183,-0.000200,27.457116,675.509911,none,10858,,,,,,,,,999,15.000000,35.000000,500.000000,100.000000,regression-perorder,,,
B21_S07,AdTree raw r15mm_seg35-500-k100-wlen,11.870385,3.959279,7.911107,,0.582831,28.810183,0.000000,27.457116,675.509911,none,10858,,,,,,,,,,15.000000,35.000000,500.000000,100.000000,,,,
B21_S07,AdTree calibrated r15mm (AdQSM 999) [calref=min5mm]_seg35-500-k100-wlen,7.848866,4.019689,3.829177,,0.574466,28.810183,-0.000200,27.457116,675.509911,none,10858,,,,,,,,,999,15.000000,35.000000,500.000000,100.000000,min5mm,,,
B21_S07,AdTree calibrated r15mm (AdQSM 999) [calmethod=regression-perorder]_seg35-500-k100-wlen,10.562822,4.019689,6.543133,,0.574466,28.810183,-0.000200,27.457116,675.509911,none,10858,,,,,,,,,999,15.000000,35.000000,500.000000,100.000000,regression-perorder,,,
B21_S07,AdTree raw r20mm_seg35-500-k100,11.664501,3.958759,7.705742,,0.582831,28.462233,0.000000,26.944510,506.232922,none,7587,,,,,,,,,,20.000000,35.000000,500.000000,100.000000,,,,
B21_S07,AdTree calibrated r20mm (AdQSM 999) [calref=min5mm]_seg35-500-k100,10.372682,4.018247,6.354436,,0.574466,28.462233,-0.000200,26.944510,506.232922,none,7587,,,,,,,,,999,20.000000,35.000000,500.000000,100.000000,min5mm,,,
B21_S07,AdTree calibrated r20mm (AdQSM 999) [calmethod=regression-perorder]_seg35-500-k100,26.527223,4.018247,22.508976,,0.574466,28.462233,-0.000200,26.944510,506.232922,none,7587,,,,,,,,,999,20.000000,35.000000,500.000000,100.000000,regression-perorder,,,
B21_S07,AdTree raw r20mm_seg35-500-k100-wlen,11.664501,3.958759,7.705742,,0.582831,28.462233,0.000000,26.944510,506.232922,none,7587,,,,,,,,,,20.000000,35.000000,500.000000,100.000000,,,,
B21_S07,AdTree calibrated r20mm (AdQSM 999) [calref=min5mm]_seg35-500-k100-wlen,7.787282,4.018247,3.769035,,0.574466,28.462233,-0.000200,26.944510,506.232922,none,7587,,,,,,,,,999,20.000000,35.000000,500.000000,100.000000,min5mm,,,
B21_S07,AdTree calibrated r20mm (AdQSM 999) [calmethod=regression-perorder]_seg35-500-k100-wlen,10.433478,4.018247,6.415231,,0.574466,28.462233,-0.000200,26.944510,506.232922,none,7587,,,,,,,,,999,20.000000,35.000000,500.000000,100.000000,regression-perorder,,,
B21_S07,AdTree raw r5mm_seg50-500-k50,12.314974,3.965463,8.349511,,0.582831,29.454803,0.000000,27.867925,2020.790311,none,36076,,,,,,,,,,5.000000,50.000000,500.000000,50.000000,,,,
B21_S07,AdTree calibrated r5mm (AdQSM 999) [calref=min5mm]_seg50-500-k50,8.817956,4.025979,4.791976,,0.574466,29.454803,-0.000188,27.867925,2020.790311,none,36076,,,,,,,,,999,5.000000,50.000000,500.000000,50.000000,min5mm,,,
B21_S07,AdTree calibrated r5mm (AdQSM 999) [calmethod=regression-perorder]_seg50-500-k50,13.585159,4.025979,9.559180,,0.574466,29.454803,-0.000188,27.867925,2020.790311,none,36076,,,,,,,,,999,5.000000,50.000000,500.000000,50.000000,regression-perorder,,,
B21_S07,AdTree raw r5mm_seg50-500-k50-wlen,12.314974,3.965463,8.349511,,0.582831,29.454803,0.000000,27.867925,2020.790311,none,36076,,,,,,,,,,5.000000,50.000000,500.000000,50.000000,,,,
B21_S07,AdTree calibrated r5mm (AdQSM 999) [calref=min5mm]_seg50-500-k50-wlen,7.966484,4.025979,3.940505,,0.574466,29.454803,-0.000188,27.867925,2020.790311,none,36076,,,,,,,,,999,5.000000,50.000000,500.000000,50.000000,min5mm,,,
B21_S07,AdTree calibrated r5mm (AdQSM 999) [calmethod=regression-perorder]_seg50-500-k50-wlen,10.860247,4.025979,6.834268,,0.574466,29.454803,-0.000188,27.867925,2020.790311,none,36076,,,,,,,,,999,5.000000,50.000000,500.000000,50.000000,regression-perorder,,,
B21_S07,AdTree raw r10mm_seg50-500-k50,12.092352,3.965463,8.126889,,0.582831,28.924823,0.000000,27.867925,1000.299387,none,16626,,,,,,,,,,10.000000,50.000000,500.000000,50.000000,,,,
B21_S07,AdTree calibrated r10mm (AdQSM 999) [calref=min5mm]_seg50-500-k50,8.757611,4.025979,4.731631,,0.574466,28.924823,-0.000188,27.867925,1000.299387,none,16626,,,,,,,,,999,10.000000,50.000000,500.000000,50.000000,min5mm,,,
B21_S07,AdTree calibrated r10mm (AdQSM 999) [calmethod=regression-perorder]_seg50-500-k50,13.330486,4.025979,9.304506,,0.574466,28.924823,-0.000188,27.867925,1000.299387,none,16626,,,,,,,,,999,10.000000,50.000000,500.000000,50.000000,regression-perorder,,,
B21_S07,AdTree raw r10mm_seg50-500-k50-wlen,12.092352,3.965463,8.126889,,0.582831,28.924823,0.000000,27.867925,1000.299387,none,16626,,,,,,,,,,10.000000,50.000000,500.000000,50.000000,,,,
B21_S07,AdTree calibrated r10mm (AdQSM 999) [calref=min5mm]_seg50-500-k50-wlen,7.912700,4.025979,3.886720,,0.574466,28.924823,-0.000188,27.867925,1000.299387,none,16626,,,,,,,,,999,10.000000,50.000000,500.000000,50.000000,min5mm,,,
B21_S07,AdTree calibrated r10mm (AdQSM 999) [calmethod=regression-perorder]_seg50-500-k50-wlen,10.626951,4.025979,6.600972,,0.574466,28.924823,-0.000188,27.867925,1000.299387,none,16626,,,,,,,,,999,10.000000,50.000000,500.000000,50.000000,regression-perorder,,,
B21_S07,AdTree raw r15mm_seg50-500-k50,11.899782,3.965240,7.934542,,0.582831,28.810183,0.000000,27.500049,675.172543,none,10955,,,,,,,,,,15.000000,50.000000,500.000000,50.000000,,,,
B21_S07,AdTree calibrated r15mm (AdQSM 999) [calref=min5mm]_seg50-500-k50,8.703181,4.024945,4.678236,,0.574466,28.810183,-0.000188,27.500049,675.172543,none,10955,,,,,,,,,999,15.000000,50.000000,500.000000,50.000000,min5mm,,,
B21_S07,AdTree calibrated r15mm (AdQSM 999) [calmethod=regression-perorder]_seg50-500-k50,13.166520,4.024945,9.141576,,0.574466,28.810183,-0.000188,27.500049,675.172543,none,10955,,,,,,,,,999,15.000000,50.000000,500.000000,50.000000,regression-perorder,,,
B21_S07,AdTree raw r15mm_seg50-500-k50-wlen,11.899782,3.965240,7.934542,,0.582831,28.810183,0.000000,27.500049,675.172543,none,10955,,,,,,,,,,15.000000,50.000000,500.000000,50.000000,,,,
B21_S07,AdTree calibrated r15mm (AdQSM 999) [calref=min5mm]_seg50-500-k50-wlen,7.865807,4.024945,3.840862,,0.574466,28.810183,-0.000188,27.500049,675.172543,none,10955,,,,,,,,,999,15.000000,50.000000,500.000000,50.000000,min5mm,,,
B21_S07,AdTree calibrated r15mm (AdQSM 999) [calmethod=regression-perorder]_seg50-500-k50-wlen,10.482457,4.024945,6.457512,,0.574466,28.810183,-0.000188,27.500049,675.172543,none,10955,,,,,,,,,999,15.000000,50.000000,500.000000,50.000000,regression-perorder,,,
B21_S07,AdTree raw r20mm_seg50-500-k50,11.694684,3.964721,7.729963,,0.582831,28.462233,0.000000,26.988421,506.061447,none,8135,,,,,,,,,,20.000000,50.000000,500.000000,50.000000,,,,
B21_S07,AdTree calibrated r20mm (AdQSM 999) [calref=min5mm]_seg50-500-k50,8.630936,4.023505,4.607430,,0.574466,28.462233,-0.000188,26.988421,506.061447,none,8135,,,,,,,,,999,20.000000,50.000000,500.000000,50.000000,min5mm,,,
B21_S07,AdTree calibrated r20mm (AdQSM 999) [calmethod=regression-perorder]_seg50-500-k50,13.012547,4.023505,8.989041,,0.574466,28.462233,-0.000188,26.988421,506.061447,none,8135,,,,,,,,,999,20.000000,50.000000,500.000000,50.000000,regression-perorder,,,
B21_S07,AdTree raw r20mm_seg50-500-k50-wlen,11.694684,3.964721,7.729963,,0.582831,28.462233,0.000000,26.988421,506.061447,none,8135,,,,,,,,,,20.000000,50.000000,500.000000,50.000000,,,,
B21_S07,AdTree calibrated r20mm (AdQSM 999) [calref=min5mm]_seg50-500-k50-wlen,7.804509,4.023505,3.781003,,0.574466,28.462233,-0.000188,26.988421,506.061447,none,8135,,,,,,,,,999,20.000000,50.000000,500.000000,50.000000,min5mm,,,
B21_S07,AdTree calibrated r20mm (AdQSM 999) [calmethod=regression-perorder]_seg50-500-k50-wlen,10.352406,4.023505,6.328901,,0.574466,28.462233,-0.000188,26.988421,506.061447,none,8135,,,,,,,,,999,20.000000,50.000000,500.000000,50.000000,regression-perorder,,,
B21_S07,AdTree raw r5mm_seg50-500-k80,12.295630,3.961156,8.334474,,0.582831,29.454803,0.000000,27.842674,2020.612587,none,35387,,,,,,,,,,5.000000,50.000000,500.000000,80.000000,,,,
B21_S07,AdTree calibrated r5mm (AdQSM 999) [calref=min5mm]_seg50-500-k80,9.601029,4.022144,5.578885,,0.574466,29.454803,-0.000172,27.842674,2020.612587,none,35387,,,,,,,,,999,5.000000,50.000000,500.000000,80.000000,min5mm,,,
B21_S07,AdTree calibrated r5mm (AdQSM 999) [calmethod=regression-perorder]_seg50-500-k80,17.422634,4.022144,13.400490,,0.574466,29.454803,-0.000172,27.842674,2020.612587,none,35387,,,,,,,,,999,5.000000,50.000000,500.000000,80.000000,regression-perorder,,,
B21_S07,AdTree raw r5mm_seg50-500-k80-wlen,12.295630,3.961156,8.334474,,0.582831,29.454803,0.000000,27.842674,2020.612587,none,35387,,,,,,,,,,5.000000,50.000000,500.000000,80.000000,,,,
B21_S07,AdTree calibrated r5mm (AdQSM 999) [calref=min5mm]_seg50-500-k80-wlen,7.957447,4.022144,3.935303,,0.574466,29.454803,-0.000172,27.842674,2020.612587,none,35387,,,,,,,,,999,5.000000,50.000000,500.000000,80.000000,min5mm,,,
B21_S07,AdTree calibrated r5mm (AdQSM 999) [calmethod=regression-perorder]_seg50-500-k80-wlen,11.005317,4.022144,6.983173,,0.574466,29.454803,-0.000172,27.842674,2020.612587,none,35387,,,,,,,,,999,5.000000,50.000000,500.000000,80.000000,regression-perorder,,,
B21_S07,AdTree raw r10mm_seg50-500-k80,12.073009,3.961156,8.111853,,0.582831,28.924823,0.000000,27.842674,1000.121663,none,15937,,,,,,,,,,10.000000,50.000000,500.000000,80.000000,,,,
B21_S07,AdTree calibrated r10mm (AdQSM 999) [calref=min5mm]_seg50-500-k80,9.537717,4.022144,5.515573,,0.574466,28.924823,-0.000172,27.842674,1000.121663,none,15937,,,,,,,,,999,10.000000,50.000000,500.000000,80.000000,min5mm,,,
B21_S07,AdTree calibrated r10mm (AdQSM 999) [calmethod=regression-perorder]_seg50-500-k80,17.162700,4.022144,13.140556,,0.574466,28.924823,-0.000172,27.842674,1000.121663,none,15937,,,,,,,,,999,10.000000,50.000000,500.000000,80.000000,regression-perorder,,,
B21_S07,AdTree raw r10mm_seg50-500-k80-wlen,12.073009,3.961156,8.111853,,0.582831,28.924823,0.000000,27.842674,1000.121663,none,15937,,,,,,,,,,10.000000,50.000000,500.000000,80.000000,,,,
B21_S07,AdTree calibrated r10mm (AdQSM 999) [calref=min5mm]_seg50-500-k80-wlen,7.903651,4.022144,3.881507,,0.574466,28.924823,-0.000172,27.842674,1000.121663,none,15937,,,,,,,,,999,10.000000,50.000000,500.000000,80.000000,min5mm,,,
B21_S07,AdTree calibrated r10mm (AdQSM 999) [calmethod=regression-perorder]_seg50-500-k80-wlen,10.772044,4.022144,6.749900,,0.574466,28.924823,-0.000172,27.842674,1000.121663,none,15937,,,,,,,,,999,10.000000,50.000000,500.000000,80.000000,regression-perorder,,,
B21_S07,AdTree raw r15mm_seg50-500-k80,11.880439,3.960933,7.919506,,0.582831,28.810183,0.000000,27.474798,674.994818,none,10266,,,,,,,,,,15.000000,50.000000,500.000000,80.000000,,,,
B21_S07,AdTree calibrated r15mm (AdQSM 999) [calref=min5mm]_seg50-500-k80,9.478985,4.021109,5.457876,,0.574466,28.810183,-0.000172,27.474798,674.994818,none,10266,,,,,,,,,999,15.000000,50.000000,500.000000,80.000000,min5mm,,,
B21_S07,AdTree calibrated r15mm (AdQSM 999) [calmethod=regression-perorder]_seg50-500-k80,16.991845,4.021109,12.970735,,0.574466,28.810183,-0.000172,27.474798,674.994818,none,10266,,,,,,,,,999,15.000000,50.000000,500.000000,80.000000,regression-perorder,,,
B21_S07,AdTree raw r15mm_seg50-500-k80-wlen,11.880439,3.960933,7.919506,,0.582831,28.810183,0.000000,27.474798,674.994818,none,10266,,,,,,,,,,15.000000,50.000000,500.000000,80.000000,,,,
B21_S07,AdTree calibrated r15mm (AdQSM 999) [calref=min5mm]_seg50-500-k80-wlen,7.856738,4.021109,3.835629,,0.574466,28.810183,-0.000172,27.474798,674.994818,none,10266,,,,,,,,,999,15.000000,50.000000,500.000000,80.000000,min5mm,,,
B21_S07,AdTree calibrated r15mm (AdQSM 999) [calmethod=regression-perorder]_seg50-500-k80-wlen,10.627603,4.021109,6.606494,,0.574466,28.810183,-0.000172,27.474798,674.994818,none,10266,,,,,,,,,999,15.000000,50.000000,500.000000,80.000000,regression-perorder,,,
B21_S07,AdTree raw r20mm_seg50-500-k80,11.675340,3.960414,7.714926,,0.582831,28.462233,0.000000,26.963170,505.883723,none,7446,,,,,,,,,,20.000000,50.000000,500.000000,80.000000,,,,
B21_S07,AdTree calibrated r20mm (AdQSM 999) [calref=min5mm]_seg50-500-k80,9.398660,4.019670,5.378990,,0.574466,28.462233,-0.000172,26.963170,505.883723,none,7446,,,,,,,,,999,20.000000,50.000000,500.000000,80.000000,min5mm,,,
B21_S07,AdTree calibrated r20mm (AdQSM 999) [calmethod=regression-perorder]_seg50-500-k80,16.824690,4.019670,12.805020,,0.574466,28.462233,-0.000172,26.963170,505.883723,none,7446,,,,,,,,,999,20.000000,50.000000,500.000000,80.000000,regression-perorder,,,
B21_S07,AdTree raw r20mm_seg50-500-k80-wlen,11.675340,3.960414,7.714926,,0.582831,28.462233,0.000000,26.963170,505.883723,none,7446,,,,,,,,,,20.000000,50.000000,500.000000,80.000000,,,,
B21_S07,AdTree calibrated r20mm (AdQSM 999) [calref=min5mm]_seg50-500-k80-wlen,7.795391,4.019670,3.775721,,0.574466,28.462233,-0.000172,26.963170,505.883723,none,7446,,,,,,,,,999,20.000000,50.000000,500.000000,80.000000,min5mm,,,
B21_S07,AdTree calibrated r20mm (AdQSM 999) [calmethod=regression-perorder]_seg50-500-k80-wlen,10.497576,4.019670,6.477906,,0.574466,28.462233,-0.000172,26.963170,505.883723,none,7446,,,,,,,,,999,20.000000,50.000000,500.000000,80.000000,regression-perorder,,,
B21_S07,AdTree raw r5mm_seg50-500-k100,12.283571,3.959495,8.324076,,0.582831,29.454803,0.000000,27.822024,2020.433758,none,34922,,,,,,,,,,5.000000,50.000000,500.000000,100.000000,,,,
B21_S07,AdTree calibrated r5mm (AdQSM 999) [calref=min5mm]_seg50-500-k100,10.067583,4.020708,6.046876,,0.574466,29.454803,-0.000200,27.822024,2020.433758,none,34922,,,,,,,,,999,5.000000,50.000000,500.000000,100.000000,min5mm,,,
B21_S07,AdTree calibrated r5mm (AdQSM 999) [calmethod=regression-perorder]_seg50-500-k100,22.069760,4.020708,18.049052,,0.574466,29.454803,-0.000200,27.822024,2020.433758,none,34922,,,,,,,,,999,5.000000,50.000000,500.000000,100.000000,regression-perorder,,,
B21_S07,AdTree raw r5mm_seg50-500-k100-wlen,12.283571,3.959495,8.324076,,0.582831,29.454803,0.000000,27.822024,2020.433758,none,34922,,,,,,,,,,5.000000,50.000000,500.000000,100.000000,,,,
B21_S07,AdTree calibrated r5mm (AdQSM 999) [calref=min5mm]_seg50-500-k100-wlen,7.952667,4.020708,3.931959,,0.574466,29.454803,-0.000200,27.822024,2020.433758,none,34922,,,,,,,,,999,5.000000,50.000000,500.000000,100.000000,min5mm,,,
B21_S07,AdTree calibrated r5mm (AdQSM 999) [calmethod=regression-perorder]_seg50-500-k100-wlen,11.019491,4.020708,6.998784,,0.574466,29.454803,-0.000200,27.822024,2020.433758,none,34922,,,,,,,,,999,5.000000,50.000000,500.000000,100.000000,regression-perorder,,,
B21_S07,AdTree raw r10mm_seg50-500-k100,12.060947,3.959495,8.101451,,0.582831,28.924823,0.000000,27.822024,999.936240,none,15473,,,,,,,,,,10.000000,50.000000,500.000000,100.000000,,,,
B21_S07,AdTree calibrated r10mm (AdQSM 999) [calref=min5mm]_seg50-500-k100,10.002306,4.020708,5.981598,,0.574466,28.924823,-0.000200,27.822024,999.936240,none,15473,,,,,,,,,999,10.000000,50.000000,500.000000,100.000000,min5mm,,,
B21_S07,AdTree calibrated r10mm (AdQSM 999) [calmethod=regression-perorder]_seg50-500-k100,21.805925,4.020708,17.785217,,0.574466,28.924823,-0.000200,27.822024,999.936240,none,15473,,,,,,,,,999,10.000000,50.000000,500.000000,100.000000,regression-perorder,,,
B21_S07,AdTree raw r10mm_seg50-500-k100-wlen,12.060947,3.959495,8.101451,,0.582831,28.924823,0.000000,27.822024,999.936240,none,15473,,,,,,,,,,10.000000,50.000000,500.000000,100.000000,,,,
B21_S07,AdTree calibrated r10mm (AdQSM 999) [calref=min5mm]_seg50-500-k100-wlen,7.898860,4.020708,3.878152,,0.574466,28.924823,-0.000200,27.822024,999.936240,none,15473,,,,,,,,,999,10.000000,50.000000,500.000000,100.000000,min5mm,,,
B21_S07,AdTree calibrated r10mm (AdQSM 999) [calmethod=regression-perorder]_seg50-500-k100-wlen,10.786186,4.020708,6.765478,,0.574466,28.924823,-0.000200,27.822024,999.936240,none,15473,,,,,,,,,999,10.000000,50.000000,500.000000,100.000000,regression-perorder,,,
B21_S07,AdTree raw r15mm_seg50-500-k100,11.868416,3.959273,7.909143,,0.582831,28.810183,0.000000,27.454148,674.816373,none,9802,,,,,,,,,,15.000000,50.000000,500.000000,100.000000,,,,
B21_S07,AdTree calibrated r15mm (AdQSM 999) [calref=min5mm]_seg50-500-k100,9.940822,4.019673,5.921149,,0.574466,28.810183,-0.000200,27.454148,674.816373,none,9802,,,,,,,,,999,15.000000,50.000000,500.000000,100.000000,min5mm,,,
B21_S07,AdTree calibrated r15mm (AdQSM 999) [calmethod=regression-perorder]_seg50-500-k100,21.630226,4.019673,17.610553,,0.574466,28.810183,-0.000200,27.454148,674.816373,none,9802,,,,,,,,,999,15.000000,50.000000,500.000000,100.000000,regression-perorder,,,
B21_S07,AdTree raw r15mm_seg50-500-k100-wlen,11.868416,3.959273,7.909143,,0.582831,28.810183,0.000000,27.454148,674.816373,none,9802,,,,,,,,,,15.000000,50.000000,500.000000,100.000000,,,,
B21_S07,AdTree calibrated r15mm (AdQSM 999) [calref=min5mm]_seg50-500-k100-wlen,7.851939,4.019673,3.832266,,0.574466,28.810183,-0.000200,27.454148,674.816373,none,9802,,,,,,,,,999,15.000000,50.000000,500.000000,100.000000,min5mm,,,
B21_S07,AdTree calibrated r15mm (AdQSM 999) [calmethod=regression-perorder]_seg50-500-k100-wlen,10.641726,4.019673,6.622053,,0.574466,28.810183,-0.000200,27.454148,674.816373,none,9802,,,,,,,,,999,15.000000,50.000000,500.000000,100.000000,regression-perorder,,,
B21_S07,AdTree raw r20mm_seg50-500-k100,11.663348,3.958754,7.704595,,0.582831,28.462233,0.000000,26.942520,505.704729,none,6981,,,,,,,,,,20.000000,50.000000,500.000000,100.000000,,,,
B21_S07,AdTree calibrated r20mm (AdQSM 999) [calref=min5mm]_seg50-500-k100,9.855507,4.018234,5.837273,,0.574466,28.462233,-0.000200,26.942520,505.704729,none,6981,,,,,,,,,999,20.000000,50.000000,500.000000,100.000000,min5mm,,,
B21_S07,AdTree calibrated r20mm (AdQSM 999) [calmethod=regression-perorder]_seg50-500-k100,21.453659,4.018234,17.435425,,0.574466,28.462233,-0.000200,26.942520,505.704729,none,6981,,,,,,,,,999,20.000000,50.000000,500.000000,100.000000,regression-perorder,,,
B21_S07,AdTree raw r20mm_seg50-500-k100-wlen,11.663348,3.958754,7.704595,,0.582831,28.462233,0.000000,26.942520,505.704729,none,6981,,,,,,,,,,20.000000,50.000000,500.000000,100.000000,,,,
B21_S07,AdTree calibrated r20mm (AdQSM 999) [calref=min5mm]_seg50-500-k100-wlen,7.790559,4.018234,3.772325,,0.574466,28.462233,-0.000200,26.942520,505.704729,none,6981,,,,,,,,,999,20.000000,50.000000,500.000000,100.000000,min5mm,,,
B21_S07,AdTree calibrated r20mm (AdQSM 999) [calmethod=regression-perorder]_seg50-500-k100-wlen,10.511650,4.018234,6.493416,,0.574466,28.462233,-0.000200,26.942520,505.704729,none,6981,,,,,,,,,999,20.000000,50.000000,500.000000,100.000000,regression-perorder,,,
B21_S07,AdTree raw r5mm_seg65-500-k50,12.299271,3.965114,8.334158,,0.582831,29.454803,0.000000,27.854376,2011.255538,none,30723,,,,,,,,,,5.000000,65.000000,500.000000,50.000000,,,,
B21_S07,AdTree calibrated r5mm (AdQSM 999) [calref=min5mm]_seg65-500-k50,9.743950,4.025722,5.718228,,0.574466,29.454803,-0.000188,27.854376,2011.255538,none,30723,,,,,,,,,999,5.000000,65.000000,500.000000,50.000000,min5mm,,,
B21_S07,AdTree calibrated r5mm (AdQSM 999) [calmethod=regression-perorder]_seg65-500-k50,13.704283,4.025722,9.678561,,0.574466,29.454803,-0.000188,27.854376,2011.255538,none,30723,,,,,,,,,999,5.000000,65.000000,500.000000,50.000000,regression-perorder,,,
B21_S07,AdTree raw r5mm_seg65-500-k50-wlen,12.299271,3.965114,8.334158,,0.582831,29.454803,0.000000,27.854376,2011.255538,none,30723,,,,,,,,,,5.000000,65.000000,500.000000,50.000000,,,,
B21_S07,AdTree calibrated r5mm (AdQSM 999) [calref=min5mm]_seg65-500-k50-wlen,7.938765,4.025722,3.913042,,0.574466,29.454803,-0.000188,27.854376,2011.255538,none,30723,,,,,,,,,999,5.000000,65.000000,500.000000,50.000000,min5mm,,,
B21_S07,AdTree calibrated r5mm (AdQSM 999) [calmethod=regression-perorder]_seg65-500-k50-wlen,10.737828,4.025722,6.712105,,0.574466,29.454803,-0.000188,27.854376,2011.255538,none,30723,,,,,,,,,999,5.000000,65.000000,500.000000,50.000000,regression-perorder,,,
B21_S07,AdTree raw r10mm_seg65-500-k50,12.078224,3.965114,8.113111,,0.582831,28.924823,0.000000,27.854376,997.061249,none,13225,,,,,,,,,,10.000000,65.000000,500.000000,50.000000,,,,
B21_S07,AdTree calibrated r10mm (AdQSM 999) [calref=min5mm]_seg65-500-k50,9.677996,4.025722,5.652274,,0.574466,28.924823,-0.000188,27.854376,997.061249,none,13225,,,,,,,,,999,10.000000,65.000000,500.000000,50.000000,min5mm,,,
B21_S07,AdTree calibrated r10mm (AdQSM 999) [calmethod=regression-perorder]_seg65-500-k50,13.434313,4.025722,9.408591,,0.574466,28.924823,-0.000188,27.854376,997.061249,none,13225,,,,,,,,,999,10.000000,65.000000,500.000000,50.000000,regression-perorder,,,
B21_S07,AdTree raw r10mm_seg65-500-k50-wlen,12.078224,3.965114,8.113111,,0.582831,28.924823,0.000000,27.854376,997.061249,none,13225,,,,,,,,,,10.000000,65.000000,500.000000,50.000000,,,,
B21_S07,AdTree calibrated r10mm (AdQSM 999) [calref=min5mm]_seg65-500-k50-wlen,7.885500,4.025722,3.859778,,0.574466,28.924823,-0.000188,27.854376,997.061249,none,13225,,,,,,,,,999,10.000000,65.000000,500.000000,50.000000,min5mm,,,
B21_S07,AdTree calibrated r10mm (AdQSM 999) [calmethod=regression-perorder]_seg65-500-k50-wlen,10.504491,4.025722,6.478769,,0.574466,28.924823,-0.000188,27.854376,997.061249,none,13225,,,,,,,,,999,10.000000,65.000000,500.000000,50.000000,regression-perorder,,,
B21_S07,AdTree raw r15mm_seg65-500-k50,11.887616,3.964865,7.922751,,0.582831,28.810183,0.000000,27.459159,673.898216,none,8264,,,,,,,,,,15.000000,65.000000,500.000000,50.000000,,,,
B21_S07,AdTree calibrated r15mm (AdQSM 999) [calref=min5mm]_seg65-500-k50,9.616733,4.024611,5.592123,,0.574466,28.810183,-0.000188,27.459159,673.898216,none,8264,,,,,,,,,999,15.000000,65.000000,500.000000,50.000000,min5mm,,,
B21_S07,AdTree calibrated r15mm (AdQSM 999) [calmethod=regression-perorder]_seg65-500-k50,13.255217,4.024611,9.230606,,0.574466,28.810183,-0.000188,27.459159,673.898216,none,8264,,,,,,,,,999,15.000000,65.000000,500.000000,50.000000,regression-perorder,,,
B21_S07,AdTree raw r15mm_seg65-500-k50-wlen,11.887616,3.964865,7.922751,,0.582831,28.810183,0.000000,27.459159,673.898216,none,8264,,,,,,,,,,15.000000,65.000000,500.000000,50.000000,,,,
B21_S07,AdTree calibrated r15mm (AdQSM 999) [calref=min5mm]_seg65-500-k50-wlen,7.839264,4.024611,3.814653,,0.574466,28.810183,-0.000188,27.459159,673.898216,none,8264,,,,,,,,,999,15.000000,65.000000,500.000000,50.000000,min5mm,,,
B21_S07,AdTree calibrated r15mm (AdQSM 999) [calmethod=regression-perorder]_seg65-500-k50-wlen,10.359912,4.024611,6.335302,,0.574466,28.810183,-0.000188,27.459159,673.898216,none,8264,,,,,,,,,999,15.000000,65.000000,500.000000,50.000000,regression-perorder,,,
B21_S07,AdTree raw r20mm_seg65-500-k50,11.684139,3.964374,7.719765,,0.582831,28.462233,0.000000,26.976070,505.359477,none,5915,,,,,,,,,,20.000000,65.000000,500.000000,50.000000,,,,
B21_S07,AdTree calibrated r20mm (AdQSM 999) [calref=min5mm]_seg65-500-k50,9.533468,4.023252,5.510216,,0.574466,28.462233,-0.000188,26.976070,505.359477,none,5915,,,,,,,,,999,20.000000,65.000000,500.000000,50.000000,min5mm,,,
B21_S07,AdTree calibrated r20mm (AdQSM 999) [calmethod=regression-perorder]_seg65-500-k50,13.081138,4.023252,9.057886,,0.574466,28.462233,-0.000188,26.976070,505.359477,none,5915,,,,,,,,,999,20.000000,65.000000,500.000000,50.000000,regression-perorder,,,
B21_S07,AdTree raw r20mm_seg65-500-k50-wlen,11.684139,3.964374,7.719765,,0.582831,28.462233,0.000000,26.976070,505.359477,none,5915,,,,,,,,,,20.000000,65.000000,500.000000,50.000000,,,,
B21_S07,AdTree calibrated r20mm (AdQSM 999) [calref=min5mm]_seg65-500-k50-wlen,7.778472,4.023252,3.755220,,0.574466,28.462233,-0.000188,26.976070,505.359477,none,5915,,,,,,,,,999,20.000000,65.000000,500.000000,50.000000,min5mm,,,
B21_S07,AdTree calibrated r20mm (AdQSM 999) [calmethod=regression-perorder]_seg65-500-k50-wlen,10.229246,4.023252,6.205994,,0.574466,28.462233,-0.000188,26.976070,505.359477,none,5915,,,,,,,,,999,20.000000,65.000000,500.000000,50.000000,regression-perorder,,,
B21_S07,AdTree raw r5mm_seg65-500-k80,12.285373,3.960897,8.324476,,0.582831,29.454803,0.000000,27.832641,2011.159555,none,30550,,,,,,,,,,5.000000,65.000000,500.000000,80.000000,,,,
B21_S07,AdTree calibrated r5mm (AdQSM 999) [calref=min5mm]_seg65-500-k80,10.095921,4.022016,6.073905,,0.574466,29.454803,-0.000172,27.832641,2011.159555,none,30550,,,,,,,,,999,5.000000,65.000000,500.000000,80.000000,min5mm,,,
B21_S07,AdTree calibrated r5mm (AdQSM 999) [calmethod=regression-perorder]_seg65-500-k80,15.439286,4.022016,11.417270,,0.574466,29.454803,-0.000172,27.832641,2011.159555,none,30550,,,,,,,,,999,5.000000,65.000000,500.000000,80.000000,regression-perorder,,,
B21_S07,AdTree raw r5mm_seg65-500-k80-wlen,12.285373,3.960897,8.324476,,0.582831,29.454803,0.000000,27.832641,2011.159555,none,30550,,,,,,,,,,5.000000,65.000000,500.000000,80.000000,,,,
B21_S07,AdTree calibrated r5mm (AdQSM 999) [calref=min5mm]_seg65-500-k80-wlen,7.931020,4.022016,3.909004,,0.574466,29.454803,-0.000172,27.832641,2011.159555,none,30550,,,,,,,,,999,5.000000,65.000000,500.000000,80.000000,min5mm,,,
B21_S07,AdTree calibrated r5mm (AdQSM 999) [calmethod=regression-perorder]_seg65-500-k80-wlen,10.735416,4.022016,6.713400,,0.574466,29.454803,-0.000172,27.832641,2011.159555,none,30550,,,,,,,,,999,5.000000,65.000000,500.000000,80.000000,regression-perorder,,,
B21_S07,AdTree raw r10mm_seg65-500-k80,12.064326,3.960897,8.103429,,0.582831,28.924823,0.000000,27.832641,996.965267,none,13052,,,,,,,,,,10.000000,65.000000,500.000000,80.000000,,,,
B21_S07,AdTree calibrated r10mm (AdQSM 999) [calref=min5mm]_seg65-500-k80,10.028847,4.022016,6.006831,,0.574466,28.924823,-0.000172,27.832641,996.965267,none,13052,,,,,,,,,999,10.000000,65.000000,500.000000,80.000000,min5mm,,,
B21_S07,AdTree calibrated r10mm (AdQSM 999) [calmethod=regression-perorder]_seg65-500-k80,15.167202,4.022016,11.145186,,0.574466,28.924823,-0.000172,27.832641,996.965267,none,13052,,,,,,,,,999,10.000000,65.000000,500.000000,80.000000,regression-perorder,,,
B21_S07,AdTree raw r10mm_seg65-500-k80-wlen,12.064326,3.960897,8.103429,,0.582831,28.924823,0.000000,27.832641,996.965267,none,13052,,,,,,,,,,10.000000,65.000000,500.000000,80.000000,,,,
B21_S07,AdTree calibrated r10mm (AdQSM 999) [calref=min5mm]_seg65-500-k80-wlen,7.877747,4.022016,3.855731,,0.574466,28.924823,-0.000172,27.832641,996.965267,none,13052,,,,,,,,,999,10.000000,65.000000,500.000000,80.000000,min5mm,,,
B21_S07,AdTree calibrated r10mm (AdQSM 999) [calmethod=regression-perorder]_seg65-500-k80-wlen,10.502071,4.022016,6.480055,,0.574466,28.924823,-0.000172,27.832641,996.965267,none,13052,,,,,,,,,999,10.000000,65.000000,500.000000,80.000000,regression-perorder,,,
B21_S07,AdTree raw r15mm_seg65-500-k80,11.873717,3.960647,7.913070,,0.582831,28.810183,0.000000,27.437425,673.802233,none,8091,,,,,,,,,,15.000000,65.000000,500.000000,80.000000,,,,
B21_S07,AdTree calibrated r15mm (AdQSM 999) [calref=min5mm]_seg65-500-k80,9.965878,4.020904,5.944974,,0.574466,28.810183,-0.000172,27.437425,673.802233,none,8091,,,,,,,,,999,15.000000,65.000000,500.000000,80.000000,min5mm,,,
B21_S07,AdTree calibrated r15mm (AdQSM 999) [calmethod=regression-perorder]_seg65-500-k80,14.984942,4.020904,10.964038,,0.574466,28.810183,-0.000172,27.437425,673.802233,none,8091,,,,,,,,,999,15.000000,65.000000,500.000000,80.000000,regression-perorder,,,
B21_S07,AdTree raw r15mm_seg65-500-k80-wlen,11.873717,3.960647,7.913070,,0.582831,28.810183,0.000000,27.437425,673.802233,none,8091,,,,,,,,,,15.000000,65.000000,500.000000,80.000000,,,,
B21_S07,AdTree calibrated r15mm (AdQSM 999) [calref=min5mm]_seg65-500-k80-wlen,7.831495,4.020904,3.810591,,0.574466,28.810183,-0.000172,27.437425,673.802233,none,8091,,,,,,,,,999,15.000000,65.000000,500.000000,80.000000,min5mm,,,
B21_S07,AdTree calibrated r15mm (AdQSM 999) [calmethod=regression-perorder]_seg65-500-k80-wlen,10.357482,4.020904,6.336577,,0.574466,28.810183,-0.000172,27.437425,673.802233,none,8091,,,,,,,,,999,15.000000,65.000000,500.000000,80.000000,regression-perorder,,,
B21_S07,AdTree raw r20mm_seg65-500-k80,11.670240,3.960157,7.710083,,0.582831,28.462233,0.000000,26.954335,505.263494,none,5742,,,,,,,,,,20.000000,65.000000,500.000000,80.000000,,,,
B21_S07,AdTree calibrated r20mm (AdQSM 999) [calref=min5mm]_seg65-500-k80,9.879062,4.019545,5.859516,,0.574466,28.462233,-0.000172,26.954335,505.263494,none,5742,,,,,,,,,999,20.000000,65.000000,500.000000,80.000000,min5mm,,,
B21_S07,AdTree calibrated r20mm (AdQSM 999) [calmethod=regression-perorder]_seg65-500-k80,14.804467,4.019545,10.784922,,0.574466,28.462233,-0.000172,26.954335,505.263494,none,5742,,,,,,,,,999,20.000000,65.000000,500.000000,80.000000,regression-perorder,,,
B21_S07,AdTree raw r20mm_seg65-500-k80-wlen,11.670240,3.960157,7.710083,,0.582831,28.462233,0.000000,26.954335,505.263494,none,5742,,,,,,,,,,20.000000,65.000000,500.000000,80.000000,,,,
B21_S07,AdTree calibrated r20mm (AdQSM 999) [calref=min5mm]_seg65-500-k80-wlen,7.770657,4.019545,3.751111,,0.574466,28.462233,-0.000172,26.954335,505.263494,none,5742,,,,,,,,,999,20.000000,65.000000,500.000000,80.000000,min5mm,,,
B21_S07,AdTree calibrated r20mm (AdQSM 999) [calmethod=regression-perorder]_seg65-500-k80-wlen,10.226787,4.019545,6.207242,,0.574466,28.462233,-0.000172,26.954335,505.263494,none,5742,,,,,,,,,999,20.000000,65.000000,500.000000,80.000000,regression-perorder,,,
B21_S07,AdTree raw r5mm_seg65-500-k100,12.275560,3.959474,8.316086,,0.582831,29.454803,0.000000,27.815240,2011.041809,none,30390,,,,,,,,,,5.000000,65.000000,500.000000,100.000000,,,,
B21_S07,AdTree calibrated r5mm (AdQSM 999) [calref=min5mm]_seg65-500-k100,10.377465,4.020635,6.356830,,0.574466,29.454803,-0.000200,27.815240,2011.041809,none,30390,,,,,,,,,999,5.000000,65.000000,500.000000,100.000000,min5mm,,,
B21_S07,AdTree calibrated r5mm (AdQSM 999) [calmethod=regression-perorder]_seg65-500-k100,17.962424,4.020635,13.941789,,0.574466,29.454803,-0.000200,27.815240,2011.041809,none,30390,,,,,,,,,999,5.000000,65.000000,500.000000,100.000000,regression-perorder,,,
B21_S07,AdTree raw r5mm_seg65-500-k100-wlen,12.275560,3.959474,8.316086,,0.582831,29.454803,0.000000,27.815240,2011.041809,none,30390,,,,,,,,,,5.000000,65.000000,500.000000,100.000000,,,,
B21_S07,AdTree calibrated r5mm (AdQSM 999) [calref=min5mm]_seg65-500-k100-wlen,7.945365,4.020635,3.924730,,0.574466,29.454803,-0.000200,27.815240,2011.041809,none,30390,,,,,,,,,999,5.000000,65.000000,500.000000,100.000000,min5mm,,,
B21_S07,AdTree calibrated r5mm (AdQSM 999) [calmethod=regression-perorder]_seg65-500-k100-wlen,10.752879,4.020635,6.732244,,0.574466,29.454803,-0.000200,27.815240,2011.041809,none,30390,,,,,,,,,999,5.000000,65.000000,500.000000,100.000000,regression-perorder,,,
B21_S07,AdTree raw r10mm_seg65-500-k100,12.054513,3.959474,8.095039,,0.582831,28.924823,0.000000,27.815240,996.847520,none,12892,,,,,,,,,,10.000000,65.000000,500.000000,100.000000,,,,
B21_S07,AdTree calibrated r10mm (AdQSM 999) [calref=min5mm]_seg65-500-k100,10.309383,4.020635,6.288748,,0.574466,28.924823,-0.000200,27.815240,996.847520,none,12892,,,,,,,,,999,10.000000,65.000000,500.000000,100.000000,min5mm,,,
B21_S07,AdTree calibrated r10mm (AdQSM 999) [calmethod=regression-perorder]_seg65-500-k100,17.688599,4.020635,13.667964,,0.574466,28.924823,-0.000200,27.815240,996.847520,none,12892,,,,,,,,,999,10.000000,65.000000,500.000000,100.000000,regression-perorder,,,
B21_S07,AdTree raw r10mm_seg65-500-k100-wlen,12.054513,3.959474,8.095039,,0.582831,28.924823,0.000000,27.815240,996.847520,none,12892,,,,,,,,,,10.000000,65.000000,500.000000,100.000000,,,,
B21_S07,AdTree calibrated r10mm (AdQSM 999) [calref=min5mm]_seg65-500-k100-wlen,7.892051,4.020635,3.871416,,0.574466,28.924823,-0.000200,27.815240,996.847520,none,12892,,,,,,,,,999,10.000000,65.000000,500.000000,100.000000,min5mm,,,
B21_S07,AdTree calibrated r10mm (AdQSM 999) [calmethod=regression-perorder]_seg65-500-k100-wlen,10.519524,4.020635,6.498889,,0.574466,28.924823,-0.000200,27.815240,996.847520,none,12892,,,,,,,,,999,10.000000,65.000000,500.000000,100.000000,regression-perorder,,,
B21_S07,AdTree raw r15mm_seg65-500-k100,11.863910,3.959224,7.904686,,0.582831,28.810183,0.000000,27.420023,673.675005,none,7930,,,,,,,,,,15.000000,65.000000,500.000000,100.000000,,,,
B21_S07,AdTree calibrated r15mm (AdQSM 999) [calref=min5mm]_seg65-500-k100,10.244956,4.019523,6.225433,,0.574466,28.810183,-0.000200,27.420023,673.675005,none,7930,,,,,,,,,999,15.000000,65.000000,500.000000,100.000000,min5mm,,,
B21_S07,AdTree calibrated r15mm (AdQSM 999) [calmethod=regression-perorder]_seg65-500-k100,17.503712,4.019523,13.484189,,0.574466,28.810183,-0.000200,27.420023,673.675005,none,7930,,,,,,,,,999,15.000000,65.000000,500.000000,100.000000,regression-perorder,,,
B21_S07,AdTree raw r15mm_seg65-500-k100-wlen,11.863910,3.959224,7.904686,,0.582831,28.810183,0.000000,27.420023,673.675005,none,7930,,,,,,,,,,15.000000,65.000000,500.000000,100.000000,,,,
B21_S07,AdTree calibrated r15mm (AdQSM 999) [calref=min5mm]_seg65-500-k100-wlen,7.845740,4.019523,3.826217,,0.574466,28.810183,-0.000200,27.420023,673.675005,none,7930,,,,,,,,,999,15.000000,65.000000,500.000000,100.000000,min5mm,,,
B21_S07,AdTree calibrated r15mm (AdQSM 999) [calmethod=regression-perorder]_seg65-500-k100-wlen,10.374947,4.019523,6.355424,,0.574466,28.810183,-0.000200,27.420023,673.675005,none,7930,,,,,,,,,999,15.000000,65.000000,500.000000,100.000000,regression-perorder,,,
B21_S07,AdTree raw r20mm_seg65-500-k100,11.660427,3.958734,7.701693,,0.582831,28.462233,0.000000,26.936934,505.145748,none,5582,,,,,,,,,,20.000000,65.000000,500.000000,100.000000,,,,
B21_S07,AdTree calibrated r20mm (AdQSM 999) [calref=min5mm]_seg65-500-k100,10.155241,4.018164,6.137077,,0.574466,28.462233,-0.000200,26.936934,505.145748,none,5582,,,,,,,,,999,20.000000,65.000000,500.000000,100.000000,min5mm,,,
B21_S07,AdTree calibrated r20mm (AdQSM 999) [calmethod=regression-perorder]_seg65-500-k100,17.316944,4.018164,13.298780,,0.574466,28.462233,-0.000200,26.936934,505.145748,none,5582,,,,,,,,,999,20.000000,65.000000,500.000000,100.000000,regression-perorder,,,
B21_S07,AdTree raw r20mm_seg65-500-k100-wlen,11.660427,3.958734,7.701693,,0.582831,28.462233,0.000000,26.936934,505.145748,none,5582,,,,,,,,,,20.000000,65.000000,500.000000,100.000000,,,,
B21_S07,AdTree calibrated r20mm (AdQSM 999) [calref=min5mm]_seg65-500-k100-wlen,7.784671,4.018164,3.766507,,0.574466,28.462233,-0.000200,26.936934,505.145748,none,5582,,,,,,,,,999,20.000000,65.000000,500.000000,100.000000,min5mm,,,
B21_S07,AdTree calibrated r20mm (AdQSM 999) [calmethod=regression-perorder]_seg65-500-k100-wlen,10.244218,4.018164,6.226053,,0.574466,28.462233,-0.000200,26.936934,505.145748,none,5582,,,,,,,,,999,20.000000,65.000000,500.000000,100.000000,regression-perorder,,,
B21_S07,"TreeQSM mine (aut_mo9_sr005_ri0, Optimal)",26.205587,4.390296,21.815292,0.323949,0.648136,29.835230,1.482819,28.255966,2601.649658,none,10943,auto,0.083043,0.027783,0.149478,0.002500,9.000000,0.005000,0.000000,,,,,,,0.034976,0.022853,0.035074
B21_S07,"TreeQSM mine (aut_mo9_sr005_ri0, Simplified (no islands))",26.549091,4.485897,22.063196,,0.648136,29.835230,1.482819,28.255966,2601.649658,none,10999,auto,0.083043,0.027783,0.149478,0.002500,9.000000,0.005000,0.000000,,,,,,,0.034976,0.022853,0.035074
B21_S07,"TreeQSM mine (man_pd08-002-14_mo9_sr005_ri0, Optimal)",14.252291,4.202176,10.050113,0.340592,0.641473,29.898495,1.390922,27.296671,4373.008301,none,35495,manual,0.080000,0.002000,0.140000,0.002500,9.000000,0.005000,0.000000,,,,,,,0.025998,0.033856,0.025837
B21_S07,"TreeQSM mine (man_pd08-002-14_mo9_sr005_ri0, Simplified (no islands))",14.570235,3.908053,10.662182,,0.641473,29.898495,1.390922,27.296671,4373.008301,none,36264,manual,0.080000,0.002000,0.140000,0.002500,9.000000,0.005000,0.000000,,,,,,,0.025998,0.033856,0.025837
B21_S07,"TreeQSM mine (man_pd08-002-14_mo9_sr005_ri1, Optimal)",14.252291,4.202176,10.050113,0.340592,0.641473,29.898495,1.390922,27.296671,4373.008301,none,35495,manual,0.080000,0.002000,0.140000,0.002500,9.000000,0.005000,1.000000,,,,,,,0.025998,0.033856,0.025837
B21_S07,"TreeQSM mine (man_pd08-002-14_mo9_sr005_ri1, Simplified (no islands))",14.636674,3.908053,10.728621,,0.641473,29.898495,1.390922,27.296671,4373.008301,none,19478,manual,0.080000,0.002000,0.140000,0.002500,9.000000,0.005000,1.000000,,,,,,,0.025998,0.033856,0.025837
B21_S07,"TreeQSM mine (man_pd08-002-14_mo9_sr005_ri2, Optimal)",14.252291,4.202176,10.050113,0.340592,0.641473,29.898495,1.390922,27.296671,4373.008301,none,35495,manual,0.080000,0.002000,0.140000,0.002500,9.000000,0.005000,2.000000,,,,,,,0.025998,0.033856,0.025837
B21_S07,"TreeQSM mine (man_pd08-002-14_mo9_sr005_ri2, Simplified (no islands))",14.756924,3.908053,10.848869,,0.641473,29.898495,1.390922,27.296671,4373.008301,none,10918,manual,0.080000,0.002000,0.140000,0.002500,9.000000,0.005000,2.000000,,,,,,,0.025998,0.033856,0.025837
B21_S07,"TreeQSM mine (man_pd08-002-14_mo9_sr005_ri3, Optimal)",14.252291,4.202176,10.050113,0.340592,0.641473,29.898495,1.390922,27.296671,4373.008301,none,35495,manual,0.080000,0.002000,0.140000,0.002500,9.000000,0.005000,3.000000,,,,,,,0.025998,0.033856,0.025837
B21_S07,"TreeQSM mine (man_pd08-002-14_mo9_sr005_ri3, Simplified (no islands))",15.006465,3.908054,11.098414,,0.641473,29.898495,1.390922,27.296671,4373.008301,none,7052,manual,0.080000,0.002000,0.140000,0.002500,9.000000,0.005000,3.000000,,,,,,,0.025998,0.033856,0.025837
B21_S07,"TreeQSM mine (man_pd08-002-14_mo9_sr010_ri0, Optimal)",14.252291,4.202176,10.050113,0.340592,0.641473,29.898495,1.390922,27.296671,4373.008301,none,35495,manual,0.080000,0.002000,0.140000,0.002500,9.000000,0.010000,0.000000,,,,,,,0.025998,0.033856,0.025837
B21_S07,"TreeQSM mine (man_pd08-002-14_mo9_sr010_ri0, Simplified (no islands))",14.566813,3.908053,10.658758,,0.641473,29.898495,1.390922,27.296671,4373.008301,none,35857,manual,0.080000,0.002000,0.140000,0.002500,9.000000,0.010000,0.000000,,,,,,,0.025998,0.033856,0.025837
B21_S07,"TreeQSM mine (man_pd08-002-14_mo9_sr010_ri1, Optimal)",14.252291,4.202176,10.050113,0.340592,0.641473,29.898495,1.390922,27.296671,4373.008301,none,35495,manual,0.080000,0.002000,0.140000,0.002500,9.000000,0.010000,1.000000,,,,,,,0.025998,0.033856,0.025837
B21_S07,"TreeQSM mine (man_pd08-002-14_mo9_sr010_ri1, Simplified (no islands))",14.633190,3.908053,10.725138,,0.641473,29.898495,1.390922,27.296671,4373.008301,none,19220,manual,0.080000,0.002000,0.140000,0.002500,9.000000,0.010000,1.000000,,,,,,,0.025998,0.033856,0.025837
B21_S07,"TreeQSM mine (man_pd08-002-14_mo9_sr010_ri2, Optimal)",14.252291,4.202176,10.050113,0.340592,0.641473,29.898495,1.390922,27.296671,4373.008301,none,35495,manual,0.080000,0.002000,0.140000,0.002500,9.000000,0.010000,2.000000,,,,,,,0.025998,0.033856,0.025837
B21_S07,"TreeQSM mine (man_pd08-002-14_mo9_sr010_ri2, Simplified (no islands))",14.753339,3.908053,10.845286,,0.641473,29.898495,1.390922,27.296671,4373.008301,none,10762,manual,0.080000,0.002000,0.140000,0.002500,9.000000,0.010000,2.000000,,,,,,,0.025998,0.033856,0.025837
B21_S07,"TreeQSM mine (man_pd08-002-14_mo9_sr010_ri3, Optimal)",14.252291,4.202176,10.050113,0.340592,0.641473,29.898495,1.390922,27.296671,4373.008301,none,35495,manual,0.080000,0.002000,0.140000,0.002500,9.000000,0.010000,3.000000,,,,,,,0.025998,0.033856,0.025837
B21_S07,"TreeQSM mine (man_pd08-002-14_mo9_sr010_ri3, Simplified (no islands))",15.002780,3.908054,11.094725,,0.641473,29.898495,1.390922,27.296671,4373.008301,none,6899,manual,0.080000,0.002000,0.140000,0.002500,9.000000,0.010000,3.000000,,,,,,,0.025998,0.033856,0.025837
B21_S07,"TreeQSM mine (man_pd08-002-14_mo9_sr015_ri0, Optimal)",14.252291,4.202176,10.050113,0.340592,0.641473,29.898495,1.390922,27.296671,4373.008301,none,35495,manual,0.080000,0.002000,0.140000,0.002500,9.000000,0.015000,0.000000,,,,,,,0.025998,0.033856,0.025837
B21_S07,"TreeQSM mine (man_pd08-002-14_mo9_sr015_ri0, Simplified (no islands))",14.552938,3.908053,10.644883,,0.641473,29.898495,1.390922,27.296671,4373.008301,none,35049,manual,0.080000,0.002000,0.140000,0.002500,9.000000,0.015000,0.000000,,,,,,,0.025998,0.033856,0.025837
B21_S07,"TreeQSM mine (man_pd08-002-14_mo9_sr015_ri1, Optimal)",14.252291,4.202176,10.050113,0.340592,0.641473,29.898495,1.390922,27.296671,4373.008301,none,35495,manual,0.080000,0.002000,0.140000,0.002500,9.000000,0.015000,1.000000,,,,,,,0.025998,0.033856,0.025837
B21_S07,"TreeQSM mine (man_pd08-002-14_mo9_sr015_ri1, Simplified (no islands))",14.619055,3.908053,10.711003,,0.641473,29.898495,1.390922,27.296671,4373.008301,none,18717,manual,0.080000,0.002000,0.140000,0.002500,9.000000,0.015000,1.000000,,,,,,,0.025998,0.033856,0.025837
B21_S07,"TreeQSM mine (man_pd08-002-14_mo9_sr015_ri2, Optimal)",14.252291,4.202176,10.050113,0.340592,0.641473,29.898495,1.390922,27.296671,4373.008301,none,35495,manual,0.080000,0.002000,0.140000,0.002500,9.000000,0.015000,2.000000,,,,,,,0.025998,0.033856,0.025837
B21_S07,"TreeQSM mine (man_pd08-002-14_mo9_sr015_ri2, Simplified (no islands))",14.738788,3.908053,10.830736,,0.641473,29.898495,1.390922,27.296671,4373.008301,none,10465,manual,0.080000,0.002000,0.140000,0.002500,9.000000,0.015000,2.000000,,,,,,,0.025998,0.033856,0.025837
B21_S07,"TreeQSM mine (man_pd08-002-14_mo9_sr015_ri3, Optimal)",14.252291,4.202176,10.050113,0.340592,0.641473,29.898495,1.390922,27.296671,4373.008301,none,35495,manual,0.080000,0.002000,0.140000,0.002500,9.000000,0.015000,3.000000,,,,,,,0.025998,0.033856,0.025837
B21_S07,"TreeQSM mine (man_pd08-002-14_mo9_sr015_ri3, Simplified (no islands))",14.987512,3.908054,11.079457,,0.641473,29.898495,1.390922,27.296671,4373.008301,none,6619,manual,0.080000,0.002000,0.140000,0.002500,9.000000,0.015000,3.000000,,,,,,,0.025998,0.033856,0.025837
B21_S07,"TreeQSM mine (man_pd08-002-14_mo9_sr020_ri0, Optimal)",14.252291,4.202176,10.050113,0.340592,0.641473,29.898495,1.390922,27.296671,4373.008301,none,35495,manual,0.080000,0.002000,0.140000,0.002500,9.000000,0.020000,0.000000,,,,,,,0.025998,0.033856,0.025837
B21_S07,"TreeQSM mine (man_pd08-002-14_mo9_sr020_ri0, Simplified (no islands))",14.506827,3.908053,10.598772,,0.641473,29.898495,1.390922,27.296671,4373.008301,none,33560,manual,0.080000,0.002000,0.140000,0.002500,9.000000,0.020000,0.000000,,,,,,,0.025998,0.033856,0.025837
B21_S07,"TreeQSM mine (man_pd08-002-14_mo9_sr020_ri1, Optimal)",14.252291,4.202176,10.050113,0.340592,0.641473,29.898495,1.390922,27.296671,4373.008301,none,35495,manual,0.080000,0.002000,0.140000,0.002500,9.000000,0.020000,1.000000,,,,,,,0.025998,0.033856,0.025837
B21_S07,"TreeQSM mine (man_pd08-002-14_mo9_sr020_ri1, Simplified (no islands))",14.572093,3.908053,10.664038,,0.641473,29.898495,1.390922,27.296671,4373.008301,none,17794,manual,0.080000,0.002000,0.140000,0.002500,9.000000,0.020000,1.000000,,,,,,,0.025998,0.033856,0.025837
B21_S07,"TreeQSM mine (man_pd08-002-14_mo9_sr020_ri2, Optimal)",14.252291,4.202176,10.050113,0.340592,0.641473,29.898495,1.390922,27.296671,4373.008301,none,35495,manual,0.080000,0.002000,0.140000,0.002500,9.000000,0.020000,2.000000,,,,,,,0.025998,0.033856,0.025837
B21_S07,"TreeQSM mine (man_pd08-002-14_mo9_sr020_ri2, Simplified (no islands))",14.690541,3.908053,10.782486,,0.641473,29.898495,1.390922,27.296671,4373.008301,none,9933,manual,0.080000,0.002000,0.140000,0.002500,9.000000,0.020000,2.000000,,,,,,,0.025998,0.033856,0.025837
B21_S07,"TreeQSM mine (man_pd08-002-14_mo9_sr020_ri3, Optimal)",14.252291,4.202176,10.050113,0.340592,0.641473,29.898495,1.390922,27.296671,4373.008301,none,35495,manual,0.080000,0.002000,0.140000,0.002500,9.000000,0.020000,3.000000,,,,,,,0.025998,0.033856,0.025837
B21_S07,"TreeQSM mine (man_pd08-002-14_mo9_sr020_ri3, Simplified (no islands))",14.937045,3.908054,11.028990,,0.641473,29.898495,1.390922,27.296671,4373.008301,none,6135,manual,0.080000,0.002000,0.140000,0.002500,9.000000,0.020000,3.000000,,,,,,,0.025998,0.033856,0.025837
B21_S07,"TreeQSM mine (man_pd08-005-14_mo9_sr005_ri0, Optimal)",15.133825,4.355592,10.778233,0.404171,0.642504,30.007851,1.422263,25.468348,4190.002930,none,32513,manual,0.080000,0.005000,0.140000,0.002500,9.000000,0.005000,0.000000,,,,,,,0.025885,0.033550,0.025720
B21_S07,"TreeQSM mine (man_pd08-005-14_mo9_sr005_ri0, Simplified (no islands))",15.818741,4.361974,11.456768,,0.642504,30.007851,1.422263,25.468348,4190.002930,none,32598,manual,0.080000,0.005000,0.140000,0.002500,9.000000,0.005000,0.000000,,,,,,,0.025885,0.033550,0.025720
B21_S07,"TreeQSM mine (man_pd08-005-14_mo9_sr005_ri1, Optimal)",15.133825,4.355592,10.778233,0.404171,0.642504,30.007851,1.422263,25.468348,4190.002930,none,32513,manual,0.080000,0.005000,0.140000,0.002500,9.000000,0.005000,1.000000,,,,,,,0.025885,0.033550,0.025720
B21_S07,"TreeQSM mine (man_pd08-005-14_mo9_sr005_ri1, Simplified (no islands))",15.907100,4.361973,11.545127,,0.642504,30.007851,1.422263,25.468348,4190.002930,none,17550,manual,0.080000,0.005000,0.140000,0.002500,9.000000,0.005000,1.000000,,,,,,,0.025885,0.033550,0.025720
B21_S07,"TreeQSM mine (man_pd08-005-14_mo9_sr005_ri2, Optimal)",15.133825,4.355592,10.778233,0.404171,0.642504,30.007851,1.422263,25.468348,4190.002930,none,32513,manual,0.080000,0.005000,0.140000,0.002500,9.000000,0.005000,2.000000,,,,,,,0.025885,0.033550,0.025720
B21_S07,"TreeQSM mine (man_pd08-005-14_mo9_sr005_ri2, Simplified (no islands))",16.046782,4.361973,11.684810,,0.642504,30.007851,1.422263,25.468348,4190.002930,none,9884,manual,0.080000,0.005000,0.140000,0.002500,9.000000,0.005000,2.000000,,,,,,,0.025885,0.033550,0.025720
B21_S07,"TreeQSM mine (man_pd08-005-14_mo9_sr005_ri3, Optimal)",15.133825,4.355592,10.778233,0.404171,0.642504,30.007851,1.422263,25.468348,4190.002930,none,32513,manual,0.080000,0.005000,0.140000,0.002500,9.000000,0.005000,3.000000,,,,,,,0.025885,0.033550,0.025720
B21_S07,"TreeQSM mine (man_pd08-005-14_mo9_sr005_ri3, Simplified (no islands))",16.308352,4.361974,11.946375,,0.642504,30.007851,1.422263,25.468348,4190.002930,none,6523,manual,0.080000,0.005000,0.140000,0.002500,9.000000,0.005000,3.000000,,,,,,,0.025885,0.033550,0.025720
B21_S07,"TreeQSM mine (man_pd08-005-14_mo9_sr010_ri0, Optimal)",15.133825,4.355592,10.778233,0.404171,0.642504,30.007851,1.422263,25.468348,4190.002930,none,32513,manual,0.080000,0.005000,0.140000,0.002500,9.000000,0.010000,0.000000,,,,,,,0.025885,0.033550,0.025720
B21_S07,"TreeQSM mine (man_pd08-005-14_mo9_sr010_ri0, Simplified (no islands))",15.813264,4.361974,11.451289,,0.642504,30.007851,1.422263,25.468348,4190.002930,none,32068,manual,0.080000,0.005000,0.140000,0.002500,9.000000,0.010000,0.000000,,,,,,,0.025885,0.033550,0.025720
B21_S07,"TreeQSM mine (man_pd08-005-14_mo9_sr010_ri1, Optimal)",15.133825,4.355592,10.778233,0.404171,0.642504,30.007851,1.422263,25.468348,4190.002930,none,32513,manual,0.080000,0.005000,0.140000,0.002500,9.000000,0.010000,1.000000,,,,,,,0.025885,0.033550,0.025720
B21_S07,"TreeQSM mine (man_pd08-005-14_mo9_sr010_ri1, Simplified (no islands))",15.901505,4.361973,11.539534,,0.642504,30.007851,1.422263,25.468348,4190.002930,none,17216,manual,0.080000,0.005000,0.140000,0.002500,9.000000,0.010000,1.000000,,,,,,,0.025885,0.033550,0.025720
B21_S07,"TreeQSM mine (man_pd08-005-14_mo9_sr010_ri2, Optimal)",15.133825,4.355592,10.778233,0.404171,0.642504,30.007851,1.422263,25.468348,4190.002930,none,32513,manual,0.080000,0.005000,0.140000,0.002500,9.000000,0.010000,2.000000,,,,,,,0.025885,0.033550,0.025720
B21_S07,"TreeQSM mine (man_pd08-005-14_mo9_sr010_ri2, Simplified (no islands))",16.041180,4.361973,11.679206,,0.642504,30.007851,1.422263,25.468348,4190.002930,none,9675,manual,0.080000,0.005000,0.140000,0.002500,9.000000,0.010000,2.000000,,,,,,,0.025885,0.033550,0.025720
B21_S07,"TreeQSM mine (man_pd08-005-14_mo9_sr010_ri3, Optimal)",15.133825,4.355592,10.778233,0.404171,0.642504,30.007851,1.422263,25.468348,4190.002930,none,32513,manual,0.080000,0.005000,0.140000,0.002500,9.000000,0.010000,3.000000,,,,,,,0.025885,0.033550,0.025720
B21_S07,"TreeQSM mine (man_pd08-005-14_mo9_sr010_ri3, Simplified (no islands))",16.302481,4.361974,11.940510,,0.642504,30.007851,1.422263,25.468348,4190.002930,none,6320,manual,0.080000,0.005000,0.140000,0.002500,9.000000,0.010000,3.000000,,,,,,,0.025885,0.033550,0.025720
B21_S07,"TreeQSM mine (man_pd08-005-14_mo9_sr015_ri0, Optimal)",15.133825,4.355592,10.778233,0.404171,0.642504,30.007851,1.422263,25.468348,4190.002930,none,32513,manual,0.080000,0.005000,0.140000,0.002500,9.000000,0.015000,0.000000,,,,,,,0.025885,0.033550,0.025720
B21_S07,"TreeQSM mine (man_pd08-005-14_mo9_sr015_ri0, Simplified (no islands))",15.799625,4.361974,11.437650,,0.642504,30.007851,1.422263,25.468348,4190.002930,none,31377,manual,0.080000,0.005000,0.140000,0.002500,9.000000,0.015000,0.000000,,,,,,,0.025885,0.033550,0.025720
B21_S07,"TreeQSM mine (man_pd08-005-14_mo9_sr015_ri1, Optimal)",15.133825,4.355592,10.778233,0.404171,0.642504,30.007851,1.422263,25.468348,4190.002930,none,32513,manual,0.080000,0.005000,0.140000,0.002500,9.000000,0.015000,1.000000,,,,,,,0.025885,0.033550,0.025720
B21_S07,"TreeQSM mine (man_pd08-005-14_mo9_sr015_ri1, Simplified (no islands))",15.887533,4.361973,11.525559,,0.642504,30.007851,1.422263,25.468348,4190.002930,none,16782,manual,0.080000,0.005000,0.140000,0.002500,9.000000,0.015000,1.000000,,,,,,,0.025885,0.033550,0.025720
B21_S07,"TreeQSM mine (man_pd08-005-14_mo9_sr015_ri2, Optimal)",15.133825,4.355592,10.778233,0.404171,0.642504,30.007851,1.422263,25.468348,4190.002930,none,32513,manual,0.080000,0.005000,0.140000,0.002500,9.000000,0.015000,2.000000,,,,,,,0.025885,0.033550,0.025720
B21_S07,"TreeQSM mine (man_pd08-005-14_mo9_sr015_ri2, Simplified (no islands))",16.026993,4.361973,11.665022,,0.642504,30.007851,1.422263,25.468348,4190.002930,none,9416,manual,0.080000,0.005000,0.140000,0.002500,9.000000,0.015000,2.000000,,,,,,,0.025885,0.033550,0.025720
B21_S07,"TreeQSM mine (man_pd08-005-14_mo9_sr015_ri3, Optimal)",15.133825,4.355592,10.778233,0.404171,0.642504,30.007851,1.422263,25.468348,4190.002930,none,32513,manual,0.080000,0.005000,0.140000,0.002500,9.000000,0.015000,3.000000,,,,,,,0.025885,0.033550,0.025720
B21_S07,"TreeQSM mine (man_pd08-005-14_mo9_sr015_ri3, Simplified (no islands))",16.287724,4.361974,11.925751,,0.642504,30.007851,1.422263,25.468348,4190.002930,none,6076,manual,0.080000,0.005000,0.140000,0.002500,9.000000,0.015000,3.000000,,,,,,,0.025885,0.033550,0.025720
B21_S07,"TreeQSM mine (man_pd08-005-14_mo9_sr020_ri0, Optimal)",15.133825,4.355592,10.778233,0.404171,0.642504,30.007851,1.422263,25.468348,4190.002930,none,32513,manual,0.080000,0.005000,0.140000,0.002500,9.000000,0.020000,0.000000,,,,,,,0.025885,0.033550,0.025720
B21_S07,"TreeQSM mine (man_pd08-005-14_mo9_sr020_ri0, Simplified (no islands))",15.752988,4.361974,11.391015,,0.642504,30.007851,1.422263,25.468348,4190.002930,none,29924,manual,0.080000,0.005000,0.140000,0.002500,9.000000,0.020000,0.000000,,,,,,,0.025885,0.033550,0.025720
B21_S07,"TreeQSM mine (man_pd08-005-14_mo9_sr020_ri1, Optimal)",15.133825,4.355592,10.778233,0.404171,0.642504,30.007851,1.422263,25.468348,4190.002930,none,32513,manual,0.080000,0.005000,0.140000,0.002500,9.000000,0.020000,1.000000,,,,,,,0.025885,0.033550,0.025720
B21_S07,"TreeQSM mine (man_pd08-005-14_mo9_sr020_ri1, Simplified (no islands))",15.840092,4.361973,11.478117,,0.642504,30.007851,1.422263,25.468348,4190.002930,none,15877,manual,0.080000,0.005000,0.140000,0.002500,9.000000,0.020000,1.000000,,,,,,,0.025885,0.033550,0.025720
B21_S07,"TreeQSM mine (man_pd08-005-14_mo9_sr020_ri2, Optimal)",15.133825,4.355592,10.778233,0.404171,0.642504,30.007851,1.422263,25.468348,4190.002930,none,32513,manual,0.080000,0.005000,0.140000,0.002500,9.000000,0.020000,2.000000,,,,,,,0.025885,0.033550,0.025720
B21_S07,"TreeQSM mine (man_pd08-005-14_mo9_sr020_ri2, Simplified (no islands))",15.977867,4.361973,11.615894,,0.642504,30.007851,1.422263,25.468348,4190.002930,none,8885,manual,0.080000,0.005000,0.140000,0.002500,9.000000,0.020000,2.000000,,,,,,,0.025885,0.033550,0.025720
B21_S07,"TreeQSM mine (man_pd08-005-14_mo9_sr020_ri3, Optimal)",15.133825,4.355592,10.778233,0.404171,0.642504,30.007851,1.422263,25.468348,4190.002930,none,32513,manual,0.080000,0.005000,0.140000,0.002500,9.000000,0.020000,3.000000,,,,,,,0.025885,0.033550,0.025720
B21_S07,"TreeQSM mine (man_pd08-005-14_mo9_sr020_ri3, Simplified (no islands))",16.236786,4.361974,11.874814,,0.642504,30.007851,1.422263,25.468348,4190.002930,none,5589,manual,0.080000,0.005000,0.140000,0.002500,9.000000,0.020000,3.000000,,,,,,,0.025885,0.033550,0.025720
B21_S07,"TreeQSM mine (man_pd08-01-14_mo9_sr005_ri0, Optimal)",17.008945,4.266846,12.742098,0.280887,0.641505,29.927765,1.389158,28.181995,4134.219727,none,31194,manual,0.080000,0.010000,0.140000,0.002500,9.000000,0.005000,0.000000,,,,,,,0.024983,0.029878,0.024889
B21_S07,"TreeQSM mine (man_pd08-01-14_mo9_sr005_ri0, Simplified (no islands))",16.926517,4.343756,12.582762,,0.641505,29.927765,1.389158,28.181995,4134.219727,none,31923,manual,0.080000,0.010000,0.140000,0.002500,9.000000,0.005000,0.000000,,,,,,,0.024983,0.029878,0.024889
B21_S07,"TreeQSM mine (man_pd08-01-14_mo9_sr005_ri1, Optimal)",17.008945,4.266846,12.742098,0.280887,0.641505,29.927765,1.389158,28.181995,4134.219727,none,31194,manual,0.080000,0.010000,0.140000,0.002500,9.000000,0.005000,1.000000,,,,,,,0.024983,0.029878,0.024889
B21_S07,"TreeQSM mine (man_pd08-01-14_mo9_sr005_ri1, Simplified (no islands))",17.015511,4.343755,12.671755,,0.641505,29.927765,1.389158,28.181995,4134.219727,none,17273,manual,0.080000,0.010000,0.140000,0.002500,9.000000,0.005000,1.000000,,,,,,,0.024983,0.029878,0.024889
B21_S07,"TreeQSM mine (man_pd08-01-14_mo9_sr005_ri2, Optimal)",17.008945,4.266846,12.742098,0.280887,0.641505,29.927765,1.389158,28.181995,4134.219727,none,31194,manual,0.080000,0.010000,0.140000,0.002500,9.000000,0.005000,2.000000,,,,,,,0.024983,0.029878,0.024889
B21_S07,"TreeQSM mine (man_pd08-01-14_mo9_sr005_ri2, Simplified (no islands))",17.179825,4.343755,12.836068,,0.641505,29.927765,1.389158,28.181995,4134.219727,none,9785,manual,0.080000,0.010000,0.140000,0.002500,9.000000,0.005000,2.000000,,,,,,,0.024983,0.029878,0.024889
B21_S07,"TreeQSM mine (man_pd08-01-14_mo9_sr005_ri3, Optimal)",17.008945,4.266846,12.742098,0.280887,0.641505,29.927765,1.389158,28.181995,4134.219727,none,31194,manual,0.080000,0.010000,0.140000,0.002500,9.000000,0.005000,3.000000,,,,,,,0.024983,0.029878,0.024889
B21_S07,"TreeQSM mine (man_pd08-01-14_mo9_sr005_ri3, Simplified (no islands))",17.436716,4.343755,13.092964,,0.641505,29.927765,1.389158,28.181995,4134.219727,none,6541,manual,0.080000,0.010000,0.140000,0.002500,9.000000,0.005000,3.000000,,,,,,,0.024983,0.029878,0.024889
B21_S07,"TreeQSM mine (man_pd08-01-14_mo9_sr010_ri0, Optimal)",17.008945,4.266846,12.742098,0.280887,0.641505,29.927765,1.389158,28.181995,4134.219727,none,31194,manual,0.080000,0.010000,0.140000,0.002500,9.000000,0.010000,0.000000,,,,,,,0.024983,0.029878,0.024889
B21_S07,"TreeQSM mine (man_pd08-01-14_mo9_sr010_ri0, Simplified (no islands))",16.923422,4.343756,12.579666,,0.641505,29.927765,1.389158,28.181995,4134.219727,none,31521,manual,0.080000,0.010000,0.140000,0.002500,9.000000,0.010000,0.000000,,,,,,,0.024983,0.029878,0.024889
B21_S07,"TreeQSM mine (man_pd08-01-14_mo9_sr010_ri1, Optimal)",17.008945,4.266846,12.742098,0.280887,0.641505,29.927765,1.389158,28.181995,4134.219727,none,31194,manual,0.080000,0.010000,0.140000,0.002500,9.000000,0.010000,1.000000,,,,,,,0.024983,0.029878,0.024889
B21_S07,"TreeQSM mine (man_pd08-01-14_mo9_sr010_ri1, Simplified (no islands))",17.012358,4.343755,12.668604,,0.641505,29.927765,1.389158,28.181995,4134.219727,none,17016,manual,0.080000,0.010000,0.140000,0.002500,9.000000,0.010000,1.000000,,,,,,,0.024983,0.029878,0.024889
B21_S07,"TreeQSM mine (man_pd08-01-14_mo9_sr010_ri2, Optimal)",17.008945,4.266846,12.742098,0.280887,0.641505,29.927765,1.389158,28.181995,4134.219727,none,31194,manual,0.080000,0.010000,0.140000,0.002500,9.000000,0.010000,2.000000,,,,,,,0.024983,0.029878,0.024889
B21_S07,"TreeQSM mine (man_pd08-01-14_mo9_sr010_ri2, Simplified (no islands))",17.176605,4.343755,12.832850,,0.641505,29.927765,1.389158,28.181995,4134.219727,none,9637,manual,0.080000,0.010000,0.140000,0.002500,9.000000,0.010000,2.000000,,,,,,,0.024983,0.029878,0.024889
B21_S07,"TreeQSM mine (man_pd08-01-14_mo9_sr010_ri3, Optimal)",17.008945,4.266846,12.742098,0.280887,0.641505,29.927765,1.389158,28.181995,4134.219727,none,31194,manual,0.080000,0.010000,0.140000,0.002500,9.000000,0.010000,3.000000,,,,,,,0.024983,0.029878,0.024889
B21_S07,"TreeQSM mine (man_pd08-01-14_mo9_sr010_ri3, Simplified (no islands))",17.433437,4.343755,13.089683,,0.641505,29.927765,1.389158,28.181995,4134.219727,none,6395,manual,0.080000,0.010000,0.140000,0.002500,9.000000,0.010000,3.000000,,,,,,,0.024983,0.029878,0.024889
B21_S07,"TreeQSM mine (man_pd08-01-14_mo9_sr015_ri0, Optimal)",17.008945,4.266846,12.742098,0.280887,0.641505,29.927765,1.389158,28.181995,4134.219727,none,31194,manual,0.080000,0.010000,0.140000,0.002500,9.000000,0.015000,0.000000,,,,,,,0.024983,0.029878,0.024889
B21_S07,"TreeQSM mine (man_pd08-01-14_mo9_sr015_ri0, Simplified (no islands))",16.909693,4.343756,12.565937,,0.641505,29.927765,1.389158,28.181995,4134.219727,none,30815,manual,0.080000,0.010000,0.140000,0.002500,9.000000,0.015000,0.000000,,,,,,,0.024983,0.029878,0.024889
B21_S07,"TreeQSM mine (man_pd08-01-14_mo9_sr015_ri1, Optimal)",17.008945,4.266846,12.742098,0.280887,0.641505,29.927765,1.389158,28.181995,4134.219727,none,31194,manual,0.080000,0.010000,0.140000,0.002500,9.000000,0.015000,1.000000,,,,,,,0.024983,0.029878,0.024889
B21_S07,"TreeQSM mine (man_pd08-01-14_mo9_sr015_ri1, Simplified (no islands))",16.998472,4.343755,12.654716,,0.641505,29.927765,1.389158,28.181995,4134.219727,none,16574,manual,0.080000,0.010000,0.140000,0.002500,9.000000,0.015000,1.000000,,,,,,,0.024983,0.029878,0.024889
B21_S07,"TreeQSM mine (man_pd08-01-14_mo9_sr015_ri2, Optimal)",17.008945,4.266846,12.742098,0.280887,0.641505,29.927765,1.389158,28.181995,4134.219727,none,31194,manual,0.080000,0.010000,0.140000,0.002500,9.000000,0.015000,2.000000,,,,,,,0.024983,0.029878,0.024889
B21_S07,"TreeQSM mine (man_pd08-01-14_mo9_sr015_ri2, Simplified (no islands))",17.162426,4.343755,12.818668,,0.641505,29.927765,1.389158,28.181995,4134.219727,none,9374,manual,0.080000,0.010000,0.140000,0.002500,9.000000,0.015000,2.000000,,,,,,,0.024983,0.029878,0.024889
B21_S07,"TreeQSM mine (man_pd08-01-14_mo9_sr015_ri3, Optimal)",17.008945,4.266846,12.742098,0.280887,0.641505,29.927765,1.389158,28.181995,4134.219727,none,31194,manual,0.080000,0.010000,0.140000,0.002500,9.000000,0.015000,3.000000,,,,,,,0.024983,0.029878,0.024889
B21_S07,"TreeQSM mine (man_pd08-01-14_mo9_sr015_ri3, Simplified (no islands))",17.418716,4.343755,13.074963,,0.641505,29.927765,1.389158,28.181995,4134.219727,none,6142,manual,0.080000,0.010000,0.140000,0.002500,9.000000,0.015000,3.000000,,,,,,,0.024983,0.029878,0.024889
B21_S07,"TreeQSM mine (man_pd08-01-14_mo9_sr020_ri0, Optimal)",17.008945,4.266846,12.742098,0.280887,0.641505,29.927765,1.389158,28.181995,4134.219727,none,31194,manual,0.080000,0.010000,0.140000,0.002500,9.000000,0.020000,0.000000,,,,,,,0.024983,0.029878,0.024889
B21_S07,"TreeQSM mine (man_pd08-01-14_mo9_sr020_ri0, Simplified (no islands))",16.863110,4.343756,12.519354,,0.641505,29.927765,1.389158,28.181995,4134.219727,none,29475,manual,0.080000,0.010000,0.140000,0.002500,9.000000,0.020000,0.000000,,,,,,,0.024983,0.029878,0.024889
B21_S07,"TreeQSM mine (man_pd08-01-14_mo9_sr020_ri1, Optimal)",17.008945,4.266846,12.742098,0.280887,0.641505,29.927765,1.389158,28.181995,4134.219727,none,31194,manual,0.080000,0.010000,0.140000,0.002500,9.000000,0.020000,1.000000,,,,,,,0.024983,0.029878,0.024889
B21_S07,"TreeQSM mine (man_pd08-01-14_mo9_sr020_ri1, Simplified (no islands))",16.951120,4.343755,12.607366,,0.641505,29.927765,1.389158,28.181995,4134.219727,none,15729,manual,0.080000,0.010000,0.140000,0.002500,9.000000,0.020000,1.000000,,,,,,,0.024983,0.029878,0.024889
B21_S07,"TreeQSM mine (man_pd08-01-14_mo9_sr020_ri2, Optimal)",17.008945,4.266846,12.742098,0.280887,0.641505,29.927765,1.389158,28.181995,4134.219727,none,31194,manual,0.080000,0.010000,0.140000,0.002500,9.000000,0.020000,2.000000,,,,,,,0.024983,0.029878,0.024889
B21_S07,"TreeQSM mine (man_pd08-01-14_mo9_sr020_ri2, Simplified (no islands))",17.113972,4.343755,12.770217,,0.641505,29.927765,1.389158,28.181995,4134.219727,none,8877,manual,0.080000,0.010000,0.140000,0.002500,9.000000,0.020000,2.000000,,,,,,,0.024983,0.029878,0.024889
B21_S07,"TreeQSM mine (man_pd08-01-14_mo9_sr020_ri3, Optimal)",17.008945,4.266846,12.742098,0.280887,0.641505,29.927765,1.389158,28.181995,4134.219727,none,31194,manual,0.080000,0.010000,0.140000,0.002500,9.000000,0.020000,3.000000,,,,,,,0.024983,0.029878,0.024889
B21_S07,"TreeQSM mine (man_pd08-01-14_mo9_sr020_ri3, Simplified (no islands))",17.367903,4.343755,13.024151,,0.641505,29.927765,1.389158,28.181995,4134.219727,none,5673,manual,0.080000,0.010000,0.140000,0.002500,9.000000,0.020000,3.000000,,,,,,,0.024983,0.029878,0.024889
B21_S07,"TreeQSM mine (man_pd08-02-14_mo9_sr015_ri0, Optimal)",22.300867,4.477904,17.822964,0.453445,0.637961,29.884367,1.350252,28.159077,3215.869385,none,18916,manual,0.080000,0.020000,0.140000,0.002500,9.000000,0.015000,0.000000,,,,,,,0.026449,0.023068,0.026479
B21_S07,"TreeQSM mine (man_pd08-02-14_mo9_sr015_ri0, Simplified (no islands))",22.108942,4.443982,17.664961,,0.637961,29.884367,1.350252,28.159077,3215.869385,none,18477,manual,0.080000,0.020000,0.140000,0.002500,9.000000,0.015000,0.000000,,,,,,,0.026449,0.023068,0.026479
B21_S08,AdQSM (TreesParams) (AdQSM 060),1.409770,0.972159,0.437611,,0.344084,25.260000,,26.064000,3498.700000,none,,,,,,,,,,,,,,,,,,
B21_S08,AdTree calibrated r5mm (AdQSM 060) [calref=min5mm]_seg35-500-k50,38.254925,38.099870,0.155055,,0.705528,24.693418,4.909357,14.927155,528.026142,none,11405,,,,,,,,,060,5.000000,35.000000,500.000000,50.000000,min5mm,,,
B21_S08,AdTree calibrated r5mm (AdQSM 060) [calmethod=regression-perorder]_seg35-500-k50,38.435232,38.099870,0.335363,,0.705528,24.693418,4.909357,14.927155,528.026142,none,11405,,,,,,,,,060,5.000000,35.000000,500.000000,50.000000,regression-perorder,,,
B21_S08,AdTree calibrated r5mm (AdQSM 060) [calref=min5mm]_seg35-500-k50-wlen,38.234105,38.099870,0.134236,,0.705528,24.693418,4.909357,14.927155,528.026142,none,11405,,,,,,,,,060,5.000000,35.000000,500.000000,50.000000,min5mm,,,
B21_S08,AdTree calibrated r5mm (AdQSM 060) [calmethod=regression-perorder]_seg35-500-k50-wlen,38.380295,38.099870,0.280426,,0.705528,24.693418,4.909357,14.927155,528.026142,none,11405,,,,,,,,,060,5.000000,35.000000,500.000000,50.000000,regression-perorder,,,
B21_S08,AdTree calibrated r10mm (AdQSM 060) [calref=min5mm]_seg35-500-k50,38.246398,38.098846,0.147552,,0.705528,24.229467,4.909357,14.886756,259.042269,none,5233,,,,,,,,,060,10.000000,35.000000,500.000000,50.000000,min5mm,,,
B21_S08,AdTree calibrated r10mm (AdQSM 060) [calmethod=regression-perorder]_seg35-500-k50,38.414328,38.098846,0.315482,,0.705528,24.229467,4.909357,14.886756,259.042269,none,5233,,,,,,,,,060,10.000000,35.000000,500.000000,50.000000,regression-perorder,,,
B21_S08,AdTree calibrated r10mm (AdQSM 060) [calref=min5mm]_seg35-500-k50-wlen,38.225947,38.098846,0.127101,,0.705528,24.229467,4.909357,14.886756,259.042269,none,5233,,,,,,,,,060,10.000000,35.000000,500.000000,50.000000,min5mm,,,
B21_S08,AdTree calibrated r10mm (AdQSM 060) [calmethod=regression-perorder]_seg35-500-k50-wlen,38.360546,38.098846,0.261700,,0.705528,24.229467,4.909357,14.886756,259.042269,none,5233,,,,,,,,,060,10.000000,35.000000,500.000000,50.000000,regression-perorder,,,
B21_S08,AdTree calibrated r15mm (AdQSM 060) [calref=min5mm]_seg35-500-k50,38.229553,38.086694,0.142859,,0.705528,23.564246,4.909357,14.417618,166.548284,none,3265,,,,,,,,,060,15.000000,35.000000,500.000000,50.000000,min5mm,,,
B21_S08,AdTree calibrated r15mm (AdQSM 060) [calmethod=regression-perorder]_seg35-500-k50,38.392209,38.086694,0.305515,,0.705528,23.564246,4.909357,14.417618,166.548284,none,3265,,,,,,,,,060,15.000000,35.000000,500.000000,50.000000,regression-perorder,,,
B21_S08,AdTree calibrated r15mm (AdQSM 060) [calref=min5mm]_seg35-500-k50-wlen,38.209573,38.086694,0.122879,,0.705528,23.564246,4.909357,14.417618,166.548284,none,3265,,,,,,,,,060,15.000000,35.000000,500.000000,50.000000,min5mm,,,
B21_S08,AdTree calibrated r15mm (AdQSM 060) [calmethod=regression-perorder]_seg35-500-k50-wlen,38.339408,38.086694,0.252714,,0.705528,23.564246,4.909357,14.417618,166.548284,none,3265,,,,,,,,,060,15.000000,35.000000,500.000000,50.000000,regression-perorder,,,
B21_S08,AdTree calibrated r20mm (AdQSM 060) [calref=min5mm]_seg35-500-k50,38.206216,38.067961,0.138255,,0.705528,23.272260,4.909357,13.708547,118.331029,none,2321,,,,,,,,,060,20.000000,35.000000,500.000000,50.000000,min5mm,,,
B21_S08,AdTree calibrated r20mm (AdQSM 060) [calmethod=regression-perorder]_seg35-500-k50,38.366176,38.067961,0.298215,,0.705528,23.272260,4.909357,13.708547,118.331029,none,2321,,,,,,,,,060,20.000000,35.000000,500.000000,50.000000,regression-perorder,,,
B21_S08,AdTree calibrated r20mm (AdQSM 060) [calref=min5mm]_seg35-500-k50-wlen,38.186749,38.067961,0.118788,,0.705528,23.272260,4.909357,13.708547,118.331029,none,2321,,,,,,,,,060,20.000000,35.000000,500.000000,50.000000,min5mm,,,
B21_S08,AdTree calibrated r20mm (AdQSM 060) [calmethod=regression-perorder]_seg35-500-k50-wlen,38.314196,38.067961,0.246235,,0.705528,23.272260,4.909357,13.708547,118.331029,none,2321,,,,,,,,,060,20.000000,35.000000,500.000000,50.000000,regression-perorder,,,
B21_S08,AdTree calibrated r5mm (AdQSM 060) [calref=min5mm]_seg35-500-k80,38.221424,38.028863,0.192561,,0.513745,24.693418,2.707134,14.920267,528.014977,none,11247,,,,,,,,,060,5.000000,35.000000,500.000000,80.000000,min5mm,,,
B21_S08,AdTree calibrated r5mm (AdQSM 060) [calmethod=regression-perorder]_seg35-500-k80,38.514541,38.028863,0.485678,,0.513745,24.693418,2.707134,14.920267,528.014977,none,11247,,,,,,,,,060,5.000000,35.000000,500.000000,80.000000,regression-perorder,,,
B21_S08,AdTree calibrated r5mm (AdQSM 060) [calref=min5mm]_seg35-500-k80-wlen,38.163074,38.028863,0.134210,,0.513745,24.693418,2.707134,14.920267,528.014977,none,11247,,,,,,,,,060,5.000000,35.000000,500.000000,80.000000,min5mm,,,
B21_S08,AdTree calibrated r5mm (AdQSM 060) [calmethod=regression-perorder]_seg35-500-k80-wlen,38.311735,38.028863,0.282872,,0.513745,24.693418,2.707134,14.920267,528.014977,none,11247,,,,,,,,,060,5.000000,35.000000,500.000000,80.000000,regression-perorder,,,
B21_S08,AdTree calibrated r10mm (AdQSM 060) [calref=min5mm]_seg35-500-k80,38.212802,38.027839,0.184963,,0.513745,24.229467,2.707134,14.879867,259.031104,none,5075,,,,,,,,,060,10.000000,35.000000,500.000000,80.000000,min5mm,,,
B21_S08,AdTree calibrated r10mm (AdQSM 060) [calmethod=regression-perorder]_seg35-500-k80,38.493566,38.027839,0.465727,,0.513745,24.229467,2.707134,14.879867,259.031104,none,5075,,,,,,,,,060,10.000000,35.000000,500.000000,80.000000,regression-perorder,,,
B21_S08,AdTree calibrated r10mm (AdQSM 060) [calref=min5mm]_seg35-500-k80-wlen,38.154915,38.027839,0.127076,,0.513745,24.229467,2.707134,14.879867,259.031104,none,5075,,,,,,,,,060,10.000000,35.000000,500.000000,80.000000,min5mm,,,
B21_S08,AdTree calibrated r10mm (AdQSM 060) [calmethod=regression-perorder]_seg35-500-k80-wlen,38.291987,38.027839,0.264148,,0.513745,24.229467,2.707134,14.879867,259.031104,none,5075,,,,,,,,,060,10.000000,35.000000,500.000000,80.000000,regression-perorder,,,
B21_S08,AdTree calibrated r15mm (AdQSM 060) [calref=min5mm]_seg35-500-k80,38.195730,38.015688,0.180042,,0.513745,23.564246,2.707134,14.410730,166.537118,none,3107,,,,,,,,,060,15.000000,35.000000,500.000000,80.000000,min5mm,,,
B21_S08,AdTree calibrated r15mm (AdQSM 060) [calmethod=regression-perorder]_seg35-500-k80,38.471211,38.015688,0.455523,,0.513745,23.564246,2.707134,14.410730,166.537118,none,3107,,,,,,,,,060,15.000000,35.000000,500.000000,80.000000,regression-perorder,,,
B21_S08,AdTree calibrated r15mm (AdQSM 060) [calref=min5mm]_seg35-500-k80-wlen,38.138541,38.015688,0.122853,,0.513745,23.564246,2.707134,14.410730,166.537118,none,3107,,,,,,,,,060,15.000000,35.000000,500.000000,80.000000,min5mm,,,
B21_S08,AdTree calibrated r15mm (AdQSM 060) [calmethod=regression-perorder]_seg35-500-k80-wlen,38.270852,38.015688,0.255165,,0.513745,23.564246,2.707134,14.410730,166.537118,none,3107,,,,,,,,,060,15.000000,35.000000,500.000000,80.000000,regression-perorder,,,
B21_S08,AdTree calibrated r20mm (AdQSM 060) [calref=min5mm]_seg35-500-k80,38.172037,37.996955,0.175083,,0.513745,23.272260,2.707134,13.701659,118.319864,none,2163,,,,,,,,,060,20.000000,35.000000,500.000000,80.000000,min5mm,,,
B21_S08,AdTree calibrated r20mm (AdQSM 060) [calmethod=regression-perorder]_seg35-500-k80,38.444730,37.996955,0.447776,,0.513745,23.272260,2.707134,13.701659,118.319864,none,2163,,,,,,,,,060,20.000000,35.000000,500.000000,80.000000,regression-perorder,,,
B21_S08,AdTree calibrated r20mm (AdQSM 060) [calref=min5mm]_seg35-500-k80-wlen,38.115717,37.996955,0.118762,,0.513745,23.272260,2.707134,13.701659,118.319864,none,2163,,,,,,,,,060,20.000000,35.000000,500.000000,80.000000,min5mm,,,
B21_S08,AdTree calibrated r20mm (AdQSM 060) [calmethod=regression-perorder]_seg35-500-k80-wlen,38.245644,37.996955,0.248690,,0.513745,23.272260,2.707134,13.701659,118.319864,none,2163,,,,,,,,,060,20.000000,35.000000,500.000000,80.000000,regression-perorder,,,
B21_S08,AdTree calibrated r5mm (AdQSM 060) [calref=min5mm]_seg35-500-k100,38.150511,37.930448,0.220064,,0.344062,24.693418,0.750207,14.916984,528.004417,none,11152,,,,,,,,,060,5.000000,35.000000,500.000000,100.000000,min5mm,,,
B21_S08,AdTree calibrated r5mm (AdQSM 060) [calmethod=regression-perorder]_seg35-500-k100,38.555983,37.930448,0.625535,,0.344062,24.693418,0.750207,14.916984,528.004417,none,11152,,,,,,,,,060,5.000000,35.000000,500.000000,100.000000,regression-perorder,,,
B21_S08,AdTree calibrated r5mm (AdQSM 060) [calref=min5mm]_seg35-500-k100-wlen,38.064654,37.930448,0.134206,,0.344062,24.693418,0.750207,14.916984,528.004417,none,11152,,,,,,,,,060,5.000000,35.000000,500.000000,100.000000,min5mm,,,
B21_S08,AdTree calibrated r5mm (AdQSM 060) [calmethod=regression-perorder]_seg35-500-k100-wlen,38.213289,37.930448,0.282841,,0.344062,24.693418,0.750207,14.916984,528.004417,none,11152,,,,,,,,,060,5.000000,35.000000,500.000000,100.000000,regression-perorder,,,
B21_S08,AdTree calibrated r10mm (AdQSM 060) [calref=min5mm]_seg35-500-k100,38.141815,37.929424,0.212391,,0.344062,24.229467,0.750207,14.876584,259.020543,none,4980,,,,,,,,,060,10.000000,35.000000,500.000000,100.000000,min5mm,,,
B21_S08,AdTree calibrated r10mm (AdQSM 060) [calmethod=regression-perorder]_seg35-500-k100,38.534946,37.929424,0.605523,,0.344062,24.229467,0.750207,14.876584,259.020543,none,4980,,,,,,,,,060,10.000000,35.000000,500.000000,100.000000,regression-perorder,,,
B21_S08,AdTree calibrated r10mm (AdQSM 060) [calref=min5mm]_seg35-500-k100-wlen,38.056495,37.929424,0.127072,,0.344062,24.229467,0.750207,14.876584,259.020543,none,4980,,,,,,,,,060,10.000000,35.000000,500.000000,100.000000,min5mm,,,
B21_S08,AdTree calibrated r10mm (AdQSM 060) [calmethod=regression-perorder]_seg35-500-k100-wlen,38.193540,37.929424,0.264117,,0.344062,24.229467,0.750207,14.876584,259.020543,none,4980,,,,,,,,,060,10.000000,35.000000,500.000000,100.000000,regression-perorder,,,
B21_S08,AdTree calibrated r15mm (AdQSM 060) [calref=min5mm]_seg35-500-k100,38.124568,37.917272,0.207295,,0.344062,23.564246,0.750207,14.407447,166.526558,none,3012,,,,,,,,,060,15.000000,35.000000,500.000000,100.000000,min5mm,,,
B21_S08,AdTree calibrated r15mm (AdQSM 060) [calmethod=regression-perorder]_seg35-500-k100,38.512441,37.917272,0.595169,,0.344062,23.564246,0.750207,14.407447,166.526558,none,3012,,,,,,,,,060,15.000000,35.000000,500.000000,100.000000,regression-perorder,,,
B21_S08,AdTree calibrated r15mm (AdQSM 060) [calref=min5mm]_seg35-500-k100-wlen,38.040121,37.917272,0.122849,,0.344062,23.564246,0.750207,14.407447,166.526558,none,3012,,,,,,,,,060,15.000000,35.000000,500.000000,100.000000,min5mm,,,
B21_S08,AdTree calibrated r15mm (AdQSM 060) [calmethod=regression-perorder]_seg35-500-k100-wlen,38.172406,37.917272,0.255134,,0.344062,23.564246,0.750207,14.407447,166.526558,none,3012,,,,,,,,,060,15.000000,35.000000,500.000000,100.000000,regression-perorder,,,
B21_S08,AdTree calibrated r20mm (AdQSM 060) [calref=min5mm]_seg35-500-k100,38.100608,37.898539,0.202069,,0.344062,23.272260,0.750207,13.698376,118.309304,none,2068,,,,,,,,,060,20.000000,35.000000,500.000000,100.000000,min5mm,,,
B21_S08,AdTree calibrated r20mm (AdQSM 060) [calmethod=regression-perorder]_seg35-500-k100,38.485692,37.898539,0.587153,,0.344062,23.272260,0.750207,13.698376,118.309304,none,2068,,,,,,,,,060,20.000000,35.000000,500.000000,100.000000,regression-perorder,,,
B21_S08,AdTree calibrated r20mm (AdQSM 060) [calref=min5mm]_seg35-500-k100-wlen,38.017297,37.898539,0.118757,,0.344062,23.272260,0.750207,13.698376,118.309304,none,2068,,,,,,,,,060,20.000000,35.000000,500.000000,100.000000,min5mm,,,
B21_S08,AdTree calibrated r20mm (AdQSM 060) [calmethod=regression-perorder]_seg35-500-k100-wlen,38.147198,37.898539,0.248658,,0.344062,23.272260,0.750207,13.698376,118.309304,none,2068,,,,,,,,,060,20.000000,35.000000,500.000000,100.000000,regression-perorder,,,
B21_S08,AdTree calibrated r5mm (AdQSM 060) [calref=min5mm]_seg50-500-k50,38.239474,38.099656,0.139818,,0.705528,24.693418,4.909357,14.919356,526.372174,none,9774,,,,,,,,,060,5.000000,50.000000,500.000000,50.000000,min5mm,,,
B21_S08,AdTree calibrated r5mm (AdQSM 060) [calmethod=regression-perorder]_seg50-500-k50,38.394070,38.099656,0.294413,,0.705528,24.693418,4.909357,14.919356,526.372174,none,9774,,,,,,,,,060,5.000000,50.000000,500.000000,50.000000,regression-perorder,,,
B21_S08,AdTree calibrated r5mm (AdQSM 060) [calref=min5mm]_seg50-500-k50-wlen,38.233606,38.099656,0.133950,,0.705528,24.693418,4.909357,14.919356,526.372174,none,9774,,,,,,,,,060,5.000000,50.000000,500.000000,50.000000,min5mm,,,
B21_S08,AdTree calibrated r5mm (AdQSM 060) [calmethod=regression-perorder]_seg50-500-k50-wlen,38.379835,38.099656,0.280179,,0.705528,24.693418,4.909357,14.919356,526.372174,none,9774,,,,,,,,,060,5.000000,50.000000,500.000000,50.000000,regression-perorder,,,
B21_S08,AdTree calibrated r10mm (AdQSM 060) [calref=min5mm]_seg50-500-k50,38.231145,38.098801,0.132344,,0.705528,24.229467,4.909357,14.885632,258.609100,none,4486,,,,,,,,,060,10.000000,50.000000,500.000000,50.000000,min5mm,,,
B21_S08,AdTree calibrated r10mm (AdQSM 060) [calmethod=regression-perorder]_seg50-500-k50,38.372751,38.098801,0.273950,,0.705528,24.229467,4.909357,14.885632,258.609100,none,4486,,,,,,,,,060,10.000000,50.000000,500.000000,50.000000,regression-perorder,,,
B21_S08,AdTree calibrated r10mm (AdQSM 060) [calref=min5mm]_seg50-500-k50-wlen,38.225667,38.098801,0.126866,,0.705528,24.229467,4.909357,14.885632,258.609100,none,4486,,,,,,,,,060,10.000000,50.000000,500.000000,50.000000,min5mm,,,
B21_S08,AdTree calibrated r10mm (AdQSM 060) [calmethod=regression-perorder]_seg50-500-k50-wlen,38.360175,38.098801,0.261374,,0.705528,24.229467,4.909357,14.885632,258.609100,none,4486,,,,,,,,,060,10.000000,50.000000,500.000000,50.000000,regression-perorder,,,
B21_S08,AdTree calibrated r15mm (AdQSM 060) [calref=min5mm]_seg50-500-k50,38.214323,38.086551,0.127772,,0.705528,23.564246,4.909357,14.412515,166.426121,none,2859,,,,,,,,,060,15.000000,50.000000,500.000000,50.000000,min5mm,,,
B21_S08,AdTree calibrated r15mm (AdQSM 060) [calmethod=regression-perorder]_seg50-500-k50,38.350209,38.086551,0.263658,,0.705528,23.564246,4.909357,14.412515,166.426121,none,2859,,,,,,,,,060,15.000000,50.000000,500.000000,50.000000,regression-perorder,,,
B21_S08,AdTree calibrated r15mm (AdQSM 060) [calref=min5mm]_seg50-500-k50-wlen,38.209236,38.086551,0.122685,,0.705528,23.564246,4.909357,14.412515,166.426121,none,2859,,,,,,,,,060,15.000000,50.000000,500.000000,50.000000,min5mm,,,
B21_S08,AdTree calibrated r15mm (AdQSM 060) [calmethod=regression-perorder]_seg50-500-k50-wlen,38.338889,38.086551,0.252338,,0.705528,23.564246,4.909357,14.412515,166.426121,none,2859,,,,,,,,,060,15.000000,50.000000,500.000000,50.000000,regression-perorder,,,
B21_S08,AdTree calibrated r20mm (AdQSM 060) [calref=min5mm]_seg50-500-k50,38.191195,38.067846,0.123348,,0.705528,23.272260,4.909357,13.704514,118.283603,none,2071,,,,,,,,,060,20.000000,50.000000,500.000000,50.000000,min5mm,,,
B21_S08,AdTree calibrated r20mm (AdQSM 060) [calmethod=regression-perorder]_seg50-500-k50,38.324113,38.067846,0.256267,,0.705528,23.272260,4.909357,13.704514,118.283603,none,2071,,,,,,,,,060,20.000000,50.000000,500.000000,50.000000,regression-perorder,,,
B21_S08,AdTree calibrated r20mm (AdQSM 060) [calref=min5mm]_seg50-500-k50-wlen,38.186464,38.067846,0.118618,,0.705528,23.272260,4.909357,13.704514,118.283603,none,2071,,,,,,,,,060,20.000000,50.000000,500.000000,50.000000,min5mm,,,
B21_S08,AdTree calibrated r20mm (AdQSM 060) [calmethod=regression-perorder]_seg50-500-k50-wlen,38.313666,38.067846,0.245820,,0.705528,23.272260,4.909357,13.704514,118.283603,none,2071,,,,,,,,,060,20.000000,50.000000,500.000000,50.000000,regression-perorder,,,
B21_S08,AdTree calibrated r5mm (AdQSM 060) [calref=min5mm]_seg50-500-k80,38.201600,38.028672,0.172929,,0.513745,24.693418,2.707134,14.913018,526.363341,none,9634,,,,,,,,,060,5.000000,50.000000,500.000000,80.000000,min5mm,,,
B21_S08,AdTree calibrated r5mm (AdQSM 060) [calmethod=regression-perorder]_seg50-500-k80,38.430435,38.028672,0.401763,,0.513745,24.693418,2.707134,14.913018,526.363341,none,9634,,,,,,,,,060,5.000000,50.000000,500.000000,80.000000,regression-perorder,,,
B21_S08,AdTree calibrated r5mm (AdQSM 060) [calref=min5mm]_seg50-500-k80-wlen,38.162618,38.028672,0.133947,,0.513745,24.693418,2.707134,14.913018,526.363341,none,9634,,,,,,,,,060,5.000000,50.000000,500.000000,80.000000,min5mm,,,
B21_S08,AdTree calibrated r5mm (AdQSM 060) [calmethod=regression-perorder]_seg50-500-k80-wlen,38.310990,38.028672,0.282318,,0.513745,24.693418,2.707134,14.913018,526.363341,none,9634,,,,,,,,,060,5.000000,50.000000,500.000000,80.000000,regression-perorder,,,
B21_S08,AdTree calibrated r10mm (AdQSM 060) [calref=min5mm]_seg50-500-k80,38.193184,38.027816,0.165368,,0.513745,24.229467,2.707134,14.879294,258.600267,none,4346,,,,,,,,,060,10.000000,50.000000,500.000000,80.000000,min5mm,,,
B21_S08,AdTree calibrated r10mm (AdQSM 060) [calmethod=regression-perorder]_seg50-500-k80,38.409055,38.027816,0.381239,,0.513745,24.229467,2.707134,14.879294,258.600267,none,4346,,,,,,,,,060,10.000000,50.000000,500.000000,80.000000,regression-perorder,,,
B21_S08,AdTree calibrated r10mm (AdQSM 060) [calref=min5mm]_seg50-500-k80-wlen,38.154679,38.027816,0.126863,,0.513745,24.229467,2.707134,14.879294,258.600267,none,4346,,,,,,,,,060,10.000000,50.000000,500.000000,80.000000,min5mm,,,
B21_S08,AdTree calibrated r10mm (AdQSM 060) [calmethod=regression-perorder]_seg50-500-k80-wlen,38.291331,38.027816,0.263514,,0.513745,24.229467,2.707134,14.879294,258.600267,none,4346,,,,,,,,,060,10.000000,50.000000,500.000000,80.000000,regression-perorder,,,
B21_S08,AdTree calibrated r15mm (AdQSM 060) [calref=min5mm]_seg50-500-k80,38.176155,38.015566,0.160589,,0.513745,23.564246,2.707134,14.406177,166.417289,none,2719,,,,,,,,,060,15.000000,50.000000,500.000000,80.000000,min5mm,,,
B21_S08,AdTree calibrated r15mm (AdQSM 060) [calmethod=regression-perorder]_seg50-500-k80,38.386323,38.015566,0.370757,,0.513745,23.564246,2.707134,14.406177,166.417289,none,2719,,,,,,,,,060,15.000000,50.000000,500.000000,80.000000,regression-perorder,,,
B21_S08,AdTree calibrated r15mm (AdQSM 060) [calref=min5mm]_seg50-500-k80-wlen,38.138248,38.015566,0.122682,,0.513745,23.564246,2.707134,14.406177,166.417289,none,2719,,,,,,,,,060,15.000000,50.000000,500.000000,80.000000,min5mm,,,
B21_S08,AdTree calibrated r15mm (AdQSM 060) [calmethod=regression-perorder]_seg50-500-k80-wlen,38.270047,38.015566,0.254481,,0.513745,23.564246,2.707134,14.406177,166.417289,none,2719,,,,,,,,,060,15.000000,50.000000,500.000000,80.000000,regression-perorder,,,
B21_S08,AdTree calibrated r20mm (AdQSM 060) [calref=min5mm]_seg50-500-k80,38.152706,37.996862,0.155844,,0.513745,23.272260,2.707134,13.698176,118.274770,none,1931,,,,,,,,,060,20.000000,50.000000,500.000000,80.000000,min5mm,,,
B21_S08,AdTree calibrated r20mm (AdQSM 060) [calmethod=regression-perorder]_seg50-500-k80,38.359871,37.996862,0.363009,,0.513745,23.272260,2.707134,13.698176,118.274770,none,1931,,,,,,,,,060,20.000000,50.000000,500.000000,80.000000,regression-perorder,,,
B21_S08,AdTree calibrated r20mm (AdQSM 060) [calref=min5mm]_seg50-500-k80-wlen,38.115476,37.996862,0.118614,,0.513745,23.272260,2.707134,13.698176,118.274770,none,1931,,,,,,,,,060,20.000000,50.000000,500.000000,80.000000,min5mm,,,
B21_S08,AdTree calibrated r20mm (AdQSM 060) [calmethod=regression-perorder]_seg50-500-k80-wlen,38.244827,37.996862,0.247966,,0.513745,23.272260,2.707134,13.698176,118.274770,none,1931,,,,,,,,,060,20.000000,50.000000,500.000000,80.000000,regression-perorder,,,
B21_S08,AdTree calibrated r5mm (AdQSM 060) [calref=min5mm]_seg50-500-k100,38.129059,37.930264,0.198795,,0.344062,24.693418,0.750207,14.910004,526.355445,none,9554,,,,,,,,,060,5.000000,50.000000,500.000000,100.000000,min5mm,,,
B21_S08,AdTree calibrated r5mm (AdQSM 060) [calmethod=regression-perorder]_seg50-500-k100,38.431184,37.930264,0.500921,,0.344062,24.693418,0.750207,14.910004,526.355445,none,9554,,,,,,,,,060,5.000000,50.000000,500.000000,100.000000,regression-perorder,,,
B21_S08,AdTree calibrated r5mm (AdQSM 060) [calref=min5mm]_seg50-500-k100-wlen,38.064227,37.930264,0.133964,,0.344062,24.693418,0.750207,14.910004,526.355445,none,9554,,,,,,,,,060,5.000000,50.000000,500.000000,100.000000,min5mm,,,
B21_S08,AdTree calibrated r5mm (AdQSM 060) [calmethod=regression-perorder]_seg50-500-k100-wlen,38.212668,37.930264,0.282404,,0.344062,24.693418,0.750207,14.910004,526.355445,none,9554,,,,,,,,,060,5.000000,50.000000,500.000000,100.000000,regression-perorder,,,
B21_S08,AdTree calibrated r10mm (AdQSM 060) [calref=min5mm]_seg50-500-k100,38.120574,37.929408,0.191165,,0.344062,24.229467,0.750207,14.876280,258.592371,none,4266,,,,,,,,,060,10.000000,50.000000,500.000000,100.000000,min5mm,,,
B21_S08,AdTree calibrated r10mm (AdQSM 060) [calmethod=regression-perorder]_seg50-500-k100,38.409744,37.929408,0.480336,,0.344062,24.229467,0.750207,14.876280,258.592371,none,4266,,,,,,,,,060,10.000000,50.000000,500.000000,100.000000,regression-perorder,,,
B21_S08,AdTree calibrated r10mm (AdQSM 060) [calref=min5mm]_seg50-500-k100-wlen,38.056288,37.929408,0.126880,,0.344062,24.229467,0.750207,14.876280,258.592371,none,4266,,,,,,,,,060,10.000000,50.000000,500.000000,100.000000,min5mm,,,
B21_S08,AdTree calibrated r10mm (AdQSM 060) [calmethod=regression-perorder]_seg50-500-k100-wlen,38.193008,37.929408,0.263600,,0.344062,24.229467,0.750207,14.876280,258.592371,none,4266,,,,,,,,,060,10.000000,50.000000,500.000000,100.000000,regression-perorder,,,
B21_S08,AdTree calibrated r15mm (AdQSM 060) [calref=min5mm]_seg50-500-k100,38.103387,37.917158,0.186229,,0.344062,23.564246,0.750207,14.403163,166.409393,none,2639,,,,,,,,,060,15.000000,50.000000,500.000000,100.000000,min5mm,,,
B21_S08,AdTree calibrated r15mm (AdQSM 060) [calmethod=regression-perorder]_seg50-500-k100,38.386846,37.917158,0.469688,,0.344062,23.564246,0.750207,14.403163,166.409393,none,2639,,,,,,,,,060,15.000000,50.000000,500.000000,100.000000,regression-perorder,,,
B21_S08,AdTree calibrated r15mm (AdQSM 060) [calref=min5mm]_seg50-500-k100-wlen,38.039856,37.917158,0.122698,,0.344062,23.564246,0.750207,14.403163,166.409393,none,2639,,,,,,,,,060,15.000000,50.000000,500.000000,100.000000,min5mm,,,
B21_S08,AdTree calibrated r15mm (AdQSM 060) [calmethod=regression-perorder]_seg50-500-k100-wlen,38.171725,37.917158,0.254567,,0.344062,23.564246,0.750207,14.403163,166.409393,none,2639,,,,,,,,,060,15.000000,50.000000,500.000000,100.000000,regression-perorder,,,
B21_S08,AdTree calibrated r20mm (AdQSM 060) [calref=min5mm]_seg50-500-k100,38.079695,37.898453,0.181241,,0.344062,23.272260,0.750207,13.695162,118.266874,none,1851,,,,,,,,,060,20.000000,50.000000,500.000000,100.000000,min5mm,,,
B21_S08,AdTree calibrated r20mm (AdQSM 060) [calmethod=regression-perorder]_seg50-500-k100,38.360095,37.898453,0.461641,,0.344062,23.272260,0.750207,13.695162,118.266874,none,1851,,,,,,,,,060,20.000000,50.000000,500.000000,100.000000,regression-perorder,,,
B21_S08,AdTree calibrated r20mm (AdQSM 060) [calref=min5mm]_seg50-500-k100-wlen,38.017083,37.898453,0.118630,,0.344062,23.272260,0.750207,13.695162,118.266874,none,1851,,,,,,,,,060,20.000000,50.000000,500.000000,100.000000,min5mm,,,
B21_S08,AdTree calibrated r20mm (AdQSM 060) [calmethod=regression-perorder]_seg50-500-k100-wlen,38.146504,37.898453,0.248051,,0.344062,23.272260,0.750207,13.695162,118.266874,none,1851,,,,,,,,,060,20.000000,50.000000,500.000000,100.000000,regression-perorder,,,
B21_S08,AdTree calibrated r5mm (AdQSM 060) [calref=min5mm]_seg65-500-k50,38.279774,38.099503,0.180271,,0.705528,24.693418,4.909357,14.913975,523.721020,none,8092,,,,,,,,,060,5.000000,65.000000,500.000000,50.000000,min5mm,,,
B21_S08,AdTree calibrated r5mm (AdQSM 060) [calmethod=regression-perorder]_seg65-500-k50,38.453468,38.099503,0.353965,,0.705528,24.693418,4.909357,14.913975,523.721020,none,8092,,,,,,,,,060,5.000000,65.000000,500.000000,50.000000,regression-perorder,,,
B21_S08,AdTree calibrated r5mm (AdQSM 060) [calref=min5mm]_seg65-500-k50-wlen,38.231837,38.099503,0.132334,,0.705528,24.693418,4.909357,14.913975,523.721020,none,8092,,,,,,,,,060,5.000000,65.000000,500.000000,50.000000,min5mm,,,
B21_S08,AdTree calibrated r5mm (AdQSM 060) [calmethod=regression-perorder]_seg65-500-k50-wlen,38.379879,38.099503,0.280377,,0.705528,24.693418,4.909357,14.913975,523.721020,none,8092,,,,,,,,,060,5.000000,65.000000,500.000000,50.000000,regression-perorder,,,
B21_S08,AdTree calibrated r10mm (AdQSM 060) [calref=min5mm]_seg65-500-k50,38.271025,38.098479,0.172546,,0.705528,24.229467,4.909357,14.873575,257.948053,none,3396,,,,,,,,,060,10.000000,65.000000,500.000000,50.000000,min5mm,,,
B21_S08,AdTree calibrated r10mm (AdQSM 060) [calmethod=regression-perorder]_seg65-500-k50,38.431086,38.098479,0.332607,,0.705528,24.229467,4.909357,14.873575,257.948053,none,3396,,,,,,,,,060,10.000000,65.000000,500.000000,50.000000,regression-perorder,,,
B21_S08,AdTree calibrated r10mm (AdQSM 060) [calref=min5mm]_seg65-500-k50-wlen,38.223835,38.098479,0.125357,,0.705528,24.229467,4.909357,14.873575,257.948053,none,3396,,,,,,,,,060,10.000000,65.000000,500.000000,50.000000,min5mm,,,
B21_S08,AdTree calibrated r10mm (AdQSM 060) [calmethod=regression-perorder]_seg65-500-k50-wlen,38.360030,38.098479,0.261551,,0.705528,24.229467,4.909357,14.873575,257.948053,none,3396,,,,,,,,,060,10.000000,65.000000,500.000000,50.000000,regression-perorder,,,
B21_S08,AdTree calibrated r15mm (AdQSM 060) [calref=min5mm]_seg65-500-k50,38.253718,38.086351,0.167368,,0.705528,23.564246,4.909357,14.405354,166.085158,none,2022,,,,,,,,,060,15.000000,65.000000,500.000000,50.000000,min5mm,,,
B21_S08,AdTree calibrated r15mm (AdQSM 060) [calmethod=regression-perorder]_seg65-500-k50,38.407276,38.086351,0.320925,,0.705528,23.564246,4.909357,14.405354,166.085158,none,2022,,,,,,,,,060,15.000000,65.000000,500.000000,50.000000,regression-perorder,,,
B21_S08,AdTree calibrated r15mm (AdQSM 060) [calref=min5mm]_seg65-500-k50-wlen,38.207574,38.086351,0.121223,,0.705528,23.564246,4.909357,14.405354,166.085158,none,2022,,,,,,,,,060,15.000000,65.000000,500.000000,50.000000,min5mm,,,
B21_S08,AdTree calibrated r15mm (AdQSM 060) [calmethod=regression-perorder]_seg65-500-k50-wlen,38.338772,38.086351,0.252421,,0.705528,23.564246,4.909357,14.405354,166.085158,none,2022,,,,,,,,,060,15.000000,65.000000,500.000000,50.000000,regression-perorder,,,
B21_S08,AdTree calibrated r20mm (AdQSM 060) [calref=min5mm]_seg65-500-k50,38.229947,38.067743,0.162203,,0.705528,23.272260,4.909357,13.701014,118.111121,none,1406,,,,,,,,,060,20.000000,65.000000,500.000000,50.000000,min5mm,,,
B21_S08,AdTree calibrated r20mm (AdQSM 060) [calmethod=regression-perorder]_seg65-500-k50,38.379748,38.067743,0.312005,,0.705528,23.272260,4.909357,13.701014,118.111121,none,1406,,,,,,,,,060,20.000000,65.000000,500.000000,50.000000,regression-perorder,,,
B21_S08,AdTree calibrated r20mm (AdQSM 060) [calref=min5mm]_seg65-500-k50-wlen,38.184965,38.067743,0.117222,,0.705528,23.272260,4.909357,13.701014,118.111121,none,1406,,,,,,,,,060,20.000000,65.000000,500.000000,50.000000,min5mm,,,
B21_S08,AdTree calibrated r20mm (AdQSM 060) [calmethod=regression-perorder]_seg65-500-k50-wlen,38.313609,38.067743,0.245866,,0.705528,23.272260,4.909357,13.701014,118.111121,none,1406,,,,,,,,,060,20.000000,65.000000,500.000000,50.000000,regression-perorder,,,
B21_S08,AdTree calibrated r5mm (AdQSM 060) [calref=min5mm]_seg65-500-k80,38.210928,38.028568,0.182360,,0.513745,24.693418,2.707134,14.908740,523.721021,none,8054,,,,,,,,,060,5.000000,65.000000,500.000000,80.000000,min5mm,,,
B21_S08,AdTree calibrated r5mm (AdQSM 060) [calmethod=regression-perorder]_seg65-500-k80,38.393116,38.028568,0.364548,,0.513745,24.693418,2.707134,14.908740,523.721021,none,8054,,,,,,,,,060,5.000000,65.000000,500.000000,80.000000,regression-perorder,,,
B21_S08,AdTree calibrated r5mm (AdQSM 060) [calref=min5mm]_seg65-500-k80-wlen,38.160891,38.028568,0.132324,,0.513745,24.693418,2.707134,14.908740,523.721021,none,8054,,,,,,,,,060,5.000000,65.000000,500.000000,80.000000,min5mm,,,
B21_S08,AdTree calibrated r5mm (AdQSM 060) [calmethod=regression-perorder]_seg65-500-k80-wlen,38.312459,38.028568,0.283891,,0.513745,24.693418,2.707134,14.908740,523.721021,none,8054,,,,,,,,,060,5.000000,65.000000,500.000000,80.000000,regression-perorder,,,
B21_S08,AdTree calibrated r10mm (AdQSM 060) [calref=min5mm]_seg65-500-k80,38.202174,38.027544,0.174631,,0.513745,24.229467,2.707134,14.868341,257.948054,none,3358,,,,,,,,,060,10.000000,65.000000,500.000000,80.000000,min5mm,,,
B21_S08,AdTree calibrated r10mm (AdQSM 060) [calmethod=regression-perorder]_seg65-500-k80,38.370730,38.027544,0.343187,,0.513745,24.229467,2.707134,14.868341,257.948054,none,3358,,,,,,,,,060,10.000000,65.000000,500.000000,80.000000,regression-perorder,,,
B21_S08,AdTree calibrated r10mm (AdQSM 060) [calref=min5mm]_seg65-500-k80-wlen,38.152890,38.027544,0.125346,,0.513745,24.229467,2.707134,14.868341,257.948054,none,3358,,,,,,,,,060,10.000000,65.000000,500.000000,80.000000,min5mm,,,
B21_S08,AdTree calibrated r10mm (AdQSM 060) [calmethod=regression-perorder]_seg65-500-k80-wlen,38.292611,38.027544,0.265068,,0.513745,24.229467,2.707134,14.868341,257.948054,none,3358,,,,,,,,,060,10.000000,65.000000,500.000000,80.000000,regression-perorder,,,
B21_S08,AdTree calibrated r15mm (AdQSM 060) [calref=min5mm]_seg65-500-k80,38.184856,38.015416,0.169440,,0.513745,23.564246,2.707134,14.400120,166.085159,none,1984,,,,,,,,,060,15.000000,65.000000,500.000000,80.000000,min5mm,,,
B21_S08,AdTree calibrated r15mm (AdQSM 060) [calmethod=regression-perorder]_seg65-500-k80,38.346905,38.015416,0.331489,,0.513745,23.564246,2.707134,14.400120,166.085159,none,1984,,,,,,,,,060,15.000000,65.000000,500.000000,80.000000,regression-perorder,,,
B21_S08,AdTree calibrated r15mm (AdQSM 060) [calref=min5mm]_seg65-500-k80-wlen,38.136628,38.015416,0.121212,,0.513745,23.564246,2.707134,14.400120,166.085159,none,1984,,,,,,,,,060,15.000000,65.000000,500.000000,80.000000,min5mm,,,
B21_S08,AdTree calibrated r15mm (AdQSM 060) [calmethod=regression-perorder]_seg65-500-k80-wlen,38.271358,38.015416,0.255942,,0.513745,23.564246,2.707134,14.400120,166.085159,none,1984,,,,,,,,,060,15.000000,65.000000,500.000000,80.000000,regression-perorder,,,
B21_S08,AdTree calibrated r20mm (AdQSM 060) [calref=min5mm]_seg65-500-k80,38.161066,37.996808,0.164258,,0.513745,23.272260,2.707134,13.695779,118.111122,none,1368,,,,,,,,,060,20.000000,65.000000,500.000000,80.000000,min5mm,,,
B21_S08,AdTree calibrated r20mm (AdQSM 060) [calmethod=regression-perorder]_seg65-500-k80,38.319347,37.996808,0.322538,,0.513745,23.272260,2.707134,13.695779,118.111122,none,1368,,,,,,,,,060,20.000000,65.000000,500.000000,80.000000,regression-perorder,,,
B21_S08,AdTree calibrated r20mm (AdQSM 060) [calref=min5mm]_seg65-500-k80-wlen,38.114020,37.996808,0.117212,,0.513745,23.272260,2.707134,13.695779,118.111122,none,1368,,,,,,,,,060,20.000000,65.000000,500.000000,80.000000,min5mm,,,
B21_S08,AdTree calibrated r20mm (AdQSM 060) [calmethod=regression-perorder]_seg65-500-k80-wlen,38.246201,37.996808,0.249393,,0.513745,23.272260,2.707134,13.695779,118.111122,none,1368,,,,,,,,,060,20.000000,65.000000,500.000000,80.000000,regression-perorder,,,
B21_S08,AdTree calibrated r5mm (AdQSM 060) [calref=min5mm]_seg65-500-k100,38.131251,37.930150,0.201102,,0.344062,24.693418,0.750207,14.905821,523.719060,none,8023,,,,,,,,,060,5.000000,65.000000,500.000000,100.000000,min5mm,,,
B21_S08,AdTree calibrated r5mm (AdQSM 060) [calmethod=regression-perorder]_seg65-500-k100,38.343690,37.930150,0.413541,,0.344062,24.693418,0.750207,14.905821,523.719060,none,8023,,,,,,,,,060,5.000000,65.000000,500.000000,100.000000,regression-perorder,,,
B21_S08,AdTree calibrated r5mm (AdQSM 060) [calref=min5mm]_seg65-500-k100-wlen,38.062453,37.930150,0.132303,,0.344062,24.693418,0.750207,14.905821,523.719060,none,8023,,,,,,,,,060,5.000000,65.000000,500.000000,100.000000,min5mm,,,
B21_S08,AdTree calibrated r5mm (AdQSM 060) [calmethod=regression-perorder]_seg65-500-k100-wlen,38.214064,37.930150,0.283915,,0.344062,24.693418,0.750207,14.905821,523.719060,none,8023,,,,,,,,,060,5.000000,65.000000,500.000000,100.000000,regression-perorder,,,
B21_S08,AdTree calibrated r10mm (AdQSM 060) [calref=min5mm]_seg65-500-k100,38.122458,37.929126,0.193332,,0.344062,24.229467,0.750207,14.865422,257.946093,none,3327,,,,,,,,,060,10.000000,65.000000,500.000000,100.000000,min5mm,,,
B21_S08,AdTree calibrated r10mm (AdQSM 060) [calmethod=regression-perorder]_seg65-500-k100,38.321298,37.929126,0.392173,,0.344062,24.229467,0.750207,14.865422,257.946093,none,3327,,,,,,,,,060,10.000000,65.000000,500.000000,100.000000,regression-perorder,,,
B21_S08,AdTree calibrated r10mm (AdQSM 060) [calref=min5mm]_seg65-500-k100-wlen,38.054452,37.929126,0.125326,,0.344062,24.229467,0.750207,14.865422,257.946093,none,3327,,,,,,,,,060,10.000000,65.000000,500.000000,100.000000,min5mm,,,
B21_S08,AdTree calibrated r10mm (AdQSM 060) [calmethod=regression-perorder]_seg65-500-k100-wlen,38.194217,37.929126,0.265091,,0.344062,24.229467,0.750207,14.865422,257.946093,none,3327,,,,,,,,,060,10.000000,65.000000,500.000000,100.000000,regression-perorder,,,
B21_S08,AdTree calibrated r15mm (AdQSM 060) [calref=min5mm]_seg65-500-k100,38.105042,37.916998,0.188044,,0.344062,23.564246,0.750207,14.397201,166.083198,none,1953,,,,,,,,,060,15.000000,65.000000,500.000000,100.000000,min5mm,,,
B21_S08,AdTree calibrated r15mm (AdQSM 060) [calmethod=regression-perorder]_seg65-500-k100,38.297437,37.916998,0.380439,,0.344062,23.564246,0.750207,14.397201,166.083198,none,1953,,,,,,,,,060,15.000000,65.000000,500.000000,100.000000,regression-perorder,,,
B21_S08,AdTree calibrated r15mm (AdQSM 060) [calref=min5mm]_seg65-500-k100-wlen,38.038190,37.916998,0.121192,,0.344062,23.564246,0.750207,14.397201,166.083198,none,1953,,,,,,,,,060,15.000000,65.000000,500.000000,100.000000,min5mm,,,
B21_S08,AdTree calibrated r15mm (AdQSM 060) [calmethod=regression-perorder]_seg65-500-k100-wlen,38.172963,37.916998,0.255965,,0.344062,23.564246,0.750207,14.397201,166.083198,none,1953,,,,,,,,,060,15.000000,65.000000,500.000000,100.000000,regression-perorder,,,
B21_S08,AdTree calibrated r20mm (AdQSM 060) [calref=min5mm]_seg65-500-k100,38.081096,37.898390,0.182706,,0.344062,23.272260,0.750207,13.692860,118.109161,none,1337,,,,,,,,,060,20.000000,65.000000,500.000000,100.000000,min5mm,,,
B21_S08,AdTree calibrated r20mm (AdQSM 060) [calmethod=regression-perorder]_seg65-500-k100,38.269790,37.898390,0.371400,,0.344062,23.272260,0.750207,13.692860,118.109161,none,1337,,,,,,,,,060,20.000000,65.000000,500.000000,100.000000,regression-perorder,,,
B21_S08,AdTree calibrated r20mm (AdQSM 060) [calref=min5mm]_seg65-500-k100-wlen,38.015581,37.898390,0.117191,,0.344062,23.272260,0.750207,13.692860,118.109161,none,1337,,,,,,,,,060,20.000000,65.000000,500.000000,100.000000,min5mm,,,
B21_S08,AdTree calibrated r20mm (AdQSM 060) [calmethod=regression-perorder]_seg65-500-k100-wlen,38.147806,37.898390,0.249416,,0.344062,23.272260,0.750207,13.692860,118.109161,none,1337,,,,,,,,,060,20.000000,65.000000,500.000000,100.000000,regression-perorder,,,
B21_S08,AdQSM (TreesParams) (AdQSM 999),1.354510,0.934007,0.420505,,0.337331,25.260000,,26.064000,3498.700000,none,,,,,,,,,,,,,,,,,,
B21_S08,AdTree raw r5mm_seg35-500-k50,2.017168,1.061808,0.955360,,0.348195,24.693418,0.000000,14.927155,528.026142,none,11405,,,,,,,,,,5.000000,35.000000,500.000000,50.000000,,,,
B21_S08,AdTree calibrated r5mm (AdQSM 999) [calref=min5mm]_seg35-500-k50,183.611752,183.462609,0.149144,,1.161024,24.693418,10.207741,14.927155,528.026142,none,11405,,,,,,,,,999,5.000000,35.000000,500.000000,50.000000,min5mm,,,
B21_S08,AdTree calibrated r5mm (AdQSM 999) [calmethod=regression-perorder]_seg35-500-k50,183.785051,183.462609,0.322442,,1.161024,24.693418,10.207741,14.927155,528.026142,none,11405,,,,,,,,,999,5.000000,35.000000,500.000000,50.000000,regression-perorder,,,
B21_S08,AdTree raw r5mm_seg35-500-k50-wlen,2.017168,1.061808,0.955360,,0.348195,24.693418,0.000000,14.927155,528.026142,none,11405,,,,,,,,,,5.000000,35.000000,500.000000,50.000000,,,,
B21_S08,AdTree calibrated r5mm (AdQSM 999) [calref=min5mm]_seg35-500-k50-wlen,183.591742,183.462609,0.129133,,1.161024,24.693418,10.207741,14.927155,528.026142,none,11405,,,,,,,,,999,5.000000,35.000000,500.000000,50.000000,min5mm,,,
B21_S08,AdTree calibrated r5mm (AdQSM 999) [calmethod=regression-perorder]_seg35-500-k50-wlen,183.732249,183.462609,0.269641,,1.161024,24.693418,10.207741,14.927155,528.026142,none,11405,,,,,,,,,999,5.000000,35.000000,500.000000,50.000000,regression-perorder,,,
B21_S08,AdTree raw r10mm_seg35-500-k50,1.960482,1.061799,0.898683,,0.348195,24.229467,0.000000,14.886756,259.042269,none,5233,,,,,,,,,,10.000000,35.000000,500.000000,50.000000,,,,
B21_S08,AdTree calibrated r10mm (AdQSM 999) [calref=min5mm]_seg35-500-k50,183.603442,183.461625,0.141817,,1.161024,24.229467,10.207741,14.886756,259.042269,none,5233,,,,,,,,,999,10.000000,35.000000,500.000000,50.000000,min5mm,,,
B21_S08,AdTree calibrated r10mm (AdQSM 999) [calmethod=regression-perorder]_seg35-500-k50,183.764844,183.461625,0.303220,,1.161024,24.229467,10.207741,14.886756,259.042269,none,5233,,,,,,,,,999,10.000000,35.000000,500.000000,50.000000,regression-perorder,,,
B21_S08,AdTree raw r10mm_seg35-500-k50-wlen,1.960482,1.061799,0.898683,,0.348195,24.229467,0.000000,14.886756,259.042269,none,5233,,,,,,,,,,10.000000,35.000000,500.000000,50.000000,,,,
B21_S08,AdTree calibrated r10mm (AdQSM 999) [calref=min5mm]_seg35-500-k50-wlen,183.583786,183.461625,0.122161,,1.161024,24.229467,10.207741,14.886756,259.042269,none,5233,,,,,,,,,999,10.000000,35.000000,500.000000,50.000000,min5mm,,,
B21_S08,AdTree calibrated r10mm (AdQSM 999) [calmethod=regression-perorder]_seg35-500-k50-wlen,183.713152,183.461625,0.251528,,1.161024,24.229467,10.207741,14.886756,259.042269,none,5233,,,,,,,,,999,10.000000,35.000000,500.000000,50.000000,regression-perorder,,,
B21_S08,AdTree raw r15mm_seg35-500-k50,1.907005,1.061552,0.845452,,0.348195,23.564246,0.000000,14.417618,166.548284,none,3265,,,,,,,,,,15.000000,35.000000,500.000000,50.000000,,,,
B21_S08,AdTree calibrated r15mm (AdQSM 999) [calref=min5mm]_seg35-500-k50,183.587252,183.449946,0.137306,,1.161024,23.564246,10.207741,14.417618,166.548284,none,3265,,,,,,,,,999,15.000000,35.000000,500.000000,50.000000,min5mm,,,
B21_S08,AdTree calibrated r15mm (AdQSM 999) [calmethod=regression-perorder]_seg35-500-k50,183.743585,183.449946,0.293639,,1.161024,23.564246,10.207741,14.417618,166.548284,none,3265,,,,,,,,,999,15.000000,35.000000,500.000000,50.000000,regression-perorder,,,
B21_S08,AdTree raw r15mm_seg35-500-k50-wlen,1.907005,1.061552,0.845452,,0.348195,23.564246,0.000000,14.417618,166.548284,none,3265,,,,,,,,,,15.000000,35.000000,500.000000,50.000000,,,,
B21_S08,AdTree calibrated r15mm (AdQSM 999) [calref=min5mm]_seg35-500-k50-wlen,183.568048,183.449946,0.118103,,1.161024,23.564246,10.207741,14.417618,166.548284,none,3265,,,,,,,,,999,15.000000,35.000000,500.000000,50.000000,min5mm,,,
B21_S08,AdTree calibrated r15mm (AdQSM 999) [calmethod=regression-perorder]_seg35-500-k50-wlen,183.692836,183.449946,0.242891,,1.161024,23.564246,10.207741,14.417618,166.548284,none,3265,,,,,,,,,999,15.000000,35.000000,500.000000,50.000000,regression-perorder,,,
B21_S08,AdTree raw r20mm_seg35-500-k50,1.855933,1.060855,0.795078,,0.348195,23.272260,0.000000,13.708547,118.331029,none,2321,,,,,,,,,,20.000000,35.000000,500.000000,50.000000,,,,
B21_S08,AdTree calibrated r20mm (AdQSM 999) [calref=min5mm]_seg35-500-k50,183.564822,183.431941,0.132881,,1.161024,23.272260,10.207741,13.708547,118.331029,none,2321,,,,,,,,,999,20.000000,35.000000,500.000000,50.000000,min5mm,,,
B21_S08,AdTree calibrated r20mm (AdQSM 999) [calmethod=regression-perorder]_seg35-500-k50,183.718564,183.431941,0.286623,,1.161024,23.272260,10.207741,13.708547,118.331029,none,2321,,,,,,,,,999,20.000000,35.000000,500.000000,50.000000,regression-perorder,,,
B21_S08,AdTree raw r20mm_seg35-500-k50-wlen,1.855933,1.060855,0.795078,,0.348195,23.272260,0.000000,13.708547,118.331029,none,2321,,,,,,,,,,20.000000,35.000000,500.000000,50.000000,,,,
B21_S08,AdTree calibrated r20mm (AdQSM 999) [calref=min5mm]_seg35-500-k50-wlen,183.546111,183.431941,0.114171,,1.161024,23.272260,10.207741,13.708547,118.331029,none,2321,,,,,,,,,999,20.000000,35.000000,500.000000,50.000000,min5mm,,,
B21_S08,AdTree calibrated r20mm (AdQSM 999) [calmethod=regression-perorder]_seg35-500-k50-wlen,183.668604,183.431941,0.236664,,1.161024,23.272260,10.207741,13.708547,118.331029,none,2321,,,,,,,,,999,20.000000,35.000000,500.000000,50.000000,regression-perorder,,,
B21_S08,AdTree raw r5mm_seg35-500-k80,2.016183,1.061237,0.954946,,0.348195,24.693418,0.000000,14.920267,528.014977,none,11247,,,,,,,,,,5.000000,35.000000,500.000000,80.000000,,,,
B21_S08,AdTree calibrated r5mm (AdQSM 999) [calref=min5mm]_seg35-500-k80,183.298004,183.112813,0.185192,,0.723970,24.693418,5.186271,14.920267,528.014977,none,11247,,,,,,,,,999,5.000000,35.000000,500.000000,80.000000,min5mm,,,
B21_S08,AdTree calibrated r5mm (AdQSM 999) [calmethod=regression-perorder]_seg35-500-k80,183.579729,183.112813,0.466916,,0.723970,24.693418,5.186271,14.920267,528.014977,none,11247,,,,,,,,,999,5.000000,35.000000,500.000000,80.000000,regression-perorder,,,
B21_S08,AdTree raw r5mm_seg35-500-k80-wlen,2.016183,1.061237,0.954946,,0.348195,24.693418,0.000000,14.920267,528.014977,none,11247,,,,,,,,,,5.000000,35.000000,500.000000,80.000000,,,,
B21_S08,AdTree calibrated r5mm (AdQSM 999) [calref=min5mm]_seg35-500-k80-wlen,183.241922,183.112813,0.129109,,0.723970,24.693418,5.186271,14.920267,528.014977,none,11247,,,,,,,,,999,5.000000,35.000000,500.000000,80.000000,min5mm,,,
B21_S08,AdTree calibrated r5mm (AdQSM 999) [calmethod=regression-perorder]_seg35-500-k80-wlen,183.384807,183.112813,0.271995,,0.723970,24.693418,5.186271,14.920267,528.014977,none,11247,,,,,,,,,999,5.000000,35.000000,500.000000,80.000000,regression-perorder,,,
B21_S08,AdTree raw r10mm_seg35-500-k80,1.959497,1.061228,0.898268,,0.348195,24.229467,0.000000,14.879867,259.031104,none,5075,,,,,,,,,,10.000000,35.000000,500.000000,80.000000,,,,
B21_S08,AdTree calibrated r10mm (AdQSM 999) [calref=min5mm]_seg35-500-k80,183.289603,183.111829,0.177774,,0.723970,24.229467,5.186271,14.879867,259.031104,none,5075,,,,,,,,,999,10.000000,35.000000,500.000000,80.000000,min5mm,,,
B21_S08,AdTree calibrated r10mm (AdQSM 999) [calmethod=regression-perorder]_seg35-500-k80,183.559454,183.111829,0.447625,,0.723970,24.229467,5.186271,14.879867,259.031104,none,5075,,,,,,,,,999,10.000000,35.000000,500.000000,80.000000,regression-perorder,,,
B21_S08,AdTree raw r10mm_seg35-500-k80-wlen,1.959497,1.061228,0.898268,,0.348195,24.229467,0.000000,14.879867,259.031104,none,5075,,,,,,,,,,10.000000,35.000000,500.000000,80.000000,,,,
B21_S08,AdTree calibrated r10mm (AdQSM 999) [calref=min5mm]_seg35-500-k80-wlen,183.233965,183.111829,0.122137,,0.723970,24.229467,5.186271,14.879867,259.031104,none,5075,,,,,,,,,999,10.000000,35.000000,500.000000,80.000000,min5mm,,,
B21_S08,AdTree calibrated r10mm (AdQSM 999) [calmethod=regression-perorder]_seg35-500-k80-wlen,183.365712,183.111829,0.253883,,0.723970,24.229467,5.186271,14.879867,259.031104,none,5075,,,,,,,,,999,10.000000,35.000000,500.000000,80.000000,regression-perorder,,,
B21_S08,AdTree raw r15mm_seg35-500-k80,1.906020,1.060982,0.845038,,0.348195,23.564246,0.000000,14.410730,166.537118,none,3107,,,,,,,,,,15.000000,35.000000,500.000000,80.000000,,,,
B21_S08,AdTree calibrated r15mm (AdQSM 999) [calref=min5mm]_seg35-500-k80,183.273194,183.100150,0.173044,,0.723970,23.564246,5.186271,14.410730,166.537118,none,3107,,,,,,,,,999,15.000000,35.000000,500.000000,80.000000,min5mm,,,
B21_S08,AdTree calibrated r15mm (AdQSM 999) [calmethod=regression-perorder]_seg35-500-k80,183.537967,183.100150,0.437818,,0.723970,23.564246,5.186271,14.410730,166.537118,none,3107,,,,,,,,,999,15.000000,35.000000,500.000000,80.000000,regression-perorder,,,
B21_S08,AdTree raw r15mm_seg35-500-k80-wlen,1.906020,1.060982,0.845038,,0.348195,23.564246,0.000000,14.410730,166.537118,none,3107,,,,,,,,,,15.000000,35.000000,500.000000,80.000000,,,,
B21_S08,AdTree calibrated r15mm (AdQSM 999) [calref=min5mm]_seg35-500-k80-wlen,183.218228,183.100150,0.118078,,0.723970,23.564246,5.186271,14.410730,166.537118,none,3107,,,,,,,,,999,15.000000,35.000000,500.000000,80.000000,min5mm,,,
B21_S08,AdTree calibrated r15mm (AdQSM 999) [calmethod=regression-perorder]_seg35-500-k80-wlen,183.345399,183.100150,0.245249,,0.723970,23.564246,5.186271,14.410730,166.537118,none,3107,,,,,,,,,999,15.000000,35.000000,500.000000,80.000000,regression-perorder,,,
B21_S08,AdTree raw r20mm_seg35-500-k80,1.854947,1.060284,0.794663,,0.348195,23.272260,0.000000,13.701659,118.319864,none,2163,,,,,,,,,,20.000000,35.000000,500.000000,80.000000,,,,
B21_S08,AdTree calibrated r20mm (AdQSM 999) [calref=min5mm]_seg35-500-k80,183.250422,183.082145,0.168278,,0.723970,23.272260,5.186271,13.701659,118.319864,none,2163,,,,,,,,,999,20.000000,35.000000,500.000000,80.000000,min5mm,,,
B21_S08,AdTree calibrated r20mm (AdQSM 999) [calmethod=regression-perorder]_seg35-500-k80,183.512516,183.082145,0.430372,,0.723970,23.272260,5.186271,13.701659,118.319864,none,2163,,,,,,,,,999,20.000000,35.000000,500.000000,80.000000,regression-perorder,,,
B21_S08,AdTree raw r20mm_seg35-500-k80-wlen,1.854947,1.060284,0.794663,,0.348195,23.272260,0.000000,13.701659,118.319864,none,2163,,,,,,,,,,20.000000,35.000000,500.000000,80.000000,,,,
B21_S08,AdTree calibrated r20mm (AdQSM 999) [calref=min5mm]_seg35-500-k80-wlen,183.196291,183.082145,0.114146,,0.723970,23.272260,5.186271,13.701659,118.319864,none,2163,,,,,,,,,999,20.000000,35.000000,500.000000,80.000000,min5mm,,,
B21_S08,AdTree calibrated r20mm (AdQSM 999) [calmethod=regression-perorder]_seg35-500-k80-wlen,183.321170,183.082145,0.239026,,0.723970,23.272260,5.186271,13.701659,118.319864,none,2163,,,,,,,,,999,20.000000,35.000000,500.000000,80.000000,regression-perorder,,,
B21_S08,AdTree raw r5mm_seg35-500-k100,2.015656,1.060955,0.954701,,0.348195,24.693418,0.000000,14.916984,528.004417,none,11152,,,,,,,,,,5.000000,35.000000,500.000000,100.000000,,,,
B21_S08,AdTree calibrated r5mm (AdQSM 999) [calref=min5mm]_seg35-500-k100,182.854865,182.643239,0.211626,,0.337310,24.693418,0.735477,14.916984,528.004417,none,11152,,,,,,,,,999,5.000000,35.000000,500.000000,100.000000,min5mm,,,
B21_S08,AdTree calibrated r5mm (AdQSM 999) [calmethod=regression-perorder]_seg35-500-k100,183.244576,182.643239,0.601336,,0.337310,24.693418,0.735477,14.916984,528.004417,none,11152,,,,,,,,,999,5.000000,35.000000,500.000000,100.000000,regression-perorder,,,
B21_S08,AdTree raw r5mm_seg35-500-k100-wlen,2.015656,1.060955,0.954701,,0.348195,24.693418,0.000000,14.916984,528.004417,none,11152,,,,,,,,,,5.000000,35.000000,500.000000,100.000000,,,,
B21_S08,AdTree calibrated r5mm (AdQSM 999) [calref=min5mm]_seg35-500-k100-wlen,182.772345,182.643239,0.129105,,0.337310,24.693418,0.735477,14.916984,528.004417,none,11152,,,,,,,,,999,5.000000,35.000000,500.000000,100.000000,min5mm,,,
B21_S08,AdTree calibrated r5mm (AdQSM 999) [calmethod=regression-perorder]_seg35-500-k100-wlen,182.915201,182.643239,0.271962,,0.337310,24.693418,0.735477,14.916984,528.004417,none,11152,,,,,,,,,999,5.000000,35.000000,500.000000,100.000000,regression-perorder,,,
B21_S08,AdTree raw r10mm_seg35-500-k100,1.958970,1.060946,0.898024,,0.348195,24.229467,0.000000,14.876584,259.020543,none,4980,,,,,,,,,,10.000000,35.000000,500.000000,100.000000,,,,
B21_S08,AdTree calibrated r10mm (AdQSM 999) [calref=min5mm]_seg35-500-k100,182.846391,182.642255,0.204136,,0.337310,24.229467,0.735477,14.876584,259.020543,none,4980,,,,,,,,,999,10.000000,35.000000,500.000000,100.000000,min5mm,,,
B21_S08,AdTree calibrated r10mm (AdQSM 999) [calmethod=regression-perorder]_seg35-500-k100,183.224242,182.642255,0.581987,,0.337310,24.229467,0.735477,14.876584,259.020543,none,4980,,,,,,,,,999,10.000000,35.000000,500.000000,100.000000,regression-perorder,,,
B21_S08,AdTree raw r10mm_seg35-500-k100-wlen,1.958970,1.060946,0.898024,,0.348195,24.229467,0.000000,14.876584,259.020543,none,4980,,,,,,,,,,10.000000,35.000000,500.000000,100.000000,,,,
B21_S08,AdTree calibrated r10mm (AdQSM 999) [calref=min5mm]_seg35-500-k100-wlen,182.764388,182.642255,0.122133,,0.337310,24.229467,0.735477,14.876584,259.020543,none,4980,,,,,,,,,999,10.000000,35.000000,500.000000,100.000000,min5mm,,,
B21_S08,AdTree calibrated r10mm (AdQSM 999) [calmethod=regression-perorder]_seg35-500-k100-wlen,182.896106,182.642255,0.253851,,0.337310,24.229467,0.735477,14.876584,259.020543,none,4980,,,,,,,,,999,10.000000,35.000000,500.000000,100.000000,regression-perorder,,,
B21_S08,AdTree raw r15mm_seg35-500-k100,1.905493,1.060700,0.844793,,0.348195,23.564246,0.000000,14.407447,166.526558,none,3012,,,,,,,,,,15.000000,35.000000,500.000000,100.000000,,,,
B21_S08,AdTree calibrated r15mm (AdQSM 999) [calref=min5mm]_seg35-500-k100,182.829814,182.630576,0.199238,,0.337310,23.564246,0.735477,14.407447,166.526558,none,3012,,,,,,,,,999,15.000000,35.000000,500.000000,100.000000,min5mm,,,
B21_S08,AdTree calibrated r15mm (AdQSM 999) [calmethod=regression-perorder]_seg35-500-k100,183.202611,182.630576,0.572035,,0.337310,23.564246,0.735477,14.407447,166.526558,none,3012,,,,,,,,,999,15.000000,35.000000,500.000000,100.000000,regression-perorder,,,
B21_S08,AdTree raw r15mm_seg35-500-k100-wlen,1.905493,1.060700,0.844793,,0.348195,23.564246,0.000000,14.407447,166.526558,none,3012,,,,,,,,,,15.000000,35.000000,500.000000,100.000000,,,,
B21_S08,AdTree calibrated r15mm (AdQSM 999) [calref=min5mm]_seg35-500-k100-wlen,182.748650,182.630576,0.118074,,0.337310,23.564246,0.735477,14.407447,166.526558,none,3012,,,,,,,,,999,15.000000,35.000000,500.000000,100.000000,min5mm,,,
B21_S08,AdTree calibrated r15mm (AdQSM 999) [calmethod=regression-perorder]_seg35-500-k100-wlen,182.875793,182.630576,0.245217,,0.337310,23.564246,0.735477,14.407447,166.526558,none,3012,,,,,,,,,999,15.000000,35.000000,500.000000,100.000000,regression-perorder,,,
B21_S08,AdTree raw r20mm_seg35-500-k100,1.854421,1.060002,0.794419,,0.348195,23.272260,0.000000,13.698376,118.309304,none,2068,,,,,,,,,,20.000000,35.000000,500.000000,100.000000,,,,
B21_S08,AdTree calibrated r20mm (AdQSM 999) [calref=min5mm]_seg35-500-k100,182.806786,182.612571,0.194215,,0.337310,23.272260,0.735477,13.698376,118.309304,none,2068,,,,,,,,,999,20.000000,35.000000,500.000000,100.000000,min5mm,,,
B21_S08,AdTree calibrated r20mm (AdQSM 999) [calmethod=regression-perorder]_seg35-500-k100,183.176902,182.612571,0.564331,,0.337310,23.272260,0.735477,13.698376,118.309304,none,2068,,,,,,,,,999,20.000000,35.000000,500.000000,100.000000,regression-perorder,,,
B21_S08,AdTree raw r20mm_seg35-500-k100-wlen,1.854421,1.060002,0.794419,,0.348195,23.272260,0.000000,13.698376,118.309304,none,2068,,,,,,,,,,20.000000,35.000000,500.000000,100.000000,,,,
B21_S08,AdTree calibrated r20mm (AdQSM 999) [calref=min5mm]_seg35-500-k100-wlen,182.726713,182.612571,0.114142,,0.337310,23.272260,0.735477,13.698376,118.309304,none,2068,,,,,,,,,999,20.000000,35.000000,500.000000,100.000000,min5mm,,,
B21_S08,AdTree calibrated r20mm (AdQSM 999) [calmethod=regression-perorder]_seg35-500-k100-wlen,182.851564,182.612571,0.238993,,0.337310,23.272260,0.735477,13.698376,118.309304,none,2068,,,,,,,,,999,20.000000,35.000000,500.000000,100.000000,regression-perorder,,,
B21_S08,AdTree raw r5mm_seg50-500-k50,2.015867,1.061778,0.954089,,0.348195,24.693418,0.000000,14.919356,526.372174,none,9774,,,,,,,,,,5.000000,50.000000,500.000000,50.000000,,,,
B21_S08,AdTree calibrated r5mm (AdQSM 999) [calref=min5mm]_seg50-500-k50,183.596902,183.462404,0.134498,,1.161024,24.693418,10.207741,14.919356,526.372174,none,9774,,,,,,,,,999,5.000000,50.000000,500.000000,50.000000,min5mm,,,
B21_S08,AdTree calibrated r5mm (AdQSM 999) [calmethod=regression-perorder]_seg50-500-k50,183.745488,183.462404,0.283084,,1.161024,24.693418,10.207741,14.919356,526.372174,none,9774,,,,,,,,,999,5.000000,50.000000,500.000000,50.000000,regression-perorder,,,
B21_S08,AdTree raw r5mm_seg50-500-k50-wlen,2.015867,1.061778,0.954089,,0.348195,24.693418,0.000000,14.919356,526.372174,none,9774,,,,,,,,,,5.000000,50.000000,500.000000,50.000000,,,,
B21_S08,AdTree calibrated r5mm (AdQSM 999) [calref=min5mm]_seg50-500-k50-wlen,183.591262,183.462404,0.128858,,1.161024,24.693418,10.207741,14.919356,526.372174,none,9774,,,,,,,,,999,5.000000,50.000000,500.000000,50.000000,min5mm,,,
B21_S08,AdTree calibrated r5mm (AdQSM 999) [calmethod=regression-perorder]_seg50-500-k50-wlen,183.731807,183.462404,0.269404,,1.161024,24.693418,10.207741,14.919356,526.372174,none,9774,,,,,,,,,999,5.000000,50.000000,500.000000,50.000000,regression-perorder,,,
B21_S08,AdTree raw r10mm_seg50-500-k50,1.959563,1.061771,0.897792,,0.348195,24.229467,0.000000,14.885632,258.609100,none,4486,,,,,,,,,,10.000000,50.000000,500.000000,50.000000,,,,
B21_S08,AdTree calibrated r10mm (AdQSM 999) [calref=min5mm]_seg50-500-k50,183.588782,183.461582,0.127200,,1.161024,24.229467,10.207741,14.885632,258.609100,none,4486,,,,,,,,,999,10.000000,50.000000,500.000000,50.000000,min5mm,,,
B21_S08,AdTree calibrated r10mm (AdQSM 999) [calmethod=regression-perorder]_seg50-500-k50,183.724883,183.461582,0.263301,,1.161024,24.229467,10.207741,14.885632,258.609100,none,4486,,,,,,,,,999,10.000000,50.000000,500.000000,50.000000,regression-perorder,,,
B21_S08,AdTree raw r10mm_seg50-500-k50-wlen,1.959563,1.061771,0.897792,,0.348195,24.229467,0.000000,14.885632,258.609100,none,4486,,,,,,,,,,10.000000,50.000000,500.000000,50.000000,,,,
B21_S08,AdTree calibrated r10mm (AdQSM 999) [calref=min5mm]_seg50-500-k50-wlen,183.583517,183.461582,0.121935,,1.161024,24.229467,10.207741,14.885632,258.609100,none,4486,,,,,,,,,999,10.000000,50.000000,500.000000,50.000000,min5mm,,,
B21_S08,AdTree calibrated r10mm (AdQSM 999) [calmethod=regression-perorder]_seg50-500-k50-wlen,183.712796,183.461582,0.251215,,1.161024,24.229467,10.207741,14.885632,258.609100,none,4486,,,,,,,,,999,10.000000,50.000000,500.000000,50.000000,regression-perorder,,,
B21_S08,AdTree raw r15mm_seg50-500-k50,1.906514,1.061524,0.844990,,0.348195,23.564246,0.000000,14.412515,166.426121,none,2859,,,,,,,,,,15.000000,50.000000,500.000000,50.000000,,,,
B21_S08,AdTree calibrated r15mm (AdQSM 999) [calref=min5mm]_seg50-500-k50,183.572614,183.449807,0.122806,,1.161024,23.564246,10.207741,14.412515,166.426121,none,2859,,,,,,,,,999,15.000000,50.000000,500.000000,50.000000,min5mm,,,
B21_S08,AdTree calibrated r15mm (AdQSM 999) [calmethod=regression-perorder]_seg50-500-k50,183.703217,183.449807,0.253409,,1.161024,23.564246,10.207741,14.412515,166.426121,none,2859,,,,,,,,,999,15.000000,50.000000,500.000000,50.000000,regression-perorder,,,
B21_S08,AdTree raw r15mm_seg50-500-k50-wlen,1.906514,1.061524,0.844990,,0.348195,23.564246,0.000000,14.412515,166.426121,none,2859,,,,,,,,,,15.000000,50.000000,500.000000,50.000000,,,,
B21_S08,AdTree calibrated r15mm (AdQSM 999) [calref=min5mm]_seg50-500-k50-wlen,183.567724,183.449807,0.117917,,1.161024,23.564246,10.207741,14.412515,166.426121,none,2859,,,,,,,,,999,15.000000,50.000000,500.000000,50.000000,min5mm,,,
B21_S08,AdTree calibrated r15mm (AdQSM 999) [calmethod=regression-perorder]_seg50-500-k50-wlen,183.692338,183.449807,0.242530,,1.161024,23.564246,10.207741,14.412515,166.426121,none,2859,,,,,,,,,999,15.000000,50.000000,500.000000,50.000000,regression-perorder,,,
B21_S08,AdTree raw r20mm_seg50-500-k50,1.855609,1.060827,0.794782,,0.348195,23.272260,0.000000,13.704514,118.283603,none,2071,,,,,,,,,,20.000000,50.000000,500.000000,50.000000,,,,
B21_S08,AdTree calibrated r20mm (AdQSM 999) [calref=min5mm]_seg50-500-k50,183.550384,183.431830,0.118554,,1.161024,23.272260,10.207741,13.704514,118.283603,none,2071,,,,,,,,,999,20.000000,50.000000,500.000000,50.000000,min5mm,,,
B21_S08,AdTree calibrated r20mm (AdQSM 999) [calmethod=regression-perorder]_seg50-500-k50,183.678136,183.431830,0.246306,,1.161024,23.272260,10.207741,13.704514,118.283603,none,2071,,,,,,,,,999,20.000000,50.000000,500.000000,50.000000,regression-perorder,,,
B21_S08,AdTree raw r20mm_seg50-500-k50-wlen,1.855609,1.060827,0.794782,,0.348195,23.272260,0.000000,13.704514,118.283603,none,2071,,,,,,,,,,20.000000,50.000000,500.000000,50.000000,,,,
B21_S08,AdTree calibrated r20mm (AdQSM 999) [calref=min5mm]_seg50-500-k50-wlen,183.545838,183.431830,0.114008,,1.161024,23.272260,10.207741,13.704514,118.283603,none,2071,,,,,,,,,999,20.000000,50.000000,500.000000,50.000000,min5mm,,,
B21_S08,AdTree calibrated r20mm (AdQSM 999) [calmethod=regression-perorder]_seg50-500-k50-wlen,183.668095,183.431830,0.236265,,1.161024,23.272260,10.207741,13.704514,118.283603,none,2071,,,,,,,,,999,20.000000,50.000000,500.000000,50.000000,regression-perorder,,,
B21_S08,AdTree raw r5mm_seg50-500-k80,2.014946,1.061219,0.953726,,0.348195,24.693418,0.000000,14.913018,526.363341,none,9634,,,,,,,,,,5.000000,50.000000,500.000000,80.000000,,,,
B21_S08,AdTree calibrated r5mm (AdQSM 999) [calref=min5mm]_seg50-500-k80,183.278951,183.112629,0.166322,,0.723970,24.693418,5.186271,14.913018,526.363341,none,9634,,,,,,,,,999,5.000000,50.000000,500.000000,80.000000,min5mm,,,
B21_S08,AdTree calibrated r5mm (AdQSM 999) [calmethod=regression-perorder]_seg50-500-k80,183.498890,183.112629,0.386261,,0.723970,24.693418,5.186271,14.913018,526.363341,none,9634,,,,,,,,,999,5.000000,50.000000,500.000000,80.000000,regression-perorder,,,
B21_S08,AdTree raw r5mm_seg50-500-k80-wlen,2.014946,1.061219,0.953726,,0.348195,24.693418,0.000000,14.913018,526.363341,none,9634,,,,,,,,,,5.000000,50.000000,500.000000,80.000000,,,,
B21_S08,AdTree calibrated r5mm (AdQSM 999) [calref=min5mm]_seg50-500-k80-wlen,183.241484,183.112629,0.128855,,0.723970,24.693418,5.186271,14.913018,526.363341,none,9634,,,,,,,,,999,5.000000,50.000000,500.000000,80.000000,min5mm,,,
B21_S08,AdTree calibrated r5mm (AdQSM 999) [calmethod=regression-perorder]_seg50-500-k80-wlen,183.384089,183.112629,0.271461,,0.723970,24.693418,5.186271,14.913018,526.363341,none,9634,,,,,,,,,999,5.000000,50.000000,500.000000,80.000000,regression-perorder,,,
B21_S08,AdTree raw r10mm_seg50-500-k80,1.958642,1.061213,0.897429,,0.348195,24.229467,0.000000,14.879294,258.600267,none,4346,,,,,,,,,,10.000000,50.000000,500.000000,80.000000,,,,
B21_S08,AdTree calibrated r10mm (AdQSM 999) [calref=min5mm]_seg50-500-k80,183.270747,183.111807,0.158941,,0.723970,24.229467,5.186271,14.879294,258.600267,none,4346,,,,,,,,,999,10.000000,50.000000,500.000000,80.000000,min5mm,,,
B21_S08,AdTree calibrated r10mm (AdQSM 999) [calmethod=regression-perorder]_seg50-500-k80,183.478226,183.111807,0.366419,,0.723970,24.229467,5.186271,14.879294,258.600267,none,4346,,,,,,,,,999,10.000000,50.000000,500.000000,80.000000,regression-perorder,,,
B21_S08,AdTree raw r10mm_seg50-500-k80-wlen,1.958642,1.061213,0.897429,,0.348195,24.229467,0.000000,14.879294,258.600267,none,4346,,,,,,,,,,10.000000,50.000000,500.000000,80.000000,,,,
B21_S08,AdTree calibrated r10mm (AdQSM 999) [calref=min5mm]_seg50-500-k80-wlen,183.233739,183.111807,0.121932,,0.723970,24.229467,5.186271,14.879294,258.600267,none,4346,,,,,,,,,999,10.000000,50.000000,500.000000,80.000000,min5mm,,,
B21_S08,AdTree calibrated r10mm (AdQSM 999) [calmethod=regression-perorder]_seg50-500-k80-wlen,183.365079,183.111807,0.253273,,0.723970,24.229467,5.186271,14.879294,258.600267,none,4346,,,,,,,,,999,10.000000,50.000000,500.000000,80.000000,regression-perorder,,,
B21_S08,AdTree raw r15mm_seg50-500-k80,1.905593,1.060965,0.844628,,0.348195,23.564246,0.000000,14.406177,166.417289,none,2719,,,,,,,,,,15.000000,50.000000,500.000000,80.000000,,,,
B21_S08,AdTree calibrated r15mm (AdQSM 999) [calref=min5mm]_seg50-500-k80,183.254380,183.100033,0.154347,,0.723970,23.564246,5.186271,14.406177,166.417289,none,2719,,,,,,,,,999,15.000000,50.000000,500.000000,80.000000,min5mm,,,
B21_S08,AdTree calibrated r15mm (AdQSM 999) [calmethod=regression-perorder]_seg50-500-k80,183.456378,183.100033,0.356345,,0.723970,23.564246,5.186271,14.406177,166.417289,none,2719,,,,,,,,,999,15.000000,50.000000,500.000000,80.000000,regression-perorder,,,
B21_S08,AdTree raw r15mm_seg50-500-k80-wlen,1.905593,1.060965,0.844628,,0.348195,23.564246,0.000000,14.406177,166.417289,none,2719,,,,,,,,,,15.000000,50.000000,500.000000,80.000000,,,,
B21_S08,AdTree calibrated r15mm (AdQSM 999) [calref=min5mm]_seg50-500-k80-wlen,183.217946,183.100033,0.117913,,0.723970,23.564246,5.186271,14.406177,166.417289,none,2719,,,,,,,,,999,15.000000,50.000000,500.000000,80.000000,min5mm,,,
B21_S08,AdTree calibrated r15mm (AdQSM 999) [calmethod=regression-perorder]_seg50-500-k80-wlen,183.344623,183.100033,0.244590,,0.723970,23.564246,5.186271,14.406177,166.417289,none,2719,,,,,,,,,999,15.000000,50.000000,500.000000,80.000000,regression-perorder,,,
B21_S08,AdTree raw r20mm_seg50-500-k80,1.854688,1.060268,0.794420,,0.348195,23.272260,0.000000,13.698176,118.274770,none,1931,,,,,,,,,,20.000000,50.000000,500.000000,80.000000,,,,
B21_S08,AdTree calibrated r20mm (AdQSM 999) [calref=min5mm]_seg50-500-k80,183.231842,183.082055,0.149787,,0.723970,23.272260,5.186271,13.698176,118.274770,none,1931,,,,,,,,,999,20.000000,50.000000,500.000000,80.000000,min5mm,,,
B21_S08,AdTree calibrated r20mm (AdQSM 999) [calmethod=regression-perorder]_seg50-500-k80,183.430953,183.082055,0.348898,,0.723970,23.272260,5.186271,13.698176,118.274770,none,1931,,,,,,,,,999,20.000000,50.000000,500.000000,80.000000,regression-perorder,,,
B21_S08,AdTree raw r20mm_seg50-500-k80-wlen,1.854688,1.060268,0.794420,,0.348195,23.272260,0.000000,13.698176,118.274770,none,1931,,,,,,,,,,20.000000,50.000000,500.000000,80.000000,,,,
B21_S08,AdTree calibrated r20mm (AdQSM 999) [calref=min5mm]_seg50-500-k80-wlen,183.196059,183.082055,0.114004,,0.723970,23.272260,5.186271,13.698176,118.274770,none,1931,,,,,,,,,999,20.000000,50.000000,500.000000,80.000000,min5mm,,,
B21_S08,AdTree calibrated r20mm (AdQSM 999) [calmethod=regression-perorder]_seg50-500-k80-wlen,183.320384,183.082055,0.238328,,0.723970,23.272260,5.186271,13.698176,118.274770,none,1931,,,,,,,,,999,20.000000,50.000000,500.000000,80.000000,regression-perorder,,,
B21_S08,AdTree raw r5mm_seg50-500-k100,2.014460,1.060939,0.953521,,0.348195,24.693418,0.000000,14.910004,526.355445,none,9554,,,,,,,,,,5.000000,50.000000,500.000000,100.000000,,,,
B21_S08,AdTree calibrated r5mm (AdQSM 999) [calref=min5mm]_seg50-500-k100,182.834246,182.643063,0.191183,,0.337310,24.693418,0.735477,14.910004,526.355445,none,9554,,,,,,,,,999,5.000000,50.000000,500.000000,100.000000,min5mm,,,
B21_S08,AdTree calibrated r5mm (AdQSM 999) [calmethod=regression-perorder]_seg50-500-k100,183.124630,182.643063,0.481567,,0.337310,24.693418,0.735477,14.910004,526.355445,none,9554,,,,,,,,,999,5.000000,50.000000,500.000000,100.000000,regression-perorder,,,
B21_S08,AdTree raw r5mm_seg50-500-k100-wlen,2.014460,1.060939,0.953521,,0.348195,24.693418,0.000000,14.910004,526.355445,none,9554,,,,,,,,,,5.000000,50.000000,500.000000,100.000000,,,,
B21_S08,AdTree calibrated r5mm (AdQSM 999) [calref=min5mm]_seg50-500-k100-wlen,182.771934,182.643063,0.128871,,0.337310,24.693418,0.735477,14.910004,526.355445,none,9554,,,,,,,,,999,5.000000,50.000000,500.000000,100.000000,min5mm,,,
B21_S08,AdTree calibrated r5mm (AdQSM 999) [calmethod=regression-perorder]_seg50-500-k100-wlen,182.914606,182.643063,0.271543,,0.337310,24.693418,0.735477,14.910004,526.355445,none,9554,,,,,,,,,999,5.000000,50.000000,500.000000,100.000000,regression-perorder,,,
B21_S08,AdTree raw r10mm_seg50-500-k100,1.958156,1.060932,0.897224,,0.348195,24.229467,0.000000,14.876280,258.592371,none,4266,,,,,,,,,,10.000000,50.000000,500.000000,100.000000,,,,
B21_S08,AdTree calibrated r10mm (AdQSM 999) [calref=min5mm]_seg50-500-k100,182.825976,182.642240,0.183735,,0.337310,24.229467,0.735477,14.876280,258.592371,none,4266,,,,,,,,,999,10.000000,50.000000,500.000000,100.000000,min5mm,,,
B21_S08,AdTree calibrated r10mm (AdQSM 999) [calmethod=regression-perorder]_seg50-500-k100,183.103908,182.642240,0.461668,,0.337310,24.229467,0.735477,14.876280,258.592371,none,4266,,,,,,,,,999,10.000000,50.000000,500.000000,100.000000,regression-perorder,,,
B21_S08,AdTree raw r10mm_seg50-500-k100-wlen,1.958156,1.060932,0.897224,,0.348195,24.229467,0.000000,14.876280,258.592371,none,4266,,,,,,,,,,10.000000,50.000000,500.000000,100.000000,,,,
B21_S08,AdTree calibrated r10mm (AdQSM 999) [calref=min5mm]_seg50-500-k100-wlen,182.764189,182.642240,0.121948,,0.337310,24.229467,0.735477,14.876280,258.592371,none,4266,,,,,,,,,999,10.000000,50.000000,500.000000,100.000000,min5mm,,,
B21_S08,AdTree calibrated r10mm (AdQSM 999) [calmethod=regression-perorder]_seg50-500-k100-wlen,182.895596,182.642240,0.253355,,0.337310,24.229467,0.735477,14.876280,258.592371,none,4266,,,,,,,,,999,10.000000,50.000000,500.000000,100.000000,regression-perorder,,,
B21_S08,AdTree raw r15mm_seg50-500-k100,1.905107,1.060685,0.844423,,0.348195,23.564246,0.000000,14.403163,166.409393,none,2639,,,,,,,,,,15.000000,50.000000,500.000000,100.000000,,,,
B21_S08,AdTree calibrated r15mm (AdQSM 999) [calref=min5mm]_seg50-500-k100,182.809457,182.630466,0.178991,,0.337310,23.564246,0.735477,14.403163,166.409393,none,2639,,,,,,,,,999,15.000000,50.000000,500.000000,100.000000,min5mm,,,
B21_S08,AdTree calibrated r15mm (AdQSM 999) [calmethod=regression-perorder]_seg50-500-k100,183.081900,182.630466,0.451433,,0.337310,23.564246,0.735477,14.403163,166.409393,none,2639,,,,,,,,,999,15.000000,50.000000,500.000000,100.000000,regression-perorder,,,
B21_S08,AdTree raw r15mm_seg50-500-k100-wlen,1.905107,1.060685,0.844423,,0.348195,23.564246,0.000000,14.403163,166.409393,none,2639,,,,,,,,,,15.000000,50.000000,500.000000,100.000000,,,,
B21_S08,AdTree calibrated r15mm (AdQSM 999) [calref=min5mm]_seg50-500-k100-wlen,182.748396,182.630466,0.117929,,0.337310,23.564246,0.735477,14.403163,166.409393,none,2639,,,,,,,,,999,15.000000,50.000000,500.000000,100.000000,min5mm,,,
B21_S08,AdTree calibrated r15mm (AdQSM 999) [calmethod=regression-perorder]_seg50-500-k100-wlen,182.875139,182.630466,0.244673,,0.337310,23.564246,0.735477,14.403163,166.409393,none,2639,,,,,,,,,999,15.000000,50.000000,500.000000,100.000000,regression-perorder,,,
B21_S08,AdTree raw r20mm_seg50-500-k100,1.854202,1.059988,0.794214,,0.348195,23.272260,0.000000,13.695162,118.266874,none,1851,,,,,,,,,,20.000000,50.000000,500.000000,100.000000,,,,
B21_S08,AdTree calibrated r20mm (AdQSM 999) [calref=min5mm]_seg50-500-k100,182.786686,182.612489,0.174197,,0.337310,23.272260,0.735477,13.695162,118.266874,none,1851,,,,,,,,,999,20.000000,50.000000,500.000000,100.000000,min5mm,,,
B21_S08,AdTree calibrated r20mm (AdQSM 999) [calmethod=regression-perorder]_seg50-500-k100,183.056189,182.612489,0.443700,,0.337310,23.272260,0.735477,13.695162,118.266874,none,1851,,,,,,,,,999,20.000000,50.000000,500.000000,100.000000,regression-perorder,,,
B21_S08,AdTree raw r20mm_seg50-500-k100-wlen,1.854202,1.059988,0.794214,,0.348195,23.272260,0.000000,13.695162,118.266874,none,1851,,,,,,,,,,20.000000,50.000000,500.000000,100.000000,,,,
B21_S08,AdTree calibrated r20mm (AdQSM 999) [calref=min5mm]_seg50-500-k100-wlen,182.726508,182.612489,0.114019,,0.337310,23.272260,0.735477,13.695162,118.266874,none,1851,,,,,,,,,999,20.000000,50.000000,500.000000,100.000000,min5mm,,,
B21_S08,AdTree calibrated r20mm (AdQSM 999) [calmethod=regression-perorder]_seg50-500-k100-wlen,182.850899,182.612489,0.238411,,0.337310,23.272260,0.735477,13.695162,118.266874,none,1851,,,,,,,,,999,20.000000,50.000000,500.000000,100.000000,regression-perorder,,,
B21_S08,AdTree raw r5mm_seg65-500-k50,2.013866,1.061736,0.952130,,0.348195,24.693418,0.000000,14.913975,523.721020,none,8092,,,,,,,,,,5.000000,65.000000,500.000000,50.000000,,,,
B21_S08,AdTree calibrated r5mm (AdQSM 999) [calref=min5mm]_seg65-500-k50,183.635634,183.462256,0.173378,,1.161024,24.693418,10.207741,14.913975,523.721020,none,8092,,,,,,,,,999,5.000000,65.000000,500.000000,50.000000,min5mm,,,
B21_S08,AdTree calibrated r5mm (AdQSM 999) [calmethod=regression-perorder]_seg65-500-k50,183.802576,183.462256,0.340320,,1.161024,24.693418,10.207741,14.913975,523.721020,none,8092,,,,,,,,,999,5.000000,65.000000,500.000000,50.000000,regression-perorder,,,
B21_S08,AdTree raw r5mm_seg65-500-k50-wlen,2.013866,1.061736,0.952130,,0.348195,24.693418,0.000000,14.913975,523.721020,none,8092,,,,,,,,,,5.000000,65.000000,500.000000,50.000000,,,,
B21_S08,AdTree calibrated r5mm (AdQSM 999) [calref=min5mm]_seg65-500-k50-wlen,183.589560,183.462256,0.127304,,1.161024,24.693418,10.207741,14.913975,523.721020,none,8092,,,,,,,,,999,5.000000,65.000000,500.000000,50.000000,min5mm,,,
B21_S08,AdTree calibrated r5mm (AdQSM 999) [calmethod=regression-perorder]_seg65-500-k50-wlen,183.731849,183.462256,0.269593,,1.161024,24.693418,10.207741,14.913975,523.721020,none,8092,,,,,,,,,999,5.000000,65.000000,500.000000,50.000000,regression-perorder,,,
B21_S08,AdTree raw r10mm_seg65-500-k50,1.958123,1.061727,0.896396,,0.348195,24.229467,0.000000,14.873575,257.948053,none,3396,,,,,,,,,,10.000000,65.000000,500.000000,50.000000,,,,
B21_S08,AdTree calibrated r10mm (AdQSM 999) [calref=min5mm]_seg65-500-k50,183.627111,183.461272,0.165840,,1.161024,24.229467,10.207741,14.873575,257.948053,none,3396,,,,,,,,,999,10.000000,65.000000,500.000000,50.000000,min5mm,,,
B21_S08,AdTree calibrated r10mm (AdQSM 999) [calmethod=regression-perorder]_seg65-500-k50,183.780950,183.461272,0.319679,,1.161024,24.229467,10.207741,14.873575,257.948053,none,3396,,,,,,,,,999,10.000000,65.000000,500.000000,50.000000,regression-perorder,,,
B21_S08,AdTree raw r10mm_seg65-500-k50-wlen,1.958123,1.061727,0.896396,,0.348195,24.229467,0.000000,14.873575,257.948053,none,3396,,,,,,,,,,10.000000,65.000000,500.000000,50.000000,,,,
B21_S08,AdTree calibrated r10mm (AdQSM 999) [calref=min5mm]_seg65-500-k50-wlen,183.581756,183.461272,0.120485,,1.161024,24.229467,10.207741,14.873575,257.948053,none,3396,,,,,,,,,999,10.000000,65.000000,500.000000,50.000000,min5mm,,,
B21_S08,AdTree calibrated r10mm (AdQSM 999) [calmethod=regression-perorder]_seg65-500-k50-wlen,183.712657,183.461272,0.251385,,1.161024,24.229467,10.207741,14.873575,257.948053,none,3396,,,,,,,,,999,10.000000,65.000000,500.000000,50.000000,regression-perorder,,,
B21_S08,AdTree raw r15mm_seg65-500-k50,1.905170,1.061481,0.843689,,0.348195,23.564246,0.000000,14.405354,166.085158,none,2022,,,,,,,,,,15.000000,65.000000,500.000000,50.000000,,,,
B21_S08,AdTree calibrated r15mm (AdQSM 999) [calref=min5mm]_seg65-500-k50,183.610478,183.449615,0.160862,,1.161024,23.564246,10.207741,14.405354,166.085158,none,2022,,,,,,,,,999,15.000000,65.000000,500.000000,50.000000,min5mm,,,
B21_S08,AdTree calibrated r15mm (AdQSM 999) [calmethod=regression-perorder]_seg65-500-k50,183.758066,183.449615,0.308450,,1.161024,23.564246,10.207741,14.405354,166.085158,none,2022,,,,,,,,,999,15.000000,65.000000,500.000000,50.000000,regression-perorder,,,
B21_S08,AdTree raw r15mm_seg65-500-k50-wlen,1.905170,1.061481,0.843689,,0.348195,23.564246,0.000000,14.405354,166.085158,none,2022,,,,,,,,,,15.000000,65.000000,500.000000,50.000000,,,,
B21_S08,AdTree calibrated r15mm (AdQSM 999) [calref=min5mm]_seg65-500-k50-wlen,183.566127,183.449615,0.116511,,1.161024,23.564246,10.207741,14.405354,166.085158,none,2022,,,,,,,,,999,15.000000,65.000000,500.000000,50.000000,min5mm,,,
B21_S08,AdTree calibrated r15mm (AdQSM 999) [calmethod=regression-perorder]_seg65-500-k50-wlen,183.692225,183.449615,0.242610,,1.161024,23.564246,10.207741,14.405354,166.085158,none,2022,,,,,,,,,999,15.000000,65.000000,500.000000,50.000000,regression-perorder,,,
B21_S08,AdTree raw r20mm_seg65-500-k50,1.854598,1.060789,0.793808,,0.348195,23.272260,0.000000,13.701014,118.111121,none,1406,,,,,,,,,,20.000000,65.000000,500.000000,50.000000,,,,
B21_S08,AdTree calibrated r20mm (AdQSM 999) [calref=min5mm]_seg65-500-k50,183.587630,183.431731,0.155899,,1.161024,23.272260,10.207741,13.701014,118.111121,none,1406,,,,,,,,,999,20.000000,65.000000,500.000000,50.000000,min5mm,,,
B21_S08,AdTree calibrated r20mm (AdQSM 999) [calmethod=regression-perorder]_seg65-500-k50,183.731608,183.431731,0.299877,,1.161024,23.272260,10.207741,13.701014,118.111121,none,1406,,,,,,,,,999,20.000000,65.000000,500.000000,50.000000,regression-perorder,,,
B21_S08,AdTree raw r20mm_seg65-500-k50-wlen,1.854598,1.060789,0.793808,,0.348195,23.272260,0.000000,13.701014,118.111121,none,1406,,,,,,,,,,20.000000,65.000000,500.000000,50.000000,,,,
B21_S08,AdTree calibrated r20mm (AdQSM 999) [calref=min5mm]_seg65-500-k50-wlen,183.544397,183.431731,0.112666,,1.161024,23.272260,10.207741,13.701014,118.111121,none,1406,,,,,,,,,999,20.000000,65.000000,500.000000,50.000000,min5mm,,,
B21_S08,AdTree calibrated r20mm (AdQSM 999) [calmethod=regression-perorder]_seg65-500-k50-wlen,183.668041,183.431731,0.236310,,1.161024,23.272260,10.207741,13.701014,118.111121,none,1406,,,,,,,,,999,20.000000,65.000000,500.000000,50.000000,regression-perorder,,,
B21_S08,AdTree raw r5mm_seg65-500-k80,2.013303,1.061205,0.952098,,0.348195,24.693418,0.000000,14.908740,523.721021,none,8054,,,,,,,,,,5.000000,65.000000,500.000000,80.000000,,,,
B21_S08,AdTree calibrated r5mm (AdQSM 999) [calref=min5mm]_seg65-500-k80,183.287915,183.112529,0.175387,,0.723970,24.693418,5.186271,14.908740,523.721021,none,8054,,,,,,,,,999,5.000000,65.000000,500.000000,80.000000,min5mm,,,
B21_S08,AdTree calibrated r5mm (AdQSM 999) [calmethod=regression-perorder]_seg65-500-k80,183.463023,183.112529,0.350494,,0.723970,24.693418,5.186271,14.908740,523.721021,none,8054,,,,,,,,,999,5.000000,65.000000,500.000000,80.000000,regression-perorder,,,
B21_S08,AdTree raw r5mm_seg65-500-k80-wlen,2.013303,1.061205,0.952098,,0.348195,24.693418,0.000000,14.908740,523.721021,none,8054,,,,,,,,,,5.000000,65.000000,500.000000,80.000000,,,,
B21_S08,AdTree calibrated r5mm (AdQSM 999) [calref=min5mm]_seg65-500-k80-wlen,183.239823,183.112529,0.127294,,0.723970,24.693418,5.186271,14.908740,523.721021,none,8054,,,,,,,,,999,5.000000,65.000000,500.000000,80.000000,min5mm,,,
B21_S08,AdTree calibrated r5mm (AdQSM 999) [calmethod=regression-perorder]_seg65-500-k80-wlen,183.385500,183.112529,0.272971,,0.723970,24.693418,5.186271,14.908740,523.721021,none,8054,,,,,,,,,999,5.000000,65.000000,500.000000,80.000000,regression-perorder,,,
B21_S08,AdTree raw r10mm_seg65-500-k80,1.957560,1.061196,0.896365,,0.348195,24.229467,0.000000,14.868341,257.948054,none,3358,,,,,,,,,,10.000000,65.000000,500.000000,80.000000,,,,
B21_S08,AdTree calibrated r10mm (AdQSM 999) [calref=min5mm]_seg65-500-k80,183.279388,183.111545,0.167843,,0.723970,24.229467,5.186271,14.868341,257.948054,none,3358,,,,,,,,,999,10.000000,65.000000,500.000000,80.000000,min5mm,,,
B21_S08,AdTree calibrated r10mm (AdQSM 999) [calmethod=regression-perorder]_seg65-500-k80,183.441393,183.111545,0.329848,,0.723970,24.229467,5.186271,14.868341,257.948054,none,3358,,,,,,,,,999,10.000000,65.000000,500.000000,80.000000,regression-perorder,,,
B21_S08,AdTree raw r10mm_seg65-500-k80-wlen,1.957560,1.061196,0.896365,,0.348195,24.229467,0.000000,14.868341,257.948054,none,3358,,,,,,,,,,10.000000,65.000000,500.000000,80.000000,,,,
B21_S08,AdTree calibrated r10mm (AdQSM 999) [calref=min5mm]_seg65-500-k80-wlen,183.232019,183.111545,0.120475,,0.723970,24.229467,5.186271,14.868341,257.948054,none,3358,,,,,,,,,999,10.000000,65.000000,500.000000,80.000000,min5mm,,,
B21_S08,AdTree calibrated r10mm (AdQSM 999) [calmethod=regression-perorder]_seg65-500-k80-wlen,183.366310,183.111545,0.254765,,0.723970,24.229467,5.186271,14.868341,257.948054,none,3358,,,,,,,,,999,10.000000,65.000000,500.000000,80.000000,regression-perorder,,,
B21_S08,AdTree raw r15mm_seg65-500-k80,1.904608,1.060950,0.843658,,0.348195,23.564246,0.000000,14.400120,166.085159,none,1984,,,,,,,,,,15.000000,65.000000,500.000000,80.000000,,,,
B21_S08,AdTree calibrated r15mm (AdQSM 999) [calref=min5mm]_seg65-500-k80,183.262743,183.099888,0.162855,,0.723970,23.564246,5.186271,14.400120,166.085159,none,1984,,,,,,,,,999,15.000000,65.000000,500.000000,80.000000,min5mm,,,
B21_S08,AdTree calibrated r15mm (AdQSM 999) [calmethod=regression-perorder]_seg65-500-k80,183.418494,183.099888,0.318606,,0.723970,23.564246,5.186271,14.400120,166.085159,none,1984,,,,,,,,,999,15.000000,65.000000,500.000000,80.000000,regression-perorder,,,
B21_S08,AdTree raw r15mm_seg65-500-k80-wlen,1.904608,1.060950,0.843658,,0.348195,23.564246,0.000000,14.400120,166.085159,none,1984,,,,,,,,,,15.000000,65.000000,500.000000,80.000000,,,,
B21_S08,AdTree calibrated r15mm (AdQSM 999) [calref=min5mm]_seg65-500-k80-wlen,183.216390,183.099888,0.116501,,0.723970,23.564246,5.186271,14.400120,166.085159,none,1984,,,,,,,,,999,15.000000,65.000000,500.000000,80.000000,min5mm,,,
B21_S08,AdTree calibrated r15mm (AdQSM 999) [calmethod=regression-perorder]_seg65-500-k80-wlen,183.345883,183.099888,0.245994,,0.723970,23.564246,5.186271,14.400120,166.085159,none,1984,,,,,,,,,999,15.000000,65.000000,500.000000,80.000000,regression-perorder,,,
B21_S08,AdTree raw r20mm_seg65-500-k80,1.854035,1.060258,0.793777,,0.348195,23.272260,0.000000,13.695779,118.111122,none,1368,,,,,,,,,,20.000000,65.000000,500.000000,80.000000,,,,
B21_S08,AdTree calibrated r20mm (AdQSM 999) [calref=min5mm]_seg65-500-k80,183.239877,183.082004,0.157873,,0.723970,23.272260,5.186271,13.695779,118.111122,none,1368,,,,,,,,,999,20.000000,65.000000,500.000000,80.000000,min5mm,,,
B21_S08,AdTree calibrated r20mm (AdQSM 999) [calmethod=regression-perorder]_seg65-500-k80,183.392006,183.082004,0.310002,,0.723970,23.272260,5.186271,13.695779,118.111122,none,1368,,,,,,,,,999,20.000000,65.000000,500.000000,80.000000,regression-perorder,,,
B21_S08,AdTree raw r20mm_seg65-500-k80-wlen,1.854035,1.060258,0.793777,,0.348195,23.272260,0.000000,13.695779,118.111122,none,1368,,,,,,,,,,20.000000,65.000000,500.000000,80.000000,,,,
B21_S08,AdTree calibrated r20mm (AdQSM 999) [calref=min5mm]_seg65-500-k80-wlen,183.194660,183.082004,0.112656,,0.723970,23.272260,5.186271,13.695779,118.111122,none,1368,,,,,,,,,999,20.000000,65.000000,500.000000,80.000000,min5mm,,,
B21_S08,AdTree calibrated r20mm (AdQSM 999) [calmethod=regression-perorder]_seg65-500-k80-wlen,183.321704,183.082004,0.239700,,0.723970,23.272260,5.186271,13.695779,118.111122,none,1368,,,,,,,,,999,20.000000,65.000000,500.000000,80.000000,regression-perorder,,,
B21_S08,AdTree raw r5mm_seg65-500-k100,2.012922,1.060927,0.951995,,0.348195,24.693418,0.000000,14.905821,523.719060,none,8023,,,,,,,,,,5.000000,65.000000,500.000000,100.000000,,,,
B21_S08,AdTree calibrated r5mm (AdQSM 999) [calref=min5mm]_seg65-500-k100,182.836352,182.642953,0.193399,,0.337310,24.693418,0.735477,14.905821,523.719060,none,8023,,,,,,,,,999,5.000000,65.000000,500.000000,100.000000,min5mm,,,
B21_S08,AdTree calibrated r5mm (AdQSM 999) [calmethod=regression-perorder]_seg65-500-k100,183.040531,182.642953,0.397578,,0.337310,24.693418,0.735477,14.905821,523.719060,none,8023,,,,,,,,,999,5.000000,65.000000,500.000000,100.000000,regression-perorder,,,
B21_S08,AdTree raw r5mm_seg65-500-k100-wlen,2.012922,1.060927,0.951995,,0.348195,24.693418,0.000000,14.905821,523.719060,none,8023,,,,,,,,,,5.000000,65.000000,500.000000,100.000000,,,,
B21_S08,AdTree calibrated r5mm (AdQSM 999) [calref=min5mm]_seg65-500-k100-wlen,182.770228,182.642953,0.127275,,0.337310,24.693418,0.735477,14.905821,523.719060,none,8023,,,,,,,,,999,5.000000,65.000000,500.000000,100.000000,min5mm,,,
B21_S08,AdTree calibrated r5mm (AdQSM 999) [calmethod=regression-perorder]_seg65-500-k100-wlen,182.915947,182.642953,0.272994,,0.337310,24.693418,0.735477,14.905821,523.719060,none,8023,,,,,,,,,999,5.000000,65.000000,500.000000,100.000000,regression-perorder,,,
B21_S08,AdTree raw r10mm_seg65-500-k100,1.957179,1.060918,0.896261,,0.348195,24.229467,0.000000,14.865422,257.946093,none,3327,,,,,,,,,,10.000000,65.000000,500.000000,100.000000,,,,
B21_S08,AdTree calibrated r10mm (AdQSM 999) [calref=min5mm]_seg65-500-k100,182.827787,182.641969,0.185818,,0.337310,24.229467,0.735477,14.865422,257.946093,none,3327,,,,,,,,,999,10.000000,65.000000,500.000000,100.000000,min5mm,,,
B21_S08,AdTree calibrated r10mm (AdQSM 999) [calmethod=regression-perorder]_seg65-500-k100,183.018896,182.641969,0.376927,,0.337310,24.229467,0.735477,14.865422,257.946093,none,3327,,,,,,,,,999,10.000000,65.000000,500.000000,100.000000,regression-perorder,,,
B21_S08,AdTree raw r10mm_seg65-500-k100-wlen,1.957179,1.060918,0.896261,,0.348195,24.229467,0.000000,14.865422,257.946093,none,3327,,,,,,,,,,10.000000,65.000000,500.000000,100.000000,,,,
B21_S08,AdTree calibrated r10mm (AdQSM 999) [calref=min5mm]_seg65-500-k100-wlen,182.762424,182.641969,0.120455,,0.337310,24.229467,0.735477,14.865422,257.946093,none,3327,,,,,,,,,999,10.000000,65.000000,500.000000,100.000000,min5mm,,,
B21_S08,AdTree calibrated r10mm (AdQSM 999) [calmethod=regression-perorder]_seg65-500-k100-wlen,182.896757,182.641969,0.254789,,0.337310,24.229467,0.735477,14.865422,257.946093,none,3327,,,,,,,,,999,10.000000,65.000000,500.000000,100.000000,regression-perorder,,,
B21_S08,AdTree raw r15mm_seg65-500-k100,1.904227,1.060672,0.843554,,0.348195,23.564246,0.000000,14.397201,166.083198,none,1953,,,,,,,,,,15.000000,65.000000,500.000000,100.000000,,,,
B21_S08,AdTree calibrated r15mm (AdQSM 999) [calref=min5mm]_seg65-500-k100,182.811048,182.630312,0.180735,,0.337310,23.564246,0.735477,14.397201,166.083198,none,1953,,,,,,,,,999,15.000000,65.000000,500.000000,100.000000,min5mm,,,
B21_S08,AdTree calibrated r15mm (AdQSM 999) [calmethod=regression-perorder]_seg65-500-k100,182.995961,182.630312,0.365649,,0.337310,23.564246,0.735477,14.397201,166.083198,none,1953,,,,,,,,,999,15.000000,65.000000,500.000000,100.000000,regression-perorder,,,
B21_S08,AdTree raw r15mm_seg65-500-k100-wlen,1.904227,1.060672,0.843554,,0.348195,23.564246,0.000000,14.397201,166.083198,none,1953,,,,,,,,,,15.000000,65.000000,500.000000,100.000000,,,,
B21_S08,AdTree calibrated r15mm (AdQSM 999) [calref=min5mm]_seg65-500-k100-wlen,182.746794,182.630312,0.116482,,0.337310,23.564246,0.735477,14.397201,166.083198,none,1953,,,,,,,,,999,15.000000,65.000000,500.000000,100.000000,min5mm,,,
B21_S08,AdTree calibrated r15mm (AdQSM 999) [calmethod=regression-perorder]_seg65-500-k100-wlen,182.876330,182.630312,0.246017,,0.337310,23.564246,0.735477,14.397201,166.083198,none,1953,,,,,,,,,999,15.000000,65.000000,500.000000,100.000000,regression-perorder,,,
B21_S08,AdTree raw r20mm_seg65-500-k100,1.853654,1.059980,0.793673,,0.348195,23.272260,0.000000,13.692860,118.109161,none,1337,,,,,,,,,,20.000000,65.000000,500.000000,100.000000,,,,
B21_S08,AdTree calibrated r20mm (AdQSM 999) [calref=min5mm]_seg65-500-k100,182.788032,182.612428,0.175604,,0.337310,23.272260,0.735477,13.692860,118.109161,none,1337,,,,,,,,,999,20.000000,65.000000,500.000000,100.000000,min5mm,,,
B21_S08,AdTree calibrated r20mm (AdQSM 999) [calmethod=regression-perorder]_seg65-500-k100,182.969390,182.612428,0.356962,,0.337310,23.272260,0.735477,13.692860,118.109161,none,1337,,,,,,,,,999,20.000000,65.000000,500.000000,100.000000,regression-perorder,,,
B21_S08,AdTree raw r20mm_seg65-500-k100-wlen,1.853654,1.059980,0.793673,,0.348195,23.272260,0.000000,13.692860,118.109161,none,1337,,,,,,,,,,20.000000,65.000000,500.000000,100.000000,,,,
B21_S08,AdTree calibrated r20mm (AdQSM 999) [calref=min5mm]_seg65-500-k100-wlen,182.725064,182.612428,0.112636,,0.337310,23.272260,0.735477,13.692860,118.109161,none,1337,,,,,,,,,999,20.000000,65.000000,500.000000,100.000000,min5mm,,,
B21_S08,AdTree calibrated r20mm (AdQSM 999) [calmethod=regression-perorder]_seg65-500-k100-wlen,182.852151,182.612428,0.239723,,0.337310,23.272260,0.735477,13.692860,118.109161,none,1337,,,,,,,,,999,20.000000,65.000000,500.000000,100.000000,regression-perorder,,,
B21_S08,"TreeQSM mine (aut_mo9_sr005_ri0, Optimal)",6.877054,1.488164,5.388889,0.286982,0.382728,25.315655,1.050074,25.273865,1539.146729,none,9177,auto,0.050585,0.020002,0.091053,0.002500,9.000000,0.005000,0.000000,,,,,,,0.027597,0.017190,0.027725
B21_S08,"TreeQSM mine (aut_mo9_sr005_ri0, Simplified (no islands))",7.323323,1.484723,5.838600,,0.382728,25.315655,1.050074,25.273865,1539.146729,none,9001,auto,0.050585,0.020002,0.091053,0.002500,9.000000,0.005000,0.000000,,,,,,,0.027597,0.017190,0.027725
B21_S08,"TreeQSM mine (man_pd05-002-09_mo9_sr005_ri0, Optimal)",4.567067,1.484172,3.082895,0.224946,0.376470,25.298326,0.968989,21.727415,1963.669067,none,16094,manual,0.050000,0.002000,0.090000,0.002500,9.000000,0.005000,0.000000,,,,,,,0.025923,0.025042,0.025940
B21_S08,"TreeQSM mine (man_pd05-002-09_mo9_sr005_ri0, Simplified (no islands))",4.792745,1.491548,3.301197,,0.376470,25.298326,0.968989,21.727415,1963.669067,none,16066,manual,0.050000,0.002000,0.090000,0.002500,9.000000,0.005000,0.000000,,,,,,,0.025923,0.025042,0.025940
B21_S08,"TreeQSM mine (man_pd05-002-09_mo9_sr005_ri1, Optimal)",4.567067,1.484172,3.082895,0.224946,0.376470,25.298326,0.968989,21.727415,1963.669067,none,16094,manual,0.050000,0.002000,0.090000,0.002500,9.000000,0.005000,1.000000,,,,,,,0.025923,0.025042,0.025940
B21_S08,"TreeQSM mine (man_pd05-002-09_mo9_sr005_ri1, Simplified (no islands))",4.818091,1.491548,3.326543,,0.376470,25.298326,0.968989,21.727415,1963.669067,none,8600,manual,0.050000,0.002000,0.090000,0.002500,9.000000,0.005000,1.000000,,,,,,,0.025923,0.025042,0.025940
B21_S08,"TreeQSM mine (man_pd05-002-09_mo9_sr005_ri2, Optimal)",4.567067,1.484172,3.082895,0.224946,0.376470,25.298326,0.968989,21.727415,1963.669067,none,16094,manual,0.050000,0.002000,0.090000,0.002500,9.000000,0.005000,2.000000,,,,,,,0.025923,0.025042,0.025940
B21_S08,"TreeQSM mine (man_pd05-002-09_mo9_sr005_ri2, Simplified (no islands))",4.858054,1.491548,3.366505,,0.376470,25.298326,0.968989,21.727415,1963.669067,none,4811,manual,0.050000,0.002000,0.090000,0.002500,9.000000,0.005000,2.000000,,,,,,,0.025923,0.025042,0.025940
B21_S08,"TreeQSM mine (man_pd05-002-09_mo9_sr005_ri3, Optimal)",4.567067,1.484172,3.082895,0.224946,0.376470,25.298326,0.968989,21.727415,1963.669067,none,16094,manual,0.050000,0.002000,0.090000,0.002500,9.000000,0.005000,3.000000,,,,,,,0.025923,0.025042,0.025940
B21_S08,"TreeQSM mine (man_pd05-002-09_mo9_sr005_ri3, Simplified (no islands))",4.939408,1.491548,3.447860,,0.376470,25.298326,0.968989,21.727415,1963.669067,none,3071,manual,0.050000,0.002000,0.090000,0.002500,9.000000,0.005000,3.000000,,,,,,,0.025923,0.025042,0.025940
B21_S08,"TreeQSM mine (man_pd05-002-09_mo9_sr010_ri0, Optimal)",4.567067,1.484172,3.082895,0.224946,0.376470,25.298326,0.968989,21.727415,1963.669067,none,16094,manual,0.050000,0.002000,0.090000,0.002500,9.000000,0.010000,0.000000,,,,,,,0.025923,0.025042,0.025940
B21_S08,"TreeQSM mine (man_pd05-002-09_mo9_sr010_ri0, Simplified (no islands))",4.790359,1.491548,3.298811,,0.376470,25.298326,0.968989,21.727415,1963.669067,none,15767,manual,0.050000,0.002000,0.090000,0.002500,9.000000,0.010000,0.000000,,,,,,,0.025923,0.025042,0.025940
B21_S08,"TreeQSM mine (man_pd05-002-09_mo9_sr010_ri1, Optimal)",4.567067,1.484172,3.082895,0.224946,0.376470,25.298326,0.968989,21.727415,1963.669067,none,16094,manual,0.050000,0.002000,0.090000,0.002500,9.000000,0.010000,1.000000,,,,,,,0.025923,0.025042,0.025940
B21_S08,"TreeQSM mine (man_pd05-002-09_mo9_sr010_ri1, Simplified (no islands))",4.815662,1.491548,3.324114,,0.376470,25.298326,0.968989,21.727415,1963.669067,none,8413,manual,0.050000,0.002000,0.090000,0.002500,9.000000,0.010000,1.000000,,,,,,,0.025923,0.025042,0.025940
B21_S08,"TreeQSM mine (man_pd05-002-09_mo9_sr010_ri2, Optimal)",4.567067,1.484172,3.082895,0.224946,0.376470,25.298326,0.968989,21.727415,1963.669067,none,16094,manual,0.050000,0.002000,0.090000,0.002500,9.000000,0.010000,2.000000,,,,,,,0.025923,0.025042,0.025940
B21_S08,"TreeQSM mine (man_pd05-002-09_mo9_sr010_ri2, Simplified (no islands))",4.855571,1.491548,3.364023,,0.376470,25.298326,0.968989,21.727415,1963.669067,none,4701,manual,0.050000,0.002000,0.090000,0.002500,9.000000,0.010000,2.000000,,,,,,,0.025923,0.025042,0.025940
B21_S08,"TreeQSM mine (man_pd05-002-09_mo9_sr010_ri3, Optimal)",4.567067,1.484172,3.082895,0.224946,0.376470,25.298326,0.968989,21.727415,1963.669067,none,16094,manual,0.050000,0.002000,0.090000,0.002500,9.000000,0.010000,3.000000,,,,,,,0.025923,0.025042,0.025940
B21_S08,"TreeQSM mine (man_pd05-002-09_mo9_sr010_ri3, Simplified (no islands))",4.936812,1.491548,3.445265,,0.376470,25.298326,0.968989,21.727415,1963.669067,none,2963,manual,0.050000,0.002000,0.090000,0.002500,9.000000,0.010000,3.000000,,,,,,,0.025923,0.025042,0.025940
B21_S08,"TreeQSM mine (man_pd05-002-09_mo9_sr015_ri0, Optimal)",4.567067,1.484172,3.082895,0.224946,0.376470,25.298326,0.968989,21.727415,1963.669067,none,16094,manual,0.050000,0.002000,0.090000,0.002500,9.000000,0.015000,0.000000,,,,,,,0.025923,0.025042,0.025940
B21_S08,"TreeQSM mine (man_pd05-002-09_mo9_sr015_ri0, Simplified (no islands))",4.783468,1.491548,3.291920,,0.376470,25.298326,0.968989,21.727415,1963.669067,none,15364,manual,0.050000,0.002000,0.090000,0.002500,9.000000,0.015000,0.000000,,,,,,,0.025923,0.025042,0.025940
B21_S08,"TreeQSM mine (man_pd05-002-09_mo9_sr015_ri1, Optimal)",4.567067,1.484172,3.082895,0.224946,0.376470,25.298326,0.968989,21.727415,1963.669067,none,16094,manual,0.050000,0.002000,0.090000,0.002500,9.000000,0.015000,1.000000,,,,,,,0.025923,0.025042,0.025940
B21_S08,"TreeQSM mine (man_pd05-002-09_mo9_sr015_ri1, Simplified (no islands))",4.808648,1.491548,3.317100,,0.376470,25.298326,0.968989,21.727415,1963.669067,none,8164,manual,0.050000,0.002000,0.090000,0.002500,9.000000,0.015000,1.000000,,,,,,,0.025923,0.025042,0.025940
B21_S08,"TreeQSM mine (man_pd05-002-09_mo9_sr015_ri2, Optimal)",4.567067,1.484172,3.082895,0.224946,0.376470,25.298326,0.968989,21.727415,1963.669067,none,16094,manual,0.050000,0.002000,0.090000,0.002500,9.000000,0.015000,2.000000,,,,,,,0.025923,0.025042,0.025940
B21_S08,"TreeQSM mine (man_pd05-002-09_mo9_sr015_ri2, Simplified (no islands))",4.848364,1.491548,3.356816,,0.376470,25.298326,0.968989,21.727415,1963.669067,none,4562,manual,0.050000,0.002000,0.090000,0.002500,9.000000,0.015000,2.000000,,,,,,,0.025923,0.025042,0.025940
B21_S08,"TreeQSM mine (man_pd05-002-09_mo9_sr015_ri3, Optimal)",4.567067,1.484172,3.082895,0.224946,0.376470,25.298326,0.968989,21.727415,1963.669067,none,16094,manual,0.050000,0.002000,0.090000,0.002500,9.000000,0.015000,3.000000,,,,,,,0.025923,0.025042,0.025940
B21_S08,"TreeQSM mine (man_pd05-002-09_mo9_sr015_ri3, Simplified (no islands))",4.929334,1.491548,3.437786,,0.376470,25.298326,0.968989,21.727415,1963.669067,none,2834,manual,0.050000,0.002000,0.090000,0.002500,9.000000,0.015000,3.000000,,,,,,,0.025923,0.025042,0.025940
B21_S08,"TreeQSM mine (man_pd05-002-09_mo9_sr020_ri0, Optimal)",4.567067,1.484172,3.082895,0.224946,0.376470,25.298326,0.968989,21.727415,1963.669067,none,16094,manual,0.050000,0.002000,0.090000,0.002500,9.000000,0.020000,0.000000,,,,,,,0.025923,0.025042,0.025940
B21_S08,"TreeQSM mine (man_pd05-002-09_mo9_sr020_ri0, Simplified (no islands))",4.764674,1.491548,3.273126,,0.376470,25.298326,0.968989,21.727415,1963.669067,none,14754,manual,0.050000,0.002000,0.090000,0.002500,9.000000,0.020000,0.000000,,,,,,,0.025923,0.025042,0.025940
B21_S08,"TreeQSM mine (man_pd05-002-09_mo9_sr020_ri1, Optimal)",4.567067,1.484172,3.082895,0.224946,0.376470,25.298326,0.968989,21.727415,1963.669067,none,16094,manual,0.050000,0.002000,0.090000,0.002500,9.000000,0.020000,1.000000,,,,,,,0.025923,0.025042,0.025940
B21_S08,"TreeQSM mine (man_pd05-002-09_mo9_sr020_ri1, Simplified (no islands))",4.789576,1.491548,3.298028,,0.376470,25.298326,0.968989,21.727415,1963.669067,none,7785,manual,0.050000,0.002000,0.090000,0.002500,9.000000,0.020000,1.000000,,,,,,,0.025923,0.025042,0.025940
B21_S08,"TreeQSM mine (man_pd05-002-09_mo9_sr020_ri2, Optimal)",4.567067,1.484172,3.082895,0.224946,0.376470,25.298326,0.968989,21.727415,1963.669067,none,16094,manual,0.050000,0.002000,0.090000,0.002500,9.000000,0.020000,2.000000,,,,,,,0.025923,0.025042,0.025940
B21_S08,"TreeQSM mine (man_pd05-002-09_mo9_sr020_ri2, Simplified (no islands))",4.828791,1.491548,3.337243,,0.376470,25.298326,0.968989,21.727415,1963.669067,none,4347,manual,0.050000,0.002000,0.090000,0.002500,9.000000,0.020000,2.000000,,,,,,,0.025923,0.025042,0.025940
B21_S08,"TreeQSM mine (man_pd05-002-09_mo9_sr020_ri3, Optimal)",4.567067,1.484172,3.082895,0.224946,0.376470,25.298326,0.968989,21.727415,1963.669067,none,16094,manual,0.050000,0.002000,0.090000,0.002500,9.000000,0.020000,3.000000,,,,,,,0.025923,0.025042,0.025940
B21_S08,"TreeQSM mine (man_pd05-002-09_mo9_sr020_ri3, Simplified (no islands))",4.909406,1.491548,3.417858,,0.376470,25.298326,0.968989,21.727415,1963.669067,none,2645,manual,0.050000,0.002000,0.090000,0.002500,9.000000,0.020000,3.000000,,,,,,,0.025923,0.025042,0.025940
B21_S08,"TreeQSM mine (man_pd05-005-09_mo9_sr005_ri0, Optimal)",4.918206,1.416815,3.501391,0.310424,0.377946,25.299355,0.989135,21.347267,1969.954468,none,16134,manual,0.050000,0.005000,0.090000,0.002500,9.000000,0.005000,0.000000,,,,,,,0.025329,0.024065,0.025350
B21_S08,"TreeQSM mine (man_pd05-005-09_mo9_sr005_ri0, Simplified (no islands))",5.144554,1.387881,3.756672,,0.377946,25.299355,0.989135,21.347267,1969.954468,none,16102,manual,0.050000,0.005000,0.090000,0.002500,9.000000,0.005000,0.000000,,,,,,,0.025329,0.024065,0.025350
B21_S08,"TreeQSM mine (man_pd05-005-09_mo9_sr005_ri1, Optimal)",4.918206,1.416815,3.501391,0.310424,0.377946,25.299355,0.989135,21.347267,1969.954468,none,16134,manual,0.050000,0.005000,0.090000,0.002500,9.000000,0.005000,1.000000,,,,,,,0.025329,0.024065,0.025350
B21_S08,"TreeQSM mine (man_pd05-005-09_mo9_sr005_ri1, Simplified (no islands))",5.181176,1.387882,3.793294,,0.377946,25.299355,0.989135,21.347267,1969.954468,none,8627,manual,0.050000,0.005000,0.090000,0.002500,9.000000,0.005000,1.000000,,,,,,,0.025329,0.024065,0.025350
B21_S08,"TreeQSM mine (man_pd05-005-09_mo9_sr005_ri2, Optimal)",4.918206,1.416815,3.501391,0.310424,0.377946,25.299355,0.989135,21.347267,1969.954468,none,16134,manual,0.050000,0.005000,0.090000,0.002500,9.000000,0.005000,2.000000,,,,,,,0.025329,0.024065,0.025350
B21_S08,"TreeQSM mine (man_pd05-005-09_mo9_sr005_ri2, Simplified (no islands))",5.230665,1.387881,3.842783,,0.377946,25.299355,0.989135,21.347267,1969.954468,none,4826,manual,0.050000,0.005000,0.090000,0.002500,9.000000,0.005000,2.000000,,,,,,,0.025329,0.024065,0.025350
B21_S08,"TreeQSM mine (man_pd05-005-09_mo9_sr005_ri3, Optimal)",4.918206,1.416815,3.501391,0.310424,0.377946,25.299355,0.989135,21.347267,1969.954468,none,16134,manual,0.050000,0.005000,0.090000,0.002500,9.000000,0.005000,3.000000,,,,,,,0.025329,0.024065,0.025350
B21_S08,"TreeQSM mine (man_pd05-005-09_mo9_sr005_ri3, Simplified (no islands))",5.322140,1.387881,3.934258,,0.377946,25.299355,0.989135,21.347267,1969.954468,none,3091,manual,0.050000,0.005000,0.090000,0.002500,9.000000,0.005000,3.000000,,,,,,,0.025329,0.024065,0.025350
B21_S08,"TreeQSM mine (man_pd05-005-09_mo9_sr010_ri0, Optimal)",4.918206,1.416815,3.501391,0.310424,0.377946,25.299355,0.989135,21.347267,1969.954468,none,16134,manual,0.050000,0.005000,0.090000,0.002500,9.000000,0.010000,0.000000,,,,,,,0.025329,0.024065,0.025350
B21_S08,"TreeQSM mine (man_pd05-005-09_mo9_sr010_ri0, Simplified (no islands))",5.141945,1.387881,3.754064,,0.377946,25.299355,0.989135,21.347267,1969.954468,none,15894,manual,0.050000,0.005000,0.090000,0.002500,9.000000,0.010000,0.000000,,,,,,,0.025329,0.024065,0.025350
B21_S08,"TreeQSM mine (man_pd05-005-09_mo9_sr010_ri1, Optimal)",4.918206,1.416815,3.501391,0.310424,0.377946,25.299355,0.989135,21.347267,1969.954468,none,16134,manual,0.050000,0.005000,0.090000,0.002500,9.000000,0.010000,1.000000,,,,,,,0.025329,0.024065,0.025350
B21_S08,"TreeQSM mine (man_pd05-005-09_mo9_sr010_ri1, Simplified (no islands))",5.178560,1.387882,3.790679,,0.377946,25.299355,0.989135,21.347267,1969.954468,none,8498,manual,0.050000,0.005000,0.090000,0.002500,9.000000,0.010000,1.000000,,,,,,,0.025329,0.024065,0.025350
B21_S08,"TreeQSM mine (man_pd05-005-09_mo9_sr010_ri2, Optimal)",4.918206,1.416815,3.501391,0.310424,0.377946,25.299355,0.989135,21.347267,1969.954468,none,16134,manual,0.050000,0.005000,0.090000,0.002500,9.000000,0.010000,2.000000,,,,,,,0.025329,0.024065,0.025350
B21_S08,"TreeQSM mine (man_pd05-005-09_mo9_sr010_ri2, Simplified (no islands))",5.228002,1.387881,3.840121,,0.377946,25.299355,0.989135,21.347267,1969.954468,none,4749,manual,0.050000,0.005000,0.090000,0.002500,9.000000,0.010000,2.000000,,,,,,,0.025329,0.024065,0.025350
B21_S08,"TreeQSM mine (man_pd05-005-09_mo9_sr010_ri3, Optimal)",4.918206,1.416815,3.501391,0.310424,0.377946,25.299355,0.989135,21.347267,1969.954468,none,16134,manual,0.050000,0.005000,0.090000,0.002500,9.000000,0.010000,3.000000,,,,,,,0.025329,0.024065,0.025350
B21_S08,"TreeQSM mine (man_pd05-005-09_mo9_sr010_ri3, Simplified (no islands))",5.319426,1.387881,3.931545,,0.377946,25.299355,0.989135,21.347267,1969.954468,none,3017,manual,0.050000,0.005000,0.090000,0.002500,9.000000,0.010000,3.000000,,,,,,,0.025329,0.024065,0.025350
B21_S08,"TreeQSM mine (man_pd05-005-09_mo9_sr015_ri0, Optimal)",4.918206,1.416815,3.501391,0.310424,0.377946,25.299355,0.989135,21.347267,1969.954468,none,16134,manual,0.050000,0.005000,0.090000,0.002500,9.000000,0.015000,0.000000,,,,,,,0.025329,0.024065,0.025350
B21_S08,"TreeQSM mine (man_pd05-005-09_mo9_sr015_ri0, Simplified (no islands))",5.136043,1.387881,3.748161,,0.377946,25.299355,0.989135,21.347267,1969.954468,none,15568,manual,0.050000,0.005000,0.090000,0.002500,9.000000,0.015000,0.000000,,,,,,,0.025329,0.024065,0.025350
B21_S08,"TreeQSM mine (man_pd05-005-09_mo9_sr015_ri1, Optimal)",4.918206,1.416815,3.501391,0.310424,0.377946,25.299355,0.989135,21.347267,1969.954468,none,16134,manual,0.050000,0.005000,0.090000,0.002500,9.000000,0.015000,1.000000,,,,,,,0.025329,0.024065,0.025350
B21_S08,"TreeQSM mine (man_pd05-005-09_mo9_sr015_ri1, Simplified (no islands))",5.172599,1.387882,3.784718,,0.377946,25.299355,0.989135,21.347267,1969.954468,none,8292,manual,0.050000,0.005000,0.090000,0.002500,9.000000,0.015000,1.000000,,,,,,,0.025329,0.024065,0.025350
B21_S08,"TreeQSM mine (man_pd05-005-09_mo9_sr015_ri2, Optimal)",4.918206,1.416815,3.501391,0.310424,0.377946,25.299355,0.989135,21.347267,1969.954468,none,16134,manual,0.050000,0.005000,0.090000,0.002500,9.000000,0.015000,2.000000,,,,,,,0.025329,0.024065,0.025350
B21_S08,"TreeQSM mine (man_pd05-005-09_mo9_sr015_ri2, Simplified (no islands))",5.221862,1.387881,3.833981,,0.377946,25.299355,0.989135,21.347267,1969.954468,none,4629,manual,0.050000,0.005000,0.090000,0.002500,9.000000,0.015000,2.000000,,,,,,,0.025329,0.024065,0.025350
B21_S08,"TreeQSM mine (man_pd05-005-09_mo9_sr015_ri3, Optimal)",4.918206,1.416815,3.501391,0.310424,0.377946,25.299355,0.989135,21.347267,1969.954468,none,16134,manual,0.050000,0.005000,0.090000,0.002500,9.000000,0.015000,3.000000,,,,,,,0.025329,0.024065,0.025350
B21_S08,"TreeQSM mine (man_pd05-005-09_mo9_sr015_ri3, Simplified (no islands))",5.313075,1.387881,3.925193,,0.377946,25.299355,0.989135,21.347267,1969.954468,none,2900,manual,0.050000,0.005000,0.090000,0.002500,9.000000,0.015000,3.000000,,,,,,,0.025329,0.024065,0.025350
B21_S08,"TreeQSM mine (man_pd05-005-09_mo9_sr020_ri0, Optimal)",4.918206,1.416815,3.501391,0.310424,0.377946,25.299355,0.989135,21.347267,1969.954468,none,16134,manual,0.050000,0.005000,0.090000,0.002500,9.000000,0.020000,0.000000,,,,,,,0.025329,0.024065,0.025350
B21_S08,"TreeQSM mine (man_pd05-005-09_mo9_sr020_ri0, Simplified (no islands))",5.114161,1.387881,3.726279,,0.377946,25.299355,0.989135,21.347267,1969.954468,none,14854,manual,0.050000,0.005000,0.090000,0.002500,9.000000,0.020000,0.000000,,,,,,,0.025329,0.024065,0.025350
B21_S08,"TreeQSM mine (man_pd05-005-09_mo9_sr020_ri1, Optimal)",4.918206,1.416815,3.501391,0.310424,0.377946,25.299355,0.989135,21.347267,1969.954468,none,16134,manual,0.050000,0.005000,0.090000,0.002500,9.000000,0.020000,1.000000,,,,,,,0.025329,0.024065,0.025350
B21_S08,"TreeQSM mine (man_pd05-005-09_mo9_sr020_ri1, Simplified (no islands))",5.150264,1.387882,3.762381,,0.377946,25.299355,0.989135,21.347267,1969.954468,none,7854,manual,0.050000,0.005000,0.090000,0.002500,9.000000,0.020000,1.000000,,,,,,,0.025329,0.024065,0.025350
B21_S08,"TreeQSM mine (man_pd05-005-09_mo9_sr020_ri2, Optimal)",4.918206,1.416815,3.501391,0.310424,0.377946,25.299355,0.989135,21.347267,1969.954468,none,16134,manual,0.050000,0.005000,0.090000,0.002500,9.000000,0.020000,2.000000,,,,,,,0.025329,0.024065,0.025350
B21_S08,"TreeQSM mine (man_pd05-005-09_mo9_sr020_ri2, Simplified (no islands))",5.198689,1.387881,3.810808,,0.377946,25.299355,0.989135,21.347267,1969.954468,none,4376,manual,0.050000,0.005000,0.090000,0.002500,9.000000,0.020000,2.000000,,,,,,,0.025329,0.024065,0.025350
B21_S08,"TreeQSM mine (man_pd05-005-09_mo9_sr020_ri3, Optimal)",4.918206,1.416815,3.501391,0.310424,0.377946,25.299355,0.989135,21.347267,1969.954468,none,16134,manual,0.050000,0.005000,0.090000,0.002500,9.000000,0.020000,3.000000,,,,,,,0.025329,0.024065,0.025350
B21_S08,"TreeQSM mine (man_pd05-005-09_mo9_sr020_ri3, Simplified (no islands))",5.289516,1.387881,3.901635,,0.377946,25.299355,0.989135,21.347267,1969.954468,none,2680,manual,0.050000,0.005000,0.090000,0.002500,9.000000,0.020000,3.000000,,,,,,,0.025329,0.024065,0.025350
B21_S08,"TreeQSM mine (man_pd05-01-09_mo9_sr005_ri0, Optimal)",5.448924,1.387056,4.061869,0.276251,0.378938,25.317076,1.006266,19.827374,1947.915527,none,15236,manual,0.050000,0.010000,0.090000,0.002500,9.000000,0.005000,0.000000,,,,,,,0.024231,0.022687,0.024254
B21_S08,"TreeQSM mine (man_pd05-01-09_mo9_sr005_ri0, Simplified (no islands))",5.366212,1.320642,4.045571,,0.378938,25.317076,1.006266,19.827374,1947.915527,none,15328,manual,0.050000,0.010000,0.090000,0.002500,9.000000,0.005000,0.000000,,,,,,,0.024231,0.022687,0.024254
B21_S08,"TreeQSM mine (man_pd05-01-09_mo9_sr005_ri1, Optimal)",5.448924,1.387056,4.061869,0.276251,0.378938,25.317076,1.006266,19.827374,1947.915527,none,15236,manual,0.050000,0.010000,0.090000,0.002500,9.000000,0.005000,1.000000,,,,,,,0.024231,0.022687,0.024254
B21_S08,"TreeQSM mine (man_pd05-01-09_mo9_sr005_ri1, Simplified (no islands))",5.407246,1.320642,4.086605,,0.378938,25.317076,1.006266,19.827374,1947.915527,none,8274,manual,0.050000,0.010000,0.090000,0.002500,9.000000,0.005000,1.000000,,,,,,,0.024231,0.022687,0.024254
B21_S08,"TreeQSM mine (man_pd05-01-09_mo9_sr005_ri2, Optimal)",5.448924,1.387056,4.061869,0.276251,0.378938,25.317076,1.006266,19.827374,1947.915527,none,15236,manual,0.050000,0.010000,0.090000,0.002500,9.000000,0.005000,2.000000,,,,,,,0.024231,0.022687,0.024254
B21_S08,"TreeQSM mine (man_pd05-01-09_mo9_sr005_ri2, Simplified (no islands))",5.458914,1.320642,4.138273,,0.378938,25.317076,1.006266,19.827374,1947.915527,none,4687,manual,0.050000,0.010000,0.090000,0.002500,9.000000,0.005000,2.000000,,,,,,,0.024231,0.022687,0.024254
B21_S08,"TreeQSM mine (man_pd05-01-09_mo9_sr005_ri3, Optimal)",5.448924,1.387056,4.061869,0.276251,0.378938,25.317076,1.006266,19.827374,1947.915527,none,15236,manual,0.050000,0.010000,0.090000,0.002500,9.000000,0.005000,3.000000,,,,,,,0.024231,0.022687,0.024254
B21_S08,"TreeQSM mine (man_pd05-01-09_mo9_sr005_ri3, Simplified (no islands))",5.570760,1.320642,4.250118,,0.378938,25.317076,1.006266,19.827374,1947.915527,none,3040,manual,0.050000,0.010000,0.090000,0.002500,9.000000,0.005000,3.000000,,,,,,,0.024231,0.022687,0.024254
B21_S08,"TreeQSM mine (man_pd05-01-09_mo9_sr010_ri0, Optimal)",5.448924,1.387056,4.061869,0.276251,0.378938,25.317076,1.006266,19.827374,1947.915527,none,15236,manual,0.050000,0.010000,0.090000,0.002500,9.000000,0.010000,0.000000,,,,,,,0.024231,0.022687,0.024254
B21_S08,"TreeQSM mine (man_pd05-01-09_mo9_sr010_ri0, Simplified (no islands))",5.365011,1.320642,4.044369,,0.378938,25.317076,1.006266,19.827374,1947.915527,none,15169,manual,0.050000,0.010000,0.090000,0.002500,9.000000,0.010000,0.000000,,,,,,,0.024231,0.022687,0.024254
B21_S08,"TreeQSM mine (man_pd05-01-09_mo9_sr010_ri1, Optimal)",5.448924,1.387056,4.061869,0.276251,0.378938,25.317076,1.006266,19.827374,1947.915527,none,15236,manual,0.050000,0.010000,0.090000,0.002500,9.000000,0.010000,1.000000,,,,,,,0.024231,0.022687,0.024254
B21_S08,"TreeQSM mine (man_pd05-01-09_mo9_sr010_ri1, Simplified (no islands))",5.406018,1.320642,4.085377,,0.378938,25.317076,1.006266,19.827374,1947.915527,none,8175,manual,0.050000,0.010000,0.090000,0.002500,9.000000,0.010000,1.000000,,,,,,,0.024231,0.022687,0.024254
B21_S08,"TreeQSM mine (man_pd05-01-09_mo9_sr010_ri2, Optimal)",5.448924,1.387056,4.061869,0.276251,0.378938,25.317076,1.006266,19.827374,1947.915527,none,15236,manual,0.050000,0.010000,0.090000,0.002500,9.000000,0.010000,2.000000,,,,,,,0.024231,0.022687,0.024254
B21_S08,"TreeQSM mine (man_pd05-01-09_mo9_sr010_ri2, Simplified (no islands))",5.457646,1.320642,4.137005,,0.378938,25.317076,1.006266,19.827374,1947.915527,none,4624,manual,0.050000,0.010000,0.090000,0.002500,9.000000,0.010000,2.000000,,,,,,,0.024231,0.022687,0.024254
B21_S08,"TreeQSM mine (man_pd05-01-09_mo9_sr010_ri3, Optimal)",5.448924,1.387056,4.061869,0.276251,0.378938,25.317076,1.006266,19.827374,1947.915527,none,15236,manual,0.050000,0.010000,0.090000,0.002500,9.000000,0.010000,3.000000,,,,,,,0.024231,0.022687,0.024254
B21_S08,"TreeQSM mine (man_pd05-01-09_mo9_sr010_ri3, Simplified (no islands))",5.569407,1.320642,4.248765,,0.378938,25.317076,1.006266,19.827374,1947.915527,none,2980,manual,0.050000,0.010000,0.090000,0.002500,9.000000,0.010000,3.000000,,,,,,,0.024231,0.022687,0.024254
B21_S08,"TreeQSM mine (man_pd05-01-09_mo9_sr015_ri0, Optimal)",5.448924,1.387056,4.061869,0.276251,0.378938,25.317076,1.006266,19.827374,1947.915527,none,15236,manual,0.050000,0.010000,0.090000,0.002500,9.000000,0.015000,0.000000,,,,,,,0.024231,0.022687,0.024254
B21_S08,"TreeQSM mine (man_pd05-01-09_mo9_sr015_ri0, Simplified (no islands))",5.358661,1.320642,4.038020,,0.378938,25.317076,1.006266,19.827374,1947.915527,none,14798,manual,0.050000,0.010000,0.090000,0.002500,9.000000,0.015000,0.000000,,,,,,,0.024231,0.022687,0.024254
B21_S08,"TreeQSM mine (man_pd05-01-09_mo9_sr015_ri1, Optimal)",5.448924,1.387056,4.061869,0.276251,0.378938,25.317076,1.006266,19.827374,1947.915527,none,15236,manual,0.050000,0.010000,0.090000,0.002500,9.000000,0.015000,1.000000,,,,,,,0.024231,0.022687,0.024254
B21_S08,"TreeQSM mine (man_pd05-01-09_mo9_sr015_ri1, Simplified (no islands))",5.399557,1.320642,4.078916,,0.378938,25.317076,1.006266,19.827374,1947.915527,none,7942,manual,0.050000,0.010000,0.090000,0.002500,9.000000,0.015000,1.000000,,,,,,,0.024231,0.022687,0.024254
B21_S08,"TreeQSM mine (man_pd05-01-09_mo9_sr015_ri2, Optimal)",5.448924,1.387056,4.061869,0.276251,0.378938,25.317076,1.006266,19.827374,1947.915527,none,15236,manual,0.050000,0.010000,0.090000,0.002500,9.000000,0.015000,2.000000,,,,,,,0.024231,0.022687,0.024254
B21_S08,"TreeQSM mine (man_pd05-01-09_mo9_sr015_ri2, Simplified (no islands))",5.451034,1.320642,4.130393,,0.378938,25.317076,1.006266,19.827374,1947.915527,none,4492,manual,0.050000,0.010000,0.090000,0.002500,9.000000,0.015000,2.000000,,,,,,,0.024231,0.022687,0.024254
B21_S08,"TreeQSM mine (man_pd05-01-09_mo9_sr015_ri3, Optimal)",5.448924,1.387056,4.061869,0.276251,0.378938,25.317076,1.006266,19.827374,1947.915527,none,15236,manual,0.050000,0.010000,0.090000,0.002500,9.000000,0.015000,3.000000,,,,,,,0.024231,0.022687,0.024254
B21_S08,"TreeQSM mine (man_pd05-01-09_mo9_sr015_ri3, Simplified (no islands))",5.562444,1.320642,4.241803,,0.378938,25.317076,1.006266,19.827374,1947.915527,none,2855,manual,0.050000,0.010000,0.090000,0.002500,9.000000,0.015000,3.000000,,,,,,,0.024231,0.022687,0.024254
B21_S08,"TreeQSM mine (man_pd05-01-09_mo9_sr020_ri0, Optimal)",5.448924,1.387056,4.061869,0.276251,0.378938,25.317076,1.006266,19.827374,1947.915527,none,15236,manual,0.050000,0.010000,0.090000,0.002500,9.000000,0.020000,0.000000,,,,,,,0.024231,0.022687,0.024254
B21_S08,"TreeQSM mine (man_pd05-01-09_mo9_sr020_ri0, Simplified (no islands))",5.336030,1.320642,4.015389,,0.378938,25.317076,1.006266,19.827374,1947.915527,none,14145,manual,0.050000,0.010000,0.090000,0.002500,9.000000,0.020000,0.000000,,,,,,,0.024231,0.022687,0.024254
B21_S08,"TreeQSM mine (man_pd05-01-09_mo9_sr020_ri1, Optimal)",5.448924,1.387056,4.061869,0.276251,0.378938,25.317076,1.006266,19.827374,1947.915527,none,15236,manual,0.050000,0.010000,0.090000,0.002500,9.000000,0.020000,1.000000,,,,,,,0.024231,0.022687,0.024254
B21_S08,"TreeQSM mine (man_pd05-01-09_mo9_sr020_ri1, Simplified (no islands))",5.376603,1.320642,4.055962,,0.378938,25.317076,1.006266,19.827374,1947.915527,none,7526,manual,0.050000,0.010000,0.090000,0.002500,9.000000,0.020000,1.000000,,,,,,,0.024231,0.022687,0.024254
B21_S08,"TreeQSM mine (man_pd05-01-09_mo9_sr020_ri2, Optimal)",5.448924,1.387056,4.061869,0.276251,0.378938,25.317076,1.006266,19.827374,1947.915527,none,15236,manual,0.050000,0.010000,0.090000,0.002500,9.000000,0.020000,2.000000,,,,,,,0.024231,0.022687,0.024254
B21_S08,"TreeQSM mine (man_pd05-01-09_mo9_sr020_ri2, Simplified (no islands))",5.427511,1.320642,4.106870,,0.378938,25.317076,1.006266,19.827374,1947.915527,none,4247,manual,0.050000,0.010000,0.090000,0.002500,9.000000,0.020000,2.000000,,,,,,,0.024231,0.022687,0.024254
B21_S08,"TreeQSM mine (man_pd05-01-09_mo9_sr020_ri3, Optimal)",5.448924,1.387056,4.061869,0.276251,0.378938,25.317076,1.006266,19.827374,1947.915527,none,15236,manual,0.050000,0.010000,0.090000,0.002500,9.000000,0.020000,3.000000,,,,,,,0.024231,0.022687,0.024254
B21_S08,"TreeQSM mine (man_pd05-01-09_mo9_sr020_ri3, Simplified (no islands))",5.538160,1.320642,4.217518,,0.378938,25.317076,1.006266,19.827374,1947.915527,none,2623,manual,0.050000,0.010000,0.090000,0.002500,9.000000,0.020000,3.000000,,,,,,,0.024231,0.022687,0.024254
B21_S08,"TreeQSM mine (man_pd05-02-09_mo9_sr005_ri0, Optimal)",6.895854,1.488953,5.406901,0.080763,0.380980,25.324104,1.031763,25.075529,1563.418335,none,9206,manual,0.050000,0.020000,0.090000,0.002500,9.000000,0.005000,0.000000,,,,,,,0.027644,0.017715,0.027768
B21_S08,"TreeQSM mine (man_pd05-02-09_mo9_sr005_ri0, Simplified (no islands))",6.966985,1.484733,5.482252,,0.380980,25.324104,1.031763,25.075529,1563.418335,none,9317,manual,0.050000,0.020000,0.090000,0.002500,9.000000,0.005000,0.000000,,,,,,,0.027644,0.017715,0.027768
B21_S09,AdQSM (TreesParams) (AdQSM 060),2.201440,1.131990,1.069450,,0.327202,27.170000,,27.725200,4148.630000,none,,,,,,,,,,,,,,,,,,
B21_S09,AdTree calibrated r5mm (AdQSM 060) [calref=min5mm]_seg35-500-k50,1.445324,1.191590,0.253734,,0.327202,26.139535,0.115010,25.346791,567.705521,none,12194,,,,,,,,,060,5.000000,35.000000,500.000000,50.000000,min5mm,,,
B21_S09,AdTree calibrated r5mm (AdQSM 060) [calmethod=regression-perorder]_seg35-500-k50,1.822132,1.191590,0.630542,,0.327202,26.139535,0.115010,25.346791,567.705521,none,12194,,,,,,,,,060,5.000000,35.000000,500.000000,50.000000,regression-perorder,,,
B21_S09,AdTree calibrated r5mm (AdQSM 060) [calref=min5mm]_seg35-500-k50-wlen,1.429259,1.191590,0.237669,,0.327202,26.139535,0.115010,25.346791,567.705521,none,12194,,,,,,,,,060,5.000000,35.000000,500.000000,50.000000,min5mm,,,
B21_S09,AdTree calibrated r5mm (AdQSM 060) [calmethod=regression-perorder]_seg35-500-k50-wlen,1.784717,1.191590,0.593127,,0.327202,26.139535,0.115010,25.346791,567.705521,none,12194,,,,,,,,,060,5.000000,35.000000,500.000000,50.000000,regression-perorder,,,
B21_S09,AdTree calibrated r10mm (AdQSM 060) [calref=min5mm]_seg35-500-k50,1.433365,1.190701,0.242664,,0.327202,25.834462,0.115010,24.543340,272.970158,none,5594,,,,,,,,,060,10.000000,35.000000,500.000000,50.000000,min5mm,,,
B21_S09,AdTree calibrated r10mm (AdQSM 060) [calmethod=regression-perorder]_seg35-500-k50,1.768990,1.190701,0.578289,,0.327202,25.834462,0.115010,24.543340,272.970158,none,5594,,,,,,,,,060,10.000000,35.000000,500.000000,50.000000,regression-perorder,,,
B21_S09,AdTree calibrated r10mm (AdQSM 060) [calref=min5mm]_seg35-500-k50-wlen,1.418289,1.190701,0.227588,,0.327202,25.834462,0.115010,24.543340,272.970158,none,5594,,,,,,,,,060,10.000000,35.000000,500.000000,50.000000,min5mm,,,
B21_S09,AdTree calibrated r10mm (AdQSM 060) [calmethod=regression-perorder]_seg35-500-k50-wlen,1.736094,1.190701,0.545393,,0.327202,25.834462,0.115010,24.543340,272.970158,none,5594,,,,,,,,,060,10.000000,35.000000,500.000000,50.000000,regression-perorder,,,
B21_S09,AdTree calibrated r15mm (AdQSM 060) [calref=min5mm]_seg35-500-k50,1.422466,1.189985,0.232481,,0.327202,25.164480,0.115010,24.112516,184.217708,none,3777,,,,,,,,,060,15.000000,35.000000,500.000000,50.000000,min5mm,,,
B21_S09,AdTree calibrated r15mm (AdQSM 060) [calmethod=regression-perorder]_seg35-500-k50,1.739739,1.189985,0.549754,,0.327202,25.164480,0.115010,24.112516,184.217708,none,3777,,,,,,,,,060,15.000000,35.000000,500.000000,50.000000,regression-perorder,,,
B21_S09,AdTree calibrated r15mm (AdQSM 060) [calref=min5mm]_seg35-500-k50-wlen,1.408288,1.189985,0.218302,,0.327202,25.164480,0.115010,24.112516,184.217708,none,3777,,,,,,,,,060,15.000000,35.000000,500.000000,50.000000,min5mm,,,
B21_S09,AdTree calibrated r15mm (AdQSM 060) [calmethod=regression-perorder]_seg35-500-k50-wlen,1.710438,1.189985,0.520453,,0.327202,25.164480,0.115010,24.112516,184.217708,none,3777,,,,,,,,,060,15.000000,35.000000,500.000000,50.000000,regression-perorder,,,
B21_S09,AdTree calibrated r20mm (AdQSM 060) [calref=min5mm]_seg35-500-k50,1.408799,1.186402,0.222397,,0.327202,24.686007,0.115010,23.177965,137.883061,none,2885,,,,,,,,,060,20.000000,35.000000,500.000000,50.000000,min5mm,,,
B21_S09,AdTree calibrated r20mm (AdQSM 060) [calmethod=regression-perorder]_seg35-500-k50,1.710481,1.186402,0.524078,,0.327202,24.686007,0.115010,23.177965,137.883061,none,2885,,,,,,,,,060,20.000000,35.000000,500.000000,50.000000,regression-perorder,,,
B21_S09,AdTree calibrated r20mm (AdQSM 060) [calref=min5mm]_seg35-500-k50-wlen,1.395620,1.186402,0.209218,,0.327202,24.686007,0.115010,23.177965,137.883061,none,2885,,,,,,,,,060,20.000000,35.000000,500.000000,50.000000,min5mm,,,
B21_S09,AdTree calibrated r20mm (AdQSM 060) [calmethod=regression-perorder]_seg35-500-k50-wlen,1.684808,1.186402,0.498405,,0.327202,24.686007,0.115010,23.177965,137.883061,none,2885,,,,,,,,,060,20.000000,35.000000,500.000000,50.000000,regression-perorder,,,
B21_S09,AdTree calibrated r5mm (AdQSM 060) [calref=min5mm]_seg35-500-k80,1.471158,1.190618,0.280540,,0.327202,26.139535,0.122991,25.332316,567.685520,none,11954,,,,,,,,,060,5.000000,35.000000,500.000000,80.000000,min5mm,,,
B21_S09,AdTree calibrated r5mm (AdQSM 060) [calmethod=regression-perorder]_seg35-500-k80,1.969436,1.190618,0.778818,,0.327202,26.139535,0.122991,25.332316,567.685520,none,11954,,,,,,,,,060,5.000000,35.000000,500.000000,80.000000,regression-perorder,,,
B21_S09,AdTree calibrated r5mm (AdQSM 060) [calref=min5mm]_seg35-500-k80-wlen,1.428244,1.190618,0.237626,,0.327202,26.139535,0.122991,25.332316,567.685520,none,11954,,,,,,,,,060,5.000000,35.000000,500.000000,80.000000,min5mm,,,
B21_S09,AdTree calibrated r5mm (AdQSM 060) [calmethod=regression-perorder]_seg35-500-k80-wlen,1.786380,1.190618,0.595762,,0.327202,26.139535,0.122991,25.332316,567.685520,none,11954,,,,,,,,,060,5.000000,35.000000,500.000000,80.000000,regression-perorder,,,
B21_S09,AdTree calibrated r10mm (AdQSM 060) [calref=min5mm]_seg35-500-k80,1.458982,1.189729,0.269253,,0.327202,25.834462,0.122991,24.528865,272.950157,none,5354,,,,,,,,,060,10.000000,35.000000,500.000000,80.000000,min5mm,,,
B21_S09,AdTree calibrated r10mm (AdQSM 060) [calmethod=regression-perorder]_seg35-500-k80,1.915997,1.189729,0.726268,,0.327202,25.834462,0.122991,24.528865,272.950157,none,5354,,,,,,,,,060,10.000000,35.000000,500.000000,80.000000,regression-perorder,,,
B21_S09,AdTree calibrated r10mm (AdQSM 060) [calref=min5mm]_seg35-500-k80-wlen,1.417274,1.189729,0.227545,,0.327202,25.834462,0.122991,24.528865,272.950157,none,5354,,,,,,,,,060,10.000000,35.000000,500.000000,80.000000,min5mm,,,
B21_S09,AdTree calibrated r10mm (AdQSM 060) [calmethod=regression-perorder]_seg35-500-k80-wlen,1.737759,1.189729,0.548030,,0.327202,25.834462,0.122991,24.528865,272.950157,none,5354,,,,,,,,,060,10.000000,35.000000,500.000000,80.000000,regression-perorder,,,
B21_S09,AdTree calibrated r15mm (AdQSM 060) [calref=min5mm]_seg35-500-k80,1.447606,1.189014,0.258592,,0.327202,25.164480,0.122991,24.098041,184.197707,none,3537,,,,,,,,,060,15.000000,35.000000,500.000000,80.000000,min5mm,,,
B21_S09,AdTree calibrated r15mm (AdQSM 060) [calmethod=regression-perorder]_seg35-500-k80,1.885959,1.189014,0.696945,,0.327202,25.164480,0.122991,24.098041,184.197707,none,3537,,,,,,,,,060,15.000000,35.000000,500.000000,80.000000,regression-perorder,,,
B21_S09,AdTree calibrated r15mm (AdQSM 060) [calref=min5mm]_seg35-500-k80-wlen,1.407270,1.189014,0.218257,,0.327202,25.164480,0.122991,24.098041,184.197707,none,3537,,,,,,,,,060,15.000000,35.000000,500.000000,80.000000,min5mm,,,
B21_S09,AdTree calibrated r15mm (AdQSM 060) [calmethod=regression-perorder]_seg35-500-k80-wlen,1.712115,1.189014,0.523101,,0.327202,25.164480,0.122991,24.098041,184.197707,none,3537,,,,,,,,,060,15.000000,35.000000,500.000000,80.000000,regression-perorder,,,
B21_S09,AdTree calibrated r20mm (AdQSM 060) [calref=min5mm]_seg35-500-k80,1.433552,1.185430,0.248122,,0.327202,24.686007,0.122991,23.163490,137.863060,none,2645,,,,,,,,,060,20.000000,35.000000,500.000000,80.000000,min5mm,,,
B21_S09,AdTree calibrated r20mm (AdQSM 060) [calmethod=regression-perorder]_seg35-500-k80,1.855758,1.185430,0.670328,,0.327202,24.686007,0.122991,23.163490,137.863060,none,2645,,,,,,,,,060,20.000000,35.000000,500.000000,80.000000,regression-perorder,,,
B21_S09,AdTree calibrated r20mm (AdQSM 060) [calref=min5mm]_seg35-500-k80-wlen,1.394602,1.185430,0.209172,,0.327202,24.686007,0.122991,23.163490,137.863060,none,2645,,,,,,,,,060,20.000000,35.000000,500.000000,80.000000,min5mm,,,
B21_S09,AdTree calibrated r20mm (AdQSM 060) [calmethod=regression-perorder]_seg35-500-k80-wlen,1.686491,1.185430,0.501060,,0.327202,24.686007,0.122991,23.163490,137.863060,none,2645,,,,,,,,,060,20.000000,35.000000,500.000000,80.000000,regression-perorder,,,
B21_S09,AdTree calibrated r5mm (AdQSM 060) [calref=min5mm]_seg35-500-k100,1.497526,1.189373,0.308153,,0.327202,26.139535,0.099050,25.313114,567.657867,none,11743,,,,,,,,,060,5.000000,35.000000,500.000000,100.000000,min5mm,,,
B21_S09,AdTree calibrated r5mm (AdQSM 060) [calmethod=regression-perorder]_seg35-500-k100,2.080882,1.189373,0.891509,,0.327202,26.139535,0.099050,25.313114,567.657867,none,11743,,,,,,,,,060,5.000000,35.000000,500.000000,100.000000,regression-perorder,,,
B21_S09,AdTree calibrated r5mm (AdQSM 060) [calref=min5mm]_seg35-500-k100-wlen,1.426559,1.189373,0.237186,,0.327202,26.139535,0.099050,25.313114,567.657867,none,11743,,,,,,,,,060,5.000000,35.000000,500.000000,100.000000,min5mm,,,
B21_S09,AdTree calibrated r5mm (AdQSM 060) [calmethod=regression-perorder]_seg35-500-k100-wlen,1.784570,1.189373,0.595197,,0.327202,26.139535,0.099050,25.313114,567.657867,none,11743,,,,,,,,,060,5.000000,35.000000,500.000000,100.000000,regression-perorder,,,
B21_S09,AdTree calibrated r10mm (AdQSM 060) [calref=min5mm]_seg35-500-k100,1.485058,1.188484,0.296574,,0.327202,25.834462,0.099050,24.509663,272.922504,none,5143,,,,,,,,,060,10.000000,35.000000,500.000000,100.000000,min5mm,,,
B21_S09,AdTree calibrated r10mm (AdQSM 060) [calmethod=regression-perorder]_seg35-500-k100,2.026959,1.188484,0.838474,,0.327202,25.834462,0.099050,24.509663,272.922504,none,5143,,,,,,,,,060,10.000000,35.000000,500.000000,100.000000,regression-perorder,,,
B21_S09,AdTree calibrated r10mm (AdQSM 060) [calref=min5mm]_seg35-500-k100-wlen,1.415590,1.188484,0.227106,,0.327202,25.834462,0.099050,24.509663,272.922504,none,5143,,,,,,,,,060,10.000000,35.000000,500.000000,100.000000,min5mm,,,
B21_S09,AdTree calibrated r10mm (AdQSM 060) [calmethod=regression-perorder]_seg35-500-k100-wlen,1.735949,1.188484,0.547465,,0.327202,25.834462,0.099050,24.509663,272.922504,none,5143,,,,,,,,,060,10.000000,35.000000,500.000000,100.000000,regression-perorder,,,
B21_S09,AdTree calibrated r15mm (AdQSM 060) [calref=min5mm]_seg35-500-k100,1.473134,1.187769,0.285365,,0.327202,25.164480,0.099050,24.078840,184.170054,none,3326,,,,,,,,,060,15.000000,35.000000,500.000000,100.000000,min5mm,,,
B21_S09,AdTree calibrated r15mm (AdQSM 060) [calmethod=regression-perorder]_seg35-500-k100,1.995986,1.187769,0.808218,,0.327202,25.164480,0.099050,24.078840,184.170054,none,3326,,,,,,,,,060,15.000000,35.000000,500.000000,100.000000,regression-perorder,,,
B21_S09,AdTree calibrated r15mm (AdQSM 060) [calref=min5mm]_seg35-500-k100-wlen,1.405591,1.187769,0.217823,,0.327202,25.164480,0.099050,24.078840,184.170054,none,3326,,,,,,,,,060,15.000000,35.000000,500.000000,100.000000,min5mm,,,
B21_S09,AdTree calibrated r15mm (AdQSM 060) [calmethod=regression-perorder]_seg35-500-k100-wlen,1.710303,1.187769,0.522534,,0.327202,25.164480,0.099050,24.078840,184.170054,none,3326,,,,,,,,,060,15.000000,35.000000,500.000000,100.000000,regression-perorder,,,
B21_S09,AdTree calibrated r20mm (AdQSM 060) [calref=min5mm]_seg35-500-k100,1.458584,1.184185,0.274398,,0.327202,24.686007,0.099050,23.144288,137.835407,none,2434,,,,,,,,,060,20.000000,35.000000,500.000000,100.000000,min5mm,,,
B21_S09,AdTree calibrated r20mm (AdQSM 060) [calmethod=regression-perorder]_seg35-500-k100,1.964693,1.184185,0.780508,,0.327202,24.686007,0.099050,23.144288,137.835407,none,2434,,,,,,,,,060,20.000000,35.000000,500.000000,100.000000,regression-perorder,,,
B21_S09,AdTree calibrated r20mm (AdQSM 060) [calref=min5mm]_seg35-500-k100-wlen,1.392926,1.184185,0.208740,,0.327202,24.686007,0.099050,23.144288,137.835407,none,2434,,,,,,,,,060,20.000000,35.000000,500.000000,100.000000,min5mm,,,
B21_S09,AdTree calibrated r20mm (AdQSM 060) [calmethod=regression-perorder]_seg35-500-k100-wlen,1.684676,1.184185,0.500491,,0.327202,24.686007,0.099050,23.144288,137.835407,none,2434,,,,,,,,,060,20.000000,35.000000,500.000000,100.000000,regression-perorder,,,
B21_S09,AdTree calibrated r5mm (AdQSM 060) [calref=min5mm]_seg50-500-k50,1.429630,1.191572,0.238058,,0.327202,26.139535,0.115010,25.343859,566.769323,none,10546,,,,,,,,,060,5.000000,50.000000,500.000000,50.000000,min5mm,,,
B21_S09,AdTree calibrated r5mm (AdQSM 060) [calmethod=regression-perorder]_seg50-500-k50,1.771608,1.191572,0.580036,,0.327202,26.139535,0.115010,25.343859,566.769323,none,10546,,,,,,,,,060,5.000000,50.000000,500.000000,50.000000,regression-perorder,,,
B21_S09,AdTree calibrated r5mm (AdQSM 060) [calref=min5mm]_seg50-500-k50-wlen,1.429347,1.191572,0.237775,,0.327202,26.139535,0.115010,25.343859,566.769323,none,10546,,,,,,,,,060,5.000000,50.000000,500.000000,50.000000,min5mm,,,
B21_S09,AdTree calibrated r5mm (AdQSM 060) [calmethod=regression-perorder]_seg50-500-k50-wlen,1.780833,1.191572,0.589261,,0.327202,26.139535,0.115010,25.343859,566.769323,none,10546,,,,,,,,,060,5.000000,50.000000,500.000000,50.000000,regression-perorder,,,
B21_S09,AdTree calibrated r10mm (AdQSM 060) [calref=min5mm]_seg50-500-k50,1.418057,1.190684,0.227373,,0.327202,25.834462,0.115010,24.541446,272.744009,none,4957,,,,,,,,,060,10.000000,50.000000,500.000000,50.000000,min5mm,,,
B21_S09,AdTree calibrated r10mm (AdQSM 060) [calmethod=regression-perorder]_seg50-500-k50,1.716695,1.190684,0.526011,,0.327202,25.834462,0.115010,24.541446,272.744009,none,4957,,,,,,,,,060,10.000000,50.000000,500.000000,50.000000,regression-perorder,,,
B21_S09,AdTree calibrated r10mm (AdQSM 060) [calref=min5mm]_seg50-500-k50-wlen,1.418467,1.190684,0.227783,,0.327202,25.834462,0.115010,24.541446,272.744009,none,4957,,,,,,,,,060,10.000000,50.000000,500.000000,50.000000,min5mm,,,
B21_S09,AdTree calibrated r10mm (AdQSM 060) [calmethod=regression-perorder]_seg50-500-k50-wlen,1.731738,1.190684,0.541054,,0.327202,25.834462,0.115010,24.541446,272.744009,none,4957,,,,,,,,,060,10.000000,50.000000,500.000000,50.000000,regression-perorder,,,
B21_S09,AdTree calibrated r15mm (AdQSM 060) [calref=min5mm]_seg50-500-k50,1.407627,1.189969,0.217658,,0.327202,25.164480,0.115010,24.110632,184.127185,none,3428,,,,,,,,,060,15.000000,50.000000,500.000000,50.000000,min5mm,,,
B21_S09,AdTree calibrated r15mm (AdQSM 060) [calmethod=regression-perorder]_seg50-500-k50,1.686788,1.189969,0.496818,,0.327202,25.164480,0.115010,24.110632,184.127185,none,3428,,,,,,,,,060,15.000000,50.000000,500.000000,50.000000,regression-perorder,,,
B21_S09,AdTree calibrated r15mm (AdQSM 060) [calref=min5mm]_seg50-500-k50-wlen,1.408518,1.189969,0.218549,,0.327202,25.164480,0.115010,24.110632,184.127185,none,3428,,,,,,,,,060,15.000000,50.000000,500.000000,50.000000,min5mm,,,
B21_S09,AdTree calibrated r15mm (AdQSM 060) [calmethod=regression-perorder]_seg50-500-k50-wlen,1.705784,1.189969,0.515815,,0.327202,25.164480,0.115010,24.110632,184.127185,none,3428,,,,,,,,,060,15.000000,50.000000,500.000000,50.000000,regression-perorder,,,
B21_S09,AdTree calibrated r20mm (AdQSM 060) [calref=min5mm]_seg50-500-k50,1.394518,1.186389,0.208129,,0.327202,24.686007,0.115010,23.176639,137.816246,none,2638,,,,,,,,,060,20.000000,50.000000,500.000000,50.000000,min5mm,,,
B21_S09,AdTree calibrated r20mm (AdQSM 060) [calmethod=regression-perorder]_seg50-500-k50,1.657622,1.186389,0.471233,,0.327202,24.686007,0.115010,23.176639,137.816246,none,2638,,,,,,,,,060,20.000000,50.000000,500.000000,50.000000,regression-perorder,,,
B21_S09,AdTree calibrated r20mm (AdQSM 060) [calref=min5mm]_seg50-500-k50-wlen,1.395862,1.186389,0.209473,,0.327202,24.686007,0.115010,23.176639,137.816246,none,2638,,,,,,,,,060,20.000000,50.000000,500.000000,50.000000,min5mm,,,
B21_S09,AdTree calibrated r20mm (AdQSM 060) [calmethod=regression-perorder]_seg50-500-k50-wlen,1.680006,1.186389,0.493618,,0.327202,24.686007,0.115010,23.176639,137.816246,none,2638,,,,,,,,,060,20.000000,50.000000,500.000000,50.000000,regression-perorder,,,
B21_S09,AdTree calibrated r5mm (AdQSM 060) [calref=min5mm]_seg50-500-k80,1.453783,1.190610,0.263173,,0.327202,26.139535,0.122991,25.330208,566.751862,none,10332,,,,,,,,,060,5.000000,50.000000,500.000000,80.000000,min5mm,,,
B21_S09,AdTree calibrated r5mm (AdQSM 060) [calmethod=regression-perorder]_seg50-500-k80,1.903848,1.190610,0.713238,,0.327202,26.139535,0.122991,25.330208,566.751862,none,10332,,,,,,,,,060,5.000000,50.000000,500.000000,80.000000,regression-perorder,,,
B21_S09,AdTree calibrated r5mm (AdQSM 060) [calref=min5mm]_seg50-500-k80-wlen,1.428256,1.190610,0.237646,,0.327202,26.139535,0.122991,25.330208,566.751862,none,10332,,,,,,,,,060,5.000000,50.000000,500.000000,80.000000,min5mm,,,
B21_S09,AdTree calibrated r5mm (AdQSM 060) [calmethod=regression-perorder]_seg50-500-k80-wlen,1.782570,1.190610,0.591960,,0.327202,26.139535,0.122991,25.330208,566.751862,none,10332,,,,,,,,,060,5.000000,50.000000,500.000000,80.000000,regression-perorder,,,
B21_S09,AdTree calibrated r10mm (AdQSM 060) [calref=min5mm]_seg50-500-k80,1.442022,1.189722,0.252300,,0.327202,25.834462,0.122991,24.527795,272.726548,none,4743,,,,,,,,,060,10.000000,50.000000,500.000000,80.000000,min5mm,,,
B21_S09,AdTree calibrated r10mm (AdQSM 060) [calmethod=regression-perorder]_seg50-500-k80,1.848625,1.189722,0.658903,,0.327202,25.834462,0.122991,24.527795,272.726548,none,4743,,,,,,,,,060,10.000000,50.000000,500.000000,80.000000,regression-perorder,,,
B21_S09,AdTree calibrated r10mm (AdQSM 060) [calref=min5mm]_seg50-500-k80-wlen,1.417376,1.189722,0.227654,,0.327202,25.834462,0.122991,24.527795,272.726548,none,4743,,,,,,,,,060,10.000000,50.000000,500.000000,80.000000,min5mm,,,
B21_S09,AdTree calibrated r10mm (AdQSM 060) [calmethod=regression-perorder]_seg50-500-k80-wlen,1.733478,1.189722,0.543756,,0.327202,25.834462,0.122991,24.527795,272.726548,none,4743,,,,,,,,,060,10.000000,50.000000,500.000000,80.000000,regression-perorder,,,
B21_S09,AdTree calibrated r15mm (AdQSM 060) [calref=min5mm]_seg50-500-k80,1.431154,1.189007,0.242146,,0.327202,25.164480,0.122991,24.096982,184.109725,none,3214,,,,,,,,,060,15.000000,50.000000,500.000000,80.000000,min5mm,,,
B21_S09,AdTree calibrated r15mm (AdQSM 060) [calmethod=regression-perorder]_seg50-500-k80,1.817957,1.189007,0.628949,,0.327202,25.164480,0.122991,24.096982,184.109725,none,3214,,,,,,,,,060,15.000000,50.000000,500.000000,80.000000,regression-perorder,,,
B21_S09,AdTree calibrated r15mm (AdQSM 060) [calref=min5mm]_seg50-500-k80-wlen,1.407426,1.189007,0.218419,,0.327202,25.164480,0.122991,24.096982,184.109725,none,3214,,,,,,,,,060,15.000000,50.000000,500.000000,80.000000,min5mm,,,
B21_S09,AdTree calibrated r15mm (AdQSM 060) [calmethod=regression-perorder]_seg50-500-k80-wlen,1.707535,1.189007,0.518528,,0.327202,25.164480,0.122991,24.096982,184.109725,none,3214,,,,,,,,,060,15.000000,50.000000,500.000000,80.000000,regression-perorder,,,
B21_S09,AdTree calibrated r20mm (AdQSM 060) [calref=min5mm]_seg50-500-k80,1.417706,1.185426,0.232280,,0.327202,24.686007,0.122991,23.162989,137.798786,none,2424,,,,,,,,,060,20.000000,50.000000,500.000000,80.000000,min5mm,,,
B21_S09,AdTree calibrated r20mm (AdQSM 060) [calmethod=regression-perorder]_seg50-500-k80,1.787931,1.185426,0.602505,,0.327202,24.686007,0.122991,23.162989,137.798786,none,2424,,,,,,,,,060,20.000000,50.000000,500.000000,80.000000,regression-perorder,,,
B21_S09,AdTree calibrated r20mm (AdQSM 060) [calref=min5mm]_seg50-500-k80-wlen,1.394770,1.185426,0.209344,,0.327202,24.686007,0.122991,23.162989,137.798786,none,2424,,,,,,,,,060,20.000000,50.000000,500.000000,80.000000,min5mm,,,
B21_S09,AdTree calibrated r20mm (AdQSM 060) [calmethod=regression-perorder]_seg50-500-k80-wlen,1.681763,1.185426,0.496336,,0.327202,24.686007,0.122991,23.162989,137.798786,none,2424,,,,,,,,,060,20.000000,50.000000,500.000000,80.000000,regression-perorder,,,
B21_S09,AdTree calibrated r5mm (AdQSM 060) [calref=min5mm]_seg50-500-k100,1.471879,1.189369,0.282510,,0.327202,26.139535,0.099050,25.311508,566.730173,none,10164,,,,,,,,,060,5.000000,50.000000,500.000000,100.000000,min5mm,,,
B21_S09,AdTree calibrated r5mm (AdQSM 060) [calmethod=regression-perorder]_seg50-500-k100,1.982385,1.189369,0.793016,,0.327202,26.139535,0.099050,25.311508,566.730173,none,10164,,,,,,,,,060,5.000000,50.000000,500.000000,100.000000,regression-perorder,,,
B21_S09,AdTree calibrated r5mm (AdQSM 060) [calref=min5mm]_seg50-500-k100-wlen,1.426932,1.189369,0.237563,,0.327202,26.139535,0.099050,25.311508,566.730173,none,10164,,,,,,,,,060,5.000000,50.000000,500.000000,100.000000,min5mm,,,
B21_S09,AdTree calibrated r5mm (AdQSM 060) [calmethod=regression-perorder]_seg50-500-k100-wlen,1.780517,1.189369,0.591148,,0.327202,26.139535,0.099050,25.311508,566.730173,none,10164,,,,,,,,,060,5.000000,50.000000,500.000000,100.000000,regression-perorder,,,
B21_S09,AdTree calibrated r10mm (AdQSM 060) [calref=min5mm]_seg50-500-k100,1.459893,1.188481,0.271412,,0.327202,25.834462,0.099050,24.509095,272.704859,none,4575,,,,,,,,,060,10.000000,50.000000,500.000000,100.000000,min5mm,,,
B21_S09,AdTree calibrated r10mm (AdQSM 060) [calmethod=regression-perorder]_seg50-500-k100,1.926691,1.188481,0.738210,,0.327202,25.834462,0.099050,24.509095,272.704859,none,4575,,,,,,,,,060,10.000000,50.000000,500.000000,100.000000,regression-perorder,,,
B21_S09,AdTree calibrated r10mm (AdQSM 060) [calref=min5mm]_seg50-500-k100-wlen,1.416052,1.188481,0.227571,,0.327202,25.834462,0.099050,24.509095,272.704859,none,4575,,,,,,,,,060,10.000000,50.000000,500.000000,100.000000,min5mm,,,
B21_S09,AdTree calibrated r10mm (AdQSM 060) [calmethod=regression-perorder]_seg50-500-k100-wlen,1.731424,1.188481,0.542943,,0.327202,25.834462,0.099050,24.509095,272.704859,none,4575,,,,,,,,,060,10.000000,50.000000,500.000000,100.000000,regression-perorder,,,
B21_S09,AdTree calibrated r15mm (AdQSM 060) [calref=min5mm]_seg50-500-k100,1.448622,1.187766,0.260856,,0.327202,25.164480,0.099050,24.078281,184.088036,none,3046,,,,,,,,,060,15.000000,50.000000,500.000000,100.000000,min5mm,,,
B21_S09,AdTree calibrated r15mm (AdQSM 060) [calmethod=regression-perorder]_seg50-500-k100,1.895181,1.187766,0.707415,,0.327202,25.164480,0.099050,24.078281,184.088036,none,3046,,,,,,,,,060,15.000000,50.000000,500.000000,100.000000,regression-perorder,,,
B21_S09,AdTree calibrated r15mm (AdQSM 060) [calref=min5mm]_seg50-500-k100-wlen,1.406103,1.187766,0.218336,,0.327202,25.164480,0.099050,24.078281,184.088036,none,3046,,,,,,,,,060,15.000000,50.000000,500.000000,100.000000,min5mm,,,
B21_S09,AdTree calibrated r15mm (AdQSM 060) [calmethod=regression-perorder]_seg50-500-k100-wlen,1.705478,1.187766,0.517712,,0.327202,25.164480,0.099050,24.078281,184.088036,none,3046,,,,,,,,,060,15.000000,50.000000,500.000000,100.000000,regression-perorder,,,
B21_S09,AdTree calibrated r20mm (AdQSM 060) [calref=min5mm]_seg50-500-k100,1.434787,1.184185,0.250602,,0.327202,24.686007,0.099050,23.144288,137.777097,none,2256,,,,,,,,,060,20.000000,50.000000,500.000000,100.000000,min5mm,,,
B21_S09,AdTree calibrated r20mm (AdQSM 060) [calmethod=regression-perorder]_seg50-500-k100,1.864138,1.184185,0.679952,,0.327202,24.686007,0.099050,23.144288,137.777097,none,2256,,,,,,,,,060,20.000000,50.000000,500.000000,100.000000,regression-perorder,,,
B21_S09,AdTree calibrated r20mm (AdQSM 060) [calref=min5mm]_seg50-500-k100-wlen,1.393446,1.184185,0.209260,,0.327202,24.686007,0.099050,23.144288,137.777097,none,2256,,,,,,,,,060,20.000000,50.000000,500.000000,100.000000,min5mm,,,
B21_S09,AdTree calibrated r20mm (AdQSM 060) [calmethod=regression-perorder]_seg50-500-k100-wlen,1.679704,1.184185,0.495518,,0.327202,24.686007,0.099050,23.144288,137.777097,none,2256,,,,,,,,,060,20.000000,50.000000,500.000000,100.000000,regression-perorder,,,
B21_S09,AdTree calibrated r5mm (AdQSM 060) [calref=min5mm]_seg65-500-k50,1.494924,1.191463,0.303461,,0.327202,26.139535,0.115010,25.326673,564.272824,none,8500,,,,,,,,,060,5.000000,65.000000,500.000000,50.000000,min5mm,,,
B21_S09,AdTree calibrated r5mm (AdQSM 060) [calmethod=regression-perorder]_seg65-500-k50,2.019850,1.191463,0.828387,,0.327202,26.139535,0.115010,25.326673,564.272824,none,8500,,,,,,,,,060,5.000000,65.000000,500.000000,50.000000,regression-perorder,,,
B21_S09,AdTree calibrated r5mm (AdQSM 060) [calref=min5mm]_seg65-500-k50-wlen,1.431203,1.191463,0.239740,,0.327202,26.139535,0.115010,25.326673,564.272824,none,8500,,,,,,,,,060,5.000000,65.000000,500.000000,50.000000,min5mm,,,
B21_S09,AdTree calibrated r5mm (AdQSM 060) [calmethod=regression-perorder]_seg65-500-k50-wlen,1.784151,1.191463,0.592688,,0.327202,26.139535,0.115010,25.326673,564.272824,none,8500,,,,,,,,,060,5.000000,65.000000,500.000000,50.000000,regression-perorder,,,
B21_S09,AdTree calibrated r10mm (AdQSM 060) [calref=min5mm]_seg65-500-k50,1.482050,1.190587,0.291464,,0.327202,25.834462,0.115010,24.533032,272.097544,none,3570,,,,,,,,,060,10.000000,65.000000,500.000000,50.000000,min5mm,,,
B21_S09,AdTree calibrated r10mm (AdQSM 060) [calmethod=regression-perorder]_seg65-500-k50,1.959632,1.190587,0.769046,,0.327202,25.834462,0.115010,24.533032,272.097544,none,3570,,,,,,,,,060,10.000000,65.000000,500.000000,50.000000,regression-perorder,,,
B21_S09,AdTree calibrated r10mm (AdQSM 060) [calref=min5mm]_seg65-500-k50-wlen,1.420461,1.190587,0.229875,,0.327202,25.834462,0.115010,24.533032,272.097544,none,3570,,,,,,,,,060,10.000000,65.000000,500.000000,50.000000,min5mm,,,
B21_S09,AdTree calibrated r10mm (AdQSM 060) [calmethod=regression-perorder]_seg65-500-k50-wlen,1.734638,1.190587,0.544051,,0.327202,25.834462,0.115010,24.533032,272.097544,none,3570,,,,,,,,,060,10.000000,65.000000,500.000000,50.000000,regression-perorder,,,
B21_S09,AdTree calibrated r15mm (AdQSM 060) [calref=min5mm]_seg65-500-k50,1.469781,1.189872,0.279909,,0.327202,25.164480,0.115010,24.102229,183.818876,none,2290,,,,,,,,,060,15.000000,65.000000,500.000000,50.000000,min5mm,,,
B21_S09,AdTree calibrated r15mm (AdQSM 060) [calmethod=regression-perorder]_seg65-500-k50,1.923624,1.189872,0.733752,,0.327202,25.164480,0.115010,24.102229,183.818876,none,2290,,,,,,,,,060,15.000000,65.000000,500.000000,50.000000,regression-perorder,,,
B21_S09,AdTree calibrated r15mm (AdQSM 060) [calref=min5mm]_seg65-500-k50-wlen,1.410541,1.189872,0.220669,,0.327202,25.164480,0.115010,24.102229,183.818876,none,2290,,,,,,,,,060,15.000000,65.000000,500.000000,50.000000,min5mm,,,
B21_S09,AdTree calibrated r15mm (AdQSM 060) [calmethod=regression-perorder]_seg65-500-k50-wlen,1.708445,1.189872,0.518573,,0.327202,25.164480,0.115010,24.102229,183.818876,none,2290,,,,,,,,,060,15.000000,65.000000,500.000000,50.000000,regression-perorder,,,
B21_S09,AdTree calibrated r20mm (AdQSM 060) [calref=min5mm]_seg65-500-k50,1.454671,1.186294,0.268377,,0.327202,24.686007,0.115010,23.168982,137.688835,none,1709,,,,,,,,,060,20.000000,65.000000,500.000000,50.000000,min5mm,,,
B21_S09,AdTree calibrated r20mm (AdQSM 060) [calmethod=regression-perorder]_seg65-500-k50,1.887681,1.186294,0.701387,,0.327202,24.686007,0.115010,23.168982,137.688835,none,1709,,,,,,,,,060,20.000000,65.000000,500.000000,50.000000,regression-perorder,,,
B21_S09,AdTree calibrated r20mm (AdQSM 060) [calref=min5mm]_seg65-500-k50-wlen,1.398003,1.186294,0.211709,,0.327202,24.686007,0.115010,23.168982,137.688835,none,1709,,,,,,,,,060,20.000000,65.000000,500.000000,50.000000,min5mm,,,
B21_S09,AdTree calibrated r20mm (AdQSM 060) [calmethod=regression-perorder]_seg65-500-k50-wlen,1.682634,1.186294,0.496340,,0.327202,24.686007,0.115010,23.168982,137.688835,none,1709,,,,,,,,,060,20.000000,65.000000,500.000000,50.000000,regression-perorder,,,
B21_S09,AdTree calibrated r5mm (AdQSM 060) [calref=min5mm]_seg65-500-k80,1.494193,1.190558,0.303635,,0.327202,26.139535,0.122991,25.315971,564.272807,none,8462,,,,,,,,,060,5.000000,65.000000,500.000000,80.000000,min5mm,,,
B21_S09,AdTree calibrated r5mm (AdQSM 060) [calmethod=regression-perorder]_seg65-500-k80,2.025660,1.190558,0.835102,,0.327202,26.139535,0.122991,25.315971,564.272807,none,8462,,,,,,,,,060,5.000000,65.000000,500.000000,80.000000,regression-perorder,,,
B21_S09,AdTree calibrated r5mm (AdQSM 060) [calref=min5mm]_seg65-500-k80-wlen,1.430271,1.190558,0.239712,,0.327202,26.139535,0.122991,25.315971,564.272807,none,8462,,,,,,,,,060,5.000000,65.000000,500.000000,80.000000,min5mm,,,
B21_S09,AdTree calibrated r5mm (AdQSM 060) [calmethod=regression-perorder]_seg65-500-k80-wlen,1.784629,1.190558,0.594070,,0.327202,26.139535,0.122991,25.315971,564.272807,none,8462,,,,,,,,,060,5.000000,65.000000,500.000000,80.000000,regression-perorder,,,
B21_S09,AdTree calibrated r10mm (AdQSM 060) [calref=min5mm]_seg65-500-k80,1.481319,1.189682,0.291637,,0.327202,25.834462,0.122991,24.522330,272.097527,none,3532,,,,,,,,,060,10.000000,65.000000,500.000000,80.000000,min5mm,,,
B21_S09,AdTree calibrated r10mm (AdQSM 060) [calmethod=regression-perorder]_seg65-500-k80,1.965446,1.189682,0.775764,,0.327202,25.834462,0.122991,24.522330,272.097527,none,3532,,,,,,,,,060,10.000000,65.000000,500.000000,80.000000,regression-perorder,,,
B21_S09,AdTree calibrated r10mm (AdQSM 060) [calref=min5mm]_seg65-500-k80-wlen,1.419530,1.189682,0.229848,,0.327202,25.834462,0.122991,24.522330,272.097527,none,3532,,,,,,,,,060,10.000000,65.000000,500.000000,80.000000,min5mm,,,
B21_S09,AdTree calibrated r10mm (AdQSM 060) [calmethod=regression-perorder]_seg65-500-k80-wlen,1.735117,1.189682,0.545435,,0.327202,25.834462,0.122991,24.522330,272.097527,none,3532,,,,,,,,,060,10.000000,65.000000,500.000000,80.000000,regression-perorder,,,
B21_S09,AdTree calibrated r15mm (AdQSM 060) [calref=min5mm]_seg65-500-k80,1.469047,1.188967,0.280079,,0.327202,25.164480,0.122991,24.091527,183.818859,none,2252,,,,,,,,,060,15.000000,65.000000,500.000000,80.000000,min5mm,,,
B21_S09,AdTree calibrated r15mm (AdQSM 060) [calmethod=regression-perorder]_seg65-500-k80,1.929437,1.188967,0.740470,,0.327202,25.164480,0.122991,24.091527,183.818859,none,2252,,,,,,,,,060,15.000000,65.000000,500.000000,80.000000,regression-perorder,,,
B21_S09,AdTree calibrated r15mm (AdQSM 060) [calref=min5mm]_seg65-500-k80-wlen,1.409609,1.188967,0.220642,,0.327202,25.164480,0.122991,24.091527,183.818859,none,2252,,,,,,,,,060,15.000000,65.000000,500.000000,80.000000,min5mm,,,
B21_S09,AdTree calibrated r15mm (AdQSM 060) [calmethod=regression-perorder]_seg65-500-k80-wlen,1.708931,1.188967,0.519964,,0.327202,25.164480,0.122991,24.091527,183.818859,none,2252,,,,,,,,,060,15.000000,65.000000,500.000000,80.000000,regression-perorder,,,
B21_S09,AdTree calibrated r20mm (AdQSM 060) [calref=min5mm]_seg65-500-k80,1.453936,1.185389,0.268546,,0.327202,24.686007,0.122991,23.158279,137.688818,none,1671,,,,,,,,,060,20.000000,65.000000,500.000000,80.000000,min5mm,,,
B21_S09,AdTree calibrated r20mm (AdQSM 060) [calmethod=regression-perorder]_seg65-500-k80,1.893494,1.185389,0.708104,,0.327202,24.686007,0.122991,23.158279,137.688818,none,1671,,,,,,,,,060,20.000000,65.000000,500.000000,80.000000,regression-perorder,,,
B21_S09,AdTree calibrated r20mm (AdQSM 060) [calref=min5mm]_seg65-500-k80-wlen,1.397071,1.185389,0.211682,,0.327202,24.686007,0.122991,23.158279,137.688818,none,1671,,,,,,,,,060,20.000000,65.000000,500.000000,80.000000,min5mm,,,
B21_S09,AdTree calibrated r20mm (AdQSM 060) [calmethod=regression-perorder]_seg65-500-k80-wlen,1.683122,1.185389,0.497732,,0.327202,24.686007,0.122991,23.158279,137.688818,none,1671,,,,,,,,,060,20.000000,65.000000,500.000000,80.000000,regression-perorder,,,
B21_S09,AdTree calibrated r5mm (AdQSM 060) [calref=min5mm]_seg65-500-k100,1.493381,1.189345,0.304035,,0.327202,26.139535,0.099050,25.299857,564.271662,none,8431,,,,,,,,,060,5.000000,65.000000,500.000000,100.000000,min5mm,,,
B21_S09,AdTree calibrated r5mm (AdQSM 060) [calmethod=regression-perorder]_seg65-500-k100,2.031230,1.189345,0.841885,,0.327202,26.139535,0.099050,25.299857,564.271662,none,8431,,,,,,,,,060,5.000000,65.000000,500.000000,100.000000,regression-perorder,,,
B21_S09,AdTree calibrated r5mm (AdQSM 060) [calref=min5mm]_seg65-500-k100-wlen,1.429054,1.189345,0.239709,,0.327202,26.139535,0.099050,25.299857,564.271662,none,8431,,,,,,,,,060,5.000000,65.000000,500.000000,100.000000,min5mm,,,
B21_S09,AdTree calibrated r5mm (AdQSM 060) [calmethod=regression-perorder]_seg65-500-k100-wlen,1.783504,1.189345,0.594159,,0.327202,26.139535,0.099050,25.299857,564.271662,none,8431,,,,,,,,,060,5.000000,65.000000,500.000000,100.000000,regression-perorder,,,
B21_S09,AdTree calibrated r10mm (AdQSM 060) [calref=min5mm]_seg65-500-k100,1.480505,1.188469,0.292036,,0.327202,25.834462,0.099050,24.506216,272.096381,none,3501,,,,,,,,,060,10.000000,65.000000,500.000000,100.000000,min5mm,,,
B21_S09,AdTree calibrated r10mm (AdQSM 060) [calmethod=regression-perorder]_seg65-500-k100,1.971013,1.188469,0.782545,,0.327202,25.834462,0.099050,24.506216,272.096381,none,3501,,,,,,,,,060,10.000000,65.000000,500.000000,100.000000,regression-perorder,,,
B21_S09,AdTree calibrated r10mm (AdQSM 060) [calref=min5mm]_seg65-500-k100-wlen,1.418313,1.188469,0.229844,,0.327202,25.834462,0.099050,24.506216,272.096381,none,3501,,,,,,,,,060,10.000000,65.000000,500.000000,100.000000,min5mm,,,
B21_S09,AdTree calibrated r10mm (AdQSM 060) [calmethod=regression-perorder]_seg65-500-k100-wlen,1.733993,1.188469,0.545524,,0.327202,25.834462,0.099050,24.506216,272.096381,none,3501,,,,,,,,,060,10.000000,65.000000,500.000000,100.000000,regression-perorder,,,
B21_S09,AdTree calibrated r15mm (AdQSM 060) [calref=min5mm]_seg65-500-k100,1.468227,1.187754,0.280473,,0.327202,25.164480,0.099050,24.075413,183.817714,none,2221,,,,,,,,,060,15.000000,65.000000,500.000000,100.000000,min5mm,,,
B21_S09,AdTree calibrated r15mm (AdQSM 060) [calmethod=regression-perorder]_seg65-500-k100,1.934984,1.187754,0.747230,,0.327202,25.164480,0.099050,24.075413,183.817714,none,2221,,,,,,,,,060,15.000000,65.000000,500.000000,100.000000,regression-perorder,,,
B21_S09,AdTree calibrated r15mm (AdQSM 060) [calref=min5mm]_seg65-500-k100-wlen,1.408392,1.187754,0.220638,,0.327202,25.164480,0.099050,24.075413,183.817714,none,2221,,,,,,,,,060,15.000000,65.000000,500.000000,100.000000,min5mm,,,
B21_S09,AdTree calibrated r15mm (AdQSM 060) [calmethod=regression-perorder]_seg65-500-k100-wlen,1.707807,1.187754,0.520053,,0.327202,25.164480,0.099050,24.075413,183.817714,none,2221,,,,,,,,,060,15.000000,65.000000,500.000000,100.000000,regression-perorder,,,
B21_S09,AdTree calibrated r20mm (AdQSM 060) [calref=min5mm]_seg65-500-k100,1.453113,1.184176,0.268937,,0.327202,24.686007,0.099050,23.142166,137.687673,none,1640,,,,,,,,,060,20.000000,65.000000,500.000000,100.000000,min5mm,,,
B21_S09,AdTree calibrated r20mm (AdQSM 060) [calmethod=regression-perorder]_seg65-500-k100,1.899031,1.184176,0.714854,,0.327202,24.686007,0.099050,23.142166,137.687673,none,1640,,,,,,,,,060,20.000000,65.000000,500.000000,100.000000,regression-perorder,,,
B21_S09,AdTree calibrated r20mm (AdQSM 060) [calref=min5mm]_seg65-500-k100-wlen,1.395854,1.184176,0.211678,,0.327202,24.686007,0.099050,23.142166,137.687673,none,1640,,,,,,,,,060,20.000000,65.000000,500.000000,100.000000,min5mm,,,
B21_S09,AdTree calibrated r20mm (AdQSM 060) [calmethod=regression-perorder]_seg65-500-k100-wlen,1.681998,1.184176,0.497822,,0.327202,24.686007,0.099050,23.142166,137.687673,none,1640,,,,,,,,,060,20.000000,65.000000,500.000000,100.000000,regression-perorder,,,
B21_S09,AdQSM (TreesParams) (AdQSM 999),2.064530,1.061630,1.002900,,0.316871,27.170000,,27.725200,4148.630000,none,,,,,,,,,,,,,,,,,,
B21_S09,AdTree raw r5mm_seg35-500-k50,2.425029,1.306693,1.118337,,0.342701,26.139535,0.000000,25.346791,567.705521,none,12194,,,,,,,,,,5.000000,35.000000,500.000000,50.000000,,,,
B21_S09,AdTree calibrated r5mm (AdQSM 999) [calref=min5mm]_seg35-500-k50,1.355145,1.117179,0.237966,,0.316871,26.139535,0.111386,25.346791,567.705521,none,12194,,,,,,,,,999,5.000000,35.000000,500.000000,50.000000,min5mm,,,
B21_S09,AdTree calibrated r5mm (AdQSM 999) [calmethod=regression-perorder]_seg35-500-k50,1.708533,1.117179,0.591354,,0.316871,26.139535,0.111386,25.346791,567.705521,none,12194,,,,,,,,,999,5.000000,35.000000,500.000000,50.000000,regression-perorder,,,
B21_S09,AdTree raw r5mm_seg35-500-k50-wlen,2.425029,1.306693,1.118337,,0.342701,26.139535,0.000000,25.346791,567.705521,none,12194,,,,,,,,,,5.000000,35.000000,500.000000,50.000000,,,,
B21_S09,AdTree calibrated r5mm (AdQSM 999) [calref=min5mm]_seg35-500-k50-wlen,1.340078,1.117179,0.222899,,0.316871,26.139535,0.111386,25.346791,567.705521,none,12194,,,,,,,,,999,5.000000,35.000000,500.000000,50.000000,min5mm,,,
B21_S09,AdTree calibrated r5mm (AdQSM 999) [calmethod=regression-perorder]_seg35-500-k50-wlen,1.673441,1.117179,0.556262,,0.316871,26.139535,0.111386,25.346791,567.705521,none,12194,,,,,,,,,999,5.000000,35.000000,500.000000,50.000000,regression-perorder,,,
B21_S09,AdTree raw r10mm_seg35-500-k50,2.359090,1.306305,1.052785,,0.342701,25.834462,0.000000,24.543340,272.970158,none,5594,,,,,,,,,,10.000000,35.000000,500.000000,50.000000,,,,
B21_S09,AdTree calibrated r10mm (AdQSM 999) [calref=min5mm]_seg35-500-k50,1.343926,1.116345,0.227581,,0.316871,25.834462,0.111386,24.543340,272.970158,none,5594,,,,,,,,,999,10.000000,35.000000,500.000000,50.000000,min5mm,,,
B21_S09,AdTree calibrated r10mm (AdQSM 999) [calmethod=regression-perorder]_seg35-500-k50,1.658692,1.116345,0.542346,,0.316871,25.834462,0.111386,24.543340,272.970158,none,5594,,,,,,,,,999,10.000000,35.000000,500.000000,50.000000,regression-perorder,,,
B21_S09,AdTree raw r10mm_seg35-500-k50-wlen,2.359090,1.306305,1.052785,,0.342701,25.834462,0.000000,24.543340,272.970158,none,5594,,,,,,,,,,10.000000,35.000000,500.000000,50.000000,,,,
B21_S09,AdTree calibrated r10mm (AdQSM 999) [calref=min5mm]_seg35-500-k50-wlen,1.329788,1.116345,0.213443,,0.316871,25.834462,0.111386,24.543340,272.970158,none,5594,,,,,,,,,999,10.000000,35.000000,500.000000,50.000000,min5mm,,,
B21_S09,AdTree calibrated r10mm (AdQSM 999) [calmethod=regression-perorder]_seg35-500-k50-wlen,1.627838,1.116345,0.511493,,0.316871,25.834462,0.111386,24.543340,272.970158,none,5594,,,,,,,,,999,10.000000,35.000000,500.000000,50.000000,regression-perorder,,,
B21_S09,AdTree raw r15mm_seg35-500-k50,2.305566,1.305985,0.999582,,0.342701,25.164480,0.000000,24.112516,184.217708,none,3777,,,,,,,,,,15.000000,35.000000,500.000000,50.000000,,,,
B21_S09,AdTree calibrated r15mm (AdQSM 999) [calref=min5mm]_seg35-500-k50,1.333710,1.115679,0.218031,,0.316871,25.164480,0.111386,24.112516,184.217708,none,3777,,,,,,,,,999,15.000000,35.000000,500.000000,50.000000,min5mm,,,
B21_S09,AdTree calibrated r15mm (AdQSM 999) [calmethod=regression-perorder]_seg35-500-k50,1.631264,1.115679,0.515584,,0.316871,25.164480,0.111386,24.112516,184.217708,none,3777,,,,,,,,,999,15.000000,35.000000,500.000000,50.000000,regression-perorder,,,
B21_S09,AdTree raw r15mm_seg35-500-k50-wlen,2.305566,1.305985,0.999582,,0.342701,25.164480,0.000000,24.112516,184.217708,none,3777,,,,,,,,,,15.000000,35.000000,500.000000,50.000000,,,,
B21_S09,AdTree calibrated r15mm (AdQSM 999) [calref=min5mm]_seg35-500-k50-wlen,1.320413,1.115679,0.204734,,0.316871,25.164480,0.111386,24.112516,184.217708,none,3777,,,,,,,,,999,15.000000,35.000000,500.000000,50.000000,min5mm,,,
B21_S09,AdTree calibrated r15mm (AdQSM 999) [calmethod=regression-perorder]_seg35-500-k50-wlen,1.603782,1.115679,0.488102,,0.316871,25.164480,0.111386,24.112516,184.217708,none,3777,,,,,,,,,999,15.000000,35.000000,500.000000,50.000000,regression-perorder,,,
B21_S09,AdTree raw r20mm_seg35-500-k50,2.252682,1.304522,0.948161,,0.342701,24.686007,0.000000,23.177965,137.883061,none,2885,,,,,,,,,,20.000000,35.000000,500.000000,50.000000,,,,
B21_S09,AdTree calibrated r20mm (AdQSM 999) [calref=min5mm]_seg35-500-k50,1.321036,1.112462,0.208574,,0.316871,24.686007,0.111386,23.177965,137.883061,none,2885,,,,,,,,,999,20.000000,35.000000,500.000000,50.000000,min5mm,,,
B21_S09,AdTree calibrated r20mm (AdQSM 999) [calmethod=regression-perorder]_seg35-500-k50,1.603968,1.112462,0.491505,,0.316871,24.686007,0.111386,23.177965,137.883061,none,2885,,,,,,,,,999,20.000000,35.000000,500.000000,50.000000,regression-perorder,,,
B21_S09,AdTree raw r20mm_seg35-500-k50-wlen,2.252682,1.304522,0.948161,,0.342701,24.686007,0.000000,23.177965,137.883061,none,2885,,,,,,,,,,20.000000,35.000000,500.000000,50.000000,,,,
B21_S09,AdTree calibrated r20mm (AdQSM 999) [calref=min5mm]_seg35-500-k50-wlen,1.308677,1.112462,0.196214,,0.316871,24.686007,0.111386,23.177965,137.883061,none,2885,,,,,,,,,999,20.000000,35.000000,500.000000,50.000000,min5mm,,,
B21_S09,AdTree calibrated r20mm (AdQSM 999) [calmethod=regression-perorder]_seg35-500-k50-wlen,1.579888,1.112462,0.467426,,0.316871,24.686007,0.111386,23.177965,137.883061,none,2885,,,,,,,,,999,20.000000,35.000000,500.000000,50.000000,regression-perorder,,,
B21_S09,AdTree raw r5mm_seg35-500-k80,2.423264,1.305629,1.117635,,0.342701,26.139535,0.000000,25.332316,567.685520,none,11954,,,,,,,,,,5.000000,35.000000,500.000000,80.000000,,,,
B21_S09,AdTree calibrated r5mm (AdQSM 999) [calref=min5mm]_seg35-500-k80,1.379373,1.116268,0.263105,,0.316871,26.139535,0.119115,25.332316,567.685520,none,11954,,,,,,,,,999,5.000000,35.000000,500.000000,80.000000,min5mm,,,
B21_S09,AdTree calibrated r5mm (AdQSM 999) [calmethod=regression-perorder]_seg35-500-k80,1.846678,1.116268,0.730411,,0.316871,26.139535,0.119115,25.332316,567.685520,none,11954,,,,,,,,,999,5.000000,35.000000,500.000000,80.000000,regression-perorder,,,
B21_S09,AdTree raw r5mm_seg35-500-k80-wlen,2.423264,1.305629,1.117635,,0.342701,26.139535,0.000000,25.332316,567.685520,none,11954,,,,,,,,,,5.000000,35.000000,500.000000,80.000000,,,,
B21_S09,AdTree calibrated r5mm (AdQSM 999) [calref=min5mm]_seg35-500-k80-wlen,1.339126,1.116268,0.222859,,0.316871,26.139535,0.119115,25.332316,567.685520,none,11954,,,,,,,,,999,5.000000,35.000000,500.000000,80.000000,min5mm,,,
B21_S09,AdTree calibrated r5mm (AdQSM 999) [calmethod=regression-perorder]_seg35-500-k80-wlen,1.675002,1.116268,0.558734,,0.316871,26.139535,0.119115,25.332316,567.685520,none,11954,,,,,,,,,999,5.000000,35.000000,500.000000,80.000000,regression-perorder,,,
B21_S09,AdTree raw r10mm_seg35-500-k80,2.357325,1.305241,1.052084,,0.342701,25.834462,0.000000,24.528865,272.950157,none,5354,,,,,,,,,,10.000000,35.000000,500.000000,80.000000,,,,
B21_S09,AdTree calibrated r10mm (AdQSM 999) [calref=min5mm]_seg35-500-k80,1.367952,1.115434,0.252517,,0.316871,25.834462,0.119115,24.528865,272.950157,none,5354,,,,,,,,,999,10.000000,35.000000,500.000000,80.000000,min5mm,,,
B21_S09,AdTree calibrated r10mm (AdQSM 999) [calmethod=regression-perorder]_seg35-500-k80,1.796559,1.115434,0.681125,,0.316871,25.834462,0.119115,24.528865,272.950157,none,5354,,,,,,,,,999,10.000000,35.000000,500.000000,80.000000,regression-perorder,,,
B21_S09,AdTree raw r10mm_seg35-500-k80-wlen,2.357325,1.305241,1.052084,,0.342701,25.834462,0.000000,24.528865,272.950157,none,5354,,,,,,,,,,10.000000,35.000000,500.000000,80.000000,,,,
B21_S09,AdTree calibrated r10mm (AdQSM 999) [calref=min5mm]_seg35-500-k80-wlen,1.328836,1.115434,0.213402,,0.316871,25.834462,0.119115,24.528865,272.950157,none,5354,,,,,,,,,999,10.000000,35.000000,500.000000,80.000000,min5mm,,,
B21_S09,AdTree calibrated r10mm (AdQSM 999) [calmethod=regression-perorder]_seg35-500-k80-wlen,1.629401,1.115434,0.513967,,0.316871,25.834462,0.119115,24.528865,272.950157,none,5354,,,,,,,,,999,10.000000,35.000000,500.000000,80.000000,regression-perorder,,,
B21_S09,AdTree raw r15mm_seg35-500-k80,2.303801,1.304921,0.998880,,0.342701,25.164480,0.000000,24.098041,184.197707,none,3537,,,,,,,,,,15.000000,35.000000,500.000000,80.000000,,,,
B21_S09,AdTree calibrated r15mm (AdQSM 999) [calref=min5mm]_seg35-500-k80,1.357287,1.114768,0.242519,,0.316871,25.164480,0.119115,24.098041,184.197707,none,3537,,,,,,,,,999,15.000000,35.000000,500.000000,80.000000,min5mm,,,
B21_S09,AdTree calibrated r15mm (AdQSM 999) [calmethod=regression-perorder]_seg35-500-k80,1.768392,1.114768,0.653624,,0.316871,25.164480,0.119115,24.098041,184.197707,none,3537,,,,,,,,,999,15.000000,35.000000,500.000000,80.000000,regression-perorder,,,
B21_S09,AdTree raw r15mm_seg35-500-k80-wlen,2.303801,1.304921,0.998880,,0.342701,25.164480,0.000000,24.098041,184.197707,none,3537,,,,,,,,,,15.000000,35.000000,500.000000,80.000000,,,,
B21_S09,AdTree calibrated r15mm (AdQSM 999) [calref=min5mm]_seg35-500-k80-wlen,1.319459,1.114768,0.204691,,0.316871,25.164480,0.119115,24.098041,184.197707,none,3537,,,,,,,,,999,15.000000,35.000000,500.000000,80.000000,min5mm,,,
B21_S09,AdTree calibrated r15mm (AdQSM 999) [calmethod=regression-perorder]_seg35-500-k80-wlen,1.605356,1.114768,0.490588,,0.316871,25.164480,0.119115,24.098041,184.197707,none,3537,,,,,,,,,999,15.000000,35.000000,500.000000,80.000000,regression-perorder,,,
B21_S09,AdTree raw r20mm_seg35-500-k80,2.250917,1.303458,0.947459,,0.342701,24.686007,0.000000,23.163490,137.863060,none,2645,,,,,,,,,,20.000000,35.000000,500.000000,80.000000,,,,
B21_S09,AdTree calibrated r20mm (AdQSM 999) [calref=min5mm]_seg35-500-k80,1.344251,1.111551,0.232699,,0.316871,24.686007,0.119115,23.163490,137.863060,none,2645,,,,,,,,,999,20.000000,35.000000,500.000000,80.000000,min5mm,,,
B21_S09,AdTree calibrated r20mm (AdQSM 999) [calmethod=regression-perorder]_seg35-500-k80,1.740213,1.111551,0.628662,,0.316871,24.686007,0.119115,23.163490,137.863060,none,2645,,,,,,,,,999,20.000000,35.000000,500.000000,80.000000,regression-perorder,,,
B21_S09,AdTree raw r20mm_seg35-500-k80-wlen,2.250917,1.303458,0.947459,,0.342701,24.686007,0.000000,23.163490,137.863060,none,2645,,,,,,,,,,20.000000,35.000000,500.000000,80.000000,,,,
B21_S09,AdTree calibrated r20mm (AdQSM 999) [calref=min5mm]_seg35-500-k80-wlen,1.307722,1.111551,0.196171,,0.316871,24.686007,0.119115,23.163490,137.863060,none,2645,,,,,,,,,999,20.000000,35.000000,500.000000,80.000000,min5mm,,,
B21_S09,AdTree calibrated r20mm (AdQSM 999) [calmethod=regression-perorder]_seg35-500-k80-wlen,1.581468,1.111551,0.469917,,0.316871,24.686007,0.119115,23.163490,137.863060,none,2645,,,,,,,,,999,20.000000,35.000000,500.000000,80.000000,regression-perorder,,,
B21_S09,AdTree raw r5mm_seg35-500-k100,2.421292,1.304174,1.117118,,0.342701,26.139535,0.000000,25.313114,567.657867,none,11743,,,,,,,,,,5.000000,35.000000,500.000000,100.000000,,,,
B21_S09,AdTree calibrated r5mm (AdQSM 999) [calref=min5mm]_seg35-500-k100,1.404102,1.115100,0.289002,,0.316871,26.139535,0.095929,25.313114,567.657867,none,11743,,,,,,,,,999,5.000000,35.000000,500.000000,100.000000,min5mm,,,
B21_S09,AdTree calibrated r5mm (AdQSM 999) [calmethod=regression-perorder]_seg35-500-k100,1.951194,1.115100,0.836094,,0.316871,26.139535,0.095929,25.313114,567.657867,none,11743,,,,,,,,,999,5.000000,35.000000,500.000000,100.000000,regression-perorder,,,
B21_S09,AdTree raw r5mm_seg35-500-k100-wlen,2.421292,1.304174,1.117118,,0.342701,26.139535,0.000000,25.313114,567.657867,none,11743,,,,,,,,,,5.000000,35.000000,500.000000,100.000000,,,,
B21_S09,AdTree calibrated r5mm (AdQSM 999) [calref=min5mm]_seg35-500-k100-wlen,1.337546,1.115100,0.222446,,0.316871,26.139535,0.095929,25.313114,567.657867,none,11743,,,,,,,,,999,5.000000,35.000000,500.000000,100.000000,min5mm,,,
B21_S09,AdTree calibrated r5mm (AdQSM 999) [calmethod=regression-perorder]_seg35-500-k100-wlen,1.673306,1.115100,0.558206,,0.316871,26.139535,0.095929,25.313114,567.657867,none,11743,,,,,,,,,999,5.000000,35.000000,500.000000,100.000000,regression-perorder,,,
B21_S09,AdTree raw r10mm_seg35-500-k100,2.355353,1.303787,1.051566,,0.342701,25.834462,0.000000,24.509663,272.922504,none,5143,,,,,,,,,,10.000000,35.000000,500.000000,100.000000,,,,
B21_S09,AdTree calibrated r10mm (AdQSM 999) [calref=min5mm]_seg35-500-k100,1.392407,1.114266,0.278141,,0.316871,25.834462,0.095929,24.509663,272.922504,none,5143,,,,,,,,,999,10.000000,35.000000,500.000000,100.000000,min5mm,,,
B21_S09,AdTree calibrated r10mm (AdQSM 999) [calmethod=regression-perorder]_seg35-500-k100,1.900621,1.114266,0.786354,,0.316871,25.834462,0.095929,24.509663,272.922504,none,5143,,,,,,,,,999,10.000000,35.000000,500.000000,100.000000,regression-perorder,,,
B21_S09,AdTree raw r10mm_seg35-500-k100-wlen,2.355353,1.303787,1.051566,,0.342701,25.834462,0.000000,24.509663,272.922504,none,5143,,,,,,,,,,10.000000,35.000000,500.000000,100.000000,,,,
B21_S09,AdTree calibrated r10mm (AdQSM 999) [calref=min5mm]_seg35-500-k100-wlen,1.327257,1.114266,0.212990,,0.316871,25.834462,0.095929,24.509663,272.922504,none,5143,,,,,,,,,999,10.000000,35.000000,500.000000,100.000000,min5mm,,,
B21_S09,AdTree calibrated r10mm (AdQSM 999) [calmethod=regression-perorder]_seg35-500-k100-wlen,1.627705,1.114266,0.513439,,0.316871,25.834462,0.095929,24.509663,272.922504,none,5143,,,,,,,,,999,10.000000,35.000000,500.000000,100.000000,regression-perorder,,,
B21_S09,AdTree raw r15mm_seg35-500-k100,2.301829,1.303467,0.998363,,0.342701,25.164480,0.000000,24.078840,184.170054,none,3326,,,,,,,,,,15.000000,35.000000,500.000000,100.000000,,,,
B21_S09,AdTree calibrated r15mm (AdQSM 999) [calref=min5mm]_seg35-500-k100,1.381229,1.113600,0.267629,,0.316871,25.164480,0.095929,24.078840,184.170054,none,3326,,,,,,,,,999,15.000000,35.000000,500.000000,100.000000,min5mm,,,
B21_S09,AdTree calibrated r15mm (AdQSM 999) [calmethod=regression-perorder]_seg35-500-k100,1.871578,1.113600,0.757978,,0.316871,25.164480,0.095929,24.078840,184.170054,none,3326,,,,,,,,,999,15.000000,35.000000,500.000000,100.000000,regression-perorder,,,
B21_S09,AdTree raw r15mm_seg35-500-k100-wlen,2.301829,1.303467,0.998363,,0.342701,25.164480,0.000000,24.078840,184.170054,none,3326,,,,,,,,,,15.000000,35.000000,500.000000,100.000000,,,,
B21_S09,AdTree calibrated r15mm (AdQSM 999) [calref=min5mm]_seg35-500-k100-wlen,1.317884,1.113600,0.204284,,0.316871,25.164480,0.095929,24.078840,184.170054,none,3326,,,,,,,,,999,15.000000,35.000000,500.000000,100.000000,min5mm,,,
B21_S09,AdTree calibrated r15mm (AdQSM 999) [calmethod=regression-perorder]_seg35-500-k100-wlen,1.603657,1.113600,0.490057,,0.316871,25.164480,0.095929,24.078840,184.170054,none,3326,,,,,,,,,999,15.000000,35.000000,500.000000,100.000000,regression-perorder,,,
B21_S09,AdTree raw r20mm_seg35-500-k100,2.248945,1.302003,0.946942,,0.342701,24.686007,0.000000,23.144288,137.835407,none,2434,,,,,,,,,,20.000000,35.000000,500.000000,100.000000,,,,
B21_S09,AdTree calibrated r20mm (AdQSM 999) [calref=min5mm]_seg35-500-k100,1.367726,1.110383,0.257343,,0.316871,24.686007,0.095929,23.144288,137.835407,none,2434,,,,,,,,,999,20.000000,35.000000,500.000000,100.000000,min5mm,,,
B21_S09,AdTree calibrated r20mm (AdQSM 999) [calmethod=regression-perorder]_seg35-500-k100,1.842374,1.110383,0.731990,,0.316871,24.686007,0.095929,23.144288,137.835407,none,2434,,,,,,,,,999,20.000000,35.000000,500.000000,100.000000,regression-perorder,,,
B21_S09,AdTree raw r20mm_seg35-500-k100-wlen,2.248945,1.302003,0.946942,,0.342701,24.686007,0.000000,23.144288,137.835407,none,2434,,,,,,,,,,20.000000,35.000000,500.000000,100.000000,,,,
B21_S09,AdTree calibrated r20mm (AdQSM 999) [calref=min5mm]_seg35-500-k100-wlen,1.306149,1.110383,0.195766,,0.316871,24.686007,0.095929,23.144288,137.835407,none,2434,,,,,,,,,999,20.000000,35.000000,500.000000,100.000000,min5mm,,,
B21_S09,AdTree calibrated r20mm (AdQSM 999) [calmethod=regression-perorder]_seg35-500-k100-wlen,1.579767,1.110383,0.469384,,0.316871,24.686007,0.095929,23.144288,137.835407,none,2434,,,,,,,,,999,20.000000,35.000000,500.000000,100.000000,regression-perorder,,,
B21_S09,AdTree raw r5mm_seg50-500-k50,2.423113,1.306628,1.116485,,0.342701,26.139535,0.000000,25.343859,566.769323,none,10546,,,,,,,,,,5.000000,50.000000,500.000000,50.000000,,,,
B21_S09,AdTree calibrated r5mm (AdQSM 999) [calref=min5mm]_seg50-500-k50,1.340427,1.117163,0.223264,,0.316871,26.139535,0.111386,25.343859,566.769323,none,10546,,,,,,,,,999,5.000000,50.000000,500.000000,50.000000,min5mm,,,
B21_S09,AdTree calibrated r5mm (AdQSM 999) [calmethod=regression-perorder]_seg50-500-k50,1.661147,1.117163,0.543984,,0.316871,26.139535,0.111386,25.343859,566.769323,none,10546,,,,,,,,,999,5.000000,50.000000,500.000000,50.000000,regression-perorder,,,
B21_S09,AdTree raw r5mm_seg50-500-k50-wlen,2.423113,1.306628,1.116485,,0.342701,26.139535,0.000000,25.343859,566.769323,none,10546,,,,,,,,,,5.000000,50.000000,500.000000,50.000000,,,,
B21_S09,AdTree calibrated r5mm (AdQSM 999) [calref=min5mm]_seg50-500-k50-wlen,1.340161,1.117163,0.222998,,0.316871,26.139535,0.111386,25.343859,566.769323,none,10546,,,,,,,,,999,5.000000,50.000000,500.000000,50.000000,min5mm,,,
B21_S09,AdTree calibrated r5mm (AdQSM 999) [calmethod=regression-perorder]_seg50-500-k50-wlen,1.669801,1.117163,0.552638,,0.316871,26.139535,0.111386,25.343859,566.769323,none,10546,,,,,,,,,999,5.000000,50.000000,500.000000,50.000000,regression-perorder,,,
B21_S09,AdTree raw r10mm_seg50-500-k50,2.357903,1.306248,1.051655,,0.342701,25.834462,0.000000,24.541446,272.744009,none,4957,,,,,,,,,,10.000000,50.000000,500.000000,50.000000,,,,
B21_S09,AdTree calibrated r10mm (AdQSM 999) [calref=min5mm]_seg50-500-k50,1.329570,1.116330,0.213241,,0.316871,25.834462,0.111386,24.541446,272.744009,none,4957,,,,,,,,,999,10.000000,50.000000,500.000000,50.000000,min5mm,,,
B21_S09,AdTree calibrated r10mm (AdQSM 999) [calmethod=regression-perorder]_seg50-500-k50,1.609645,1.116330,0.493315,,0.316871,25.834462,0.111386,24.541446,272.744009,none,4957,,,,,,,,,999,10.000000,50.000000,500.000000,50.000000,regression-perorder,,,
B21_S09,AdTree raw r10mm_seg50-500-k50-wlen,2.357903,1.306248,1.051655,,0.342701,25.834462,0.000000,24.541446,272.744009,none,4957,,,,,,,,,,10.000000,50.000000,500.000000,50.000000,,,,
B21_S09,AdTree calibrated r10mm (AdQSM 999) [calref=min5mm]_seg50-500-k50-wlen,1.329955,1.116330,0.213626,,0.316871,25.834462,0.111386,24.541446,272.744009,none,4957,,,,,,,,,999,10.000000,50.000000,500.000000,50.000000,min5mm,,,
B21_S09,AdTree calibrated r10mm (AdQSM 999) [calmethod=regression-perorder]_seg50-500-k50-wlen,1.623755,1.116330,0.507425,,0.316871,25.834462,0.111386,24.541446,272.744009,none,4957,,,,,,,,,999,10.000000,50.000000,500.000000,50.000000,regression-perorder,,,
B21_S09,AdTree raw r15mm_seg50-500-k50,2.304864,1.305939,0.998925,,0.342701,25.164480,0.000000,24.110632,184.127185,none,3428,,,,,,,,,,15.000000,50.000000,500.000000,50.000000,,,,
B21_S09,AdTree calibrated r15mm (AdQSM 999) [calref=min5mm]_seg50-500-k50,1.319793,1.115664,0.204129,,0.316871,25.164480,0.111386,24.110632,184.127185,none,3428,,,,,,,,,999,15.000000,50.000000,500.000000,50.000000,min5mm,,,
B21_S09,AdTree calibrated r15mm (AdQSM 999) [calmethod=regression-perorder]_seg50-500-k50,1.581601,1.115664,0.465937,,0.316871,25.164480,0.111386,24.110632,184.127185,none,3428,,,,,,,,,999,15.000000,50.000000,500.000000,50.000000,regression-perorder,,,
B21_S09,AdTree raw r15mm_seg50-500-k50-wlen,2.304864,1.305939,0.998925,,0.342701,25.164480,0.000000,24.110632,184.127185,none,3428,,,,,,,,,,15.000000,50.000000,500.000000,50.000000,,,,
B21_S09,AdTree calibrated r15mm (AdQSM 999) [calref=min5mm]_seg50-500-k50-wlen,1.320629,1.115664,0.204965,,0.316871,25.164480,0.111386,24.110632,184.127185,none,3428,,,,,,,,,999,15.000000,50.000000,500.000000,50.000000,min5mm,,,
B21_S09,AdTree calibrated r15mm (AdQSM 999) [calmethod=regression-perorder]_seg50-500-k50-wlen,1.599419,1.115664,0.483754,,0.316871,25.164480,0.111386,24.110632,184.127185,none,3428,,,,,,,,,999,15.000000,50.000000,500.000000,50.000000,regression-perorder,,,
B21_S09,AdTree raw r20mm_seg50-500-k50,2.252308,1.304506,0.947802,,0.342701,24.686007,0.000000,23.176639,137.816246,none,2638,,,,,,,,,,20.000000,50.000000,500.000000,50.000000,,,,
B21_S09,AdTree calibrated r20mm (AdQSM 999) [calref=min5mm]_seg50-500-k50,1.307642,1.112450,0.195193,,0.316871,24.686007,0.111386,23.176639,137.816246,none,2638,,,,,,,,,999,20.000000,50.000000,500.000000,50.000000,min5mm,,,
B21_S09,AdTree calibrated r20mm (AdQSM 999) [calmethod=regression-perorder]_seg50-500-k50,1.554392,1.112450,0.441942,,0.316871,24.686007,0.111386,23.176639,137.816246,none,2638,,,,,,,,,999,20.000000,50.000000,500.000000,50.000000,regression-perorder,,,
B21_S09,AdTree raw r20mm_seg50-500-k50-wlen,2.252308,1.304506,0.947802,,0.342701,24.686007,0.000000,23.176639,137.816246,none,2638,,,,,,,,,,20.000000,50.000000,500.000000,50.000000,,,,
B21_S09,AdTree calibrated r20mm (AdQSM 999) [calref=min5mm]_seg50-500-k50-wlen,1.308903,1.112450,0.196454,,0.316871,24.686007,0.111386,23.176639,137.816246,none,2638,,,,,,,,,999,20.000000,50.000000,500.000000,50.000000,min5mm,,,
B21_S09,AdTree calibrated r20mm (AdQSM 999) [calmethod=regression-perorder]_seg50-500-k50-wlen,1.575387,1.112450,0.462937,,0.316871,24.686007,0.111386,23.176639,137.816246,none,2638,,,,,,,,,999,20.000000,50.000000,500.000000,50.000000,regression-perorder,,,
B21_S09,AdTree raw r5mm_seg50-500-k80,2.421469,1.305575,1.115895,,0.342701,26.139535,0.000000,25.330208,566.751862,none,10332,,,,,,,,,,5.000000,50.000000,500.000000,80.000000,,,,
B21_S09,AdTree calibrated r5mm (AdQSM 999) [calref=min5mm]_seg50-500-k80,1.363078,1.116260,0.246818,,0.316871,26.139535,0.119115,25.330208,566.751862,none,10332,,,,,,,,,999,5.000000,50.000000,500.000000,80.000000,min5mm,,,
B21_S09,AdTree calibrated r5mm (AdQSM 999) [calmethod=regression-perorder]_seg50-500-k80,1.785169,1.116260,0.668909,,0.316871,26.139535,0.119115,25.330208,566.751862,none,10332,,,,,,,,,999,5.000000,50.000000,500.000000,80.000000,regression-perorder,,,
B21_S09,AdTree raw r5mm_seg50-500-k80-wlen,2.421469,1.305575,1.115895,,0.342701,26.139535,0.000000,25.330208,566.751862,none,10332,,,,,,,,,,5.000000,50.000000,500.000000,80.000000,,,,
B21_S09,AdTree calibrated r5mm (AdQSM 999) [calref=min5mm]_seg50-500-k80-wlen,1.339137,1.116260,0.222877,,0.316871,26.139535,0.119115,25.330208,566.751862,none,10332,,,,,,,,,999,5.000000,50.000000,500.000000,80.000000,min5mm,,,
B21_S09,AdTree calibrated r5mm (AdQSM 999) [calmethod=regression-perorder]_seg50-500-k80-wlen,1.671429,1.116260,0.555169,,0.316871,26.139535,0.119115,25.330208,566.751862,none,10332,,,,,,,,,999,5.000000,50.000000,500.000000,80.000000,regression-perorder,,,
B21_S09,AdTree raw r10mm_seg50-500-k80,2.356259,1.305195,1.051065,,0.342701,25.834462,0.000000,24.527795,272.726548,none,4743,,,,,,,,,,10.000000,50.000000,500.000000,80.000000,,,,
B21_S09,AdTree calibrated r10mm (AdQSM 999) [calref=min5mm]_seg50-500-k80,1.352046,1.115427,0.236618,,0.316871,25.834462,0.119115,24.527795,272.726548,none,4743,,,,,,,,,999,10.000000,50.000000,500.000000,80.000000,min5mm,,,
B21_S09,AdTree calibrated r10mm (AdQSM 999) [calmethod=regression-perorder]_seg50-500-k80,1.733376,1.115427,0.617949,,0.316871,25.834462,0.119115,24.527795,272.726548,none,4743,,,,,,,,,999,10.000000,50.000000,500.000000,80.000000,regression-perorder,,,
B21_S09,AdTree raw r10mm_seg50-500-k80-wlen,2.356259,1.305195,1.051065,,0.342701,25.834462,0.000000,24.527795,272.726548,none,4743,,,,,,,,,,10.000000,50.000000,500.000000,80.000000,,,,
B21_S09,AdTree calibrated r10mm (AdQSM 999) [calref=min5mm]_seg50-500-k80-wlen,1.328931,1.115427,0.213504,,0.316871,25.834462,0.119115,24.527795,272.726548,none,4743,,,,,,,,,999,10.000000,50.000000,500.000000,80.000000,min5mm,,,
B21_S09,AdTree calibrated r10mm (AdQSM 999) [calmethod=regression-perorder]_seg50-500-k80-wlen,1.625386,1.115427,0.509958,,0.316871,25.834462,0.119115,24.527795,272.726548,none,4743,,,,,,,,,999,10.000000,50.000000,500.000000,80.000000,regression-perorder,,,
B21_S09,AdTree raw r15mm_seg50-500-k80,2.303220,1.304886,0.998334,,0.342701,25.164480,0.000000,24.096982,184.109725,none,3214,,,,,,,,,,15.000000,50.000000,500.000000,80.000000,,,,
B21_S09,AdTree calibrated r15mm (AdQSM 999) [calref=min5mm]_seg50-500-k80,1.341858,1.114762,0.227096,,0.316871,25.164480,0.119115,24.096982,184.109725,none,3214,,,,,,,,,999,15.000000,50.000000,500.000000,80.000000,min5mm,,,
B21_S09,AdTree calibrated r15mm (AdQSM 999) [calmethod=regression-perorder]_seg50-500-k80,1.704619,1.114762,0.589857,,0.316871,25.164480,0.119115,24.096982,184.109725,none,3214,,,,,,,,,999,15.000000,50.000000,500.000000,80.000000,regression-perorder,,,
B21_S09,AdTree raw r15mm_seg50-500-k80-wlen,2.303220,1.304886,0.998334,,0.342701,25.164480,0.000000,24.096982,184.109725,none,3214,,,,,,,,,,15.000000,50.000000,500.000000,80.000000,,,,
B21_S09,AdTree calibrated r15mm (AdQSM 999) [calref=min5mm]_seg50-500-k80-wlen,1.319605,1.114762,0.204843,,0.316871,25.164480,0.119115,24.096982,184.109725,none,3214,,,,,,,,,999,15.000000,50.000000,500.000000,80.000000,min5mm,,,
B21_S09,AdTree calibrated r15mm (AdQSM 999) [calmethod=regression-perorder]_seg50-500-k80-wlen,1.601060,1.114762,0.486298,,0.316871,25.164480,0.119115,24.096982,184.109725,none,3214,,,,,,,,,999,15.000000,50.000000,500.000000,80.000000,regression-perorder,,,
B21_S09,AdTree raw r20mm_seg50-500-k80,2.250664,1.303453,0.947212,,0.342701,24.686007,0.000000,23.162989,137.798786,none,2424,,,,,,,,,,20.000000,50.000000,500.000000,80.000000,,,,
B21_S09,AdTree calibrated r20mm (AdQSM 999) [calref=min5mm]_seg50-500-k80,1.329389,1.111547,0.217842,,0.316871,24.686007,0.119115,23.162989,137.798786,none,2424,,,,,,,,,999,20.000000,50.000000,500.000000,80.000000,min5mm,,,
B21_S09,AdTree calibrated r20mm (AdQSM 999) [calmethod=regression-perorder]_seg50-500-k80,1.676603,1.111547,0.565056,,0.316871,24.686007,0.119115,23.162989,137.798786,none,2424,,,,,,,,,999,20.000000,50.000000,500.000000,80.000000,regression-perorder,,,
B21_S09,AdTree raw r20mm_seg50-500-k80-wlen,2.250664,1.303453,0.947212,,0.342701,24.686007,0.000000,23.162989,137.798786,none,2424,,,,,,,,,,20.000000,50.000000,500.000000,80.000000,,,,
B21_S09,AdTree calibrated r20mm (AdQSM 999) [calref=min5mm]_seg50-500-k80-wlen,1.307879,1.111547,0.196332,,0.316871,24.686007,0.119115,23.162989,137.798786,none,2424,,,,,,,,,999,20.000000,50.000000,500.000000,80.000000,min5mm,,,
B21_S09,AdTree calibrated r20mm (AdQSM 999) [calmethod=regression-perorder]_seg50-500-k80-wlen,1.577033,1.111547,0.465486,,0.316871,24.686007,0.119115,23.162989,137.798786,none,2424,,,,,,,,,999,20.000000,50.000000,500.000000,80.000000,regression-perorder,,,
B21_S09,AdTree raw r5mm_seg50-500-k100,2.419596,1.304125,1.115471,,0.342701,26.139535,0.000000,25.311508,566.730173,none,10164,,,,,,,,,,5.000000,50.000000,500.000000,100.000000,,,,
B21_S09,AdTree calibrated r5mm (AdQSM 999) [calref=min5mm]_seg50-500-k100,1.380049,1.115096,0.264953,,0.316871,26.139535,0.095929,25.311508,566.730173,none,10164,,,,,,,,,999,5.000000,50.000000,500.000000,100.000000,min5mm,,,
B21_S09,AdTree calibrated r5mm (AdQSM 999) [calmethod=regression-perorder]_seg50-500-k100,1.858827,1.115096,0.743731,,0.316871,26.139535,0.095929,25.311508,566.730173,none,10164,,,,,,,,,999,5.000000,50.000000,500.000000,100.000000,regression-perorder,,,
B21_S09,AdTree raw r5mm_seg50-500-k100-wlen,2.419596,1.304125,1.115471,,0.342701,26.139535,0.000000,25.311508,566.730173,none,10164,,,,,,,,,,5.000000,50.000000,500.000000,100.000000,,,,
B21_S09,AdTree calibrated r5mm (AdQSM 999) [calref=min5mm]_seg50-500-k100-wlen,1.337896,1.115096,0.222800,,0.316871,26.139535,0.095929,25.311508,566.730173,none,10164,,,,,,,,,999,5.000000,50.000000,500.000000,100.000000,min5mm,,,
B21_S09,AdTree calibrated r5mm (AdQSM 999) [calmethod=regression-perorder]_seg50-500-k100-wlen,1.669502,1.115096,0.554406,,0.316871,26.139535,0.095929,25.311508,566.730173,none,10164,,,,,,,,,999,5.000000,50.000000,500.000000,100.000000,regression-perorder,,,
B21_S09,AdTree raw r10mm_seg50-500-k100,2.354387,1.303745,1.050641,,0.342701,25.834462,0.000000,24.509095,272.704859,none,4575,,,,,,,,,,10.000000,50.000000,500.000000,100.000000,,,,
B21_S09,AdTree calibrated r10mm (AdQSM 999) [calref=min5mm]_seg50-500-k100,1.368806,1.114264,0.254542,,0.316871,25.834462,0.095929,24.509095,272.704859,none,4575,,,,,,,,,999,10.000000,50.000000,500.000000,100.000000,min5mm,,,
B21_S09,AdTree calibrated r10mm (AdQSM 999) [calmethod=regression-perorder]_seg50-500-k100,1.806593,1.114264,0.692329,,0.316871,25.834462,0.095929,24.509095,272.704859,none,4575,,,,,,,,,999,10.000000,50.000000,500.000000,100.000000,regression-perorder,,,
B21_S09,AdTree raw r10mm_seg50-500-k100-wlen,2.354387,1.303745,1.050641,,0.342701,25.834462,0.000000,24.509095,272.704859,none,4575,,,,,,,,,,10.000000,50.000000,500.000000,100.000000,,,,
B21_S09,AdTree calibrated r10mm (AdQSM 999) [calref=min5mm]_seg50-500-k100-wlen,1.327690,1.114264,0.213427,,0.316871,25.834462,0.095929,24.509095,272.704859,none,4575,,,,,,,,,999,10.000000,50.000000,500.000000,100.000000,min5mm,,,
B21_S09,AdTree calibrated r10mm (AdQSM 999) [calmethod=regression-perorder]_seg50-500-k100-wlen,1.623458,1.114264,0.509195,,0.316871,25.834462,0.095929,24.509095,272.704859,none,4575,,,,,,,,,999,10.000000,50.000000,500.000000,100.000000,regression-perorder,,,
B21_S09,AdTree raw r15mm_seg50-500-k100,2.301348,1.303437,0.997911,,0.342701,25.164480,0.000000,24.078281,184.088036,none,3046,,,,,,,,,,15.000000,50.000000,500.000000,100.000000,,,,
B21_S09,AdTree calibrated r15mm (AdQSM 999) [calref=min5mm]_seg50-500-k100,1.358240,1.113598,0.244642,,0.316871,25.164480,0.095929,24.078281,184.088036,none,3046,,,,,,,,,999,15.000000,50.000000,500.000000,100.000000,min5mm,,,
B21_S09,AdTree calibrated r15mm (AdQSM 999) [calmethod=regression-perorder]_seg50-500-k100,1.777046,1.113598,0.663448,,0.316871,25.164480,0.095929,24.078281,184.088036,none,3046,,,,,,,,,999,15.000000,50.000000,500.000000,100.000000,regression-perorder,,,
B21_S09,AdTree raw r15mm_seg50-500-k100-wlen,2.301348,1.303437,0.997911,,0.342701,25.164480,0.000000,24.078281,184.088036,none,3046,,,,,,,,,,15.000000,50.000000,500.000000,100.000000,,,,
B21_S09,AdTree calibrated r15mm (AdQSM 999) [calref=min5mm]_seg50-500-k100-wlen,1.318364,1.113598,0.204766,,0.316871,25.164480,0.095929,24.078281,184.088036,none,3046,,,,,,,,,999,15.000000,50.000000,500.000000,100.000000,min5mm,,,
B21_S09,AdTree calibrated r15mm (AdQSM 999) [calmethod=regression-perorder]_seg50-500-k100-wlen,1.599130,1.113598,0.485532,,0.316871,25.164480,0.095929,24.078281,184.088036,none,3046,,,,,,,,,999,15.000000,50.000000,500.000000,100.000000,regression-perorder,,,
B21_S09,AdTree raw r20mm_seg50-500-k100,2.248792,1.302003,0.946788,,0.342701,24.686007,0.000000,23.144288,137.777097,none,2256,,,,,,,,,,20.000000,50.000000,500.000000,100.000000,,,,
B21_S09,AdTree calibrated r20mm (AdQSM 999) [calref=min5mm]_seg50-500-k100,1.345409,1.110383,0.235026,,0.316871,24.686007,0.095929,23.144288,137.777097,none,2256,,,,,,,,,999,20.000000,50.000000,500.000000,100.000000,min5mm,,,
B21_S09,AdTree calibrated r20mm (AdQSM 999) [calmethod=regression-perorder]_seg50-500-k100,1.748076,1.110383,0.637692,,0.316871,24.686007,0.095929,23.144288,137.777097,none,2256,,,,,,,,,999,20.000000,50.000000,500.000000,100.000000,regression-perorder,,,
B21_S09,AdTree raw r20mm_seg50-500-k100-wlen,2.248792,1.302003,0.946788,,0.342701,24.686007,0.000000,23.144288,137.777097,none,2256,,,,,,,,,,20.000000,50.000000,500.000000,100.000000,,,,
B21_S09,AdTree calibrated r20mm (AdQSM 999) [calref=min5mm]_seg50-500-k100-wlen,1.306637,1.110383,0.196254,,0.316871,24.686007,0.095929,23.144288,137.777097,none,2256,,,,,,,,,999,20.000000,50.000000,500.000000,100.000000,min5mm,,,
B21_S09,AdTree calibrated r20mm (AdQSM 999) [calmethod=regression-perorder]_seg50-500-k100-wlen,1.575101,1.110383,0.464718,,0.316871,24.686007,0.095929,23.144288,137.777097,none,2256,,,,,,,,,999,20.000000,50.000000,500.000000,100.000000,regression-perorder,,,
B21_S09,AdTree raw r5mm_seg65-500-k50,2.418828,1.306521,1.112307,,0.342701,26.139535,0.000000,25.326673,564.272824,none,8500,,,,,,,,,,5.000000,65.000000,500.000000,50.000000,,,,
B21_S09,AdTree calibrated r5mm (AdQSM 999) [calref=min5mm]_seg65-500-k50,1.401662,1.117060,0.284602,,0.316871,26.139535,0.111386,25.326673,564.272824,none,8500,,,,,,,,,999,5.000000,65.000000,500.000000,50.000000,min5mm,,,
B21_S09,AdTree calibrated r5mm (AdQSM 999) [calmethod=regression-perorder]_seg65-500-k50,1.893968,1.117060,0.776908,,0.316871,26.139535,0.111386,25.326673,564.272824,none,8500,,,,,,,,,999,5.000000,65.000000,500.000000,50.000000,regression-perorder,,,
B21_S09,AdTree raw r5mm_seg65-500-k50-wlen,2.418828,1.306521,1.112307,,0.342701,26.139535,0.000000,25.326673,564.272824,none,8500,,,,,,,,,,5.000000,65.000000,500.000000,50.000000,,,,
B21_S09,AdTree calibrated r5mm (AdQSM 999) [calref=min5mm]_seg65-500-k50-wlen,1.341901,1.117060,0.224841,,0.316871,26.139535,0.111386,25.326673,564.272824,none,8500,,,,,,,,,999,5.000000,65.000000,500.000000,50.000000,min5mm,,,
B21_S09,AdTree calibrated r5mm (AdQSM 999) [calmethod=regression-perorder]_seg65-500-k50-wlen,1.672915,1.117060,0.555854,,0.316871,26.139535,0.111386,25.326673,564.272824,none,8500,,,,,,,,,999,5.000000,65.000000,500.000000,50.000000,regression-perorder,,,
B21_S09,AdTree raw r10mm_seg65-500-k50,2.354247,1.306119,1.048128,,0.342701,25.834462,0.000000,24.533032,272.097544,none,3570,,,,,,,,,,10.000000,65.000000,500.000000,50.000000,,,,
B21_S09,AdTree calibrated r10mm (AdQSM 999) [calref=min5mm]_seg65-500-k50,1.389586,1.116238,0.273348,,0.316871,25.834462,0.111386,24.533032,272.097544,none,3570,,,,,,,,,999,10.000000,65.000000,500.000000,50.000000,min5mm,,,
B21_S09,AdTree calibrated r10mm (AdQSM 999) [calmethod=regression-perorder]_seg65-500-k50,1.837491,1.116238,0.721253,,0.316871,25.834462,0.111386,24.533032,272.097544,none,3570,,,,,,,,,999,10.000000,65.000000,500.000000,50.000000,regression-perorder,,,
B21_S09,AdTree raw r10mm_seg65-500-k50-wlen,2.354247,1.306119,1.048128,,0.342701,25.834462,0.000000,24.533032,272.097544,none,3570,,,,,,,,,,10.000000,65.000000,500.000000,50.000000,,,,
B21_S09,AdTree calibrated r10mm (AdQSM 999) [calref=min5mm]_seg65-500-k50-wlen,1.331825,1.116238,0.215587,,0.316871,25.834462,0.111386,24.533032,272.097544,none,3570,,,,,,,,,999,10.000000,65.000000,500.000000,50.000000,min5mm,,,
B21_S09,AdTree calibrated r10mm (AdQSM 999) [calmethod=regression-perorder]_seg65-500-k50-wlen,1.626477,1.116238,0.510239,,0.316871,25.834462,0.111386,24.533032,272.097544,none,3570,,,,,,,,,999,10.000000,65.000000,500.000000,50.000000,regression-perorder,,,
B21_S09,AdTree raw r15mm_seg65-500-k50,2.301516,1.305831,0.995685,,0.342701,25.164480,0.000000,24.102229,183.818876,none,2290,,,,,,,,,,15.000000,65.000000,500.000000,50.000000,,,,
B21_S09,AdTree calibrated r15mm (AdQSM 999) [calref=min5mm]_seg65-500-k50,1.378084,1.115573,0.262511,,0.316871,25.164480,0.111386,24.102229,183.818876,none,2290,,,,,,,,,999,15.000000,65.000000,500.000000,50.000000,min5mm,,,
B21_S09,AdTree calibrated r15mm (AdQSM 999) [calmethod=regression-perorder]_seg65-500-k50,1.803725,1.115573,0.688152,,0.316871,25.164480,0.111386,24.102229,183.818876,none,2290,,,,,,,,,999,15.000000,65.000000,500.000000,50.000000,regression-perorder,,,
B21_S09,AdTree raw r15mm_seg65-500-k50-wlen,2.301516,1.305831,0.995685,,0.342701,25.164480,0.000000,24.102229,183.818876,none,2290,,,,,,,,,,15.000000,65.000000,500.000000,50.000000,,,,
B21_S09,AdTree calibrated r15mm (AdQSM 999) [calref=min5mm]_seg65-500-k50-wlen,1.322526,1.115573,0.206953,,0.316871,25.164480,0.111386,24.102229,183.818876,none,2290,,,,,,,,,999,15.000000,65.000000,500.000000,50.000000,min5mm,,,
B21_S09,AdTree calibrated r15mm (AdQSM 999) [calmethod=regression-perorder]_seg65-500-k50-wlen,1.601917,1.115573,0.486344,,0.316871,25.164480,0.111386,24.102229,183.818876,none,2290,,,,,,,,,999,15.000000,65.000000,500.000000,50.000000,regression-perorder,,,
B21_S09,AdTree raw r20mm_seg65-500-k50,2.249632,1.304398,0.945234,,0.342701,24.686007,0.000000,23.168982,137.688835,none,1709,,,,,,,,,,20.000000,65.000000,500.000000,50.000000,,,,
B21_S09,AdTree calibrated r20mm (AdQSM 999) [calref=min5mm]_seg65-500-k50,1.364057,1.112361,0.251696,,0.316871,24.686007,0.111386,23.168982,137.688835,none,1709,,,,,,,,,999,20.000000,65.000000,500.000000,50.000000,min5mm,,,
B21_S09,AdTree calibrated r20mm (AdQSM 999) [calmethod=regression-perorder]_seg65-500-k50,1.770160,1.112361,0.657799,,0.316871,24.686007,0.111386,23.168982,137.688835,none,1709,,,,,,,,,999,20.000000,65.000000,500.000000,50.000000,regression-perorder,,,
B21_S09,AdTree raw r20mm_seg65-500-k50-wlen,2.249632,1.304398,0.945234,,0.342701,24.686007,0.000000,23.168982,137.688835,none,1709,,,,,,,,,,20.000000,65.000000,500.000000,50.000000,,,,
B21_S09,AdTree calibrated r20mm (AdQSM 999) [calref=min5mm]_seg65-500-k50-wlen,1.310911,1.112361,0.198550,,0.316871,24.686007,0.111386,23.168982,137.688835,none,1709,,,,,,,,,999,20.000000,65.000000,500.000000,50.000000,min5mm,,,
B21_S09,AdTree calibrated r20mm (AdQSM 999) [calmethod=regression-perorder]_seg65-500-k50-wlen,1.577853,1.112361,0.465492,,0.316871,24.686007,0.111386,23.168982,137.688835,none,1709,,,,,,,,,999,20.000000,65.000000,500.000000,50.000000,regression-perorder,,,
B21_S09,AdTree raw r5mm_seg65-500-k80,2.417736,1.305533,1.112202,,0.342701,26.139535,0.000000,25.315971,564.272807,none,8462,,,,,,,,,,5.000000,65.000000,500.000000,80.000000,,,,
B21_S09,AdTree calibrated r5mm (AdQSM 999) [calref=min5mm]_seg65-500-k80,1.400977,1.116212,0.284765,,0.316871,26.139535,0.119115,25.315971,564.272807,none,8462,,,,,,,,,999,5.000000,65.000000,500.000000,80.000000,min5mm,,,
B21_S09,AdTree calibrated r5mm (AdQSM 999) [calmethod=regression-perorder]_seg65-500-k80,1.899425,1.116212,0.783213,,0.316871,26.139535,0.119115,25.315971,564.272807,none,8462,,,,,,,,,999,5.000000,65.000000,500.000000,80.000000,regression-perorder,,,
B21_S09,AdTree raw r5mm_seg65-500-k80-wlen,2.417736,1.305533,1.112202,,0.342701,26.139535,0.000000,25.315971,564.272807,none,8462,,,,,,,,,,5.000000,65.000000,500.000000,80.000000,,,,
B21_S09,AdTree calibrated r5mm (AdQSM 999) [calref=min5mm]_seg65-500-k80-wlen,1.341027,1.116212,0.224815,,0.316871,26.139535,0.119115,25.315971,564.272807,none,8462,,,,,,,,,999,5.000000,65.000000,500.000000,80.000000,min5mm,,,
B21_S09,AdTree calibrated r5mm (AdQSM 999) [calmethod=regression-perorder]_seg65-500-k80-wlen,1.673363,1.116212,0.557151,,0.316871,26.139535,0.119115,25.315971,564.272807,none,8462,,,,,,,,,999,5.000000,65.000000,500.000000,80.000000,regression-perorder,,,
B21_S09,AdTree raw r10mm_seg65-500-k80,2.353154,1.305131,1.048023,,0.342701,25.834462,0.000000,24.522330,272.097527,none,3532,,,,,,,,,,10.000000,65.000000,500.000000,80.000000,,,,
B21_S09,AdTree calibrated r10mm (AdQSM 999) [calref=min5mm]_seg65-500-k80,1.388900,1.115390,0.273510,,0.316871,25.834462,0.119115,24.522330,272.097527,none,3532,,,,,,,,,999,10.000000,65.000000,500.000000,80.000000,min5mm,,,
B21_S09,AdTree calibrated r10mm (AdQSM 999) [calmethod=regression-perorder]_seg65-500-k80,1.842950,1.115390,0.727560,,0.316871,25.834462,0.119115,24.522330,272.097527,none,3532,,,,,,,,,999,10.000000,65.000000,500.000000,80.000000,regression-perorder,,,
B21_S09,AdTree raw r10mm_seg65-500-k80-wlen,2.353154,1.305131,1.048023,,0.342701,25.834462,0.000000,24.522330,272.097527,none,3532,,,,,,,,,,10.000000,65.000000,500.000000,80.000000,,,,
B21_S09,AdTree calibrated r10mm (AdQSM 999) [calref=min5mm]_seg65-500-k80-wlen,1.330952,1.115390,0.215562,,0.316871,25.834462,0.119115,24.522330,272.097527,none,3532,,,,,,,,,999,10.000000,65.000000,500.000000,80.000000,min5mm,,,
B21_S09,AdTree calibrated r10mm (AdQSM 999) [calmethod=regression-perorder]_seg65-500-k80-wlen,1.626926,1.115390,0.511536,,0.316871,25.834462,0.119115,24.522330,272.097527,none,3532,,,,,,,,,999,10.000000,65.000000,500.000000,80.000000,regression-perorder,,,
B21_S09,AdTree raw r15mm_seg65-500-k80,2.300424,1.304843,0.995580,,0.342701,25.164480,0.000000,24.091527,183.818859,none,2252,,,,,,,,,,15.000000,65.000000,500.000000,80.000000,,,,
B21_S09,AdTree calibrated r15mm (AdQSM 999) [calref=min5mm]_seg65-500-k80,1.377395,1.114724,0.262671,,0.316871,25.164480,0.119115,24.091527,183.818859,none,2252,,,,,,,,,999,15.000000,65.000000,500.000000,80.000000,min5mm,,,
B21_S09,AdTree calibrated r15mm (AdQSM 999) [calmethod=regression-perorder]_seg65-500-k80,1.809184,1.114724,0.694460,,0.316871,25.164480,0.119115,24.091527,183.818859,none,2252,,,,,,,,,999,15.000000,65.000000,500.000000,80.000000,regression-perorder,,,
B21_S09,AdTree raw r15mm_seg65-500-k80-wlen,2.300424,1.304843,0.995580,,0.342701,25.164480,0.000000,24.091527,183.818859,none,2252,,,,,,,,,,15.000000,65.000000,500.000000,80.000000,,,,
B21_S09,AdTree calibrated r15mm (AdQSM 999) [calref=min5mm]_seg65-500-k80-wlen,1.321652,1.114724,0.206928,,0.316871,25.164480,0.119115,24.091527,183.818859,none,2252,,,,,,,,,999,15.000000,65.000000,500.000000,80.000000,min5mm,,,
B21_S09,AdTree calibrated r15mm (AdQSM 999) [calmethod=regression-perorder]_seg65-500-k80-wlen,1.602372,1.114724,0.487648,,0.316871,25.164480,0.119115,24.091527,183.818859,none,2252,,,,,,,,,999,15.000000,65.000000,500.000000,80.000000,regression-perorder,,,
B21_S09,AdTree raw r20mm_seg65-500-k80,2.248540,1.303411,0.945129,,0.342701,24.686007,0.000000,23.158279,137.688818,none,1671,,,,,,,,,,20.000000,65.000000,500.000000,80.000000,,,,
B21_S09,AdTree calibrated r20mm (AdQSM 999) [calref=min5mm]_seg65-500-k80,1.363367,1.111512,0.251855,,0.316871,24.686007,0.119115,23.158279,137.688818,none,1671,,,,,,,,,999,20.000000,65.000000,500.000000,80.000000,min5mm,,,
B21_S09,AdTree calibrated r20mm (AdQSM 999) [calmethod=regression-perorder]_seg65-500-k80,1.775618,1.111512,0.664106,,0.316871,24.686007,0.119115,23.158279,137.688818,none,1671,,,,,,,,,999,20.000000,65.000000,500.000000,80.000000,regression-perorder,,,
B21_S09,AdTree raw r20mm_seg65-500-k80-wlen,2.248540,1.303411,0.945129,,0.342701,24.686007,0.000000,23.158279,137.688818,none,1671,,,,,,,,,,20.000000,65.000000,500.000000,80.000000,,,,
B21_S09,AdTree calibrated r20mm (AdQSM 999) [calref=min5mm]_seg65-500-k80-wlen,1.310037,1.111512,0.198525,,0.316871,24.686007,0.119115,23.158279,137.688818,none,1671,,,,,,,,,999,20.000000,65.000000,500.000000,80.000000,min5mm,,,
B21_S09,AdTree calibrated r20mm (AdQSM 999) [calmethod=regression-perorder]_seg65-500-k80-wlen,1.578311,1.111512,0.466798,,0.316871,24.686007,0.119115,23.158279,137.688818,none,1671,,,,,,,,,999,20.000000,65.000000,500.000000,80.000000,regression-perorder,,,
B21_S09,AdTree raw r5mm_seg65-500-k100,2.416268,1.304115,1.112153,,0.342701,26.139535,0.000000,25.299857,564.271662,none,8431,,,,,,,,,,5.000000,65.000000,500.000000,100.000000,,,,
B21_S09,AdTree calibrated r5mm (AdQSM 999) [calref=min5mm]_seg65-500-k100,1.400214,1.115074,0.285140,,0.316871,26.139535,0.095929,25.299857,564.271662,none,8431,,,,,,,,,999,5.000000,65.000000,500.000000,100.000000,min5mm,,,
B21_S09,AdTree calibrated r5mm (AdQSM 999) [calmethod=regression-perorder]_seg65-500-k100,1.904644,1.115074,0.789570,,0.316871,26.139535,0.095929,25.299857,564.271662,none,8431,,,,,,,,,999,5.000000,65.000000,500.000000,100.000000,regression-perorder,,,
B21_S09,AdTree raw r5mm_seg65-500-k100-wlen,2.416268,1.304115,1.112153,,0.342701,26.139535,0.000000,25.299857,564.271662,none,8431,,,,,,,,,,5.000000,65.000000,500.000000,100.000000,,,,
B21_S09,AdTree calibrated r5mm (AdQSM 999) [calref=min5mm]_seg65-500-k100-wlen,1.339886,1.115074,0.224812,,0.316871,26.139535,0.095929,25.299857,564.271662,none,8431,,,,,,,,,999,5.000000,65.000000,500.000000,100.000000,min5mm,,,
B21_S09,AdTree calibrated r5mm (AdQSM 999) [calmethod=regression-perorder]_seg65-500-k100-wlen,1.672308,1.115074,0.557234,,0.316871,26.139535,0.095929,25.299857,564.271662,none,8431,,,,,,,,,999,5.000000,65.000000,500.000000,100.000000,regression-perorder,,,
B21_S09,AdTree raw r10mm_seg65-500-k100,2.351686,1.303713,1.047974,,0.342701,25.834462,0.000000,24.506216,272.096381,none,3501,,,,,,,,,,10.000000,65.000000,500.000000,100.000000,,,,
B21_S09,AdTree calibrated r10mm (AdQSM 999) [calref=min5mm]_seg65-500-k100,1.388137,1.114252,0.273885,,0.316871,25.834462,0.095929,24.506216,272.096381,none,3501,,,,,,,,,999,10.000000,65.000000,500.000000,100.000000,min5mm,,,
B21_S09,AdTree calibrated r10mm (AdQSM 999) [calmethod=regression-perorder]_seg65-500-k100,1.848167,1.114252,0.733915,,0.316871,25.834462,0.095929,24.506216,272.096381,none,3501,,,,,,,,,999,10.000000,65.000000,500.000000,100.000000,regression-perorder,,,
B21_S09,AdTree raw r10mm_seg65-500-k100-wlen,2.351686,1.303713,1.047974,,0.342701,25.834462,0.000000,24.506216,272.096381,none,3501,,,,,,,,,,10.000000,65.000000,500.000000,100.000000,,,,
B21_S09,AdTree calibrated r10mm (AdQSM 999) [calref=min5mm]_seg65-500-k100-wlen,1.329810,1.114252,0.215558,,0.316871,25.834462,0.095929,24.506216,272.096381,none,3501,,,,,,,,,999,10.000000,65.000000,500.000000,100.000000,min5mm,,,
B21_S09,AdTree calibrated r10mm (AdQSM 999) [calmethod=regression-perorder]_seg65-500-k100-wlen,1.625872,1.114252,0.511620,,0.316871,25.834462,0.095929,24.506216,272.096381,none,3501,,,,,,,,,999,10.000000,65.000000,500.000000,100.000000,regression-perorder,,,
B21_S09,AdTree raw r15mm_seg65-500-k100,2.298956,1.303424,0.995531,,0.342701,25.164480,0.000000,24.075413,183.817714,none,2221,,,,,,,,,,15.000000,65.000000,500.000000,100.000000,,,,
B21_S09,AdTree calibrated r15mm (AdQSM 999) [calref=min5mm]_seg65-500-k100,1.376626,1.113587,0.263040,,0.316871,25.164480,0.095929,24.075413,183.817714,none,2221,,,,,,,,,999,15.000000,65.000000,500.000000,100.000000,min5mm,,,
B21_S09,AdTree calibrated r15mm (AdQSM 999) [calmethod=regression-perorder]_seg65-500-k100,1.814382,1.113587,0.700795,,0.316871,25.164480,0.095929,24.075413,183.817714,none,2221,,,,,,,,,999,15.000000,65.000000,500.000000,100.000000,regression-perorder,,,
B21_S09,AdTree raw r15mm_seg65-500-k100-wlen,2.298956,1.303424,0.995531,,0.342701,25.164480,0.000000,24.075413,183.817714,none,2221,,,,,,,,,,15.000000,65.000000,500.000000,100.000000,,,,
B21_S09,AdTree calibrated r15mm (AdQSM 999) [calref=min5mm]_seg65-500-k100-wlen,1.320511,1.113587,0.206924,,0.316871,25.164480,0.095929,24.075413,183.817714,none,2221,,,,,,,,,999,15.000000,65.000000,500.000000,100.000000,min5mm,,,
B21_S09,AdTree calibrated r15mm (AdQSM 999) [calmethod=regression-perorder]_seg65-500-k100-wlen,1.601318,1.113587,0.487731,,0.316871,25.164480,0.095929,24.075413,183.817714,none,2221,,,,,,,,,999,15.000000,65.000000,500.000000,100.000000,regression-perorder,,,
B21_S09,AdTree raw r20mm_seg65-500-k100,2.247072,1.301992,0.945080,,0.342701,24.686007,0.000000,23.142166,137.687673,none,1640,,,,,,,,,,20.000000,65.000000,500.000000,100.000000,,,,
B21_S09,AdTree calibrated r20mm (AdQSM 999) [calref=min5mm]_seg65-500-k100,1.362596,1.110375,0.252221,,0.316871,24.686007,0.095929,23.142166,137.687673,none,1640,,,,,,,,,999,20.000000,65.000000,500.000000,100.000000,min5mm,,,
B21_S09,AdTree calibrated r20mm (AdQSM 999) [calmethod=regression-perorder]_seg65-500-k100,1.780806,1.110375,0.670432,,0.316871,24.686007,0.095929,23.142166,137.687673,none,1640,,,,,,,,,999,20.000000,65.000000,500.000000,100.000000,regression-perorder,,,
B21_S09,AdTree raw r20mm_seg65-500-k100-wlen,2.247072,1.301992,0.945080,,0.342701,24.686007,0.000000,23.142166,137.687673,none,1640,,,,,,,,,,20.000000,65.000000,500.000000,100.000000,,,,
B21_S09,AdTree calibrated r20mm (AdQSM 999) [calref=min5mm]_seg65-500-k100-wlen,1.308896,1.110375,0.198521,,0.316871,24.686007,0.095929,23.142166,137.687673,none,1640,,,,,,,,,999,20.000000,65.000000,500.000000,100.000000,min5mm,,,
B21_S09,AdTree calibrated r20mm (AdQSM 999) [calmethod=regression-perorder]_seg65-500-k100-wlen,1.577257,1.110375,0.466882,,0.316871,24.686007,0.095929,23.142166,137.687673,none,1640,,,,,,,,,999,20.000000,65.000000,500.000000,100.000000,regression-perorder,,,
B21_S09,"TreeQSM mine (aut_mo9_sr005_ri0, Optimal)",11.497375,1.440173,10.057201,0.189633,0.358317,27.141022,0.646065,26.454765,1838.163086,none,10920,auto,0.046530,0.017126,0.083755,0.002500,9.000000,0.005000,0.000000,,,,,,,0.025351,0.022320,0.025398
B21_S09,"TreeQSM mine (aut_mo9_sr005_ri0, Simplified (no islands))",11.661288,1.388423,10.272865,,0.358317,27.141022,0.646065,26.454765,1838.163086,none,10953,auto,0.046530,0.017126,0.083755,0.002500,9.000000,0.005000,0.000000,,,,,,,0.025351,0.022320,0.025398
B21_S09,"TreeQSM mine (man_pd05-002-08_mo9_sr005_ri0, Optimal)",5.764977,1.218690,4.546286,0.299625,0.350238,27.321287,0.638533,23.291296,2649.572510,none,22496,manual,0.050000,0.002000,0.080000,0.002500,9.000000,0.005000,0.000000,,,,,,,0.023964,0.023545,0.023969
B21_S09,"TreeQSM mine (man_pd05-002-08_mo9_sr005_ri0, Simplified (no islands))",5.780968,1.222765,4.558202,,0.350238,27.321287,0.638533,23.291296,2649.572510,none,22539,manual,0.050000,0.002000,0.080000,0.002500,9.000000,0.005000,0.000000,,,,,,,0.023964,0.023545,0.023969
B21_S09,"TreeQSM mine (man_pd05-002-08_mo9_sr005_ri1, Optimal)",5.764977,1.218690,4.546286,0.299625,0.350238,27.321287,0.638533,23.291296,2649.572510,none,22496,manual,0.050000,0.002000,0.080000,0.002500,9.000000,0.005000,1.000000,,,,,,,0.023964,0.023545,0.023969
B21_S09,"TreeQSM mine (man_pd05-002-08_mo9_sr005_ri1, Simplified (no islands))",5.820243,1.222765,4.597478,,0.350238,27.321287,0.638533,23.291296,2649.572510,none,12062,manual,0.050000,0.002000,0.080000,0.002500,9.000000,0.005000,1.000000,,,,,,,0.023964,0.023545,0.023969
B21_S09,"TreeQSM mine (man_pd05-002-08_mo9_sr005_ri2, Optimal)",5.764977,1.218690,4.546286,0.299625,0.350238,27.321287,0.638533,23.291296,2649.572510,none,22496,manual,0.050000,0.002000,0.080000,0.002500,9.000000,0.005000,2.000000,,,,,,,0.023964,0.023545,0.023969
B21_S09,"TreeQSM mine (man_pd05-002-08_mo9_sr005_ri2, Simplified (no islands))",5.878701,1.222765,4.655937,,0.350238,27.321287,0.638533,23.291296,2649.572510,none,6721,manual,0.050000,0.002000,0.080000,0.002500,9.000000,0.005000,2.000000,,,,,,,0.023964,0.023545,0.023969
B21_S09,"TreeQSM mine (man_pd05-002-08_mo9_sr005_ri3, Optimal)",5.764977,1.218690,4.546286,0.299625,0.350238,27.321287,0.638533,23.291296,2649.572510,none,22496,manual,0.050000,0.002000,0.080000,0.002500,9.000000,0.005000,3.000000,,,,,,,0.023964,0.023545,0.023969
B21_S09,"TreeQSM mine (man_pd05-002-08_mo9_sr005_ri3, Simplified (no islands))",5.987505,1.222765,4.764740,,0.350238,27.321287,0.638533,23.291296,2649.572510,none,4219,manual,0.050000,0.002000,0.080000,0.002500,9.000000,0.005000,3.000000,,,,,,,0.023964,0.023545,0.023969
B21_S09,"TreeQSM mine (man_pd05-002-08_mo9_sr010_ri0, Optimal)",5.764977,1.218690,4.546286,0.299625,0.350238,27.321287,0.638533,23.291296,2649.572510,none,22496,manual,0.050000,0.002000,0.080000,0.002500,9.000000,0.010000,0.000000,,,,,,,0.023964,0.023545,0.023969
B21_S09,"TreeQSM mine (man_pd05-002-08_mo9_sr010_ri0, Simplified (no islands))",5.771203,1.222765,4.548438,,0.350238,27.321287,0.638533,23.291296,2649.572510,none,22016,manual,0.050000,0.002000,0.080000,0.002500,9.000000,0.010000,0.000000,,,,,,,0.023964,0.023545,0.023969
B21_S09,"TreeQSM mine (man_pd05-002-08_mo9_sr010_ri1, Optimal)",5.764977,1.218690,4.546286,0.299625,0.350238,27.321287,0.638533,23.291296,2649.572510,none,22496,manual,0.050000,0.002000,0.080000,0.002500,9.000000,0.010000,1.000000,,,,,,,0.023964,0.023545,0.023969
B21_S09,"TreeQSM mine (man_pd05-002-08_mo9_sr010_ri1, Simplified (no islands))",5.810423,1.222765,4.587659,,0.350238,27.321287,0.638533,23.291296,2649.572510,none,11759,manual,0.050000,0.002000,0.080000,0.002500,9.000000,0.010000,1.000000,,,,,,,0.023964,0.023545,0.023969
B21_S09,"TreeQSM mine (man_pd05-002-08_mo9_sr010_ri2, Optimal)",5.764977,1.218690,4.546286,0.299625,0.350238,27.321287,0.638533,23.291296,2649.572510,none,22496,manual,0.050000,0.002000,0.080000,0.002500,9.000000,0.010000,2.000000,,,,,,,0.023964,0.023545,0.023969
B21_S09,"TreeQSM mine (man_pd05-002-08_mo9_sr010_ri2, Simplified (no islands))",5.868441,1.222765,4.645676,,0.350238,27.321287,0.638533,23.291296,2649.572510,none,6549,manual,0.050000,0.002000,0.080000,0.002500,9.000000,0.010000,2.000000,,,,,,,0.023964,0.023545,0.023969
B21_S09,"TreeQSM mine (man_pd05-002-08_mo9_sr010_ri3, Optimal)",5.764977,1.218690,4.546286,0.299625,0.350238,27.321287,0.638533,23.291296,2649.572510,none,22496,manual,0.050000,0.002000,0.080000,0.002500,9.000000,0.010000,3.000000,,,,,,,0.023964,0.023545,0.023969
B21_S09,"TreeQSM mine (man_pd05-002-08_mo9_sr010_ri3, Simplified (no islands))",5.977200,1.222765,4.754435,,0.350238,27.321287,0.638533,23.291296,2649.572510,none,4084,manual,0.050000,0.002000,0.080000,0.002500,9.000000,0.010000,3.000000,,,,,,,0.023964,0.023545,0.023969
B21_S09,"TreeQSM mine (man_pd05-002-08_mo9_sr015_ri0, Optimal)",5.764977,1.218690,4.546286,0.299625,0.350238,27.321287,0.638533,23.291296,2649.572510,none,22496,manual,0.050000,0.002000,0.080000,0.002500,9.000000,0.015000,0.000000,,,,,,,0.023964,0.023545,0.023969
B21_S09,"TreeQSM mine (man_pd05-002-08_mo9_sr015_ri0, Simplified (no islands))",5.756629,1.222765,4.533862,,0.350238,27.321287,0.638533,23.291296,2649.572510,none,21248,manual,0.050000,0.002000,0.080000,0.002500,9.000000,0.015000,0.000000,,,,,,,0.023964,0.023545,0.023969
B21_S09,"TreeQSM mine (man_pd05-002-08_mo9_sr015_ri1, Optimal)",5.764977,1.218690,4.546286,0.299625,0.350238,27.321287,0.638533,23.291296,2649.572510,none,22496,manual,0.050000,0.002000,0.080000,0.002500,9.000000,0.015000,1.000000,,,,,,,0.023964,0.023545,0.023969
B21_S09,"TreeQSM mine (man_pd05-002-08_mo9_sr015_ri1, Simplified (no islands))",5.795647,1.222765,4.572882,,0.350238,27.321287,0.638533,23.291296,2649.572510,none,11310,manual,0.050000,0.002000,0.080000,0.002500,9.000000,0.015000,1.000000,,,,,,,0.023964,0.023545,0.023969
B21_S09,"TreeQSM mine (man_pd05-002-08_mo9_sr015_ri2, Optimal)",5.764977,1.218690,4.546286,0.299625,0.350238,27.321287,0.638533,23.291296,2649.572510,none,22496,manual,0.050000,0.002000,0.080000,0.002500,9.000000,0.015000,2.000000,,,,,,,0.023964,0.023545,0.023969
B21_S09,"TreeQSM mine (man_pd05-002-08_mo9_sr015_ri2, Simplified (no islands))",5.852884,1.222765,4.630119,,0.350238,27.321287,0.638533,23.291296,2649.572510,none,6294,manual,0.050000,0.002000,0.080000,0.002500,9.000000,0.015000,2.000000,,,,,,,0.023964,0.023545,0.023969
B21_S09,"TreeQSM mine (man_pd05-002-08_mo9_sr015_ri3, Optimal)",5.764977,1.218690,4.546286,0.299625,0.350238,27.321287,0.638533,23.291296,2649.572510,none,22496,manual,0.050000,0.002000,0.080000,0.002500,9.000000,0.015000,3.000000,,,,,,,0.023964,0.023545,0.023969
B21_S09,"TreeQSM mine (man_pd05-002-08_mo9_sr015_ri3, Simplified (no islands))",5.960901,1.222765,4.738136,,0.350238,27.321287,0.638533,23.291296,2649.572510,none,3880,manual,0.050000,0.002000,0.080000,0.002500,9.000000,0.015000,3.000000,,,,,,,0.023964,0.023545,0.023969
B21_S09,"TreeQSM mine (man_pd05-002-08_mo9_sr020_ri0, Optimal)",5.764977,1.218690,4.546286,0.299625,0.350238,27.321287,0.638533,23.291296,2649.572510,none,22496,manual,0.050000,0.002000,0.080000,0.002500,9.000000,0.020000,0.000000,,,,,,,0.023964,0.023545,0.023969
B21_S09,"TreeQSM mine (man_pd05-002-08_mo9_sr020_ri0, Simplified (no islands))",5.699674,1.222765,4.476909,,0.350238,27.321287,0.638533,23.291296,2649.572510,none,19874,manual,0.050000,0.002000,0.080000,0.002500,9.000000,0.020000,0.000000,,,,,,,0.023964,0.023545,0.023969
B21_S09,"TreeQSM mine (man_pd05-002-08_mo9_sr020_ri1, Optimal)",5.764977,1.218690,4.546286,0.299625,0.350238,27.321287,0.638533,23.291296,2649.572510,none,22496,manual,0.050000,0.002000,0.080000,0.002500,9.000000,0.020000,1.000000,,,,,,,0.023964,0.023545,0.023969
B21_S09,"TreeQSM mine (man_pd05-002-08_mo9_sr020_ri1, Simplified (no islands))",5.738056,1.222765,4.515291,,0.350238,27.321287,0.638533,23.291296,2649.572510,none,10517,manual,0.050000,0.002000,0.080000,0.002500,9.000000,0.020000,1.000000,,,,,,,0.023964,0.023545,0.023969
B21_S09,"TreeQSM mine (man_pd05-002-08_mo9_sr020_ri2, Optimal)",5.764977,1.218690,4.546286,0.299625,0.350238,27.321287,0.638533,23.291296,2649.572510,none,22496,manual,0.050000,0.002000,0.080000,0.002500,9.000000,0.020000,2.000000,,,,,,,0.023964,0.023545,0.023969
B21_S09,"TreeQSM mine (man_pd05-002-08_mo9_sr020_ri2, Simplified (no islands))",5.794411,1.222765,4.571647,,0.350238,27.321287,0.638533,23.291296,2649.572510,none,5847,manual,0.050000,0.002000,0.080000,0.002500,9.000000,0.020000,2.000000,,,,,,,0.023964,0.023545,0.023969
B21_S09,"TreeQSM mine (man_pd05-002-08_mo9_sr020_ri3, Optimal)",5.764977,1.218690,4.546286,0.299625,0.350238,27.321287,0.638533,23.291296,2649.572510,none,22496,manual,0.050000,0.002000,0.080000,0.002500,9.000000,0.020000,3.000000,,,,,,,0.023964,0.023545,0.023969
B21_S09,"TreeQSM mine (man_pd05-002-08_mo9_sr020_ri3, Simplified (no islands))",5.899760,1.222765,4.676994,,0.350238,27.321287,0.638533,23.291296,2649.572510,none,3538,manual,0.050000,0.002000,0.080000,0.002500,9.000000,0.020000,3.000000,,,,,,,0.023964,0.023545,0.023969
B21_S09,"TreeQSM mine (man_pd05-005-08_mo9_sr005_ri0, Optimal)",6.576807,1.232484,5.344323,0.117617,0.355960,27.263344,0.735536,25.005314,2586.817383,none,21726,manual,0.050000,0.005000,0.080000,0.002500,9.000000,0.005000,0.000000,,,,,,,0.023580,0.023362,0.023583
B21_S09,"TreeQSM mine (man_pd05-005-08_mo9_sr005_ri0, Simplified (no islands))",6.740973,1.269643,5.471330,,0.355960,27.263344,0.735536,25.005314,2586.817383,none,21783,manual,0.050000,0.005000,0.080000,0.002500,9.000000,0.005000,0.000000,,,,,,,0.023580,0.023362,0.023583
B21_S09,"TreeQSM mine (man_pd05-005-08_mo9_sr005_ri1, Optimal)",6.576807,1.232484,5.344323,0.117617,0.355960,27.263344,0.735536,25.005314,2586.817383,none,21726,manual,0.050000,0.005000,0.080000,0.002500,9.000000,0.005000,1.000000,,,,,,,0.023580,0.023362,0.023583
B21_S09,"TreeQSM mine (man_pd05-005-08_mo9_sr005_ri1, Simplified (no islands))",6.792284,1.269643,5.522640,,0.355960,27.263344,0.735536,25.005314,2586.817383,none,11697,manual,0.050000,0.005000,0.080000,0.002500,9.000000,0.005000,1.000000,,,,,,,0.023580,0.023362,0.023583
B21_S09,"TreeQSM mine (man_pd05-005-08_mo9_sr005_ri2, Optimal)",6.576807,1.232484,5.344323,0.117617,0.355960,27.263344,0.735536,25.005314,2586.817383,none,21726,manual,0.050000,0.005000,0.080000,0.002500,9.000000,0.005000,2.000000,,,,,,,0.023580,0.023362,0.023583
B21_S09,"TreeQSM mine (man_pd05-005-08_mo9_sr005_ri2, Simplified (no islands))",6.862171,1.269643,5.592528,,0.355960,27.263344,0.735536,25.005314,2586.817383,none,6570,manual,0.050000,0.005000,0.080000,0.002500,9.000000,0.005000,2.000000,,,,,,,0.023580,0.023362,0.023583
B21_S09,"TreeQSM mine (man_pd05-005-08_mo9_sr005_ri3, Optimal)",6.576807,1.232484,5.344323,0.117617,0.355960,27.263344,0.735536,25.005314,2586.817383,none,21726,manual,0.050000,0.005000,0.080000,0.002500,9.000000,0.005000,3.000000,,,,,,,0.023580,0.023362,0.023583
B21_S09,"TreeQSM mine (man_pd05-005-08_mo9_sr005_ri3, Simplified (no islands))",6.994590,1.269643,5.724946,,0.355960,27.263344,0.735536,25.005314,2586.817383,none,4234,manual,0.050000,0.005000,0.080000,0.002500,9.000000,0.005000,3.000000,,,,,,,0.023580,0.023362,0.023583
B21_S09,"TreeQSM mine (man_pd05-005-08_mo9_sr010_ri0, Optimal)",6.576807,1.232484,5.344323,0.117617,0.355960,27.263344,0.735536,25.005314,2586.817383,none,21726,manual,0.050000,0.005000,0.080000,0.002500,9.000000,0.010000,0.000000,,,,,,,0.023580,0.023362,0.023583
B21_S09,"TreeQSM mine (man_pd05-005-08_mo9_sr010_ri0, Simplified (no islands))",6.738967,1.269643,5.469324,,0.355960,27.263344,0.735536,25.005314,2586.817383,none,21463,manual,0.050000,0.005000,0.080000,0.002500,9.000000,0.010000,0.000000,,,,,,,0.023580,0.023362,0.023583
B21_S09,"TreeQSM mine (man_pd05-005-08_mo9_sr010_ri1, Optimal)",6.576807,1.232484,5.344323,0.117617,0.355960,27.263344,0.735536,25.005314,2586.817383,none,21726,manual,0.050000,0.005000,0.080000,0.002500,9.000000,0.010000,1.000000,,,,,,,0.023580,0.023362,0.023583
B21_S09,"TreeQSM mine (man_pd05-005-08_mo9_sr010_ri1, Simplified (no islands))",6.790248,1.269643,5.520606,,0.355960,27.263344,0.735536,25.005314,2586.817383,none,11501,manual,0.050000,0.005000,0.080000,0.002500,9.000000,0.010000,1.000000,,,,,,,0.023580,0.023362,0.023583
B21_S09,"TreeQSM mine (man_pd05-005-08_mo9_sr010_ri2, Optimal)",6.576807,1.232484,5.344323,0.117617,0.355960,27.263344,0.735536,25.005314,2586.817383,none,21726,manual,0.050000,0.005000,0.080000,0.002500,9.000000,0.010000,2.000000,,,,,,,0.023580,0.023362,0.023583
B21_S09,"TreeQSM mine (man_pd05-005-08_mo9_sr010_ri2, Simplified (no islands))",6.860079,1.269643,5.590436,,0.355960,27.263344,0.735536,25.005314,2586.817383,none,6457,manual,0.050000,0.005000,0.080000,0.002500,9.000000,0.010000,2.000000,,,,,,,0.023580,0.023362,0.023583
B21_S09,"TreeQSM mine (man_pd05-005-08_mo9_sr010_ri3, Optimal)",6.576807,1.232484,5.344323,0.117617,0.355960,27.263344,0.735536,25.005314,2586.817383,none,21726,manual,0.050000,0.005000,0.080000,0.002500,9.000000,0.010000,3.000000,,,,,,,0.023580,0.023362,0.023583
B21_S09,"TreeQSM mine (man_pd05-005-08_mo9_sr010_ri3, Simplified (no islands))",6.992492,1.269643,5.722847,,0.355960,27.263344,0.735536,25.005314,2586.817383,none,4129,manual,0.050000,0.005000,0.080000,0.002500,9.000000,0.010000,3.000000,,,,,,,0.023580,0.023362,0.023583
B21_S09,"TreeQSM mine (man_pd05-005-08_mo9_sr015_ri0, Optimal)",6.576807,1.232484,5.344323,0.117617,0.355960,27.263344,0.735536,25.005314,2586.817383,none,21726,manual,0.050000,0.005000,0.080000,0.002500,9.000000,0.015000,0.000000,,,,,,,0.023580,0.023362,0.023583
B21_S09,"TreeQSM mine (man_pd05-005-08_mo9_sr015_ri0, Simplified (no islands))",6.729826,1.269643,5.460184,,0.355960,27.263344,0.735536,25.005314,2586.817383,none,20874,manual,0.050000,0.005000,0.080000,0.002500,9.000000,0.015000,0.000000,,,,,,,0.023580,0.023362,0.023583
B21_S09,"TreeQSM mine (man_pd05-005-08_mo9_sr015_ri1, Optimal)",6.576807,1.232484,5.344323,0.117617,0.355960,27.263344,0.735536,25.005314,2586.817383,none,21726,manual,0.050000,0.005000,0.080000,0.002500,9.000000,0.015000,1.000000,,,,,,,0.023580,0.023362,0.023583
B21_S09,"TreeQSM mine (man_pd05-005-08_mo9_sr015_ri1, Simplified (no islands))",6.780989,1.269643,5.511345,,0.355960,27.263344,0.735536,25.005314,2586.817383,none,11158,manual,0.050000,0.005000,0.080000,0.002500,9.000000,0.015000,1.000000,,,,,,,0.023580,0.023362,0.023583
B21_S09,"TreeQSM mine (man_pd05-005-08_mo9_sr015_ri2, Optimal)",6.576807,1.232484,5.344323,0.117617,0.355960,27.263344,0.735536,25.005314,2586.817383,none,21726,manual,0.050000,0.005000,0.080000,0.002500,9.000000,0.015000,2.000000,,,,,,,0.023580,0.023362,0.023583
B21_S09,"TreeQSM mine (man_pd05-005-08_mo9_sr015_ri2, Simplified (no islands))",6.850767,1.269643,5.581124,,0.355960,27.263344,0.735536,25.005314,2586.817383,none,6253,manual,0.050000,0.005000,0.080000,0.002500,9.000000,0.015000,2.000000,,,,,,,0.023580,0.023362,0.023583
B21_S09,"TreeQSM mine (man_pd05-005-08_mo9_sr015_ri3, Optimal)",6.576807,1.232484,5.344323,0.117617,0.355960,27.263344,0.735536,25.005314,2586.817383,none,21726,manual,0.050000,0.005000,0.080000,0.002500,9.000000,0.015000,3.000000,,,,,,,0.023580,0.023362,0.023583
B21_S09,"TreeQSM mine (man_pd05-005-08_mo9_sr015_ri3, Simplified (no islands))",6.982974,1.269643,5.713331,,0.355960,27.263344,0.735536,25.005314,2586.817383,none,3952,manual,0.050000,0.005000,0.080000,0.002500,9.000000,0.015000,3.000000,,,,,,,0.023580,0.023362,0.023583
B21_S09,"TreeQSM mine (man_pd05-005-08_mo9_sr020_ri0, Optimal)",6.576807,1.232484,5.344323,0.117617,0.355960,27.263344,0.735536,25.005314,2586.817383,none,21726,manual,0.050000,0.005000,0.080000,0.002500,9.000000,0.020000,0.000000,,,,,,,0.023580,0.023362,0.023583
B21_S09,"TreeQSM mine (man_pd05-005-08_mo9_sr020_ri0, Simplified (no islands))",6.694103,1.269643,5.424461,,0.355960,27.263344,0.735536,25.005314,2586.817383,none,19621,manual,0.050000,0.005000,0.080000,0.002500,9.000000,0.020000,0.000000,,,,,,,0.023580,0.023362,0.023583
B21_S09,"TreeQSM mine (man_pd05-005-08_mo9_sr020_ri1, Optimal)",6.576807,1.232484,5.344323,0.117617,0.355960,27.263344,0.735536,25.005314,2586.817383,none,21726,manual,0.050000,0.005000,0.080000,0.002500,9.000000,0.020000,1.000000,,,,,,,0.023580,0.023362,0.023583
B21_S09,"TreeQSM mine (man_pd05-005-08_mo9_sr020_ri1, Simplified (no islands))",6.744804,1.269643,5.475161,,0.355960,27.263344,0.735536,25.005314,2586.817383,none,10398,manual,0.050000,0.005000,0.080000,0.002500,9.000000,0.020000,1.000000,,,,,,,0.023580,0.023362,0.023583
B21_S09,"TreeQSM mine (man_pd05-005-08_mo9_sr020_ri2, Optimal)",6.576807,1.232484,5.344323,0.117617,0.355960,27.263344,0.735536,25.005314,2586.817383,none,21726,manual,0.050000,0.005000,0.080000,0.002500,9.000000,0.020000,2.000000,,,,,,,0.023580,0.023362,0.023583
B21_S09,"TreeQSM mine (man_pd05-005-08_mo9_sr020_ri2, Simplified (no islands))",6.813628,1.269643,5.543986,,0.355960,27.263344,0.735536,25.005314,2586.817383,none,5819,manual,0.050000,0.005000,0.080000,0.002500,9.000000,0.020000,2.000000,,,,,,,0.023580,0.023362,0.023583
B21_S09,"TreeQSM mine (man_pd05-005-08_mo9_sr020_ri3, Optimal)",6.576807,1.232484,5.344323,0.117617,0.355960,27.263344,0.735536,25.005314,2586.817383,none,21726,manual,0.050000,0.005000,0.080000,0.002500,9.000000,0.020000,3.000000,,,,,,,0.023580,0.023362,0.023583
B21_S09,"TreeQSM mine (man_pd05-005-08_mo9_sr020_ri3, Simplified (no islands))",6.944152,1.269643,5.674510,,0.355960,27.263344,0.735536,25.005314,2586.817383,none,3583,manual,0.050000,0.005000,0.080000,0.002500,9.000000,0.020000,3.000000,,,,,,,0.023580,0.023362,0.023583
B21_S09,"TreeQSM mine (man_pd05-01-08_mo9_sr005_ri0, Optimal)",8.027179,1.322076,6.705102,0.303528,0.345680,27.189453,0.524460,25.430061,2400.244629,none,19358,manual,0.050000,0.010000,0.080000,0.002500,9.000000,0.005000,0.000000,,,,,,,0.022486,0.021701,0.022499
B21_S09,"TreeQSM mine (man_pd05-01-08_mo9_sr005_ri0, Simplified (no islands))",8.395049,1.349774,7.045274,,0.345680,27.189453,0.524460,25.430061,2400.244629,none,18978,manual,0.050000,0.010000,0.080000,0.002500,9.000000,0.005000,0.000000,,,,,,,0.022486,0.021701,0.022499
B21_S09,"TreeQSM mine (man_pd05-01-08_mo9_sr005_ri1, Optimal)",8.027179,1.322076,6.705102,0.303528,0.345680,27.189453,0.524460,25.430061,2400.244629,none,19358,manual,0.050000,0.010000,0.080000,0.002500,9.000000,0.005000,1.000000,,,,,,,0.022486,0.021701,0.022499
B21_S09,"TreeQSM mine (man_pd05-01-08_mo9_sr005_ri1, Simplified (no islands))",8.460884,1.349774,7.111109,,0.345680,27.189453,0.524460,25.430061,2400.244629,none,10259,manual,0.050000,0.010000,0.080000,0.002500,9.000000,0.005000,1.000000,,,,,,,0.022486,0.021701,0.022499
B21_S09,"TreeQSM mine (man_pd05-01-08_mo9_sr005_ri2, Optimal)",8.027179,1.322076,6.705102,0.303528,0.345680,27.189453,0.524460,25.430061,2400.244629,none,19358,manual,0.050000,0.010000,0.080000,0.002500,9.000000,0.005000,2.000000,,,,,,,0.022486,0.021701,0.022499
B21_S09,"TreeQSM mine (man_pd05-01-08_mo9_sr005_ri2, Simplified (no islands))",8.557420,1.349774,7.207646,,0.345680,27.189453,0.524460,25.430061,2400.244629,none,5825,manual,0.050000,0.010000,0.080000,0.002500,9.000000,0.005000,2.000000,,,,,,,0.022486,0.021701,0.022499
B21_S09,"TreeQSM mine (man_pd05-01-08_mo9_sr005_ri3, Optimal)",8.027179,1.322076,6.705102,0.303528,0.345680,27.189453,0.524460,25.430061,2400.244629,none,19358,manual,0.050000,0.010000,0.080000,0.002500,9.000000,0.005000,3.000000,,,,,,,0.022486,0.021701,0.022499
B21_S09,"TreeQSM mine (man_pd05-01-08_mo9_sr005_ri3, Simplified (no islands))",8.713024,1.349774,7.363251,,0.345680,27.189453,0.524460,25.430061,2400.244629,none,3845,manual,0.050000,0.010000,0.080000,0.002500,9.000000,0.005000,3.000000,,,,,,,0.022486,0.021701,0.022499
B21_S09,"TreeQSM mine (man_pd05-01-08_mo9_sr010_ri0, Optimal)",8.027179,1.322076,6.705102,0.303528,0.345680,27.189453,0.524460,25.430061,2400.244629,none,19358,manual,0.050000,0.010000,0.080000,0.002500,9.000000,0.010000,0.000000,,,,,,,0.022486,0.021701,0.022499
B21_S09,"TreeQSM mine (man_pd05-01-08_mo9_sr010_ri0, Simplified (no islands))",8.393528,1.349774,7.043755,,0.345680,27.189453,0.524460,25.430061,2400.244629,none,18748,manual,0.050000,0.010000,0.080000,0.002500,9.000000,0.010000,0.000000,,,,,,,0.022486,0.021701,0.022499
B21_S09,"TreeQSM mine (man_pd05-01-08_mo9_sr010_ri1, Optimal)",8.027179,1.322076,6.705102,0.303528,0.345680,27.189453,0.524460,25.430061,2400.244629,none,19358,manual,0.050000,0.010000,0.080000,0.002500,9.000000,0.010000,1.000000,,,,,,,0.022486,0.021701,0.022499
B21_S09,"TreeQSM mine (man_pd05-01-08_mo9_sr010_ri1, Simplified (no islands))",8.459357,1.349774,7.109583,,0.345680,27.189453,0.524460,25.430061,2400.244629,none,10116,manual,0.050000,0.010000,0.080000,0.002500,9.000000,0.010000,1.000000,,,,,,,0.022486,0.021701,0.022499
B21_S09,"TreeQSM mine (man_pd05-01-08_mo9_sr010_ri2, Optimal)",8.027179,1.322076,6.705102,0.303528,0.345680,27.189453,0.524460,25.430061,2400.244629,none,19358,manual,0.050000,0.010000,0.080000,0.002500,9.000000,0.010000,2.000000,,,,,,,0.022486,0.021701,0.022499
B21_S09,"TreeQSM mine (man_pd05-01-08_mo9_sr010_ri2, Simplified (no islands))",8.555878,1.349774,7.206103,,0.345680,27.189453,0.524460,25.430061,2400.244629,none,5740,manual,0.050000,0.010000,0.080000,0.002500,9.000000,0.010000,2.000000,,,,,,,0.022486,0.021701,0.022499
B21_S09,"TreeQSM mine (man_pd05-01-08_mo9_sr010_ri3, Optimal)",8.027179,1.322076,6.705102,0.303528,0.345680,27.189453,0.524460,25.430061,2400.244629,none,19358,manual,0.050000,0.010000,0.080000,0.002500,9.000000,0.010000,3.000000,,,,,,,0.022486,0.021701,0.022499
B21_S09,"TreeQSM mine (man_pd05-01-08_mo9_sr010_ri3, Simplified (no islands))",8.711443,1.349774,7.361670,,0.345680,27.189453,0.524460,25.430061,2400.244629,none,3765,manual,0.050000,0.010000,0.080000,0.002500,9.000000,0.010000,3.000000,,,,,,,0.022486,0.021701,0.022499
B21_S09,"TreeQSM mine (man_pd05-01-08_mo9_sr015_ri0, Optimal)",8.027179,1.322076,6.705102,0.303528,0.345680,27.189453,0.524460,25.430061,2400.244629,none,19358,manual,0.050000,0.010000,0.080000,0.002500,9.000000,0.015000,0.000000,,,,,,,0.022486,0.021701,0.022499
B21_S09,"TreeQSM mine (man_pd05-01-08_mo9_sr015_ri0, Simplified (no islands))",8.387371,1.349774,7.037596,,0.345680,27.189453,0.524460,25.430061,2400.244629,none,18407,manual,0.050000,0.010000,0.080000,0.002500,9.000000,0.015000,0.000000,,,,,,,0.022486,0.021701,0.022499
B21_S09,"TreeQSM mine (man_pd05-01-08_mo9_sr015_ri1, Optimal)",8.027179,1.322076,6.705102,0.303528,0.345680,27.189453,0.524460,25.430061,2400.244629,none,19358,manual,0.050000,0.010000,0.080000,0.002500,9.000000,0.015000,1.000000,,,,,,,0.022486,0.021701,0.022499
B21_S09,"TreeQSM mine (man_pd05-01-08_mo9_sr015_ri1, Simplified (no islands))",8.453135,1.349774,7.103360,,0.345680,27.189453,0.524460,25.430061,2400.244629,none,9906,manual,0.050000,0.010000,0.080000,0.002500,9.000000,0.015000,1.000000,,,,,,,0.022486,0.021701,0.022499
B21_S09,"TreeQSM mine (man_pd05-01-08_mo9_sr015_ri2, Optimal)",8.027179,1.322076,6.705102,0.303528,0.345680,27.189453,0.524460,25.430061,2400.244629,none,19358,manual,0.050000,0.010000,0.080000,0.002500,9.000000,0.015000,2.000000,,,,,,,0.022486,0.021701,0.022499
B21_S09,"TreeQSM mine (man_pd05-01-08_mo9_sr015_ri2, Simplified (no islands))",8.549584,1.349774,7.199811,,0.345680,27.189453,0.524460,25.430061,2400.244629,none,5612,manual,0.050000,0.010000,0.080000,0.002500,9.000000,0.015000,2.000000,,,,,,,0.022486,0.021701,0.022499
B21_S09,"TreeQSM mine (man_pd05-01-08_mo9_sr015_ri3, Optimal)",8.027179,1.322076,6.705102,0.303528,0.345680,27.189453,0.524460,25.430061,2400.244629,none,19358,manual,0.050000,0.010000,0.080000,0.002500,9.000000,0.015000,3.000000,,,,,,,0.022486,0.021701,0.022499
B21_S09,"TreeQSM mine (man_pd05-01-08_mo9_sr015_ri3, Simplified (no islands))",8.705004,1.349774,7.355229,,0.345680,27.189453,0.524460,25.430061,2400.244629,none,3645,manual,0.050000,0.010000,0.080000,0.002500,9.000000,0.015000,3.000000,,,,,,,0.022486,0.021701,0.022499
B21_S09,"TreeQSM mine (man_pd05-01-08_mo9_sr020_ri0, Optimal)",8.027179,1.322076,6.705102,0.303528,0.345680,27.189453,0.524460,25.430061,2400.244629,none,19358,manual,0.050000,0.010000,0.080000,0.002500,9.000000,0.020000,0.000000,,,,,,,0.022486,0.021701,0.022499
B21_S09,"TreeQSM mine (man_pd05-01-08_mo9_sr020_ri0, Simplified (no islands))",8.362171,1.349774,7.012397,,0.345680,27.189453,0.524460,25.430061,2400.244629,none,17629,manual,0.050000,0.010000,0.080000,0.002500,9.000000,0.020000,0.000000,,,,,,,0.022486,0.021701,0.022499
B21_S09,"TreeQSM mine (man_pd05-01-08_mo9_sr020_ri1, Optimal)",8.027179,1.322076,6.705102,0.303528,0.345680,27.189453,0.524460,25.430061,2400.244629,none,19358,manual,0.050000,0.010000,0.080000,0.002500,9.000000,0.020000,1.000000,,,,,,,0.022486,0.021701,0.022499
B21_S09,"TreeQSM mine (man_pd05-01-08_mo9_sr020_ri1, Simplified (no islands))",8.427427,1.349774,7.077653,,0.345680,27.189453,0.524460,25.430061,2400.244629,none,9422,manual,0.050000,0.010000,0.080000,0.002500,9.000000,0.020000,1.000000,,,,,,,0.022486,0.021701,0.022499
B21_S09,"TreeQSM mine (man_pd05-01-08_mo9_sr020_ri2, Optimal)",8.027179,1.322076,6.705102,0.303528,0.345680,27.189453,0.524460,25.430061,2400.244629,none,19358,manual,0.050000,0.010000,0.080000,0.002500,9.000000,0.020000,2.000000,,,,,,,0.022486,0.021701,0.022499
B21_S09,"TreeQSM mine (man_pd05-01-08_mo9_sr020_ri2, Simplified (no islands))",8.523020,1.349774,7.173246,,0.345680,27.189453,0.524460,25.430061,2400.244629,none,5329,manual,0.050000,0.010000,0.080000,0.002500,9.000000,0.020000,2.000000,,,,,,,0.022486,0.021701,0.022499
B21_S09,"TreeQSM mine (man_pd05-01-08_mo9_sr020_ri3, Optimal)",8.027179,1.322076,6.705102,0.303528,0.345680,27.189453,0.524460,25.430061,2400.244629,none,19358,manual,0.050000,0.010000,0.080000,0.002500,9.000000,0.020000,3.000000,,,,,,,0.022486,0.021701,0.022499
B21_S09,"TreeQSM mine (man_pd05-01-08_mo9_sr020_ri3, Simplified (no islands))",8.677093,1.349774,7.327319,,0.345680,27.189453,0.524460,25.430061,2400.244629,none,3383,manual,0.050000,0.010000,0.080000,0.002500,9.000000,0.020000,3.000000,,,,,,,0.022486,0.021701,0.022499
B21_S09,"TreeQSM mine (man_pd05-02-08_mo9_sr005_ri0, Optimal)",12.630808,1.511329,11.119478,0.464529,0.340575,27.201582,0.419950,28.076921,1605.318359,none,8267,manual,0.050000,0.020000,0.080000,0.002500,9.000000,0.005000,0.000000,,,,,,,0.028924,0.023740,0.029004
B21_S09,"TreeQSM mine (man_pd05-02-08_mo9_sr005_ri0, Simplified (no islands))",12.918959,1.543087,11.375872,,0.340575,27.201582,0.419950,28.076921,1605.318359,none,8162,manual,0.050000,0.020000,0.080000,0.002500,9.000000,0.005000,0.000000,,,,,,,0.028924,0.023740,0.029004
B21_S10,AdQSM (TreesParams) (AdQSM 040),1.809940,1.193680,0.616264,,0.353703,27.300000,,28.910800,3501.280000,none,,,,,,,,,,,,,,,,,,
B21_S10,AdTree calibrated r5mm (AdQSM 040) [calref=min5mm]_seg35-500-k50,2.408968,1.220406,1.188563,,0.353706,26.952439,1.013743,27.109297,1345.198850,none,31282,,,,,,,,,040,5.000000,35.000000,500.000000,50.000000,min5mm,,,
B21_S10,AdTree calibrated r5mm (AdQSM 040) [calmethod=regression-perorder]_seg35-500-k50,8.520866,1.220406,7.300461,,0.353706,26.952439,1.013743,27.109297,1345.198850,none,31282,,,,,,,,,040,5.000000,35.000000,500.000000,50.000000,regression-perorder,,,
B21_S10,AdTree calibrated r5mm (AdQSM 040) [calref=min5mm]_seg35-500-k50-wlen,2.175981,1.220406,0.955575,,0.353706,26.952439,1.013743,27.109297,1345.198850,none,31282,,,,,,,,,040,5.000000,35.000000,500.000000,50.000000,min5mm,,,
B21_S10,AdTree calibrated r5mm (AdQSM 040) [calmethod=regression-perorder]_seg35-500-k50-wlen,4.396355,1.220406,3.175949,,0.353706,26.952439,1.013743,27.109297,1345.198850,none,31282,,,,,,,,,040,5.000000,35.000000,500.000000,50.000000,regression-perorder,,,
B21_S10,AdTree calibrated r10mm (AdQSM 040) [calref=min5mm]_seg35-500-k50,2.387542,1.220287,1.167255,,0.353706,26.412470,1.013743,26.689743,644.115846,none,13942,,,,,,,,,040,10.000000,35.000000,500.000000,50.000000,min5mm,,,
B21_S10,AdTree calibrated r10mm (AdQSM 040) [calmethod=regression-perorder]_seg35-500-k50,8.457092,1.220287,7.236806,,0.353706,26.412470,1.013743,26.689743,644.115846,none,13942,,,,,,,,,040,10.000000,35.000000,500.000000,50.000000,regression-perorder,,,
B21_S10,AdTree calibrated r10mm (AdQSM 040) [calref=min5mm]_seg35-500-k50-wlen,2.156083,1.220287,0.935796,,0.353706,26.412470,1.013743,26.689743,644.115846,none,13942,,,,,,,,,040,10.000000,35.000000,500.000000,50.000000,min5mm,,,
B21_S10,AdTree calibrated r10mm (AdQSM 040) [calmethod=regression-perorder]_seg35-500-k50-wlen,4.334484,1.220287,3.114198,,0.353706,26.412470,1.013743,26.689743,644.115846,none,13942,,,,,,,,,040,10.000000,35.000000,500.000000,50.000000,regression-perorder,,,
B21_S10,AdTree calibrated r15mm (AdQSM 040) [calref=min5mm]_seg35-500-k50,2.371778,1.220287,1.151491,,0.353706,26.310089,1.013743,26.689743,419.036480,none,8633,,,,,,,,,040,15.000000,35.000000,500.000000,50.000000,min5mm,,,
B21_S10,AdTree calibrated r15mm (AdQSM 040) [calmethod=regression-perorder]_seg35-500-k50,8.423552,1.220287,7.203265,,0.353706,26.310089,1.013743,26.689743,419.036480,none,8633,,,,,,,,,040,15.000000,35.000000,500.000000,50.000000,regression-perorder,,,
B21_S10,AdTree calibrated r15mm (AdQSM 040) [calref=min5mm]_seg35-500-k50-wlen,2.142056,1.220287,0.921769,,0.353706,26.310089,1.013743,26.689743,419.036480,none,8633,,,,,,,,,040,15.000000,35.000000,500.000000,50.000000,min5mm,,,
B21_S10,AdTree calibrated r15mm (AdQSM 040) [calmethod=regression-perorder]_seg35-500-k50-wlen,4.302775,1.220287,3.082488,,0.353706,26.310089,1.013743,26.689743,419.036480,none,8633,,,,,,,,,040,15.000000,35.000000,500.000000,50.000000,regression-perorder,,,
B21_S10,AdTree calibrated r20mm (AdQSM 040) [calref=min5mm]_seg35-500-k50,2.358289,1.220287,1.138002,,0.353706,26.192500,1.013743,26.689743,308.766967,none,6109,,,,,,,,,040,20.000000,35.000000,500.000000,50.000000,min5mm,,,
B21_S10,AdTree calibrated r20mm (AdQSM 040) [calmethod=regression-perorder]_seg35-500-k50,8.401375,1.220287,7.181089,,0.353706,26.192500,1.013743,26.689743,308.766967,none,6109,,,,,,,,,040,20.000000,35.000000,500.000000,50.000000,regression-perorder,,,
B21_S10,AdTree calibrated r20mm (AdQSM 040) [calref=min5mm]_seg35-500-k50-wlen,2.130343,1.220287,0.910056,,0.353706,26.192500,1.013743,26.689743,308.766967,none,6109,,,,,,,,,040,20.000000,35.000000,500.000000,50.000000,min5mm,,,
B21_S10,AdTree calibrated r20mm (AdQSM 040) [calmethod=regression-perorder]_seg35-500-k50-wlen,4.282260,1.220287,3.061973,,0.353706,26.192500,1.013743,26.689743,308.766967,none,6109,,,,,,,,,040,20.000000,35.000000,500.000000,50.000000,regression-perorder,,,
B21_S10,AdTree calibrated r5mm (AdQSM 040) [calref=min5mm]_seg35-500-k80,2.638623,1.219676,1.418946,,0.353703,26.952439,1.025262,27.085979,1345.063143,none,30849,,,,,,,,,040,5.000000,35.000000,500.000000,80.000000,min5mm,,,
B21_S10,AdTree calibrated r5mm (AdQSM 040) [calmethod=regression-perorder]_seg35-500-k80,12.344917,1.219676,11.125241,,0.353703,26.952439,1.025262,27.085979,1345.063143,none,30849,,,,,,,,,040,5.000000,35.000000,500.000000,80.000000,regression-perorder,,,
B21_S10,AdTree calibrated r5mm (AdQSM 040) [calref=min5mm]_seg35-500-k80-wlen,2.170387,1.219676,0.950711,,0.353703,26.952439,1.025262,27.085979,1345.063143,none,30849,,,,,,,,,040,5.000000,35.000000,500.000000,80.000000,min5mm,,,
B21_S10,AdTree calibrated r5mm (AdQSM 040) [calmethod=regression-perorder]_seg35-500-k80-wlen,4.377835,1.219676,3.158159,,0.353703,26.952439,1.025262,27.085979,1345.063143,none,30849,,,,,,,,,040,5.000000,35.000000,500.000000,80.000000,regression-perorder,,,
B21_S10,AdTree calibrated r10mm (AdQSM 040) [calref=min5mm]_seg35-500-k80,2.616955,1.219557,1.397398,,0.353703,26.412470,1.025262,26.666425,643.980140,none,13509,,,,,,,,,040,10.000000,35.000000,500.000000,80.000000,min5mm,,,
B21_S10,AdTree calibrated r10mm (AdQSM 040) [calmethod=regression-perorder]_seg35-500-k80,12.281001,1.219557,11.061444,,0.353703,26.412470,1.025262,26.666425,643.980140,none,13509,,,,,,,,,040,10.000000,35.000000,500.000000,80.000000,regression-perorder,,,
B21_S10,AdTree calibrated r10mm (AdQSM 040) [calref=min5mm]_seg35-500-k80-wlen,2.150489,1.219557,0.930932,,0.353703,26.412470,1.025262,26.666425,643.980140,none,13509,,,,,,,,,040,10.000000,35.000000,500.000000,80.000000,min5mm,,,
B21_S10,AdTree calibrated r10mm (AdQSM 040) [calmethod=regression-perorder]_seg35-500-k80-wlen,4.315967,1.219557,3.096409,,0.353703,26.412470,1.025262,26.666425,643.980140,none,13509,,,,,,,,,040,10.000000,35.000000,500.000000,80.000000,regression-perorder,,,
B21_S10,AdTree calibrated r15mm (AdQSM 040) [calref=min5mm]_seg35-500-k80,2.600667,1.219557,1.381110,,0.353703,26.310089,1.025262,26.666425,418.900778,none,8201,,,,,,,,,040,15.000000,35.000000,500.000000,80.000000,min5mm,,,
B21_S10,AdTree calibrated r15mm (AdQSM 040) [calmethod=regression-perorder]_seg35-500-k80,12.247012,1.219557,11.027455,,0.353703,26.310089,1.025262,26.666425,418.900778,none,8201,,,,,,,,,040,15.000000,35.000000,500.000000,80.000000,regression-perorder,,,
B21_S10,AdTree calibrated r15mm (AdQSM 040) [calref=min5mm]_seg35-500-k80-wlen,2.136471,1.219557,0.916914,,0.353703,26.310089,1.025262,26.666425,418.900778,none,8201,,,,,,,,,040,15.000000,35.000000,500.000000,80.000000,min5mm,,,
B21_S10,AdTree calibrated r15mm (AdQSM 040) [calmethod=regression-perorder]_seg35-500-k80-wlen,4.284267,1.219557,3.064709,,0.353703,26.310089,1.025262,26.666425,418.900778,none,8201,,,,,,,,,040,15.000000,35.000000,500.000000,80.000000,regression-perorder,,,
B21_S10,AdTree calibrated r20mm (AdQSM 040) [calref=min5mm]_seg35-500-k80,2.586433,1.219557,1.366875,,0.353703,26.192500,1.025262,26.666425,308.633789,none,5678,,,,,,,,,040,20.000000,35.000000,500.000000,80.000000,min5mm,,,
B21_S10,AdTree calibrated r20mm (AdQSM 040) [calmethod=regression-perorder]_seg35-500-k80,12.224257,1.219557,11.004699,,0.353703,26.192500,1.025262,26.666425,308.633789,none,5678,,,,,,,,,040,20.000000,35.000000,500.000000,80.000000,regression-perorder,,,
B21_S10,AdTree calibrated r20mm (AdQSM 040) [calref=min5mm]_seg35-500-k80-wlen,2.124763,1.219557,0.905205,,0.353703,26.192500,1.025262,26.666425,308.633789,none,5678,,,,,,,,,040,20.000000,35.000000,500.000000,80.000000,min5mm,,,
B21_S10,AdTree calibrated r20mm (AdQSM 040) [calmethod=regression-perorder]_seg35-500-k80-wlen,4.263761,1.219557,3.044204,,0.353703,26.192500,1.025262,26.666425,308.633789,none,5678,,,,,,,,,040,20.000000,35.000000,500.000000,80.000000,regression-perorder,,,
B21_S10,AdTree calibrated r5mm (AdQSM 040) [calref=min5mm]_seg35-500-k100,2.823602,1.218739,1.604862,,0.353703,26.952439,1.018330,27.061729,1344.961102,none,30515,,,,,,,,,040,5.000000,35.000000,500.000000,100.000000,min5mm,,,
B21_S10,AdTree calibrated r5mm (AdQSM 040) [calmethod=regression-perorder]_seg35-500-k100,15.109739,1.218739,13.890999,,0.353703,26.952439,1.018330,27.061729,1344.961102,none,30515,,,,,,,,,040,5.000000,35.000000,500.000000,100.000000,regression-perorder,,,
B21_S10,AdTree calibrated r5mm (AdQSM 040) [calref=min5mm]_seg35-500-k100-wlen,2.167179,1.218739,0.948440,,0.353703,26.952439,1.018330,27.061729,1344.961102,none,30515,,,,,,,,,040,5.000000,35.000000,500.000000,100.000000,min5mm,,,
B21_S10,AdTree calibrated r5mm (AdQSM 040) [calmethod=regression-perorder]_seg35-500-k100-wlen,4.438013,1.218739,3.219273,,0.353703,26.952439,1.018330,27.061729,1344.961102,none,30515,,,,,,,,,040,5.000000,35.000000,500.000000,100.000000,regression-perorder,,,
B21_S10,AdTree calibrated r10mm (AdQSM 040) [calref=min5mm]_seg35-500-k100,2.801703,1.218620,1.583083,,0.353703,26.412470,1.018330,26.642175,643.878098,none,13175,,,,,,,,,040,10.000000,35.000000,500.000000,100.000000,min5mm,,,
B21_S10,AdTree calibrated r10mm (AdQSM 040) [calmethod=regression-perorder]_seg35-500-k100,15.045600,1.218620,13.826979,,0.353703,26.412470,1.018330,26.642175,643.878098,none,13175,,,,,,,,,040,10.000000,35.000000,500.000000,100.000000,regression-perorder,,,
B21_S10,AdTree calibrated r10mm (AdQSM 040) [calref=min5mm]_seg35-500-k100-wlen,2.147281,1.218620,0.928660,,0.353703,26.412470,1.018330,26.642175,643.878098,none,13175,,,,,,,,,040,10.000000,35.000000,500.000000,100.000000,min5mm,,,
B21_S10,AdTree calibrated r10mm (AdQSM 040) [calmethod=regression-perorder]_seg35-500-k100-wlen,4.376143,1.218620,3.157522,,0.353703,26.412470,1.018330,26.642175,643.878098,none,13175,,,,,,,,,040,10.000000,35.000000,500.000000,100.000000,regression-perorder,,,
B21_S10,AdTree calibrated r15mm (AdQSM 040) [calref=min5mm]_seg35-500-k100,2.784944,1.218620,1.566324,,0.353703,26.310089,1.018330,26.642175,418.798812,none,7869,,,,,,,,,040,15.000000,35.000000,500.000000,100.000000,min5mm,,,
B21_S10,AdTree calibrated r15mm (AdQSM 040) [calmethod=regression-perorder]_seg35-500-k100,15.011061,1.218620,13.792440,,0.353703,26.310089,1.018330,26.642175,418.798812,none,7869,,,,,,,,,040,15.000000,35.000000,500.000000,100.000000,regression-perorder,,,
B21_S10,AdTree calibrated r15mm (AdQSM 040) [calref=min5mm]_seg35-500-k100-wlen,2.133268,1.218620,0.914647,,0.353703,26.310089,1.018330,26.642175,418.798812,none,7869,,,,,,,,,040,15.000000,35.000000,500.000000,100.000000,min5mm,,,
B21_S10,AdTree calibrated r15mm (AdQSM 040) [calmethod=regression-perorder]_seg35-500-k100-wlen,4.344444,1.218620,3.125824,,0.353703,26.310089,1.018330,26.642175,418.798812,none,7869,,,,,,,,,040,15.000000,35.000000,500.000000,100.000000,regression-perorder,,,
B21_S10,AdTree calibrated r20mm (AdQSM 040) [calref=min5mm]_seg35-500-k100,2.770067,1.218620,1.551446,,0.353703,26.192500,1.018330,26.642175,308.574666,none,5348,,,,,,,,,040,20.000000,35.000000,500.000000,100.000000,min5mm,,,
B21_S10,AdTree calibrated r20mm (AdQSM 040) [calmethod=regression-perorder]_seg35-500-k100,14.987619,1.218620,13.768998,,0.353703,26.192500,1.018330,26.642175,308.574666,none,5348,,,,,,,,,040,20.000000,35.000000,500.000000,100.000000,regression-perorder,,,
B21_S10,AdTree calibrated r20mm (AdQSM 040) [calref=min5mm]_seg35-500-k100-wlen,2.121565,1.218620,0.902945,,0.353703,26.192500,1.018330,26.642175,308.574666,none,5348,,,,,,,,,040,20.000000,35.000000,500.000000,100.000000,min5mm,,,
B21_S10,AdTree calibrated r20mm (AdQSM 040) [calmethod=regression-perorder]_seg35-500-k100-wlen,4.323944,1.218620,3.105324,,0.353703,26.192500,1.018330,26.642175,308.574666,none,5348,,,,,,,,,040,20.000000,35.000000,500.000000,100.000000,regression-perorder,,,
B21_S10,AdTree calibrated r5mm (AdQSM 040) [calref=min5mm]_seg50-500-k50,2.345454,1.220405,1.125050,,0.353706,26.952439,1.013743,27.105302,1342.235837,none,27917,,,,,,,,,040,5.000000,50.000000,500.000000,50.000000,min5mm,,,
B21_S10,AdTree calibrated r5mm (AdQSM 040) [calmethod=regression-perorder]_seg50-500-k50,6.605156,1.220405,5.384751,,0.353706,26.952439,1.013743,27.105302,1342.235837,none,27917,,,,,,,,,040,5.000000,50.000000,500.000000,50.000000,regression-perorder,,,
B21_S10,AdTree calibrated r5mm (AdQSM 040) [calref=min5mm]_seg50-500-k50-wlen,2.171561,1.220405,0.951156,,0.353706,26.952439,1.013743,27.105302,1342.235837,none,27917,,,,,,,,,040,5.000000,50.000000,500.000000,50.000000,min5mm,,,
B21_S10,AdTree calibrated r5mm (AdQSM 040) [calmethod=regression-perorder]_seg50-500-k50-wlen,4.369944,1.220405,3.149539,,0.353706,26.952439,1.013743,27.105302,1342.235837,none,27917,,,,,,,,,040,5.000000,50.000000,500.000000,50.000000,regression-perorder,,,
B21_S10,AdTree calibrated r10mm (AdQSM 040) [calref=min5mm]_seg50-500-k50,2.323903,1.220287,1.103617,,0.353706,26.412470,1.013743,26.689379,642.517077,none,12092,,,,,,,,,040,10.000000,50.000000,500.000000,50.000000,min5mm,,,
B21_S10,AdTree calibrated r10mm (AdQSM 040) [calmethod=regression-perorder]_seg50-500-k50,6.541095,1.220287,5.320808,,0.353706,26.412470,1.013743,26.689379,642.517077,none,12092,,,,,,,,,040,10.000000,50.000000,500.000000,50.000000,regression-perorder,,,
B21_S10,AdTree calibrated r10mm (AdQSM 040) [calref=min5mm]_seg50-500-k50-wlen,2.151833,1.220287,0.931547,,0.353706,26.412470,1.013743,26.689379,642.517077,none,12092,,,,,,,,,040,10.000000,50.000000,500.000000,50.000000,min5mm,,,
B21_S10,AdTree calibrated r10mm (AdQSM 040) [calmethod=regression-perorder]_seg50-500-k50-wlen,4.307766,1.220287,3.087479,,0.353706,26.412470,1.013743,26.689379,642.517077,none,12092,,,,,,,,,040,10.000000,50.000000,500.000000,50.000000,regression-perorder,,,
B21_S10,AdTree calibrated r15mm (AdQSM 040) [calref=min5mm]_seg50-500-k50,2.308111,1.220287,1.087824,,0.353706,26.310089,1.013743,26.689379,418.221437,none,7395,,,,,,,,,040,15.000000,50.000000,500.000000,50.000000,min5mm,,,
B21_S10,AdTree calibrated r15mm (AdQSM 040) [calmethod=regression-perorder]_seg50-500-k50,6.506971,1.220287,5.286684,,0.353706,26.310089,1.013743,26.689379,418.221437,none,7395,,,,,,,,,040,15.000000,50.000000,500.000000,50.000000,regression-perorder,,,
B21_S10,AdTree calibrated r15mm (AdQSM 040) [calref=min5mm]_seg50-500-k50-wlen,2.137964,1.220287,0.917678,,0.353706,26.310089,1.013743,26.689379,418.221437,none,7395,,,,,,,,,040,15.000000,50.000000,500.000000,50.000000,min5mm,,,
B21_S10,AdTree calibrated r15mm (AdQSM 040) [calmethod=regression-perorder]_seg50-500-k50-wlen,4.275810,1.220287,3.055524,,0.353706,26.310089,1.013743,26.689379,418.221437,none,7395,,,,,,,,,040,15.000000,50.000000,500.000000,50.000000,regression-perorder,,,
B21_S10,AdTree calibrated r20mm (AdQSM 040) [calref=min5mm]_seg50-500-k50,2.294567,1.220287,1.074281,,0.353706,26.192500,1.013743,26.689379,308.214391,none,5250,,,,,,,,,040,20.000000,50.000000,500.000000,50.000000,min5mm,,,
B21_S10,AdTree calibrated r20mm (AdQSM 040) [calmethod=regression-perorder]_seg50-500-k50,6.484137,1.220287,5.263850,,0.353706,26.192500,1.013743,26.689379,308.214391,none,5250,,,,,,,,,040,20.000000,50.000000,500.000000,50.000000,regression-perorder,,,
B21_S10,AdTree calibrated r20mm (AdQSM 040) [calref=min5mm]_seg50-500-k50-wlen,2.126290,1.220287,0.906003,,0.353706,26.192500,1.013743,26.689379,308.214391,none,5250,,,,,,,,,040,20.000000,50.000000,500.000000,50.000000,min5mm,,,
B21_S10,AdTree calibrated r20mm (AdQSM 040) [calmethod=regression-perorder]_seg50-500-k50-wlen,4.255036,1.220287,3.034749,,0.353706,26.192500,1.013743,26.689379,308.214391,none,5250,,,,,,,,,040,20.000000,50.000000,500.000000,50.000000,regression-perorder,,,
B21_S10,AdTree calibrated r5mm (AdQSM 040) [calref=min5mm]_seg50-500-k80,2.497560,1.219675,1.277885,,0.353703,26.952439,1.025262,27.081984,1342.125683,none,27624,,,,,,,,,040,5.000000,50.000000,500.000000,80.000000,min5mm,,,
B21_S10,AdTree calibrated r5mm (AdQSM 040) [calmethod=regression-perorder]_seg50-500-k80,8.534556,1.219675,7.314881,,0.353703,26.952439,1.025262,27.081984,1342.125683,none,27624,,,,,,,,,040,5.000000,50.000000,500.000000,80.000000,regression-perorder,,,
B21_S10,AdTree calibrated r5mm (AdQSM 040) [calref=min5mm]_seg50-500-k80-wlen,2.169116,1.219675,0.949441,,0.353703,26.952439,1.025262,27.081984,1342.125683,none,27624,,,,,,,,,040,5.000000,50.000000,500.000000,80.000000,min5mm,,,
B21_S10,AdTree calibrated r5mm (AdQSM 040) [calmethod=regression-perorder]_seg50-500-k80-wlen,4.374783,1.219675,3.155108,,0.353703,26.952439,1.025262,27.081984,1342.125683,none,27624,,,,,,,,,040,5.000000,50.000000,500.000000,80.000000,regression-perorder,,,
B21_S10,AdTree calibrated r10mm (AdQSM 040) [calref=min5mm]_seg50-500-k80,2.475830,1.219557,1.256273,,0.353703,26.412470,1.025262,26.666061,642.406924,none,11799,,,,,,,,,040,10.000000,50.000000,500.000000,80.000000,min5mm,,,
B21_S10,AdTree calibrated r10mm (AdQSM 040) [calmethod=regression-perorder]_seg50-500-k80,8.470393,1.219557,7.250836,,0.353703,26.412470,1.025262,26.666061,642.406924,none,11799,,,,,,,,,040,10.000000,50.000000,500.000000,80.000000,regression-perorder,,,
B21_S10,AdTree calibrated r10mm (AdQSM 040) [calref=min5mm]_seg50-500-k80-wlen,2.149385,1.219557,0.929828,,0.353703,26.412470,1.025262,26.666061,642.406924,none,11799,,,,,,,,,040,10.000000,50.000000,500.000000,80.000000,min5mm,,,
B21_S10,AdTree calibrated r10mm (AdQSM 040) [calmethod=regression-perorder]_seg50-500-k80-wlen,4.312604,1.219557,3.093047,,0.353703,26.412470,1.025262,26.666061,642.406924,none,11799,,,,,,,,,040,10.000000,50.000000,500.000000,80.000000,regression-perorder,,,
B21_S10,AdTree calibrated r15mm (AdQSM 040) [calref=min5mm]_seg50-500-k80,2.459673,1.219557,1.240116,,0.353703,26.310089,1.025262,26.666061,418.111284,none,7102,,,,,,,,,040,15.000000,50.000000,500.000000,80.000000,min5mm,,,
B21_S10,AdTree calibrated r15mm (AdQSM 040) [calmethod=regression-perorder]_seg50-500-k80,8.435983,1.219557,7.216426,,0.353703,26.310089,1.025262,26.666061,418.111284,none,7102,,,,,,,,,040,15.000000,50.000000,500.000000,80.000000,regression-perorder,,,
B21_S10,AdTree calibrated r15mm (AdQSM 040) [calref=min5mm]_seg50-500-k80-wlen,2.135509,1.219557,0.915952,,0.353703,26.310089,1.025262,26.666061,418.111284,none,7102,,,,,,,,,040,15.000000,50.000000,500.000000,80.000000,min5mm,,,
B21_S10,AdTree calibrated r15mm (AdQSM 040) [calmethod=regression-perorder]_seg50-500-k80-wlen,4.280644,1.219557,3.061087,,0.353703,26.310089,1.025262,26.666061,418.111284,none,7102,,,,,,,,,040,15.000000,50.000000,500.000000,80.000000,regression-perorder,,,
B21_S10,AdTree calibrated r20mm (AdQSM 040) [calref=min5mm]_seg50-500-k80,2.445610,1.219557,1.226053,,0.353703,26.192500,1.025262,26.666061,308.103029,none,4956,,,,,,,,,040,20.000000,50.000000,500.000000,80.000000,min5mm,,,
B21_S10,AdTree calibrated r20mm (AdQSM 040) [calmethod=regression-perorder]_seg50-500-k80,8.412771,1.219557,7.193214,,0.353703,26.192500,1.025262,26.666061,308.103029,none,4956,,,,,,,,,040,20.000000,50.000000,500.000000,80.000000,regression-perorder,,,
B21_S10,AdTree calibrated r20mm (AdQSM 040) [calref=min5mm]_seg50-500-k80-wlen,2.123824,1.219557,0.904267,,0.353703,26.192500,1.025262,26.666061,308.103029,none,4956,,,,,,,,,040,20.000000,50.000000,500.000000,80.000000,min5mm,,,
B21_S10,AdTree calibrated r20mm (AdQSM 040) [calmethod=regression-perorder]_seg50-500-k80-wlen,4.259862,1.219557,3.040305,,0.353703,26.192500,1.025262,26.666061,308.103029,none,4956,,,,,,,,,040,20.000000,50.000000,500.000000,80.000000,regression-perorder,,,
B21_S10,AdTree calibrated r5mm (AdQSM 040) [calref=min5mm]_seg50-500-k100,2.623957,1.218738,1.405218,,0.353703,26.952439,1.018330,27.057734,1342.044459,none,27405,,,,,,,,,040,5.000000,50.000000,500.000000,100.000000,min5mm,,,
B21_S10,AdTree calibrated r5mm (AdQSM 040) [calmethod=regression-perorder]_seg50-500-k100,10.422409,1.218738,9.203671,,0.353703,26.952439,1.018330,27.057734,1342.044459,none,27405,,,,,,,,,040,5.000000,50.000000,500.000000,100.000000,regression-perorder,,,
B21_S10,AdTree calibrated r5mm (AdQSM 040) [calref=min5mm]_seg50-500-k100-wlen,2.163729,1.218738,0.944990,,0.353703,26.952439,1.018330,27.057734,1342.044459,none,27405,,,,,,,,,040,5.000000,50.000000,500.000000,100.000000,min5mm,,,
B21_S10,AdTree calibrated r5mm (AdQSM 040) [calmethod=regression-perorder]_seg50-500-k100-wlen,4.412283,1.218738,3.193544,,0.353703,26.952439,1.018330,27.057734,1342.044459,none,27405,,,,,,,,,040,5.000000,50.000000,500.000000,100.000000,regression-perorder,,,
B21_S10,AdTree calibrated r10mm (AdQSM 040) [calref=min5mm]_seg50-500-k100,2.602073,1.218620,1.383453,,0.353703,26.412470,1.018330,26.641811,642.325699,none,11580,,,,,,,,,040,10.000000,50.000000,500.000000,100.000000,min5mm,,,
B21_S10,AdTree calibrated r10mm (AdQSM 040) [calmethod=regression-perorder]_seg50-500-k100,10.358104,1.218620,9.139484,,0.353703,26.412470,1.018330,26.641811,642.325699,none,11580,,,,,,,,,040,10.000000,50.000000,500.000000,100.000000,regression-perorder,,,
B21_S10,AdTree calibrated r10mm (AdQSM 040) [calref=min5mm]_seg50-500-k100-wlen,2.143999,1.218620,0.925378,,0.353703,26.412470,1.018330,26.641811,642.325699,none,11580,,,,,,,,,040,10.000000,50.000000,500.000000,100.000000,min5mm,,,
B21_S10,AdTree calibrated r10mm (AdQSM 040) [calmethod=regression-perorder]_seg50-500-k100-wlen,4.350104,1.218620,3.131484,,0.353703,26.412470,1.018330,26.641811,642.325699,none,11580,,,,,,,,,040,10.000000,50.000000,500.000000,100.000000,regression-perorder,,,
B21_S10,AdTree calibrated r15mm (AdQSM 040) [calref=min5mm]_seg50-500-k100,2.585609,1.218620,1.366988,,0.353703,26.310089,1.018330,26.641811,418.030082,none,6884,,,,,,,,,040,15.000000,50.000000,500.000000,100.000000,min5mm,,,
B21_S10,AdTree calibrated r15mm (AdQSM 040) [calmethod=regression-perorder]_seg50-500-k100,10.323362,1.218620,9.104742,,0.353703,26.310089,1.018330,26.641811,418.030082,none,6884,,,,,,,,,040,15.000000,50.000000,500.000000,100.000000,regression-perorder,,,
B21_S10,AdTree calibrated r15mm (AdQSM 040) [calref=min5mm]_seg50-500-k100-wlen,2.130125,1.218620,0.911505,,0.353703,26.310089,1.018330,26.641811,418.030082,none,6884,,,,,,,,,040,15.000000,50.000000,500.000000,100.000000,min5mm,,,
B21_S10,AdTree calibrated r15mm (AdQSM 040) [calmethod=regression-perorder]_seg50-500-k100-wlen,4.318144,1.218620,3.099524,,0.353703,26.310089,1.018330,26.641811,418.030082,none,6884,,,,,,,,,040,15.000000,50.000000,500.000000,100.000000,regression-perorder,,,
B21_S10,AdTree calibrated r20mm (AdQSM 040) [calref=min5mm]_seg50-500-k100,2.571107,1.218620,1.352486,,0.353703,26.192500,1.018330,26.641811,308.021137,none,4736,,,,,,,,,040,20.000000,50.000000,500.000000,100.000000,min5mm,,,
B21_S10,AdTree calibrated r20mm (AdQSM 040) [calmethod=regression-perorder]_seg50-500-k100,10.299718,1.218620,9.081098,,0.353703,26.192500,1.018330,26.641811,308.021137,none,4736,,,,,,,,,040,20.000000,50.000000,500.000000,100.000000,regression-perorder,,,
B21_S10,AdTree calibrated r20mm (AdQSM 040) [calref=min5mm]_seg50-500-k100-wlen,2.118443,1.218620,0.899823,,0.353703,26.192500,1.018330,26.641811,308.021137,none,4736,,,,,,,,,040,20.000000,50.000000,500.000000,100.000000,min5mm,,,
B21_S10,AdTree calibrated r20mm (AdQSM 040) [calmethod=regression-perorder]_seg50-500-k100-wlen,4.297358,1.218620,3.078738,,0.353703,26.192500,1.018330,26.641811,308.021137,none,4736,,,,,,,,,040,20.000000,50.000000,500.000000,100.000000,regression-perorder,,,
B21_S10,AdTree calibrated r5mm (AdQSM 040) [calref=min5mm]_seg65-500-k50,2.411581,1.220400,1.191181,,0.353706,26.952470,1.013743,27.103242,1334.674722,none,24935,,,,,,,,,040,5.000000,65.000000,500.000000,50.000000,min5mm,,,
B21_S10,AdTree calibrated r5mm (AdQSM 040) [calmethod=regression-perorder]_seg65-500-k50,5.054960,1.220400,3.834560,,0.353706,26.952470,1.013743,27.103242,1334.674722,none,24935,,,,,,,,,040,5.000000,65.000000,500.000000,50.000000,regression-perorder,,,
B21_S10,AdTree calibrated r5mm (AdQSM 040) [calref=min5mm]_seg65-500-k50-wlen,2.174879,1.220400,0.954478,,0.353706,26.952470,1.013743,27.103242,1334.674722,none,24935,,,,,,,,,040,5.000000,65.000000,500.000000,50.000000,min5mm,,,
B21_S10,AdTree calibrated r5mm (AdQSM 040) [calmethod=regression-perorder]_seg65-500-k50-wlen,4.374957,1.220400,3.154557,,0.353706,26.952470,1.013743,27.103242,1334.674722,none,24935,,,,,,,,,040,5.000000,65.000000,500.000000,50.000000,regression-perorder,,,
B21_S10,AdTree calibrated r10mm (AdQSM 040) [calref=min5mm]_seg65-500-k50,2.390019,1.220282,1.169737,,0.353706,26.412470,1.013743,26.687319,639.027278,none,10413,,,,,,,,,040,10.000000,65.000000,500.000000,50.000000,min5mm,,,
B21_S10,AdTree calibrated r10mm (AdQSM 040) [calmethod=regression-perorder]_seg65-500-k50,4.990289,1.220282,3.770006,,0.353706,26.412470,1.013743,26.687319,639.027278,none,10413,,,,,,,,,040,10.000000,65.000000,500.000000,50.000000,regression-perorder,,,
B21_S10,AdTree calibrated r10mm (AdQSM 040) [calref=min5mm]_seg65-500-k50-wlen,2.155537,1.220282,0.935254,,0.353706,26.412470,1.013743,26.687319,639.027278,none,10413,,,,,,,,,040,10.000000,65.000000,500.000000,50.000000,min5mm,,,
B21_S10,AdTree calibrated r10mm (AdQSM 040) [calmethod=regression-perorder]_seg65-500-k50-wlen,4.312537,1.220282,3.092255,,0.353706,26.412470,1.013743,26.687319,639.027278,none,10413,,,,,,,,,040,10.000000,65.000000,500.000000,50.000000,regression-perorder,,,
B21_S10,AdTree calibrated r15mm (AdQSM 040) [calref=min5mm]_seg65-500-k50,2.374839,1.220282,1.154556,,0.353706,26.310089,1.013743,26.687319,416.359283,none,6211,,,,,,,,,040,15.000000,65.000000,500.000000,50.000000,min5mm,,,
B21_S10,AdTree calibrated r15mm (AdQSM 040) [calmethod=regression-perorder]_seg65-500-k50,4.957750,1.220282,3.737468,,0.353706,26.310089,1.013743,26.687319,416.359283,none,6211,,,,,,,,,040,15.000000,65.000000,500.000000,50.000000,regression-perorder,,,
B21_S10,AdTree calibrated r15mm (AdQSM 040) [calref=min5mm]_seg65-500-k50-wlen,2.142695,1.220282,0.922413,,0.353706,26.310089,1.013743,26.687319,416.359283,none,6211,,,,,,,,,040,15.000000,65.000000,500.000000,50.000000,min5mm,,,
B21_S10,AdTree calibrated r15mm (AdQSM 040) [calmethod=regression-perorder]_seg65-500-k50-wlen,4.282387,1.220282,3.062104,,0.353706,26.310089,1.013743,26.687319,416.359283,none,6211,,,,,,,,,040,15.000000,65.000000,500.000000,50.000000,regression-perorder,,,
B21_S10,AdTree calibrated r20mm (AdQSM 040) [calref=min5mm]_seg65-500-k50,2.360830,1.220282,1.140548,,0.353706,26.192500,1.013743,26.687319,307.019331,none,4300,,,,,,,,,040,20.000000,65.000000,500.000000,50.000000,min5mm,,,
B21_S10,AdTree calibrated r20mm (AdQSM 040) [calmethod=regression-perorder]_seg65-500-k50,4.933612,1.220282,3.713329,,0.353706,26.192500,1.013743,26.687319,307.019331,none,4300,,,,,,,,,040,20.000000,65.000000,500.000000,50.000000,regression-perorder,,,
B21_S10,AdTree calibrated r20mm (AdQSM 040) [calref=min5mm]_seg65-500-k50-wlen,2.131225,1.220282,0.910943,,0.353706,26.192500,1.013743,26.687319,307.019331,none,4300,,,,,,,,,040,20.000000,65.000000,500.000000,50.000000,min5mm,,,
B21_S10,AdTree calibrated r20mm (AdQSM 040) [calmethod=regression-perorder]_seg65-500-k50-wlen,4.261345,1.220282,3.041063,,0.353706,26.192500,1.013743,26.687319,307.019331,none,4300,,,,,,,,,040,20.000000,65.000000,500.000000,50.000000,regression-perorder,,,
B21_S10,AdTree calibrated r5mm (AdQSM 040) [calref=min5mm]_seg65-500-k80,2.476152,1.219674,1.256479,,0.353703,26.952470,1.025262,27.081143,1334.594893,none,24848,,,,,,,,,040,5.000000,65.000000,500.000000,80.000000,min5mm,,,
B21_S10,AdTree calibrated r5mm (AdQSM 040) [calmethod=regression-perorder]_seg65-500-k80,6.242093,1.219674,5.022419,,0.353703,26.952470,1.025262,27.081143,1334.594893,none,24848,,,,,,,,,040,5.000000,65.000000,500.000000,80.000000,regression-perorder,,,
B21_S10,AdTree calibrated r5mm (AdQSM 040) [calref=min5mm]_seg65-500-k80-wlen,2.171545,1.219674,0.951871,,0.353703,26.952470,1.025262,27.081143,1334.594893,none,24848,,,,,,,,,040,5.000000,65.000000,500.000000,80.000000,min5mm,,,
B21_S10,AdTree calibrated r5mm (AdQSM 040) [calmethod=regression-perorder]_seg65-500-k80-wlen,4.403018,1.219674,3.183344,,0.353703,26.952470,1.025262,27.081143,1334.594893,none,24848,,,,,,,,,040,5.000000,65.000000,500.000000,80.000000,regression-perorder,,,
B21_S10,AdTree calibrated r10mm (AdQSM 040) [calref=min5mm]_seg65-500-k80,2.454538,1.219556,1.234982,,0.353703,26.412470,1.025262,26.665220,638.947450,none,10326,,,,,,,,,040,10.000000,65.000000,500.000000,80.000000,min5mm,,,
B21_S10,AdTree calibrated r10mm (AdQSM 040) [calmethod=regression-perorder]_seg65-500-k80,6.177448,1.219556,4.957892,,0.353703,26.412470,1.025262,26.665220,638.947450,none,10326,,,,,,,,,040,10.000000,65.000000,500.000000,80.000000,regression-perorder,,,
B21_S10,AdTree calibrated r10mm (AdQSM 040) [calref=min5mm]_seg65-500-k80-wlen,2.152202,1.219556,0.932646,,0.353703,26.412470,1.025262,26.665220,638.947450,none,10326,,,,,,,,,040,10.000000,65.000000,500.000000,80.000000,min5mm,,,
B21_S10,AdTree calibrated r10mm (AdQSM 040) [calmethod=regression-perorder]_seg65-500-k80-wlen,4.340600,1.219556,3.121044,,0.353703,26.412470,1.025262,26.665220,638.947450,none,10326,,,,,,,,,040,10.000000,65.000000,500.000000,80.000000,regression-perorder,,,
B21_S10,AdTree calibrated r15mm (AdQSM 040) [calref=min5mm]_seg65-500-k80,2.438431,1.219556,1.218876,,0.353703,26.310089,1.025262,26.665220,416.282009,none,6124,,,,,,,,,040,15.000000,65.000000,500.000000,80.000000,min5mm,,,
B21_S10,AdTree calibrated r15mm (AdQSM 040) [calmethod=regression-perorder]_seg65-500-k80,6.142429,1.219556,4.922873,,0.353703,26.310089,1.025262,26.665220,416.282009,none,6124,,,,,,,,,040,15.000000,65.000000,500.000000,80.000000,regression-perorder,,,
B21_S10,AdTree calibrated r15mm (AdQSM 040) [calref=min5mm]_seg65-500-k80-wlen,2.138705,1.219556,0.919149,,0.353703,26.310089,1.025262,26.665220,416.282009,none,6124,,,,,,,,,040,15.000000,65.000000,500.000000,80.000000,min5mm,,,
B21_S10,AdTree calibrated r15mm (AdQSM 040) [calmethod=regression-perorder]_seg65-500-k80-wlen,4.308503,1.219556,3.088947,,0.353703,26.310089,1.025262,26.665220,416.282009,none,6124,,,,,,,,,040,15.000000,65.000000,500.000000,80.000000,regression-perorder,,,
B21_S10,AdTree calibrated r20mm (AdQSM 040) [calref=min5mm]_seg65-500-k80,2.424242,1.219556,1.204686,,0.353703,26.192500,1.025262,26.665220,306.942057,none,4213,,,,,,,,,040,20.000000,65.000000,500.000000,80.000000,min5mm,,,
B21_S10,AdTree calibrated r20mm (AdQSM 040) [calmethod=regression-perorder]_seg65-500-k80,6.118299,1.219556,4.898743,,0.353703,26.192500,1.025262,26.665220,306.942057,none,4213,,,,,,,,,040,20.000000,65.000000,500.000000,80.000000,regression-perorder,,,
B21_S10,AdTree calibrated r20mm (AdQSM 040) [calref=min5mm]_seg65-500-k80-wlen,2.127232,1.219556,0.907677,,0.353703,26.192500,1.025262,26.665220,306.942057,none,4213,,,,,,,,,040,20.000000,65.000000,500.000000,80.000000,min5mm,,,
B21_S10,AdTree calibrated r20mm (AdQSM 040) [calmethod=regression-perorder]_seg65-500-k80-wlen,4.287465,1.219556,3.067909,,0.353703,26.192500,1.025262,26.665220,306.942057,none,4213,,,,,,,,,040,20.000000,65.000000,500.000000,80.000000,regression-perorder,,,
B21_S10,AdTree calibrated r5mm (AdQSM 040) [calref=min5mm]_seg65-500-k100,2.534396,1.218738,1.315659,,0.353703,26.952470,1.018330,27.057275,1334.539106,none,24777,,,,,,,,,040,5.000000,65.000000,500.000000,100.000000,min5mm,,,
B21_S10,AdTree calibrated r5mm (AdQSM 040) [calmethod=regression-perorder]_seg65-500-k100,7.467513,1.218738,6.248776,,0.353703,26.952470,1.018330,27.057275,1334.539106,none,24777,,,,,,,,,040,5.000000,65.000000,500.000000,100.000000,regression-perorder,,,
B21_S10,AdTree calibrated r5mm (AdQSM 040) [calref=min5mm]_seg65-500-k100-wlen,2.166142,1.218738,0.947405,,0.353703,26.952470,1.018330,27.057275,1334.539106,none,24777,,,,,,,,,040,5.000000,65.000000,500.000000,100.000000,min5mm,,,
B21_S10,AdTree calibrated r5mm (AdQSM 040) [calmethod=regression-perorder]_seg65-500-k100-wlen,4.384039,1.218738,3.165301,,0.353703,26.952470,1.018330,27.057275,1334.539106,none,24777,,,,,,,,,040,5.000000,65.000000,500.000000,100.000000,regression-perorder,,,
B21_S10,AdTree calibrated r10mm (AdQSM 040) [calref=min5mm]_seg65-500-k100,2.512729,1.218620,1.294109,,0.353703,26.412470,1.018330,26.641352,638.891662,none,10255,,,,,,,,,040,10.000000,65.000000,500.000000,100.000000,min5mm,,,
B21_S10,AdTree calibrated r10mm (AdQSM 040) [calmethod=regression-perorder]_seg65-500-k100,7.402877,1.218620,6.184257,,0.353703,26.412470,1.018330,26.641352,638.891662,none,10255,,,,,,,,,040,10.000000,65.000000,500.000000,100.000000,regression-perorder,,,
B21_S10,AdTree calibrated r10mm (AdQSM 040) [calref=min5mm]_seg65-500-k100-wlen,2.146801,1.218620,0.928181,,0.353703,26.412470,1.018330,26.641352,638.891662,none,10255,,,,,,,,,040,10.000000,65.000000,500.000000,100.000000,min5mm,,,
B21_S10,AdTree calibrated r10mm (AdQSM 040) [calmethod=regression-perorder]_seg65-500-k100-wlen,4.321622,1.218620,3.103003,,0.353703,26.412470,1.018330,26.641352,638.891662,none,10255,,,,,,,,,040,10.000000,65.000000,500.000000,100.000000,regression-perorder,,,
B21_S10,AdTree calibrated r15mm (AdQSM 040) [calref=min5mm]_seg65-500-k100,2.496512,1.218620,1.277893,,0.353703,26.310089,1.018330,26.641352,416.226221,none,6053,,,,,,,,,040,15.000000,65.000000,500.000000,100.000000,min5mm,,,
B21_S10,AdTree calibrated r15mm (AdQSM 040) [calmethod=regression-perorder]_seg65-500-k100,7.367846,1.218620,6.149226,,0.353703,26.310089,1.018330,26.641352,416.226221,none,6053,,,,,,,,,040,15.000000,65.000000,500.000000,100.000000,regression-perorder,,,
B21_S10,AdTree calibrated r15mm (AdQSM 040) [calref=min5mm]_seg65-500-k100-wlen,2.133307,1.218620,0.914687,,0.353703,26.310089,1.018330,26.641352,416.226221,none,6053,,,,,,,,,040,15.000000,65.000000,500.000000,100.000000,min5mm,,,
B21_S10,AdTree calibrated r15mm (AdQSM 040) [calmethod=regression-perorder]_seg65-500-k100-wlen,4.289529,1.218620,3.070910,,0.353703,26.310089,1.018330,26.641352,416.226221,none,6053,,,,,,,,,040,15.000000,65.000000,500.000000,100.000000,regression-perorder,,,
B21_S10,AdTree calibrated r20mm (AdQSM 040) [calref=min5mm]_seg65-500-k100,2.482147,1.218620,1.263528,,0.353703,26.192500,1.018330,26.641352,306.886269,none,4142,,,,,,,,,040,20.000000,65.000000,500.000000,100.000000,min5mm,,,
B21_S10,AdTree calibrated r20mm (AdQSM 040) [calmethod=regression-perorder]_seg65-500-k100,7.343675,1.218620,6.125056,,0.353703,26.192500,1.018330,26.641352,306.886269,none,4142,,,,,,,,,040,20.000000,65.000000,500.000000,100.000000,regression-perorder,,,
B21_S10,AdTree calibrated r20mm (AdQSM 040) [calref=min5mm]_seg65-500-k100-wlen,2.121839,1.218620,0.903219,,0.353703,26.192500,1.018330,26.641352,306.886269,none,4142,,,,,,,,,040,20.000000,65.000000,500.000000,100.000000,min5mm,,,
B21_S10,AdTree calibrated r20mm (AdQSM 040) [calmethod=regression-perorder]_seg65-500-k100-wlen,4.268501,1.218620,3.049881,,0.353703,26.192500,1.018330,26.641352,306.886269,none,4142,,,,,,,,,040,20.000000,65.000000,500.000000,100.000000,regression-perorder,,,
B21_S10,AdQSM (TreesParams) (AdQSM 999),1.785230,1.177370,0.607862,,0.351300,27.300000,,28.910800,3501.280000,none,,,,,,,,,,,,,,,,,,
B21_S10,AdTree raw r5mm_seg35-500-k50,16.124141,11.265248,4.858893,,1.030964,26.952439,1.383713,27.109297,1345.198850,none,31282,,,,,,,,,,5.000000,35.000000,500.000000,50.000000,,,,
B21_S10,AdTree calibrated r5mm (AdQSM 999) [calref=min5mm]_seg35-500-k50,2.376406,1.203846,1.172560,,0.351303,26.952439,1.006859,27.109297,1345.198850,none,31282,,,,,,,,,999,5.000000,35.000000,500.000000,50.000000,min5mm,,,
B21_S10,AdTree calibrated r5mm (AdQSM 999) [calmethod=regression-perorder]_seg35-500-k50,8.405599,1.203846,7.201753,,0.351303,26.952439,1.006859,27.109297,1345.198850,none,31282,,,,,,,,,999,5.000000,35.000000,500.000000,50.000000,regression-perorder,,,
B21_S10,AdTree raw r5mm_seg35-500-k50-wlen,16.124141,11.265248,4.858893,,1.030964,26.952439,1.383713,27.109297,1345.198850,none,31282,,,,,,,,,,5.000000,35.000000,500.000000,50.000000,,,,
B21_S10,AdTree calibrated r5mm (AdQSM 999) [calref=min5mm]_seg35-500-k50-wlen,2.146573,1.203846,0.942728,,0.351303,26.952439,1.006859,27.109297,1345.198850,none,31282,,,,,,,,,999,5.000000,35.000000,500.000000,50.000000,min5mm,,,
B21_S10,AdTree calibrated r5mm (AdQSM 999) [calmethod=regression-perorder]_seg35-500-k50-wlen,4.336994,1.203846,3.133148,,0.351303,26.952439,1.006859,27.109297,1345.198850,none,31282,,,,,,,,,999,5.000000,35.000000,500.000000,50.000000,regression-perorder,,,
B21_S10,AdTree raw r10mm_seg35-500-k50,15.930708,11.264579,4.666129,,1.030964,26.412470,1.383713,26.689743,644.115846,none,13942,,,,,,,,,,10.000000,35.000000,500.000000,50.000000,,,,
B21_S10,AdTree calibrated r10mm (AdQSM 999) [calref=min5mm]_seg35-500-k50,2.355194,1.203728,1.151466,,0.351303,26.412470,1.006859,26.689743,644.115846,none,13942,,,,,,,,,999,10.000000,35.000000,500.000000,50.000000,min5mm,,,
B21_S10,AdTree calibrated r10mm (AdQSM 999) [calmethod=regression-perorder]_seg35-500-k50,8.342613,1.203728,7.138885,,0.351303,26.412470,1.006859,26.689743,644.115846,none,13942,,,,,,,,,999,10.000000,35.000000,500.000000,50.000000,regression-perorder,,,
B21_S10,AdTree raw r10mm_seg35-500-k50-wlen,15.930708,11.264579,4.666129,,1.030964,26.412470,1.383713,26.689743,644.115846,none,13942,,,,,,,,,,10.000000,35.000000,500.000000,50.000000,,,,
B21_S10,AdTree calibrated r10mm (AdQSM 999) [calref=min5mm]_seg35-500-k50-wlen,2.126869,1.203728,0.923141,,0.351303,26.412470,1.006859,26.689743,644.115846,none,13942,,,,,,,,,999,10.000000,35.000000,500.000000,50.000000,min5mm,,,
B21_S10,AdTree calibrated r10mm (AdQSM 999) [calmethod=regression-perorder]_seg35-500-k50-wlen,4.275886,1.203728,3.072158,,0.351303,26.412470,1.006859,26.689743,644.115846,none,13942,,,,,,,,,999,10.000000,35.000000,500.000000,50.000000,regression-perorder,,,
B21_S10,AdTree raw r15mm_seg35-500-k50,15.770419,11.264579,4.505840,,1.030964,26.310089,1.383713,26.689743,419.036480,none,8633,,,,,,,,,,15.000000,35.000000,500.000000,50.000000,,,,
B21_S10,AdTree calibrated r15mm (AdQSM 999) [calref=min5mm]_seg35-500-k50,2.339628,1.203728,1.135900,,0.351303,26.310089,1.006859,26.689743,419.036480,none,8633,,,,,,,,,999,15.000000,35.000000,500.000000,50.000000,min5mm,,,
B21_S10,AdTree calibrated r15mm (AdQSM 999) [calmethod=regression-perorder]_seg35-500-k50,8.309511,1.203728,7.105783,,0.351303,26.310089,1.006859,26.689743,419.036480,none,8633,,,,,,,,,999,15.000000,35.000000,500.000000,50.000000,regression-perorder,,,
B21_S10,AdTree raw r15mm_seg35-500-k50-wlen,15.770419,11.264579,4.505840,,1.030964,26.310089,1.383713,26.689743,419.036480,none,8633,,,,,,,,,,15.000000,35.000000,500.000000,50.000000,,,,
B21_S10,AdTree calibrated r15mm (AdQSM 999) [calref=min5mm]_seg35-500-k50-wlen,2.113017,1.203728,0.909289,,0.351303,26.310089,1.006859,26.689743,419.036480,none,8633,,,,,,,,,999,15.000000,35.000000,500.000000,50.000000,min5mm,,,
B21_S10,AdTree calibrated r15mm (AdQSM 999) [calmethod=regression-perorder]_seg35-500-k50-wlen,4.244592,1.203728,3.040863,,0.351303,26.310089,1.006859,26.689743,419.036480,none,8633,,,,,,,,,999,15.000000,35.000000,500.000000,50.000000,regression-perorder,,,
B21_S10,AdTree raw r20mm_seg35-500-k50,15.636079,11.264579,4.371499,,1.030964,26.192500,1.383713,26.689743,308.766967,none,6109,,,,,,,,,,20.000000,35.000000,500.000000,50.000000,,,,
B21_S10,AdTree calibrated r20mm (AdQSM 999) [calref=min5mm]_seg35-500-k50,2.326321,1.203728,1.122593,,0.351303,26.192500,1.006859,26.689743,308.766967,none,6109,,,,,,,,,999,20.000000,35.000000,500.000000,50.000000,min5mm,,,
B21_S10,AdTree calibrated r20mm (AdQSM 999) [calmethod=regression-perorder]_seg35-500-k50,8.287635,1.203728,7.083907,,0.351303,26.192500,1.006859,26.689743,308.766967,none,6109,,,,,,,,,999,20.000000,35.000000,500.000000,50.000000,regression-perorder,,,
B21_S10,AdTree raw r20mm_seg35-500-k50-wlen,15.636079,11.264579,4.371499,,1.030964,26.192500,1.383713,26.689743,308.766967,none,6109,,,,,,,,,,20.000000,35.000000,500.000000,50.000000,,,,
B21_S10,AdTree calibrated r20mm (AdQSM 999) [calref=min5mm]_seg35-500-k50-wlen,2.101462,1.203728,0.897734,,0.351303,26.192500,1.006859,26.689743,308.766967,none,6109,,,,,,,,,999,20.000000,35.000000,500.000000,50.000000,min5mm,,,
B21_S10,AdTree calibrated r20mm (AdQSM 999) [calmethod=regression-perorder]_seg35-500-k50-wlen,4.224354,1.203728,3.020625,,0.351303,26.192500,1.006859,26.689743,308.766967,none,6109,,,,,,,,,999,20.000000,35.000000,500.000000,50.000000,regression-perorder,,,
B21_S10,AdTree raw r5mm_seg35-500-k80,16.093146,11.253499,4.839646,,1.030964,26.952439,1.486975,27.085979,1345.063143,none,30849,,,,,,,,,,5.000000,35.000000,500.000000,80.000000,,,,
B21_S10,AdTree calibrated r5mm (AdQSM 999) [calref=min5mm]_seg35-500-k80,2.602951,1.203127,1.399825,,0.351300,26.952439,1.018301,27.085979,1345.063143,none,30849,,,,,,,,,999,5.000000,35.000000,500.000000,80.000000,min5mm,,,
B21_S10,AdTree calibrated r5mm (AdQSM 999) [calmethod=regression-perorder]_seg35-500-k80,12.177801,1.203127,10.974675,,0.351300,26.952439,1.018301,27.085979,1345.063143,none,30849,,,,,,,,,999,5.000000,35.000000,500.000000,80.000000,regression-perorder,,,
B21_S10,AdTree raw r5mm_seg35-500-k80-wlen,16.093146,11.253499,4.839646,,1.030964,26.952439,1.486975,27.085979,1345.063143,none,30849,,,,,,,,,,5.000000,35.000000,500.000000,80.000000,,,,
B21_S10,AdTree calibrated r5mm (AdQSM 999) [calref=min5mm]_seg35-500-k80-wlen,2.141056,1.203127,0.937929,,0.351300,26.952439,1.018301,27.085979,1345.063143,none,30849,,,,,,,,,999,5.000000,35.000000,500.000000,80.000000,min5mm,,,
B21_S10,AdTree calibrated r5mm (AdQSM 999) [calmethod=regression-perorder]_seg35-500-k80-wlen,4.318591,1.203127,3.115464,,0.351300,26.952439,1.018301,27.085979,1345.063143,none,30849,,,,,,,,,999,5.000000,35.000000,500.000000,80.000000,regression-perorder,,,
B21_S10,AdTree raw r10mm_seg35-500-k80,15.899713,11.252831,4.646882,,1.030964,26.412470,1.486975,26.666425,643.980140,none,13509,,,,,,,,,,10.000000,35.000000,500.000000,80.000000,,,,
B21_S10,AdTree calibrated r10mm (AdQSM 999) [calref=min5mm]_seg35-500-k80,2.581502,1.203009,1.378492,,0.351300,26.412470,1.018301,26.666425,643.980140,none,13509,,,,,,,,,999,10.000000,35.000000,500.000000,80.000000,min5mm,,,
B21_S10,AdTree calibrated r10mm (AdQSM 999) [calmethod=regression-perorder]_seg35-500-k80,12.114675,1.203009,10.911666,,0.351300,26.412470,1.018301,26.666425,643.980140,none,13509,,,,,,,,,999,10.000000,35.000000,500.000000,80.000000,regression-perorder,,,
B21_S10,AdTree raw r10mm_seg35-500-k80-wlen,15.899713,11.252831,4.646882,,1.030964,26.412470,1.486975,26.666425,643.980140,none,13509,,,,,,,,,,10.000000,35.000000,500.000000,80.000000,,,,
B21_S10,AdTree calibrated r10mm (AdQSM 999) [calref=min5mm]_seg35-500-k80-wlen,2.121352,1.203009,0.918342,,0.351300,26.412470,1.018301,26.666425,643.980140,none,13509,,,,,,,,,999,10.000000,35.000000,500.000000,80.000000,min5mm,,,
B21_S10,AdTree calibrated r10mm (AdQSM 999) [calmethod=regression-perorder]_seg35-500-k80-wlen,4.257484,1.203009,3.054475,,0.351300,26.412470,1.018301,26.666425,643.980140,none,13509,,,,,,,,,999,10.000000,35.000000,500.000000,80.000000,regression-perorder,,,
B21_S10,AdTree raw r15mm_seg35-500-k80,15.739532,11.252831,4.486701,,1.030964,26.310089,1.486975,26.666425,418.900778,none,8201,,,,,,,,,,15.000000,35.000000,500.000000,80.000000,,,,
B21_S10,AdTree calibrated r15mm (AdQSM 999) [calref=min5mm]_seg35-500-k80,2.565419,1.203009,1.362410,,0.351300,26.310089,1.018301,26.666425,418.900778,none,8201,,,,,,,,,999,15.000000,35.000000,500.000000,80.000000,min5mm,,,
B21_S10,AdTree calibrated r15mm (AdQSM 999) [calmethod=regression-perorder]_seg35-500-k80,12.081131,1.203009,10.878122,,0.351300,26.310089,1.018301,26.666425,418.900778,none,8201,,,,,,,,,999,15.000000,35.000000,500.000000,80.000000,regression-perorder,,,
B21_S10,AdTree raw r15mm_seg35-500-k80-wlen,15.739532,11.252831,4.486701,,1.030964,26.310089,1.486975,26.666425,418.900778,none,8201,,,,,,,,,,15.000000,35.000000,500.000000,80.000000,,,,
B21_S10,AdTree calibrated r15mm (AdQSM 999) [calref=min5mm]_seg35-500-k80-wlen,2.107509,1.203009,0.904499,,0.351300,26.310089,1.018301,26.666425,418.900778,none,8201,,,,,,,,,999,15.000000,35.000000,500.000000,80.000000,min5mm,,,
B21_S10,AdTree calibrated r15mm (AdQSM 999) [calmethod=regression-perorder]_seg35-500-k80-wlen,4.226199,1.203009,3.023189,,0.351300,26.310089,1.018301,26.666425,418.900778,none,8201,,,,,,,,,999,15.000000,35.000000,500.000000,80.000000,regression-perorder,,,
B21_S10,AdTree raw r20mm_seg35-500-k80,15.605242,11.252831,4.352411,,1.030964,26.192500,1.486975,26.666425,308.633789,none,5678,,,,,,,,,,20.000000,35.000000,500.000000,80.000000,,,,
B21_S10,AdTree calibrated r20mm (AdQSM 999) [calref=min5mm]_seg35-500-k80,2.551377,1.203009,1.348368,,0.351300,26.192500,1.018301,26.666425,308.633789,none,5678,,,,,,,,,999,20.000000,35.000000,500.000000,80.000000,min5mm,,,
B21_S10,AdTree calibrated r20mm (AdQSM 999) [calmethod=regression-perorder]_seg35-500-k80,12.058684,1.203009,10.855675,,0.351300,26.192500,1.018301,26.666425,308.633789,none,5678,,,,,,,,,999,20.000000,35.000000,500.000000,80.000000,regression-perorder,,,
B21_S10,AdTree raw r20mm_seg35-500-k80-wlen,15.605242,11.252831,4.352411,,1.030964,26.192500,1.486975,26.666425,308.633789,none,5678,,,,,,,,,,20.000000,35.000000,500.000000,80.000000,,,,
B21_S10,AdTree calibrated r20mm (AdQSM 999) [calref=min5mm]_seg35-500-k80-wlen,2.095958,1.203009,0.892949,,0.351300,26.192500,1.018301,26.666425,308.633789,none,5678,,,,,,,,,999,20.000000,35.000000,500.000000,80.000000,min5mm,,,
B21_S10,AdTree calibrated r20mm (AdQSM 999) [calmethod=regression-perorder]_seg35-500-k80-wlen,4.205970,1.203009,3.002961,,0.351300,26.192500,1.018301,26.666425,308.633789,none,5678,,,,,,,,,999,20.000000,35.000000,500.000000,80.000000,regression-perorder,,,
B21_S10,AdTree raw r5mm_seg35-500-k100,16.073226,11.246652,4.826574,,1.030964,26.952439,1.425018,27.061729,1344.961102,none,30515,,,,,,,,,,5.000000,35.000000,500.000000,100.000000,,,,
B21_S10,AdTree calibrated r5mm (AdQSM 999) [calref=min5mm]_seg35-500-k100,2.785425,1.202202,1.583223,,0.351300,26.952439,1.011415,27.061729,1344.961102,none,30515,,,,,,,,,999,5.000000,35.000000,500.000000,100.000000,min5mm,,,
B21_S10,AdTree calibrated r5mm (AdQSM 999) [calmethod=regression-perorder]_seg35-500-k100,14.905239,1.202202,13.703037,,0.351300,26.952439,1.011415,27.061729,1344.961102,none,30515,,,,,,,,,999,5.000000,35.000000,500.000000,100.000000,regression-perorder,,,
B21_S10,AdTree raw r5mm_seg35-500-k100-wlen,16.073226,11.246652,4.826574,,1.030964,26.952439,1.425018,27.061729,1344.961102,none,30515,,,,,,,,,,5.000000,35.000000,500.000000,100.000000,,,,
B21_S10,AdTree calibrated r5mm (AdQSM 999) [calref=min5mm]_seg35-500-k100-wlen,2.137891,1.202202,0.935689,,0.351300,26.952439,1.011415,27.061729,1344.961102,none,30515,,,,,,,,,999,5.000000,35.000000,500.000000,100.000000,min5mm,,,
B21_S10,AdTree calibrated r5mm (AdQSM 999) [calmethod=regression-perorder]_seg35-500-k100-wlen,4.377967,1.202202,3.175765,,0.351300,26.952439,1.011415,27.061729,1344.961102,none,30515,,,,,,,,,999,5.000000,35.000000,500.000000,100.000000,regression-perorder,,,
B21_S10,AdTree raw r10mm_seg35-500-k100,15.879793,11.245984,4.633809,,1.030964,26.412470,1.425018,26.642175,643.878098,none,13175,,,,,,,,,,10.000000,35.000000,500.000000,100.000000,,,,
B21_S10,AdTree calibrated r10mm (AdQSM 999) [calref=min5mm]_seg35-500-k100,2.763747,1.202085,1.561663,,0.351300,26.412470,1.011415,26.642175,643.878098,none,13175,,,,,,,,,999,10.000000,35.000000,500.000000,100.000000,min5mm,,,
B21_S10,AdTree calibrated r10mm (AdQSM 999) [calmethod=regression-perorder]_seg35-500-k100,14.841893,1.202085,13.639808,,0.351300,26.412470,1.011415,26.642175,643.878098,none,13175,,,,,,,,,999,10.000000,35.000000,500.000000,100.000000,regression-perorder,,,
B21_S10,AdTree raw r10mm_seg35-500-k100-wlen,15.879793,11.245984,4.633809,,1.030964,26.412470,1.425018,26.642175,643.878098,none,13175,,,,,,,,,,10.000000,35.000000,500.000000,100.000000,,,,
B21_S10,AdTree calibrated r10mm (AdQSM 999) [calref=min5mm]_seg35-500-k100-wlen,2.118186,1.202085,0.916101,,0.351300,26.412470,1.011415,26.642175,643.878098,none,13175,,,,,,,,,999,10.000000,35.000000,500.000000,100.000000,min5mm,,,
B21_S10,AdTree calibrated r10mm (AdQSM 999) [calmethod=regression-perorder]_seg35-500-k100-wlen,4.316860,1.202085,3.114775,,0.351300,26.412470,1.011415,26.642175,643.878098,none,13175,,,,,,,,,999,10.000000,35.000000,500.000000,100.000000,regression-perorder,,,
B21_S10,AdTree raw r15mm_seg35-500-k100,15.719705,11.245984,4.473721,,1.030964,26.310089,1.425018,26.642175,418.798812,none,7869,,,,,,,,,,15.000000,35.000000,500.000000,100.000000,,,,
B21_S10,AdTree calibrated r15mm (AdQSM 999) [calref=min5mm]_seg35-500-k100,2.747200,1.202085,1.545116,,0.351300,26.310089,1.011415,26.642175,418.798812,none,7869,,,,,,,,,999,15.000000,35.000000,500.000000,100.000000,min5mm,,,
B21_S10,AdTree calibrated r15mm (AdQSM 999) [calmethod=regression-perorder]_seg35-500-k100,14.807806,1.202085,13.605722,,0.351300,26.310089,1.011415,26.642175,418.798812,none,7869,,,,,,,,,999,15.000000,35.000000,500.000000,100.000000,regression-perorder,,,
B21_S10,AdTree raw r15mm_seg35-500-k100-wlen,15.719705,11.245984,4.473721,,1.030964,26.310089,1.425018,26.642175,418.798812,none,7869,,,,,,,,,,15.000000,35.000000,500.000000,100.000000,,,,
B21_S10,AdTree calibrated r15mm (AdQSM 999) [calref=min5mm]_seg35-500-k100-wlen,2.104348,1.202085,0.902263,,0.351300,26.310089,1.011415,26.642175,418.798812,none,7869,,,,,,,,,999,15.000000,35.000000,500.000000,100.000000,min5mm,,,
B21_S10,AdTree calibrated r15mm (AdQSM 999) [calmethod=regression-perorder]_seg35-500-k100-wlen,4.285576,1.202085,3.083491,,0.351300,26.310089,1.011415,26.642175,418.798812,none,7869,,,,,,,,,999,15.000000,35.000000,500.000000,100.000000,regression-perorder,,,
B21_S10,AdTree raw r20mm_seg35-500-k100,15.585526,11.245984,4.339543,,1.030964,26.192500,1.425018,26.642175,308.574666,none,5348,,,,,,,,,,20.000000,35.000000,500.000000,100.000000,,,,
B21_S10,AdTree calibrated r20mm (AdQSM 999) [calref=min5mm]_seg35-500-k100,2.732524,1.202085,1.530439,,0.351300,26.192500,1.011415,26.642175,308.574666,none,5348,,,,,,,,,999,20.000000,35.000000,500.000000,100.000000,min5mm,,,
B21_S10,AdTree calibrated r20mm (AdQSM 999) [calmethod=regression-perorder]_seg35-500-k100,14.784681,1.202085,13.582597,,0.351300,26.192500,1.011415,26.642175,308.574666,none,5348,,,,,,,,,999,20.000000,35.000000,500.000000,100.000000,regression-perorder,,,
B21_S10,AdTree raw r20mm_seg35-500-k100-wlen,15.585526,11.245984,4.339543,,1.030964,26.192500,1.425018,26.642175,308.574666,none,5348,,,,,,,,,,20.000000,35.000000,500.000000,100.000000,,,,
B21_S10,AdTree calibrated r20mm (AdQSM 999) [calref=min5mm]_seg35-500-k100-wlen,2.092803,1.202085,0.890719,,0.351300,26.192500,1.011415,26.642175,308.574666,none,5348,,,,,,,,,999,20.000000,35.000000,500.000000,100.000000,min5mm,,,
B21_S10,AdTree calibrated r20mm (AdQSM 999) [calmethod=regression-perorder]_seg35-500-k100-wlen,4.265352,1.202085,3.063268,,0.351300,26.192500,1.011415,26.642175,308.574666,none,5348,,,,,,,,,999,20.000000,35.000000,500.000000,100.000000,regression-perorder,,,
B21_S10,AdTree raw r5mm_seg50-500-k50,16.116711,11.265021,4.851690,,1.030964,26.952439,1.383713,27.105302,1342.235837,none,27917,,,,,,,,,,5.000000,50.000000,500.000000,50.000000,,,,
B21_S10,AdTree calibrated r5mm (AdQSM 999) [calref=min5mm]_seg50-500-k50,2.313751,1.203845,1.109907,,0.351303,26.952439,1.006859,27.105302,1342.235837,none,27917,,,,,,,,,999,5.000000,50.000000,500.000000,50.000000,min5mm,,,
B21_S10,AdTree calibrated r5mm (AdQSM 999) [calmethod=regression-perorder]_seg50-500-k50,6.515787,1.203845,5.311942,,0.351303,26.952439,1.006859,27.105302,1342.235837,none,27917,,,,,,,,,999,5.000000,50.000000,500.000000,50.000000,regression-perorder,,,
B21_S10,AdTree raw r5mm_seg50-500-k50-wlen,16.116711,11.265021,4.851690,,1.030964,26.952439,1.383713,27.105302,1342.235837,none,27917,,,,,,,,,,5.000000,50.000000,500.000000,50.000000,,,,
B21_S10,AdTree calibrated r5mm (AdQSM 999) [calref=min5mm]_seg50-500-k50-wlen,2.142212,1.203845,0.938368,,0.351303,26.952439,1.006859,27.105302,1342.235837,none,27917,,,,,,,,,999,5.000000,50.000000,500.000000,50.000000,min5mm,,,
B21_S10,AdTree calibrated r5mm (AdQSM 999) [calmethod=regression-perorder]_seg50-500-k50-wlen,4.310751,1.203845,3.106907,,0.351303,26.952439,1.006859,27.105302,1342.235837,none,27917,,,,,,,,,999,5.000000,50.000000,500.000000,50.000000,regression-perorder,,,
B21_S10,AdTree raw r10mm_seg50-500-k50,15.925555,11.264414,4.661141,,1.030964,26.412470,1.383713,26.689379,642.517077,none,12092,,,,,,,,,,10.000000,50.000000,500.000000,50.000000,,,,
B21_S10,AdTree calibrated r10mm (AdQSM 999) [calref=min5mm]_seg50-500-k50,2.292417,1.203728,1.088689,,0.351303,26.412470,1.006859,26.689379,642.517077,none,12092,,,,,,,,,999,10.000000,50.000000,500.000000,50.000000,min5mm,,,
B21_S10,AdTree calibrated r10mm (AdQSM 999) [calmethod=regression-perorder]_seg50-500-k50,6.452518,1.203728,5.248790,,0.351303,26.412470,1.006859,26.689379,642.517077,none,12092,,,,,,,,,999,10.000000,50.000000,500.000000,50.000000,regression-perorder,,,
B21_S10,AdTree raw r10mm_seg50-500-k50-wlen,15.925555,11.264414,4.661141,,1.030964,26.412470,1.383713,26.689379,642.517077,none,12092,,,,,,,,,,10.000000,50.000000,500.000000,50.000000,,,,
B21_S10,AdTree calibrated r10mm (AdQSM 999) [calref=min5mm]_seg50-500-k50-wlen,2.122677,1.203728,0.918949,,0.351303,26.412470,1.006859,26.689379,642.517077,none,12092,,,,,,,,,999,10.000000,50.000000,500.000000,50.000000,min5mm,,,
B21_S10,AdTree calibrated r10mm (AdQSM 999) [calmethod=regression-perorder]_seg50-500-k50-wlen,4.249340,1.203728,3.045612,,0.351303,26.412470,1.006859,26.689379,642.517077,none,12092,,,,,,,,,999,10.000000,50.000000,500.000000,50.000000,regression-perorder,,,
B21_S10,AdTree raw r15mm_seg50-500-k50,15.766773,11.264414,4.502359,,1.030964,26.310089,1.383713,26.689379,418.221437,none,7395,,,,,,,,,,15.000000,50.000000,500.000000,50.000000,,,,
B21_S10,AdTree calibrated r15mm (AdQSM 999) [calref=min5mm]_seg50-500-k50,2.276824,1.203728,1.073095,,0.351303,26.310089,1.006859,26.689379,418.221437,none,7395,,,,,,,,,999,15.000000,50.000000,500.000000,50.000000,min5mm,,,
B21_S10,AdTree calibrated r15mm (AdQSM 999) [calmethod=regression-perorder]_seg50-500-k50,6.418841,1.203728,5.215113,,0.351303,26.310089,1.006859,26.689379,418.221437,none,7395,,,,,,,,,999,15.000000,50.000000,500.000000,50.000000,regression-perorder,,,
B21_S10,AdTree raw r15mm_seg50-500-k50-wlen,15.766773,11.264414,4.502359,,1.030964,26.310089,1.383713,26.689379,418.221437,none,7395,,,,,,,,,,15.000000,50.000000,500.000000,50.000000,,,,
B21_S10,AdTree calibrated r15mm (AdQSM 999) [calref=min5mm]_seg50-500-k50-wlen,2.108981,1.203728,0.905253,,0.351303,26.310089,1.006859,26.689379,418.221437,none,7395,,,,,,,,,999,15.000000,50.000000,500.000000,50.000000,min5mm,,,
B21_S10,AdTree calibrated r15mm (AdQSM 999) [calmethod=regression-perorder]_seg50-500-k50-wlen,4.217803,1.203728,3.014075,,0.351303,26.310089,1.006859,26.689379,418.221437,none,7395,,,,,,,,,999,15.000000,50.000000,500.000000,50.000000,regression-perorder,,,
B21_S10,AdTree raw r20mm_seg50-500-k50,15.632758,11.264414,4.368344,,1.030964,26.192500,1.383713,26.689379,308.214391,none,5250,,,,,,,,,,20.000000,50.000000,500.000000,50.000000,,,,
B21_S10,AdTree calibrated r20mm (AdQSM 999) [calref=min5mm]_seg50-500-k50,2.263463,1.203728,1.059735,,0.351303,26.192500,1.006859,26.689379,308.214391,none,5250,,,,,,,,,999,20.000000,50.000000,500.000000,50.000000,min5mm,,,
B21_S10,AdTree calibrated r20mm (AdQSM 999) [calmethod=regression-perorder]_seg50-500-k50,6.396316,1.203728,5.192588,,0.351303,26.192500,1.006859,26.689379,308.214391,none,5250,,,,,,,,,999,20.000000,50.000000,500.000000,50.000000,regression-perorder,,,
B21_S10,AdTree raw r20mm_seg50-500-k50-wlen,15.632758,11.264414,4.368344,,1.030964,26.192500,1.383713,26.689379,308.214391,none,5250,,,,,,,,,,20.000000,50.000000,500.000000,50.000000,,,,
B21_S10,AdTree calibrated r20mm (AdQSM 999) [calref=min5mm]_seg50-500-k50-wlen,2.097464,1.203728,0.893736,,0.351303,26.192500,1.006859,26.689379,308.214391,none,5250,,,,,,,,,999,20.000000,50.000000,500.000000,50.000000,min5mm,,,
B21_S10,AdTree calibrated r20mm (AdQSM 999) [calmethod=regression-perorder]_seg50-500-k50-wlen,4.197309,1.203728,2.993581,,0.351303,26.192500,1.006859,26.689379,308.214391,none,5250,,,,,,,,,999,20.000000,50.000000,500.000000,50.000000,regression-perorder,,,
B21_S10,AdTree raw r5mm_seg50-500-k80,16.087459,11.253272,4.834187,,1.030964,26.952439,1.486975,27.081984,1342.125683,none,27624,,,,,,,,,,5.000000,50.000000,500.000000,80.000000,,,,
B21_S10,AdTree calibrated r5mm (AdQSM 999) [calref=min5mm]_seg50-500-k80,2.463798,1.203126,1.260672,,0.351300,26.952439,1.018301,27.081984,1342.125683,none,27624,,,,,,,,,999,5.000000,50.000000,500.000000,80.000000,min5mm,,,
B21_S10,AdTree calibrated r5mm (AdQSM 999) [calmethod=regression-perorder]_seg50-500-k80,8.419004,1.203126,7.215878,,0.351300,26.952439,1.018301,27.081984,1342.125683,none,27624,,,,,,,,,999,5.000000,50.000000,500.000000,80.000000,regression-perorder,,,
B21_S10,AdTree raw r5mm_seg50-500-k80-wlen,16.087459,11.253272,4.834187,,1.030964,26.952439,1.486975,27.081984,1342.125683,none,27624,,,,,,,,,,5.000000,50.000000,500.000000,80.000000,,,,
B21_S10,AdTree calibrated r5mm (AdQSM 999) [calref=min5mm]_seg50-500-k80-wlen,2.139802,1.203126,0.936676,,0.351300,26.952439,1.018301,27.081984,1342.125683,none,27624,,,,,,,,,999,5.000000,50.000000,500.000000,80.000000,min5mm,,,
B21_S10,AdTree calibrated r5mm (AdQSM 999) [calmethod=regression-perorder]_seg50-500-k80-wlen,4.315613,1.203126,3.112487,,0.351300,26.952439,1.018301,27.081984,1342.125683,none,27624,,,,,,,,,999,5.000000,50.000000,500.000000,80.000000,regression-perorder,,,
B21_S10,AdTree raw r10mm_seg50-500-k80,15.896304,11.252666,4.643638,,1.030964,26.412470,1.486975,26.666061,642.406924,none,11799,,,,,,,,,,10.000000,50.000000,500.000000,80.000000,,,,
B21_S10,AdTree calibrated r10mm (AdQSM 999) [calref=min5mm]_seg50-500-k80,2.442287,1.203009,1.239278,,0.351300,26.412470,1.018301,26.666061,642.406924,none,11799,,,,,,,,,999,10.000000,50.000000,500.000000,80.000000,min5mm,,,
B21_S10,AdTree calibrated r10mm (AdQSM 999) [calmethod=regression-perorder]_seg50-500-k80,8.355635,1.203009,7.152626,,0.351300,26.412470,1.018301,26.666061,642.406924,none,11799,,,,,,,,,999,10.000000,50.000000,500.000000,80.000000,regression-perorder,,,
B21_S10,AdTree raw r10mm_seg50-500-k80-wlen,15.896304,11.252666,4.643638,,1.030964,26.412470,1.486975,26.666061,642.406924,none,11799,,,,,,,,,,10.000000,50.000000,500.000000,80.000000,,,,
B21_S10,AdTree calibrated r10mm (AdQSM 999) [calref=min5mm]_seg50-500-k80-wlen,2.120263,1.203009,0.917253,,0.351300,26.412470,1.018301,26.666061,642.406924,none,11799,,,,,,,,,999,10.000000,50.000000,500.000000,80.000000,min5mm,,,
B21_S10,AdTree calibrated r10mm (AdQSM 999) [calmethod=regression-perorder]_seg50-500-k80-wlen,4.254201,1.203009,3.051192,,0.351300,26.412470,1.018301,26.666061,642.406924,none,11799,,,,,,,,,999,10.000000,50.000000,500.000000,80.000000,regression-perorder,,,
B21_S10,AdTree raw r15mm_seg50-500-k80,15.737522,11.252666,4.484856,,1.030964,26.310089,1.486975,26.666061,418.111284,none,7102,,,,,,,,,,15.000000,50.000000,500.000000,80.000000,,,,
B21_S10,AdTree calibrated r15mm (AdQSM 999) [calref=min5mm]_seg50-500-k80,2.426334,1.203009,1.223325,,0.351300,26.310089,1.018301,26.666061,418.111284,none,7102,,,,,,,,,999,15.000000,50.000000,500.000000,80.000000,min5mm,,,
B21_S10,AdTree calibrated r15mm (AdQSM 999) [calmethod=regression-perorder]_seg50-500-k80,8.321677,1.203009,7.118667,,0.351300,26.310089,1.018301,26.666061,418.111284,none,7102,,,,,,,,,999,15.000000,50.000000,500.000000,80.000000,regression-perorder,,,
B21_S10,AdTree raw r15mm_seg50-500-k80-wlen,15.737522,11.252666,4.484856,,1.030964,26.310089,1.486975,26.666061,418.111284,none,7102,,,,,,,,,,15.000000,50.000000,500.000000,80.000000,,,,
B21_S10,AdTree calibrated r15mm (AdQSM 999) [calref=min5mm]_seg50-500-k80-wlen,2.106559,1.203009,0.903550,,0.351300,26.310089,1.018301,26.666061,418.111284,none,7102,,,,,,,,,999,15.000000,50.000000,500.000000,80.000000,min5mm,,,
B21_S10,AdTree calibrated r15mm (AdQSM 999) [calmethod=regression-perorder]_seg50-500-k80-wlen,4.222658,1.203009,3.019649,,0.351300,26.310089,1.018301,26.666061,418.111284,none,7102,,,,,,,,,999,15.000000,50.000000,500.000000,80.000000,regression-perorder,,,
B21_S10,AdTree raw r20mm_seg50-500-k80,15.603505,11.252666,4.350839,,1.030964,26.192500,1.486975,26.666061,308.103029,none,4956,,,,,,,,,,20.000000,50.000000,500.000000,80.000000,,,,
B21_S10,AdTree calibrated r20mm (AdQSM 999) [calref=min5mm]_seg50-500-k80,2.412461,1.203009,1.209452,,0.351300,26.192500,1.018301,26.666061,308.103029,none,4956,,,,,,,,,999,20.000000,50.000000,500.000000,80.000000,min5mm,,,
B21_S10,AdTree calibrated r20mm (AdQSM 999) [calmethod=regression-perorder]_seg50-500-k80,8.298779,1.203009,7.095769,,0.351300,26.192500,1.018301,26.666061,308.103029,none,4956,,,,,,,,,999,20.000000,50.000000,500.000000,80.000000,regression-perorder,,,
B21_S10,AdTree raw r20mm_seg50-500-k80-wlen,15.603505,11.252666,4.350839,,1.030964,26.192500,1.486975,26.666061,308.103029,none,4956,,,,,,,,,,20.000000,50.000000,500.000000,80.000000,,,,
B21_S10,AdTree calibrated r20mm (AdQSM 999) [calref=min5mm]_seg50-500-k80-wlen,2.095032,1.203009,0.892023,,0.351300,26.192500,1.018301,26.666061,308.103029,none,4956,,,,,,,,,999,20.000000,50.000000,500.000000,80.000000,min5mm,,,
B21_S10,AdTree calibrated r20mm (AdQSM 999) [calmethod=regression-perorder]_seg50-500-k80-wlen,4.202158,1.203009,2.999148,,0.351300,26.192500,1.018301,26.666061,308.103029,none,4956,,,,,,,,,999,20.000000,50.000000,500.000000,80.000000,regression-perorder,,,
B21_S10,AdTree raw r5mm_seg50-500-k100,16.068724,11.246591,4.822132,,1.030964,26.952439,1.425018,27.057734,1342.044459,none,27405,,,,,,,,,,5.000000,50.000000,500.000000,100.000000,,,,
B21_S10,AdTree calibrated r5mm (AdQSM 999) [calref=min5mm]_seg50-500-k100,2.588483,1.202201,1.386282,,0.351300,26.952439,1.011415,27.057734,1342.044459,none,27405,,,,,,,,,999,5.000000,50.000000,500.000000,100.000000,min5mm,,,
B21_S10,AdTree calibrated r5mm (AdQSM 999) [calmethod=regression-perorder]_seg50-500-k100,10.281349,1.202201,9.079148,,0.351300,26.952439,1.011415,27.057734,1342.044459,none,27405,,,,,,,,,999,5.000000,50.000000,500.000000,100.000000,regression-perorder,,,
B21_S10,AdTree raw r5mm_seg50-500-k100-wlen,16.068724,11.246591,4.822132,,1.030964,26.952439,1.425018,27.057734,1342.044459,none,27405,,,,,,,,,,5.000000,50.000000,500.000000,100.000000,,,,
B21_S10,AdTree calibrated r5mm (AdQSM 999) [calref=min5mm]_seg50-500-k100-wlen,2.134486,1.202201,0.932285,,0.351300,26.952439,1.011415,27.057734,1342.044459,none,27405,,,,,,,,,999,5.000000,50.000000,500.000000,100.000000,min5mm,,,
B21_S10,AdTree calibrated r5mm (AdQSM 999) [calmethod=regression-perorder]_seg50-500-k100-wlen,4.352615,1.202201,3.150414,,0.351300,26.952439,1.011415,27.057734,1342.044459,none,27405,,,,,,,,,999,5.000000,50.000000,500.000000,100.000000,regression-perorder,,,
B21_S10,AdTree raw r10mm_seg50-500-k100,15.877568,11.245985,4.631583,,1.030964,26.412470,1.425018,26.641811,642.325699,none,11580,,,,,,,,,,10.000000,50.000000,500.000000,100.000000,,,,
B21_S10,AdTree calibrated r10mm (AdQSM 999) [calref=min5mm]_seg50-500-k100,2.566821,1.202084,1.364736,,0.351300,26.412470,1.011415,26.641811,642.325699,none,11580,,,,,,,,,999,10.000000,50.000000,500.000000,100.000000,min5mm,,,
B21_S10,AdTree calibrated r10mm (AdQSM 999) [calmethod=regression-perorder]_seg50-500-k100,10.217840,1.202084,9.015755,,0.351300,26.412470,1.011415,26.641811,642.325699,none,11580,,,,,,,,,999,10.000000,50.000000,500.000000,100.000000,regression-perorder,,,
B21_S10,AdTree raw r10mm_seg50-500-k100-wlen,15.877568,11.245985,4.631583,,1.030964,26.412470,1.425018,26.641811,642.325699,none,11580,,,,,,,,,,10.000000,50.000000,500.000000,100.000000,,,,
B21_S10,AdTree calibrated r10mm (AdQSM 999) [calref=min5mm]_seg50-500-k100-wlen,2.114948,1.202084,0.912864,,0.351300,26.412470,1.011415,26.641811,642.325699,none,11580,,,,,,,,,999,10.000000,50.000000,500.000000,100.000000,min5mm,,,
B21_S10,AdTree calibrated r10mm (AdQSM 999) [calmethod=regression-perorder]_seg50-500-k100-wlen,4.291204,1.202084,3.089119,,0.351300,26.412470,1.011415,26.641811,642.325699,none,11580,,,,,,,,,999,10.000000,50.000000,500.000000,100.000000,regression-perorder,,,
B21_S10,AdTree raw r15mm_seg50-500-k100,15.718796,11.245985,4.472811,,1.030964,26.310089,1.425018,26.641811,418.030082,none,6884,,,,,,,,,,15.000000,50.000000,500.000000,100.000000,,,,
B21_S10,AdTree calibrated r15mm (AdQSM 999) [calref=min5mm]_seg50-500-k100,2.550564,1.202084,1.348480,,0.351300,26.310089,1.011415,26.641811,418.030082,none,6884,,,,,,,,,999,15.000000,50.000000,500.000000,100.000000,min5mm,,,
B21_S10,AdTree calibrated r15mm (AdQSM 999) [calmethod=regression-perorder]_seg50-500-k100,10.183553,1.202084,8.981469,,0.351300,26.310089,1.011415,26.641811,418.030082,none,6884,,,,,,,,,999,15.000000,50.000000,500.000000,100.000000,regression-perorder,,,
B21_S10,AdTree raw r15mm_seg50-500-k100-wlen,15.718796,11.245985,4.472811,,1.030964,26.310089,1.425018,26.641811,418.030082,none,6884,,,,,,,,,,15.000000,50.000000,500.000000,100.000000,,,,
B21_S10,AdTree calibrated r15mm (AdQSM 999) [calref=min5mm]_seg50-500-k100-wlen,2.101248,1.202084,0.899164,,0.351300,26.310089,1.011415,26.641811,418.030082,none,6884,,,,,,,,,999,15.000000,50.000000,500.000000,100.000000,min5mm,,,
B21_S10,AdTree calibrated r15mm (AdQSM 999) [calmethod=regression-perorder]_seg50-500-k100-wlen,4.259661,1.202084,3.057577,,0.351300,26.310089,1.011415,26.641811,418.030082,none,6884,,,,,,,,,999,15.000000,50.000000,500.000000,100.000000,regression-perorder,,,
B21_S10,AdTree raw r20mm_seg50-500-k100,15.584758,11.245985,4.338773,,1.030964,26.192500,1.425018,26.641811,308.021137,none,4736,,,,,,,,,,20.000000,50.000000,500.000000,100.000000,,,,
B21_S10,AdTree calibrated r20mm (AdQSM 999) [calref=min5mm]_seg50-500-k100,2.536258,1.202084,1.334174,,0.351300,26.192500,1.011415,26.641811,308.021137,none,4736,,,,,,,,,999,20.000000,50.000000,500.000000,100.000000,min5mm,,,
B21_S10,AdTree calibrated r20mm (AdQSM 999) [calmethod=regression-perorder]_seg50-500-k100,10.160230,1.202084,8.958145,,0.351300,26.192500,1.011415,26.641811,308.021137,none,4736,,,,,,,,,999,20.000000,50.000000,500.000000,100.000000,regression-perorder,,,
B21_S10,AdTree raw r20mm_seg50-500-k100-wlen,15.584758,11.245985,4.338773,,1.030964,26.192500,1.425018,26.641811,308.021137,none,4736,,,,,,,,,,20.000000,50.000000,500.000000,100.000000,,,,
B21_S10,AdTree calibrated r20mm (AdQSM 999) [calref=min5mm]_seg50-500-k100-wlen,2.089723,1.202084,0.887639,,0.351300,26.192500,1.011415,26.641811,308.021137,none,4736,,,,,,,,,999,20.000000,50.000000,500.000000,100.000000,min5mm,,,
B21_S10,AdTree calibrated r20mm (AdQSM 999) [calmethod=regression-perorder]_seg50-500-k100-wlen,4.239157,1.202084,3.037072,,0.351300,26.192500,1.011415,26.641811,308.021137,none,4736,,,,,,,,,999,20.000000,50.000000,500.000000,100.000000,regression-perorder,,,
B21_S10,AdTree raw r5mm_seg65-500-k50,16.101691,11.264524,4.837167,,1.030964,26.952470,1.383713,27.103242,1334.674722,none,24935,,,,,,,,,,5.000000,65.000000,500.000000,50.000000,,,,
B21_S10,AdTree calibrated r5mm (AdQSM 999) [calref=min5mm]_seg65-500-k50,2.378981,1.203840,1.175141,,0.351303,26.952470,1.006859,27.103242,1334.674722,none,24935,,,,,,,,,999,5.000000,65.000000,500.000000,50.000000,min5mm,,,
B21_S10,AdTree calibrated r5mm (AdQSM 999) [calmethod=regression-perorder]_seg65-500-k50,4.986583,1.203840,3.782743,,0.351303,26.952470,1.006859,27.103242,1334.674722,none,24935,,,,,,,,,999,5.000000,65.000000,500.000000,50.000000,regression-perorder,,,
B21_S10,AdTree raw r5mm_seg65-500-k50-wlen,16.101691,11.264524,4.837167,,1.030964,26.952470,1.383713,27.103242,1334.674722,none,24935,,,,,,,,,,5.000000,65.000000,500.000000,50.000000,,,,
B21_S10,AdTree calibrated r5mm (AdQSM 999) [calref=min5mm]_seg65-500-k50-wlen,2.145484,1.203840,0.941644,,0.351303,26.952470,1.006859,27.103242,1334.674722,none,24935,,,,,,,,,999,5.000000,65.000000,500.000000,50.000000,min5mm,,,
B21_S10,AdTree calibrated r5mm (AdQSM 999) [calmethod=regression-perorder]_seg65-500-k50-wlen,4.315783,1.203840,3.111942,,0.351303,26.952470,1.006859,27.103242,1334.674722,none,24935,,,,,,,,,999,5.000000,65.000000,500.000000,50.000000,regression-perorder,,,
B21_S10,AdTree raw r10mm_seg65-500-k50,15.914010,11.263918,4.650092,,1.030964,26.412470,1.383713,26.687319,639.027278,none,10413,,,,,,,,,,10.000000,65.000000,500.000000,50.000000,,,,
B21_S10,AdTree calibrated r10mm (AdQSM 999) [calref=min5mm]_seg65-500-k50,2.357637,1.203724,1.153913,,0.351303,26.412470,1.006859,26.687319,639.027278,none,10413,,,,,,,,,999,10.000000,65.000000,500.000000,50.000000,min5mm,,,
B21_S10,AdTree calibrated r10mm (AdQSM 999) [calmethod=regression-perorder]_seg65-500-k50,4.922713,1.203724,3.718989,,0.351303,26.412470,1.006859,26.687319,639.027278,none,10413,,,,,,,,,999,10.000000,65.000000,500.000000,50.000000,regression-perorder,,,
B21_S10,AdTree raw r10mm_seg65-500-k50-wlen,15.914010,11.263918,4.650092,,1.030964,26.412470,1.383713,26.687319,639.027278,none,10413,,,,,,,,,,10.000000,65.000000,500.000000,50.000000,,,,
B21_S10,AdTree calibrated r10mm (AdQSM 999) [calref=min5mm]_seg65-500-k50-wlen,2.126330,1.203724,0.922606,,0.351303,26.412470,1.006859,26.687319,639.027278,none,10413,,,,,,,,,999,10.000000,65.000000,500.000000,50.000000,min5mm,,,
B21_S10,AdTree calibrated r10mm (AdQSM 999) [calmethod=regression-perorder]_seg65-500-k50-wlen,4.254133,1.203724,3.050409,,0.351303,26.412470,1.006859,26.687319,639.027278,none,10413,,,,,,,,,999,10.000000,65.000000,500.000000,50.000000,regression-perorder,,,
B21_S10,AdTree raw r15mm_seg65-500-k50,15.760194,11.263918,4.496276,,1.030964,26.310089,1.383713,26.687319,416.359283,none,6211,,,,,,,,,,15.000000,65.000000,500.000000,50.000000,,,,
B21_S10,AdTree calibrated r15mm (AdQSM 999) [calref=min5mm]_seg65-500-k50,2.342648,1.203724,1.138924,,0.351303,26.310089,1.006859,26.687319,416.359283,none,6211,,,,,,,,,999,15.000000,65.000000,500.000000,50.000000,min5mm,,,
B21_S10,AdTree calibrated r15mm (AdQSM 999) [calmethod=regression-perorder]_seg65-500-k50,4.890601,1.203724,3.686877,,0.351303,26.310089,1.006859,26.687319,416.359283,none,6211,,,,,,,,,999,15.000000,65.000000,500.000000,50.000000,regression-perorder,,,
B21_S10,AdTree raw r15mm_seg65-500-k50-wlen,15.760194,11.263918,4.496276,,1.030964,26.310089,1.383713,26.687319,416.359283,none,6211,,,,,,,,,,15.000000,65.000000,500.000000,50.000000,,,,
B21_S10,AdTree calibrated r15mm (AdQSM 999) [calref=min5mm]_seg65-500-k50-wlen,2.113647,1.203724,0.909923,,0.351303,26.310089,1.006859,26.687319,416.359283,none,6211,,,,,,,,,999,15.000000,65.000000,500.000000,50.000000,min5mm,,,
B21_S10,AdTree calibrated r15mm (AdQSM 999) [calmethod=regression-perorder]_seg65-500-k50-wlen,4.224377,1.203724,3.020653,,0.351303,26.310089,1.006859,26.687319,416.359283,none,6211,,,,,,,,,999,15.000000,65.000000,500.000000,50.000000,regression-perorder,,,
B21_S10,AdTree raw r20mm_seg65-500-k50,15.627573,11.263918,4.363654,,1.030964,26.192500,1.383713,26.687319,307.019331,none,4300,,,,,,,,,,20.000000,65.000000,500.000000,50.000000,,,,
B21_S10,AdTree calibrated r20mm (AdQSM 999) [calref=min5mm]_seg65-500-k50,2.328829,1.203724,1.125105,,0.351303,26.192500,1.006859,26.687319,307.019331,none,4300,,,,,,,,,999,20.000000,65.000000,500.000000,50.000000,min5mm,,,
B21_S10,AdTree calibrated r20mm (AdQSM 999) [calmethod=regression-perorder]_seg65-500-k50,4.866789,1.203724,3.663065,,0.351303,26.192500,1.006859,26.687319,307.019331,none,4300,,,,,,,,,999,20.000000,65.000000,500.000000,50.000000,regression-perorder,,,
B21_S10,AdTree raw r20mm_seg65-500-k50-wlen,15.627573,11.263918,4.363654,,1.030964,26.192500,1.383713,26.687319,307.019331,none,4300,,,,,,,,,,20.000000,65.000000,500.000000,50.000000,,,,
B21_S10,AdTree calibrated r20mm (AdQSM 999) [calref=min5mm]_seg65-500-k50-wlen,2.102332,1.203724,0.898608,,0.351303,26.192500,1.006859,26.687319,307.019331,none,4300,,,,,,,,,999,20.000000,65.000000,500.000000,50.000000,min5mm,,,
B21_S10,AdTree calibrated r20mm (AdQSM 999) [calmethod=regression-perorder]_seg65-500-k50-wlen,4.203620,1.203724,2.999896,,0.351303,26.192500,1.006859,26.687319,307.019331,none,4300,,,,,,,,,999,20.000000,65.000000,500.000000,50.000000,regression-perorder,,,
B21_S10,AdTree raw r5mm_seg65-500-k80,16.074817,11.253080,4.821737,,1.030964,26.952470,1.486975,27.081143,1334.594893,none,24848,,,,,,,,,,5.000000,65.000000,500.000000,80.000000,,,,
B21_S10,AdTree calibrated r5mm (AdQSM 999) [calref=min5mm]_seg65-500-k80,2.442679,1.203124,1.239555,,0.351300,26.952470,1.018301,27.081143,1334.594893,none,24848,,,,,,,,,999,5.000000,65.000000,500.000000,80.000000,min5mm,,,
B21_S10,AdTree calibrated r5mm (AdQSM 999) [calmethod=regression-perorder]_seg65-500-k80,6.157666,1.203124,4.954542,,0.351300,26.952470,1.018301,27.081143,1334.594893,none,24848,,,,,,,,,999,5.000000,65.000000,500.000000,80.000000,regression-perorder,,,
B21_S10,AdTree raw r5mm_seg65-500-k80-wlen,16.074817,11.253080,4.821737,,1.030964,26.952470,1.486975,27.081143,1334.594893,none,24848,,,,,,,,,,5.000000,65.000000,500.000000,80.000000,,,,
B21_S10,AdTree calibrated r5mm (AdQSM 999) [calref=min5mm]_seg65-500-k80-wlen,2.142196,1.203124,0.939071,,0.351300,26.952470,1.018301,27.081143,1334.594893,none,24848,,,,,,,,,999,5.000000,65.000000,500.000000,80.000000,min5mm,,,
B21_S10,AdTree calibrated r5mm (AdQSM 999) [calmethod=regression-perorder]_seg65-500-k80-wlen,4.343455,1.203124,3.140330,,0.351300,26.952470,1.018301,27.081143,1334.594893,none,24848,,,,,,,,,999,5.000000,65.000000,500.000000,80.000000,regression-perorder,,,
B21_S10,AdTree raw r10mm_seg65-500-k80,15.887135,11.252473,4.634662,,1.030964,26.412470,1.486975,26.665220,638.947450,none,10326,,,,,,,,,,10.000000,65.000000,500.000000,80.000000,,,,
B21_S10,AdTree calibrated r10mm (AdQSM 999) [calref=min5mm]_seg65-500-k80,2.421283,1.203008,1.218275,,0.351300,26.412470,1.018301,26.665220,638.947450,none,10326,,,,,,,,,999,10.000000,65.000000,500.000000,80.000000,min5mm,,,
B21_S10,AdTree calibrated r10mm (AdQSM 999) [calmethod=regression-perorder]_seg65-500-k80,6.093822,1.203008,4.890814,,0.351300,26.412470,1.018301,26.665220,638.947450,none,10326,,,,,,,,,999,10.000000,65.000000,500.000000,80.000000,regression-perorder,,,
B21_S10,AdTree raw r10mm_seg65-500-k80-wlen,15.887135,11.252473,4.634662,,1.030964,26.412470,1.486975,26.665220,638.947450,none,10326,,,,,,,,,,10.000000,65.000000,500.000000,80.000000,,,,
B21_S10,AdTree calibrated r10mm (AdQSM 999) [calref=min5mm]_seg65-500-k80-wlen,2.123041,1.203008,0.920033,,0.351300,26.412470,1.018301,26.665220,638.947450,none,10326,,,,,,,,,999,10.000000,65.000000,500.000000,80.000000,min5mm,,,
B21_S10,AdTree calibrated r10mm (AdQSM 999) [calmethod=regression-perorder]_seg65-500-k80-wlen,4.281808,1.203008,3.078800,,0.351300,26.412470,1.018301,26.665220,638.947450,none,10326,,,,,,,,,999,10.000000,65.000000,500.000000,80.000000,regression-perorder,,,
B21_S10,AdTree raw r15mm_seg65-500-k80,15.730856,11.252473,4.478383,,1.030964,26.310089,1.486975,26.665220,416.282009,none,6124,,,,,,,,,,15.000000,65.000000,500.000000,80.000000,,,,
B21_S10,AdTree calibrated r15mm (AdQSM 999) [calref=min5mm]_seg65-500-k80,2.405380,1.203008,1.202372,,0.351300,26.310089,1.018301,26.665220,416.282009,none,6124,,,,,,,,,999,15.000000,65.000000,500.000000,80.000000,min5mm,,,
B21_S10,AdTree calibrated r15mm (AdQSM 999) [calmethod=regression-perorder]_seg65-500-k80,6.059263,1.203008,4.856255,,0.351300,26.310089,1.018301,26.665220,416.282009,none,6124,,,,,,,,,999,15.000000,65.000000,500.000000,80.000000,regression-perorder,,,
B21_S10,AdTree raw r15mm_seg65-500-k80-wlen,15.730856,11.252473,4.478383,,1.030964,26.310089,1.486975,26.665220,416.282009,none,6124,,,,,,,,,,15.000000,65.000000,500.000000,80.000000,,,,
B21_S10,AdTree calibrated r15mm (AdQSM 999) [calref=min5mm]_seg65-500-k80-wlen,2.109712,1.203008,0.906704,,0.351300,26.310089,1.018301,26.665220,416.282009,none,6124,,,,,,,,,999,15.000000,65.000000,500.000000,80.000000,min5mm,,,
B21_S10,AdTree calibrated r15mm (AdQSM 999) [calmethod=regression-perorder]_seg65-500-k80-wlen,4.250131,1.203008,3.047123,,0.351300,26.310089,1.018301,26.665220,416.282009,none,6124,,,,,,,,,999,15.000000,65.000000,500.000000,80.000000,regression-perorder,,,
B21_S10,AdTree raw r20mm_seg65-500-k80,15.598235,11.252473,4.345761,,1.030964,26.192500,1.486975,26.665220,306.942057,none,4213,,,,,,,,,,20.000000,65.000000,500.000000,80.000000,,,,
B21_S10,AdTree calibrated r20mm (AdQSM 999) [calref=min5mm]_seg65-500-k80,2.391383,1.203008,1.188375,,0.351300,26.192500,1.018301,26.665220,306.942057,none,4213,,,,,,,,,999,20.000000,65.000000,500.000000,80.000000,min5mm,,,
B21_S10,AdTree calibrated r20mm (AdQSM 999) [calmethod=regression-perorder]_seg65-500-k80,6.035459,1.203008,4.832451,,0.351300,26.192500,1.018301,26.665220,306.942057,none,4213,,,,,,,,,999,20.000000,65.000000,500.000000,80.000000,regression-perorder,,,
B21_S10,AdTree raw r20mm_seg65-500-k80-wlen,15.598235,11.252473,4.345761,,1.030964,26.192500,1.486975,26.665220,306.942057,none,4213,,,,,,,,,,20.000000,65.000000,500.000000,80.000000,,,,
B21_S10,AdTree calibrated r20mm (AdQSM 999) [calref=min5mm]_seg65-500-k80-wlen,2.098395,1.203008,0.895387,,0.351300,26.192500,1.018301,26.665220,306.942057,none,4213,,,,,,,,,999,20.000000,65.000000,500.000000,80.000000,min5mm,,,
B21_S10,AdTree calibrated r20mm (AdQSM 999) [calmethod=regression-perorder]_seg65-500-k80-wlen,4.229378,1.203008,3.026370,,0.351300,26.192500,1.018301,26.665220,306.942057,none,4213,,,,,,,,,999,20.000000,65.000000,500.000000,80.000000,regression-perorder,,,
B21_S10,AdTree raw r5mm_seg65-500-k100,16.058253,11.246406,4.811847,,1.030964,26.952470,1.425018,27.057275,1334.539106,none,24777,,,,,,,,,,5.000000,65.000000,500.000000,100.000000,,,,
B21_S10,AdTree calibrated r5mm (AdQSM 999) [calref=min5mm]_seg65-500-k100,2.500134,1.202200,1.297934,,0.351300,26.952470,1.011415,27.057275,1334.539106,none,24777,,,,,,,,,999,5.000000,65.000000,500.000000,100.000000,min5mm,,,
B21_S10,AdTree calibrated r5mm (AdQSM 999) [calmethod=regression-perorder]_seg65-500-k100,7.366497,1.202200,6.164297,,0.351300,26.952470,1.011415,27.057275,1334.539106,none,24777,,,,,,,,,999,5.000000,65.000000,500.000000,100.000000,regression-perorder,,,
B21_S10,AdTree raw r5mm_seg65-500-k100-wlen,16.058253,11.246406,4.811847,,1.030964,26.952470,1.425018,27.057275,1334.539106,none,24777,,,,,,,,,,5.000000,65.000000,500.000000,100.000000,,,,
B21_S10,AdTree calibrated r5mm (AdQSM 999) [calref=min5mm]_seg65-500-k100-wlen,2.136866,1.202200,0.934666,,0.351300,26.952470,1.011415,27.057275,1334.539106,none,24777,,,,,,,,,999,5.000000,65.000000,500.000000,100.000000,min5mm,,,
B21_S10,AdTree calibrated r5mm (AdQSM 999) [calmethod=regression-perorder]_seg65-500-k100-wlen,4.324734,1.202200,3.122534,,0.351300,26.952470,1.011415,27.057275,1334.539106,none,24777,,,,,,,,,999,5.000000,65.000000,500.000000,100.000000,regression-perorder,,,
B21_S10,AdTree raw r10mm_seg65-500-k100,15.870571,11.245799,4.624772,,1.030964,26.412470,1.425018,26.641352,638.891662,none,10255,,,,,,,,,,10.000000,65.000000,500.000000,100.000000,,,,
B21_S10,AdTree calibrated r10mm (AdQSM 999) [calref=min5mm]_seg65-500-k100,2.478685,1.202084,1.276602,,0.351300,26.412470,1.011415,26.641352,638.891662,none,10255,,,,,,,,,999,10.000000,65.000000,500.000000,100.000000,min5mm,,,
B21_S10,AdTree calibrated r10mm (AdQSM 999) [calmethod=regression-perorder]_seg65-500-k100,7.302661,1.202084,6.100577,,0.351300,26.412470,1.011415,26.641352,638.891662,none,10255,,,,,,,,,999,10.000000,65.000000,500.000000,100.000000,regression-perorder,,,
B21_S10,AdTree raw r10mm_seg65-500-k100-wlen,15.870571,11.245799,4.624772,,1.030964,26.412470,1.425018,26.641352,638.891662,none,10255,,,,,,,,,,10.000000,65.000000,500.000000,100.000000,,,,
B21_S10,AdTree calibrated r10mm (AdQSM 999) [calref=min5mm]_seg65-500-k100-wlen,2.117712,1.202084,0.915628,,0.351300,26.412470,1.011415,26.641352,638.891662,none,10255,,,,,,,,,999,10.000000,65.000000,500.000000,100.000000,min5mm,,,
B21_S10,AdTree calibrated r10mm (AdQSM 999) [calmethod=regression-perorder]_seg65-500-k100-wlen,4.263089,1.202084,3.061005,,0.351300,26.412470,1.011415,26.641352,638.891662,none,10255,,,,,,,,,999,10.000000,65.000000,500.000000,100.000000,regression-perorder,,,
B21_S10,AdTree raw r15mm_seg65-500-k100,15.714293,11.245799,4.468493,,1.030964,26.310089,1.425018,26.641352,416.226221,none,6053,,,,,,,,,,15.000000,65.000000,500.000000,100.000000,,,,
B21_S10,AdTree calibrated r15mm (AdQSM 999) [calref=min5mm]_seg65-500-k100,2.462674,1.202084,1.260590,,0.351300,26.310089,1.011415,26.641352,416.226221,none,6053,,,,,,,,,999,15.000000,65.000000,500.000000,100.000000,min5mm,,,
B21_S10,AdTree calibrated r15mm (AdQSM 999) [calmethod=regression-perorder]_seg65-500-k100,7.268090,1.202084,6.066006,,0.351300,26.310089,1.011415,26.641352,416.226221,none,6053,,,,,,,,,999,15.000000,65.000000,500.000000,100.000000,regression-perorder,,,
B21_S10,AdTree raw r15mm_seg65-500-k100-wlen,15.714293,11.245799,4.468493,,1.030964,26.310089,1.425018,26.641352,416.226221,none,6053,,,,,,,,,,15.000000,65.000000,500.000000,100.000000,,,,
B21_S10,AdTree calibrated r15mm (AdQSM 999) [calref=min5mm]_seg65-500-k100-wlen,2.104386,1.202084,0.902303,,0.351300,26.310089,1.011415,26.641352,416.226221,none,6053,,,,,,,,,999,15.000000,65.000000,500.000000,100.000000,min5mm,,,
B21_S10,AdTree calibrated r15mm (AdQSM 999) [calmethod=regression-perorder]_seg65-500-k100-wlen,4.231416,1.202084,3.029333,,0.351300,26.310089,1.011415,26.641352,416.226221,none,6053,,,,,,,,,999,15.000000,65.000000,500.000000,100.000000,regression-perorder,,,
B21_S10,AdTree raw r20mm_seg65-500-k100,15.581671,11.245799,4.335872,,1.030964,26.192500,1.425018,26.641352,306.886269,none,4142,,,,,,,,,,20.000000,65.000000,500.000000,100.000000,,,,
B21_S10,AdTree calibrated r20mm (AdQSM 999) [calref=min5mm]_seg65-500-k100,2.448503,1.202084,1.246419,,0.351300,26.192500,1.011415,26.641352,306.886269,none,4142,,,,,,,,,999,20.000000,65.000000,500.000000,100.000000,min5mm,,,
B21_S10,AdTree calibrated r20mm (AdQSM 999) [calmethod=regression-perorder]_seg65-500-k100,7.244246,1.202084,6.042163,,0.351300,26.192500,1.011415,26.641352,306.886269,none,4142,,,,,,,,,999,20.000000,65.000000,500.000000,100.000000,regression-perorder,,,
B21_S10,AdTree raw r20mm_seg65-500-k100-wlen,15.581671,11.245799,4.335872,,1.030964,26.192500,1.425018,26.641352,306.886269,none,4142,,,,,,,,,,20.000000,65.000000,500.000000,100.000000,,,,
B21_S10,AdTree calibrated r20mm (AdQSM 999) [calref=min5mm]_seg65-500-k100-wlen,2.093073,1.202084,0.890990,,0.351300,26.192500,1.011415,26.641352,306.886269,none,4142,,,,,,,,,999,20.000000,65.000000,500.000000,100.000000,min5mm,,,
B21_S10,AdTree calibrated r20mm (AdQSM 999) [calmethod=regression-perorder]_seg65-500-k100-wlen,4.210672,1.202084,3.008588,,0.351300,26.192500,1.011415,26.641352,306.886269,none,4142,,,,,,,,,999,20.000000,65.000000,500.000000,100.000000,regression-perorder,,,
B21_S10,"TreeQSM mine (aut_mo9_sr005_ri0, Optimal)",9.739527,1.643600,8.095927,0.307047,0.375598,27.310583,0.498507,26.967752,1705.651123,none,10182,auto,0.048981,0.017942,0.088165,0.002500,9.000000,0.005000,0.000000,,,,,,,0.025427,0.019464,0.025512
B21_S10,"TreeQSM mine (aut_mo9_sr005_ri0, Simplified (no islands))",9.707513,1.625026,8.082488,,0.375598,27.310583,0.498507,26.967752,1705.651123,none,10263,auto,0.048981,0.017942,0.088165,0.002500,9.000000,0.005000,0.000000,,,,,,,0.025427,0.019464,0.025512
B21_S10,"TreeQSM mine (man_pd05-002-09_mo9_sr005_ri0, Optimal)",5.814084,1.422961,4.391124,0.294937,0.368576,27.367466,0.697175,24.582327,2215.815430,none,18543,manual,0.050000,0.002000,0.090000,0.002500,9.000000,0.005000,0.000000,,,,,,,0.023789,0.022284,0.023820
B21_S10,"TreeQSM mine (man_pd05-002-09_mo9_sr005_ri0, Simplified (no islands))",6.295215,1.464216,4.830999,,0.368576,27.367466,0.697175,24.582327,2215.815430,none,18443,manual,0.050000,0.002000,0.090000,0.002500,9.000000,0.005000,0.000000,,,,,,,0.023789,0.022284,0.023820
B21_S10,"TreeQSM mine (man_pd05-002-09_mo9_sr005_ri1, Optimal)",5.814084,1.422961,4.391124,0.294937,0.368576,27.367466,0.697175,24.582327,2215.815430,none,18543,manual,0.050000,0.002000,0.090000,0.002500,9.000000,0.005000,1.000000,,,,,,,0.023789,0.022284,0.023820
B21_S10,"TreeQSM mine (man_pd05-002-09_mo9_sr005_ri1, Simplified (no islands))",6.330663,1.464216,4.866447,,0.368576,27.367466,0.697175,24.582327,2215.815430,none,9889,manual,0.050000,0.002000,0.090000,0.002500,9.000000,0.005000,1.000000,,,,,,,0.023789,0.022284,0.023820
B21_S10,"TreeQSM mine (man_pd05-002-09_mo9_sr005_ri2, Optimal)",5.814084,1.422961,4.391124,0.294937,0.368576,27.367466,0.697175,24.582327,2215.815430,none,18543,manual,0.050000,0.002000,0.090000,0.002500,9.000000,0.005000,2.000000,,,,,,,0.023789,0.022284,0.023820
B21_S10,"TreeQSM mine (man_pd05-002-09_mo9_sr005_ri2, Simplified (no islands))",6.390728,1.464216,4.926511,,0.368576,27.367466,0.697175,24.582327,2215.815430,none,5531,manual,0.050000,0.002000,0.090000,0.002500,9.000000,0.005000,2.000000,,,,,,,0.023789,0.022284,0.023820
B21_S10,"TreeQSM mine (man_pd05-002-09_mo9_sr005_ri3, Optimal)",5.814084,1.422961,4.391124,0.294937,0.368576,27.367466,0.697175,24.582327,2215.815430,none,18543,manual,0.050000,0.002000,0.090000,0.002500,9.000000,0.005000,3.000000,,,,,,,0.023789,0.022284,0.023820
B21_S10,"TreeQSM mine (man_pd05-002-09_mo9_sr005_ri3, Simplified (no islands))",6.498333,1.464216,5.034117,,0.368576,27.367466,0.697175,24.582327,2215.815430,none,3467,manual,0.050000,0.002000,0.090000,0.002500,9.000000,0.005000,3.000000,,,,,,,0.023789,0.022284,0.023820
B21_S10,"TreeQSM mine (man_pd05-002-09_mo9_sr010_ri0, Optimal)",5.814084,1.422961,4.391124,0.294937,0.368576,27.367466,0.697175,24.582327,2215.815430,none,18543,manual,0.050000,0.002000,0.090000,0.002500,9.000000,0.010000,0.000000,,,,,,,0.023789,0.022284,0.023820
B21_S10,"TreeQSM mine (man_pd05-002-09_mo9_sr010_ri0, Simplified (no islands))",6.291108,1.464216,4.826892,,0.368576,27.367466,0.697175,24.582327,2215.815430,none,18244,manual,0.050000,0.002000,0.090000,0.002500,9.000000,0.010000,0.000000,,,,,,,0.023789,0.022284,0.023820
B21_S10,"TreeQSM mine (man_pd05-002-09_mo9_sr010_ri1, Optimal)",5.814084,1.422961,4.391124,0.294937,0.368576,27.367466,0.697175,24.582327,2215.815430,none,18543,manual,0.050000,0.002000,0.090000,0.002500,9.000000,0.010000,1.000000,,,,,,,0.023789,0.022284,0.023820
B21_S10,"TreeQSM mine (man_pd05-002-09_mo9_sr010_ri1, Simplified (no islands))",6.326503,1.464216,4.862286,,0.368576,27.367466,0.697175,24.582327,2215.815430,none,9765,manual,0.050000,0.002000,0.090000,0.002500,9.000000,0.010000,1.000000,,,,,,,0.023789,0.022284,0.023820
B21_S10,"TreeQSM mine (man_pd05-002-09_mo9_sr010_ri2, Optimal)",5.814084,1.422961,4.391124,0.294937,0.368576,27.367466,0.697175,24.582327,2215.815430,none,18543,manual,0.050000,0.002000,0.090000,0.002500,9.000000,0.010000,2.000000,,,,,,,0.023789,0.022284,0.023820
B21_S10,"TreeQSM mine (man_pd05-002-09_mo9_sr010_ri2, Simplified (no islands))",6.386226,1.464216,4.922010,,0.368576,27.367466,0.697175,24.582327,2215.815430,none,5460,manual,0.050000,0.002000,0.090000,0.002500,9.000000,0.010000,2.000000,,,,,,,0.023789,0.022284,0.023820
B21_S10,"TreeQSM mine (man_pd05-002-09_mo9_sr010_ri3, Optimal)",5.814084,1.422961,4.391124,0.294937,0.368576,27.367466,0.697175,24.582327,2215.815430,none,18543,manual,0.050000,0.002000,0.090000,0.002500,9.000000,0.010000,3.000000,,,,,,,0.023789,0.022284,0.023820
B21_S10,"TreeQSM mine (man_pd05-002-09_mo9_sr010_ri3, Simplified (no islands))",6.493801,1.464216,5.029584,,0.368576,27.367466,0.697175,24.582327,2215.815430,none,3399,manual,0.050000,0.002000,0.090000,0.002500,9.000000,0.010000,3.000000,,,,,,,0.023789,0.022284,0.023820
B21_S10,"TreeQSM mine (man_pd05-002-09_mo9_sr015_ri0, Optimal)",5.814084,1.422961,4.391124,0.294937,0.368576,27.367466,0.697175,24.582327,2215.815430,none,18543,manual,0.050000,0.002000,0.090000,0.002500,9.000000,0.015000,0.000000,,,,,,,0.023789,0.022284,0.023820
B21_S10,"TreeQSM mine (man_pd05-002-09_mo9_sr015_ri0, Simplified (no islands))",6.284770,1.464216,4.820554,,0.368576,27.367466,0.697175,24.582327,2215.815430,none,17847,manual,0.050000,0.002000,0.090000,0.002500,9.000000,0.015000,0.000000,,,,,,,0.023789,0.022284,0.023820
B21_S10,"TreeQSM mine (man_pd05-002-09_mo9_sr015_ri1, Optimal)",5.814084,1.422961,4.391124,0.294937,0.368576,27.367466,0.697175,24.582327,2215.815430,none,18543,manual,0.050000,0.002000,0.090000,0.002500,9.000000,0.015000,1.000000,,,,,,,0.023789,0.022284,0.023820
B21_S10,"TreeQSM mine (man_pd05-002-09_mo9_sr015_ri1, Simplified (no islands))",6.320093,1.464216,4.855877,,0.368576,27.367466,0.697175,24.582327,2215.815430,none,9518,manual,0.050000,0.002000,0.090000,0.002500,9.000000,0.015000,1.000000,,,,,,,0.023789,0.022284,0.023820
B21_S10,"TreeQSM mine (man_pd05-002-09_mo9_sr015_ri2, Optimal)",5.814084,1.422961,4.391124,0.294937,0.368576,27.367466,0.697175,24.582327,2215.815430,none,18543,manual,0.050000,0.002000,0.090000,0.002500,9.000000,0.015000,2.000000,,,,,,,0.023789,0.022284,0.023820
B21_S10,"TreeQSM mine (man_pd05-002-09_mo9_sr015_ri2, Simplified (no islands))",6.379691,1.464216,4.915475,,0.368576,27.367466,0.697175,24.582327,2215.815430,none,5321,manual,0.050000,0.002000,0.090000,0.002500,9.000000,0.015000,2.000000,,,,,,,0.023789,0.022284,0.023820
B21_S10,"TreeQSM mine (man_pd05-002-09_mo9_sr015_ri3, Optimal)",5.814084,1.422961,4.391124,0.294937,0.368576,27.367466,0.697175,24.582327,2215.815430,none,18543,manual,0.050000,0.002000,0.090000,0.002500,9.000000,0.015000,3.000000,,,,,,,0.023789,0.022284,0.023820
B21_S10,"TreeQSM mine (man_pd05-002-09_mo9_sr015_ri3, Simplified (no islands))",6.487051,1.464216,5.022835,,0.368576,27.367466,0.697175,24.582327,2215.815430,none,3269,manual,0.050000,0.002000,0.090000,0.002500,9.000000,0.015000,3.000000,,,,,,,0.023789,0.022284,0.023820
B21_S10,"TreeQSM mine (man_pd05-002-09_mo9_sr020_ri0, Optimal)",5.814084,1.422961,4.391124,0.294937,0.368576,27.367466,0.697175,24.582327,2215.815430,none,18543,manual,0.050000,0.002000,0.090000,0.002500,9.000000,0.020000,0.000000,,,,,,,0.023789,0.022284,0.023820
B21_S10,"TreeQSM mine (man_pd05-002-09_mo9_sr020_ri0, Simplified (no islands))",6.265410,1.464216,4.801195,,0.368576,27.367466,0.697175,24.582327,2215.815430,none,17203,manual,0.050000,0.002000,0.090000,0.002500,9.000000,0.020000,0.000000,,,,,,,0.023789,0.022284,0.023820
B21_S10,"TreeQSM mine (man_pd05-002-09_mo9_sr020_ri1, Optimal)",5.814084,1.422961,4.391124,0.294937,0.368576,27.367466,0.697175,24.582327,2215.815430,none,18543,manual,0.050000,0.002000,0.090000,0.002500,9.000000,0.020000,1.000000,,,,,,,0.023789,0.022284,0.023820
B21_S10,"TreeQSM mine (man_pd05-002-09_mo9_sr020_ri1, Simplified (no islands))",6.300412,1.464216,4.836195,,0.368576,27.367466,0.697175,24.582327,2215.815430,none,9116,manual,0.050000,0.002000,0.090000,0.002500,9.000000,0.020000,1.000000,,,,,,,0.023789,0.022284,0.023820
B21_S10,"TreeQSM mine (man_pd05-002-09_mo9_sr020_ri2, Optimal)",5.814084,1.422961,4.391124,0.294937,0.368576,27.367466,0.697175,24.582327,2215.815430,none,18543,manual,0.050000,0.002000,0.090000,0.002500,9.000000,0.020000,2.000000,,,,,,,0.023789,0.022284,0.023820
B21_S10,"TreeQSM mine (man_pd05-002-09_mo9_sr020_ri2, Simplified (no islands))",6.359586,1.464216,4.895370,,0.368576,27.367466,0.697175,24.582327,2215.815430,none,5093,manual,0.050000,0.002000,0.090000,0.002500,9.000000,0.020000,2.000000,,,,,,,0.023789,0.022284,0.023820
B21_S10,"TreeQSM mine (man_pd05-002-09_mo9_sr020_ri3, Optimal)",5.814084,1.422961,4.391124,0.294937,0.368576,27.367466,0.697175,24.582327,2215.815430,none,18543,manual,0.050000,0.002000,0.090000,0.002500,9.000000,0.020000,3.000000,,,,,,,0.023789,0.022284,0.023820
B21_S10,"TreeQSM mine (man_pd05-002-09_mo9_sr020_ri3, Simplified (no islands))",6.466427,1.464216,5.002210,,0.368576,27.367466,0.697175,24.582327,2215.815430,none,3067,manual,0.050000,0.002000,0.090000,0.002500,9.000000,0.020000,3.000000,,,,,,,0.023789,0.022284,0.023820
B21_S10,"TreeQSM mine (man_pd05-005-09_mo9_sr005_ri0, Optimal)",6.360518,1.453977,4.906542,0.183858,0.376296,27.363998,0.835568,24.530884,2191.541504,none,17757,manual,0.050000,0.005000,0.090000,0.002500,9.000000,0.005000,0.000000,,,,,,,0.023525,0.021642,0.023560
B21_S10,"TreeQSM mine (man_pd05-005-09_mo9_sr005_ri0, Simplified (no islands))",6.189141,1.420823,4.768318,,0.376296,27.363998,0.835568,24.530884,2191.541504,none,18012,manual,0.050000,0.005000,0.090000,0.002500,9.000000,0.005000,0.000000,,,,,,,0.023525,0.021642,0.023560
B21_S10,"TreeQSM mine (man_pd05-005-09_mo9_sr005_ri1, Optimal)",6.360518,1.453977,4.906542,0.183858,0.376296,27.363998,0.835568,24.530884,2191.541504,none,17757,manual,0.050000,0.005000,0.090000,0.002500,9.000000,0.005000,1.000000,,,,,,,0.023525,0.021642,0.023560
B21_S10,"TreeQSM mine (man_pd05-005-09_mo9_sr005_ri1, Simplified (no islands))",6.230770,1.420823,4.809948,,0.376296,27.363998,0.835568,24.530884,2191.541504,none,9658,manual,0.050000,0.005000,0.090000,0.002500,9.000000,0.005000,1.000000,,,,,,,0.023525,0.021642,0.023560
B21_S10,"TreeQSM mine (man_pd05-005-09_mo9_sr005_ri2, Optimal)",6.360518,1.453977,4.906542,0.183858,0.376296,27.363998,0.835568,24.530884,2191.541504,none,17757,manual,0.050000,0.005000,0.090000,0.002500,9.000000,0.005000,2.000000,,,,,,,0.023525,0.021642,0.023560
B21_S10,"TreeQSM mine (man_pd05-005-09_mo9_sr005_ri2, Simplified (no islands))",6.306058,1.420823,4.885236,,0.376296,27.363998,0.835568,24.530884,2191.541504,none,5416,manual,0.050000,0.005000,0.090000,0.002500,9.000000,0.005000,2.000000,,,,,,,0.023525,0.021642,0.023560
B21_S10,"TreeQSM mine (man_pd05-005-09_mo9_sr005_ri3, Optimal)",6.360518,1.453977,4.906542,0.183858,0.376296,27.363998,0.835568,24.530884,2191.541504,none,17757,manual,0.050000,0.005000,0.090000,0.002500,9.000000,0.005000,3.000000,,,,,,,0.023525,0.021642,0.023560
B21_S10,"TreeQSM mine (man_pd05-005-09_mo9_sr005_ri3, Simplified (no islands))",6.451502,1.420823,5.030679,,0.376296,27.363998,0.835568,24.530884,2191.541504,none,3491,manual,0.050000,0.005000,0.090000,0.002500,9.000000,0.005000,3.000000,,,,,,,0.023525,0.021642,0.023560
B21_S10,"TreeQSM mine (man_pd05-005-09_mo9_sr010_ri0, Optimal)",6.360518,1.453977,4.906542,0.183858,0.376296,27.363998,0.835568,24.530884,2191.541504,none,17757,manual,0.050000,0.005000,0.090000,0.002500,9.000000,0.010000,0.000000,,,,,,,0.023525,0.021642,0.023560
B21_S10,"TreeQSM mine (man_pd05-005-09_mo9_sr010_ri0, Simplified (no islands))",6.186795,1.420823,4.765972,,0.376296,27.363998,0.835568,24.530884,2191.541504,none,17729,manual,0.050000,0.005000,0.090000,0.002500,9.000000,0.010000,0.000000,,,,,,,0.023525,0.021642,0.023560
B21_S10,"TreeQSM mine (man_pd05-005-09_mo9_sr010_ri1, Optimal)",6.360518,1.453977,4.906542,0.183858,0.376296,27.363998,0.835568,24.530884,2191.541504,none,17757,manual,0.050000,0.005000,0.090000,0.002500,9.000000,0.010000,1.000000,,,,,,,0.023525,0.021642,0.023560
B21_S10,"TreeQSM mine (man_pd05-005-09_mo9_sr010_ri1, Simplified (no islands))",6.228389,1.420823,4.807566,,0.376296,27.363998,0.835568,24.530884,2191.541504,none,9480,manual,0.050000,0.005000,0.090000,0.002500,9.000000,0.010000,1.000000,,,,,,,0.023525,0.021642,0.023560
B21_S10,"TreeQSM mine (man_pd05-005-09_mo9_sr010_ri2, Optimal)",6.360518,1.453977,4.906542,0.183858,0.376296,27.363998,0.835568,24.530884,2191.541504,none,17757,manual,0.050000,0.005000,0.090000,0.002500,9.000000,0.010000,2.000000,,,,,,,0.023525,0.021642,0.023560
B21_S10,"TreeQSM mine (man_pd05-005-09_mo9_sr010_ri2, Simplified (no islands))",6.303627,1.420823,4.882805,,0.376296,27.363998,0.835568,24.530884,2191.541504,none,5314,manual,0.050000,0.005000,0.090000,0.002500,9.000000,0.010000,2.000000,,,,,,,0.023525,0.021642,0.023560
B21_S10,"TreeQSM mine (man_pd05-005-09_mo9_sr010_ri3, Optimal)",6.360518,1.453977,4.906542,0.183858,0.376296,27.363998,0.835568,24.530884,2191.541504,none,17757,manual,0.050000,0.005000,0.090000,0.002500,9.000000,0.010000,3.000000,,,,,,,0.023525,0.021642,0.023560
B21_S10,"TreeQSM mine (man_pd05-005-09_mo9_sr010_ri3, Simplified (no islands))",6.449018,1.420823,5.028194,,0.376296,27.363998,0.835568,24.530884,2191.541504,none,3392,manual,0.050000,0.005000,0.090000,0.002500,9.000000,0.010000,3.000000,,,,,,,0.023525,0.021642,0.023560
B21_S10,"TreeQSM mine (man_pd05-005-09_mo9_sr015_ri0, Optimal)",6.360518,1.453977,4.906542,0.183858,0.376296,27.363998,0.835568,24.530884,2191.541504,none,17757,manual,0.050000,0.005000,0.090000,0.002500,9.000000,0.015000,0.000000,,,,,,,0.023525,0.021642,0.023560
B21_S10,"TreeQSM mine (man_pd05-005-09_mo9_sr015_ri0, Simplified (no islands))",6.179316,1.420823,4.758492,,0.376296,27.363998,0.835568,24.530884,2191.541504,none,17311,manual,0.050000,0.005000,0.090000,0.002500,9.000000,0.015000,0.000000,,,,,,,0.023525,0.021642,0.023560
B21_S10,"TreeQSM mine (man_pd05-005-09_mo9_sr015_ri1, Optimal)",6.360518,1.453977,4.906542,0.183858,0.376296,27.363998,0.835568,24.530884,2191.541504,none,17757,manual,0.050000,0.005000,0.090000,0.002500,9.000000,0.015000,1.000000,,,,,,,0.023525,0.021642,0.023560
B21_S10,"TreeQSM mine (man_pd05-005-09_mo9_sr015_ri1, Simplified (no islands))",6.220856,1.420823,4.800033,,0.376296,27.363998,0.835568,24.530884,2191.541504,none,9222,manual,0.050000,0.005000,0.090000,0.002500,9.000000,0.015000,1.000000,,,,,,,0.023525,0.021642,0.023560
B21_S10,"TreeQSM mine (man_pd05-005-09_mo9_sr015_ri2, Optimal)",6.360518,1.453977,4.906542,0.183858,0.376296,27.363998,0.835568,24.530884,2191.541504,none,17757,manual,0.050000,0.005000,0.090000,0.002500,9.000000,0.015000,2.000000,,,,,,,0.023525,0.021642,0.023560
B21_S10,"TreeQSM mine (man_pd05-005-09_mo9_sr015_ri2, Simplified (no islands))",6.295977,1.420823,4.875154,,0.376296,27.363998,0.835568,24.530884,2191.541504,none,5165,manual,0.050000,0.005000,0.090000,0.002500,9.000000,0.015000,2.000000,,,,,,,0.023525,0.021642,0.023560
B21_S10,"TreeQSM mine (man_pd05-005-09_mo9_sr015_ri3, Optimal)",6.360518,1.453977,4.906542,0.183858,0.376296,27.363998,0.835568,24.530884,2191.541504,none,17757,manual,0.050000,0.005000,0.090000,0.002500,9.000000,0.015000,3.000000,,,,,,,0.023525,0.021642,0.023560
B21_S10,"TreeQSM mine (man_pd05-005-09_mo9_sr015_ri3, Simplified (no islands))",6.441196,1.420823,5.020374,,0.376296,27.363998,0.835568,24.530884,2191.541504,none,3251,manual,0.050000,0.005000,0.090000,0.002500,9.000000,0.015000,3.000000,,,,,,,0.023525,0.021642,0.023560
B21_S10,"TreeQSM mine (man_pd05-005-09_mo9_sr020_ri0, Optimal)",6.360518,1.453977,4.906542,0.183858,0.376296,27.363998,0.835568,24.530884,2191.541504,none,17757,manual,0.050000,0.005000,0.090000,0.002500,9.000000,0.020000,0.000000,,,,,,,0.023525,0.021642,0.023560
B21_S10,"TreeQSM mine (man_pd05-005-09_mo9_sr020_ri0, Simplified (no islands))",6.154736,1.420823,4.733913,,0.376296,27.363998,0.835568,24.530884,2191.541504,none,16491,manual,0.050000,0.005000,0.090000,0.002500,9.000000,0.020000,0.000000,,,,,,,0.023525,0.021642,0.023560
B21_S10,"TreeQSM mine (man_pd05-005-09_mo9_sr020_ri1, Optimal)",6.360518,1.453977,4.906542,0.183858,0.376296,27.363998,0.835568,24.530884,2191.541504,none,17757,manual,0.050000,0.005000,0.090000,0.002500,9.000000,0.020000,1.000000,,,,,,,0.023525,0.021642,0.023560
B21_S10,"TreeQSM mine (man_pd05-005-09_mo9_sr020_ri1, Simplified (no islands))",6.195804,1.420823,4.774981,,0.376296,27.363998,0.835568,24.530884,2191.541504,none,8728,manual,0.050000,0.005000,0.090000,0.002500,9.000000,0.020000,1.000000,,,,,,,0.023525,0.021642,0.023560
B21_S10,"TreeQSM mine (man_pd05-005-09_mo9_sr020_ri2, Optimal)",6.360518,1.453977,4.906542,0.183858,0.376296,27.363998,0.835568,24.530884,2191.541504,none,17757,manual,0.050000,0.005000,0.090000,0.002500,9.000000,0.020000,2.000000,,,,,,,0.023525,0.021642,0.023560
B21_S10,"TreeQSM mine (man_pd05-005-09_mo9_sr020_ri2, Simplified (no islands))",6.270360,1.420823,4.849538,,0.376296,27.363998,0.835568,24.530884,2191.541504,none,4872,manual,0.050000,0.005000,0.090000,0.002500,9.000000,0.020000,2.000000,,,,,,,0.023525,0.021642,0.023560
B21_S10,"TreeQSM mine (man_pd05-005-09_mo9_sr020_ri3, Optimal)",6.360518,1.453977,4.906542,0.183858,0.376296,27.363998,0.835568,24.530884,2191.541504,none,17757,manual,0.050000,0.005000,0.090000,0.002500,9.000000,0.020000,3.000000,,,,,,,0.023525,0.021642,0.023560
B21_S10,"TreeQSM mine (man_pd05-005-09_mo9_sr020_ri3, Simplified (no islands))",6.414433,1.420823,4.993610,,0.376296,27.363998,0.835568,24.530884,2191.541504,none,3002,manual,0.050000,0.005000,0.090000,0.002500,9.000000,0.020000,3.000000,,,,,,,0.023525,0.021642,0.023560
B21_S10,"TreeQSM mine (man_pd05-01-09_mo9_sr005_ri0, Optimal)",7.677719,1.547160,6.130559,0.298313,0.371509,27.353878,0.584914,23.936651,2089.303223,none,16326,manual,0.050000,0.010000,0.090000,0.002500,9.000000,0.005000,0.000000,,,,,,,0.022775,0.020480,0.022815
B21_S10,"TreeQSM mine (man_pd05-01-09_mo9_sr005_ri0, Simplified (no islands))",8.187028,1.542938,6.644091,,0.371509,27.353878,0.584914,23.936651,2089.303223,none,16068,manual,0.050000,0.010000,0.090000,0.002500,9.000000,0.005000,0.000000,,,,,,,0.022775,0.020480,0.022815
B21_S10,"TreeQSM mine (man_pd05-01-09_mo9_sr005_ri1, Optimal)",7.677719,1.547160,6.130559,0.298313,0.371509,27.353878,0.584914,23.936651,2089.303223,none,16326,manual,0.050000,0.010000,0.090000,0.002500,9.000000,0.005000,1.000000,,,,,,,0.022775,0.020480,0.022815
B21_S10,"TreeQSM mine (man_pd05-01-09_mo9_sr005_ri1, Simplified (no islands))",8.260299,1.542938,6.717361,,0.371509,27.353878,0.584914,23.936651,2089.303223,none,8708,manual,0.050000,0.010000,0.090000,0.002500,9.000000,0.005000,1.000000,,,,,,,0.022775,0.020480,0.022815
B21_S10,"TreeQSM mine (man_pd05-01-09_mo9_sr005_ri2, Optimal)",7.677719,1.547160,6.130559,0.298313,0.371509,27.353878,0.584914,23.936651,2089.303223,none,16326,manual,0.050000,0.010000,0.090000,0.002500,9.000000,0.005000,2.000000,,,,,,,0.022775,0.020480,0.022815
B21_S10,"TreeQSM mine (man_pd05-01-09_mo9_sr005_ri2, Simplified (no islands))",8.371386,1.542938,6.828447,,0.371509,27.353878,0.584914,23.936651,2089.303223,none,4943,manual,0.050000,0.010000,0.090000,0.002500,9.000000,0.005000,2.000000,,,,,,,0.022775,0.020480,0.022815
B21_S10,"TreeQSM mine (man_pd05-01-09_mo9_sr005_ri3, Optimal)",7.677719,1.547160,6.130559,0.298313,0.371509,27.353878,0.584914,23.936651,2089.303223,none,16326,manual,0.050000,0.010000,0.090000,0.002500,9.000000,0.005000,3.000000,,,,,,,0.022775,0.020480,0.022815
B21_S10,"TreeQSM mine (man_pd05-01-09_mo9_sr005_ri3, Simplified (no islands))",8.549461,1.542938,7.006524,,0.371509,27.353878,0.584914,23.936651,2089.303223,none,3285,manual,0.050000,0.010000,0.090000,0.002500,9.000000,0.005000,3.000000,,,,,,,0.022775,0.020480,0.022815
B21_S10,"TreeQSM mine (man_pd05-01-09_mo9_sr010_ri0, Optimal)",7.677719,1.547160,6.130559,0.298313,0.371509,27.353878,0.584914,23.936651,2089.303223,none,16326,manual,0.050000,0.010000,0.090000,0.002500,9.000000,0.010000,0.000000,,,,,,,0.022775,0.020480,0.022815
B21_S10,"TreeQSM mine (man_pd05-01-09_mo9_sr010_ri0, Simplified (no islands))",8.185880,1.542938,6.642942,,0.371509,27.353878,0.584914,23.936651,2089.303223,none,15928,manual,0.050000,0.010000,0.090000,0.002500,9.000000,0.010000,0.000000,,,,,,,0.022775,0.020480,0.022815
B21_S10,"TreeQSM mine (man_pd05-01-09_mo9_sr010_ri1, Optimal)",7.677719,1.547160,6.130559,0.298313,0.371509,27.353878,0.584914,23.936651,2089.303223,none,16326,manual,0.050000,0.010000,0.090000,0.002500,9.000000,0.010000,1.000000,,,,,,,0.022775,0.020480,0.022815
B21_S10,"TreeQSM mine (man_pd05-01-09_mo9_sr010_ri1, Simplified (no islands))",8.259130,1.542938,6.716191,,0.371509,27.353878,0.584914,23.936651,2089.303223,none,8619,manual,0.050000,0.010000,0.090000,0.002500,9.000000,0.010000,1.000000,,,,,,,0.022775,0.020480,0.022815
B21_S10,"TreeQSM mine (man_pd05-01-09_mo9_sr010_ri2, Optimal)",7.677719,1.547160,6.130559,0.298313,0.371509,27.353878,0.584914,23.936651,2089.303223,none,16326,manual,0.050000,0.010000,0.090000,0.002500,9.000000,0.010000,2.000000,,,,,,,0.022775,0.020480,0.022815
B21_S10,"TreeQSM mine (man_pd05-01-09_mo9_sr010_ri2, Simplified (no islands))",8.370199,1.542938,6.827262,,0.371509,27.353878,0.584914,23.936651,2089.303223,none,4890,manual,0.050000,0.010000,0.090000,0.002500,9.000000,0.010000,2.000000,,,,,,,0.022775,0.020480,0.022815
B21_S10,"TreeQSM mine (man_pd05-01-09_mo9_sr010_ri3, Optimal)",7.677719,1.547160,6.130559,0.298313,0.371509,27.353878,0.584914,23.936651,2089.303223,none,16326,manual,0.050000,0.010000,0.090000,0.002500,9.000000,0.010000,3.000000,,,,,,,0.022775,0.020480,0.022815
B21_S10,"TreeQSM mine (man_pd05-01-09_mo9_sr010_ri3, Simplified (no islands))",8.548229,1.542938,7.005292,,0.371509,27.353878,0.584914,23.936651,2089.303223,none,3234,manual,0.050000,0.010000,0.090000,0.002500,9.000000,0.010000,3.000000,,,,,,,0.022775,0.020480,0.022815
B21_S10,"TreeQSM mine (man_pd05-01-09_mo9_sr015_ri0, Optimal)",7.677719,1.547160,6.130559,0.298313,0.371509,27.353878,0.584914,23.936651,2089.303223,none,16326,manual,0.050000,0.010000,0.090000,0.002500,9.000000,0.015000,0.000000,,,,,,,0.022775,0.020480,0.022815
B21_S10,"TreeQSM mine (man_pd05-01-09_mo9_sr015_ri0, Simplified (no islands))",8.177629,1.542938,6.634692,,0.371509,27.353878,0.584914,23.936651,2089.303223,none,15538,manual,0.050000,0.010000,0.090000,0.002500,9.000000,0.015000,0.000000,,,,,,,0.022775,0.020480,0.022815
B21_S10,"TreeQSM mine (man_pd05-01-09_mo9_sr015_ri1, Optimal)",7.677719,1.547160,6.130559,0.298313,0.371509,27.353878,0.584914,23.936651,2089.303223,none,16326,manual,0.050000,0.010000,0.090000,0.002500,9.000000,0.015000,1.000000,,,,,,,0.022775,0.020480,0.022815
B21_S10,"TreeQSM mine (man_pd05-01-09_mo9_sr015_ri1, Simplified (no islands))",8.250784,1.542938,6.707846,,0.371509,27.353878,0.584914,23.936651,2089.303223,none,8373,manual,0.050000,0.010000,0.090000,0.002500,9.000000,0.015000,1.000000,,,,,,,0.022775,0.020480,0.022815
B21_S10,"TreeQSM mine (man_pd05-01-09_mo9_sr015_ri2, Optimal)",7.677719,1.547160,6.130559,0.298313,0.371509,27.353878,0.584914,23.936651,2089.303223,none,16326,manual,0.050000,0.010000,0.090000,0.002500,9.000000,0.015000,2.000000,,,,,,,0.022775,0.020480,0.022815
B21_S10,"TreeQSM mine (man_pd05-01-09_mo9_sr015_ri2, Simplified (no islands))",8.361705,1.542938,6.818768,,0.371509,27.353878,0.584914,23.936651,2089.303223,none,4741,manual,0.050000,0.010000,0.090000,0.002500,9.000000,0.015000,2.000000,,,,,,,0.022775,0.020480,0.022815
B21_S10,"TreeQSM mine (man_pd05-01-09_mo9_sr015_ri3, Optimal)",7.677719,1.547160,6.130559,0.298313,0.371509,27.353878,0.584914,23.936651,2089.303223,none,16326,manual,0.050000,0.010000,0.090000,0.002500,9.000000,0.015000,3.000000,,,,,,,0.022775,0.020480,0.022815
B21_S10,"TreeQSM mine (man_pd05-01-09_mo9_sr015_ri3, Simplified (no islands))",8.539422,1.542938,6.996484,,0.371509,27.353878,0.584914,23.936651,2089.303223,none,3090,manual,0.050000,0.010000,0.090000,0.002500,9.000000,0.015000,3.000000,,,,,,,0.022775,0.020480,0.022815
B21_S10,"TreeQSM mine (man_pd05-01-09_mo9_sr020_ri0, Optimal)",7.677719,1.547160,6.130559,0.298313,0.371509,27.353878,0.584914,23.936651,2089.303223,none,16326,manual,0.050000,0.010000,0.090000,0.002500,9.000000,0.020000,0.000000,,,,,,,0.022775,0.020480,0.022815
B21_S10,"TreeQSM mine (man_pd05-01-09_mo9_sr020_ri0, Simplified (no islands))",8.156550,1.542938,6.613614,,0.371509,27.353878,0.584914,23.936651,2089.303223,none,14946,manual,0.050000,0.010000,0.090000,0.002500,9.000000,0.020000,0.000000,,,,,,,0.022775,0.020480,0.022815
B21_S10,"TreeQSM mine (man_pd05-01-09_mo9_sr020_ri1, Optimal)",7.677719,1.547160,6.130559,0.298313,0.371509,27.353878,0.584914,23.936651,2089.303223,none,16326,manual,0.050000,0.010000,0.090000,0.002500,9.000000,0.020000,1.000000,,,,,,,0.022775,0.020480,0.022815
B21_S10,"TreeQSM mine (man_pd05-01-09_mo9_sr020_ri1, Simplified (no islands))",8.229342,1.542938,6.686404,,0.371509,27.353878,0.584914,23.936651,2089.303223,none,7995,manual,0.050000,0.010000,0.090000,0.002500,9.000000,0.020000,1.000000,,,,,,,0.022775,0.020480,0.022815
B21_S10,"TreeQSM mine (man_pd05-01-09_mo9_sr020_ri2, Optimal)",7.677719,1.547160,6.130559,0.298313,0.371509,27.353878,0.584914,23.936651,2089.303223,none,16326,manual,0.050000,0.010000,0.090000,0.002500,9.000000,0.020000,2.000000,,,,,,,0.022775,0.020480,0.022815
B21_S10,"TreeQSM mine (man_pd05-01-09_mo9_sr020_ri2, Simplified (no islands))",8.339705,1.542938,6.796767,,0.371509,27.353878,0.584914,23.936651,2089.303223,none,4520,manual,0.050000,0.010000,0.090000,0.002500,9.000000,0.020000,2.000000,,,,,,,0.022775,0.020480,0.022815
B21_S10,"TreeQSM mine (man_pd05-01-09_mo9_sr020_ri3, Optimal)",7.677719,1.547160,6.130559,0.298313,0.371509,27.353878,0.584914,23.936651,2089.303223,none,16326,manual,0.050000,0.010000,0.090000,0.002500,9.000000,0.020000,3.000000,,,,,,,0.022775,0.020480,0.022815
B21_S10,"TreeQSM mine (man_pd05-01-09_mo9_sr020_ri3, Simplified (no islands))",8.516147,1.542938,6.973210,,0.371509,27.353878,0.584914,23.936651,2089.303223,none,2876,manual,0.050000,0.010000,0.090000,0.002500,9.000000,0.020000,3.000000,,,,,,,0.022775,0.020480,0.022815
B21_S10,"TreeQSM mine (man_pd05-02-09_mo9_sr005_ri0, Optimal)",10.391443,1.684052,8.707392,0.418880,0.375836,27.377464,1.399160,30.260700,1572.118286,none,8754,manual,0.050000,0.020000,0.090000,0.002500,9.000000,0.005000,0.000000,,,,,,,0.027249,0.019946,0.027349
B21_S10,"TreeQSM mine (man_pd05-02-09_mo9_sr005_ri0, Simplified (no islands))",10.682505,1.814123,8.868382,,0.375836,27.377464,1.399160,30.260700,1572.118286,none,8646,manual,0.050000,0.020000,0.090000,0.002500,9.000000,0.005000,0.000000,,,,,,,0.027249,0.019946,0.027349
