0	1	2	3	4	5	6	7	8	9	10
1	6.89192152023315	6.29165887832642	-0.0494250506162643	4.51191854476929	0.271814703941345	0.0180300958454609	0.059389915317297	0.998072028160095	0	0
2	6.97327184677124	6.55962133407593	4.45379447937012	9.23640632629395	0.227480441331863	0.00469149742275476	-0.0131145101040602	0.99990302324295	1	0
3	7.01660442352295	6.43849039077759	13.689305305481	6.35751438140869	0.152137726545334	-0.0133814867585897	-0.0418724715709686	0.999033331871033	2	0
4	6.93153142929077	6.17228555679321	20.0406742095947	3.84059739112854	0.101042523980141	-0.0912921652197838	-0.161586150527	0.982626914978027	3	0
5	6.58091497421265	5.55169820785522	23.8145484924316	3.35150623321533	0.0895113721489906	-0.208391323685646	0.132276639342308	0.969059348106384	4	0
6	7.10519552230835	6.6937427520752	9.47918510437012	1.17268431186676	0.0645213276147842	-0.419549942016602	0.601933717727661	0.679450988769531	2	1
7	6.61319589614868	7.39962100982666	10.2759666442871	2.6232430934906	0.0450708866119385	-0.639845967292786	0.0716778188943863	0.765153288841248	6	1
8	7.09936237335205	6.69417524337769	9.72252941131592	0.513582944869995	0.0424723252654076	-0.477423071861267	0.680164515972137	-0.556276500225067	2	1
9	7.17532968521118	6.33840656280518	10.232195854187	0.69951319694519	0.12152823060751	0.18167732656002	-0.827257692813873	0.531637132167816	2	1
10	7.31270503997803	5.76756429672241	10.6064376831055	3.48242020606995	0.149147182703018	0.324110180139542	-0.93949419260025	0.110920138657093	9	1
11	7.04475593566895	6.25966262817383	10.3060960769653	1.04133689403534	0.125392690300941	0.0112608894705772	-0.799739718437195	-0.600241303443909	2	1
12	6.77389907836914	6.46498012542725	10.291335105896	1.91661703586578	0.0576357543468475	-0.818628787994385	0.453925490379333	0.351850241422653	2	1
13	7.20754957199097	6.57238674163818	11.7146940231323	3.10470533370972	0.114890962839127	0.345162898302078	0.719398558139801	0.602767109870911	2	1
14	8.27917861938477	8.80590724945068	13.5861082077026	2.59419465065002	0.0789615660905838	0.602868497371674	0.627203702926636	0.493117779493332	13	1
15	7.06212329864502	6.68183422088623	11.9951400756836	2.33625030517578	0.0980647057294846	-0.599526047706604	0.751258075237274	0.276006877422333	2	1
16	7.21925783157349	6.54699563980103	11.7881240844727	4.95169878005981	0.0987416654825211	0.291295617818832	0.0926128625869751	0.952139556407928	2	1
17	8.66166591644287	7.00558662414551	16.5028324127197	3.76837706565857	0.0732772722840309	0.375130534172058	0.0206692274659872	0.926741540431976	16	1
18	10.0752992630005	7.08347606658936	19.9951438903809	2.67744255065918	0.0720866993069649	0.575069963932037	-0.089297354221344	0.813216149806976	17	1
19	11.6150159835815	6.84438753128052	22.1724834442139	3.04089260101318	0.0539879947900772	0.723172843456268	-0.0144820297136903	0.690515339374542	18	1
20	7.23629093170166	6.45120286941528	12.0623941421509	1.49122071266174	0.0286287944763899	0.728918254375458	-0.351307570934296	0.587589383125305	2	1
21	7.0768895149231	6.33374881744385	18.3415489196777	2.91022062301636	0.0984820351004601	0.248388916254044	0.0476458556950092	0.967487931251526	3	1
22	7.79975605010986	6.47240877151489	21.1571521759033	3.67568349838257	0.0708148330450058	0.450914055109024	-0.190289199352264	0.872047305107117	21	1
23	9.45717334747314	5.77296590805054	24.3625221252441	2.49598455429077	0.0617184042930603	0.285099565982819	-0.305803894996643	0.908406376838684	22	1
24	7.13772916793823	6.25879764556885	12.8906536102295	4.97175884246826	0.118091903626919	0.271113395690918	-0.243380784988403	0.931269764900208	2	1
25	8.48563957214355	5.04876708984375	17.5207023620605	3.74036502838135	0.0966664776206017	0.424788326025009	-0.2142463773489	0.879575669765472	24	1
26	10.0745029449463	4.24740743637085	20.8106365203857	2.56353378295898	0.0965538769960403	0.76297926902771	-0.441077679395676	0.4725601375103	25	1
27	7.03114938735962	6.58340263366699	13.8433990478516	1.94165599346161	0.0503795109689236	-0.198860362172127	0.445457100868225	0.872938990592957	3	1
28	6.6450309753418	7.44832706451416	15.5383462905884	2.62344837188721	0.0660439506173134	-0.770516395568848	0.547878205776215	0.325782060623169	27	1
29	6.85967636108398	6.44568014144897	14.3478507995605	0.633330523967743	0.0673432797193527	-0.792914211750031	-0.383969813585281	0.473132461309433	3	1
30	7.15744161605835	6.41015577316284	14.5235204696655	0.917424559593201	0.0326959267258644	0.310159355401993	-0.425765603780746	0.850014567375183	3	1
31	7.09936141967773	6.26459932327271	15.1510629653931	1.57775163650513	0.0560973770916462	-0.582690596580505	-0.433031171560287	0.68771767616272	3	1
32	6.18002033233643	5.58138370513916	16.2361106872559	3.28055453300476	0.0684312507510185	-0.600961685180664	-0.772090971469879	0.206689670681953	31	1
33	6.96691179275513	6.51718044281006	15.3870630264282	1.77432298660278	0.0488810017704964	-0.179589495062828	0.517578363418579	0.836576461791992	3	1
34	6.64826202392578	7.43553161621094	16.8714199066162	3.27025961875916	0.0549954287707806	-0.149473667144775	0.384064018726349	0.911127030849457	33	1
35	6.1594443321228	8.69152069091797	19.8510417938232	2.92056488990784	0.0592253170907497	-0.115682646632195	0.293463289737701	0.948945105075836	34	1
36	7.11187696456909	6.25654602050781	16.0064830780029	1.30659806728363	0.0816823914647102	-0.611574649810791	-0.663364470005035	0.431189000606537	3	1
37	6.31279468536377	5.38979530334473	16.5698738098145	2.98160886764526	0.0660979002714157	-0.0617991350591183	-0.832415819168091	0.550694763660431	36	1
38	6.97062921524048	6.49278163909912	16.0093402862549	1.964848279953	0.0650283172726631	-0.435403913259506	0.16327291727066	0.885305285453796	3	1
39	6.11512660980225	6.81358814239502	17.7488307952881	3.30346393585205	0.065742626786232	-0.534807562828064	0.272550880908966	0.799810528755188	38	1
40	4.3484091758728	7.71395015716553	20.3909759521484	3.00130367279053	0.0894394516944885	-0.671071708202362	0.641278386116028	0.372054874897003	39	1
41	6.9598240852356	6.47768449783325	16.3517684936523	1.85921597480774	0.0834087282419205	-0.0769288241863251	-0.498230785131454	0.86362487077713	3	1
42	6.81679677963257	5.55136585235596	17.9574337005615	3.3688793182373	0.0746077075600624	0.237562865018845	-0.327841192483902	0.914376258850098	41	1
43	7.61711740493774	4.44690847396851	21.0378570556641	2.65469145774841	0.086857795715332	0.678514659404755	0.0754325538873672	0.730703592300415	42	1
44	9.41836452484131	4.6471586227417	22.9776496887207	2.42726016044617	0.095013827085495	-0.549076795578003	-0.704112529754639	0.450266778469086	43	1
45	7.07501888275146	6.44063186645508	16.4657573699951	1.7795490026474	0.0713468566536903	0.354844152927399	0.779528617858887	0.516159653663635	3	1
46	7.70648145675659	7.82784128189087	17.3842887878418	1.90162289142609	0.0969204008579254	0.177635505795479	0.97310745716095	-0.14665424823761	45	1
47	8.04427719116211	9.67832469940186	17.1054077148438	2.32573556900024	0.0794682502746582	0.488180547952652	0.810071170330048	-0.324752777814865	46	1
48	6.93777465820312	6.46573209762573	16.5397815704346	2.55482888221741	0.0737922936677933	-0.61591500043869	-0.115666046738625	0.779275417327881	3	1
49	5.36421728134155	6.17022514343262	18.5306968688965	2.28828859329224	0.0497916862368584	-0.928257763385773	-0.151877865195274	0.33951523900032	48	1
50	7.08558559417725	6.40248966217041	16.9807929992676	3.49084043502808	0.0592767260968685	0.33975687623024	0.444003373384476	0.829111695289612	3	1
51	8.27162265777588	7.95243453979492	19.8750896453857	3.4324152469635	0.0657879859209061	0.38844496011734	0.752061009407043	0.532460987567902	50	1
52	7.10739278793335	6.35935211181641	17.1516227722168	2.80798554420471	0.0531446449458599	0.947415590286255	-0.299931436777115	0.111556015908718	3	1
53	7.07981824874878	6.36622476577759	17.7284774780273	2.6759991645813	0.0494301021099091	0.729178845882416	0.177598729729652	0.660875856876373	3	1
54	6.9892315864563	6.39302682876587	18.3125953674316	0.740231335163116	0.0512477941811085	-0.315706700086594	0.611882030963898	0.725210130214691	3	1
55	6.75553560256958	6.84596109390259	18.8494186401367	3.51737070083618	0.0593151785433292	-0.341782599687576	0.321461349725723	0.883089601993561	54	1
56	5.5533595085144	7.97665977478027	21.9555721282959	3.46566009521484	0.067499153316021	-0.378746271133423	0.384957879781723	0.841640412807465	55	1
57	6.57440185546875	5.66059446334839	23.7705898284912	1.29154706001282	0.0651818290352821	0.443679422140121	0.894702553749084	0.0515356734395027	4	1
58	6.88637542724609	6.35407447814941	19.0581970214844	1.2530882358551	0.0494054220616817	-0.643047094345093	0.0587781220674515	0.763567626476288	3	1
59	6.08058071136475	6.4277286529541	20.0150146484375	1.88376176357269	0.0912834778428078	-0.931020557880402	-0.148903384804726	0.333209574222565	58	1
60	4.32675981521606	6.14723014831543	20.6427021026611	1.75563263893127	0.0946387872099876	-0.547814190387726	0.807412385940552	0.219054207205772	59	1
61	3.36499929428101	7.5647497177124	21.0272808074951	1.75584352016449	0.0822358652949333	-0.748340964317322	0.493479192256927	0.443242788314819	60	1
62	6.73840284347534	6.01070547103882	21.027416229248	1.68308329582214	0.0606470480561256	-0.437275141477585	-0.238520666956902	0.867120742797852	4	1
63	6.00243234634399	5.60925531387329	22.486852645874	3.07318067550659	0.0652090162038803	-0.686455428600311	-0.288588672876358	0.667454600334167	62	1
64	6.87795352935791	5.89765596389771	21.7094631195068	2.54823780059814	0.0864438489079475	-0.0514002330601215	-0.450698733329773	0.891195118427277	4	1
65	6.74697351455688	4.74916839599609	23.9804401397705	3.14196395874023	0.090033695101738	-0.166379675269127	-0.328139752149582	0.929861307144165	64	1
66	6.76795625686646	5.87396717071533	22.3857879638672	0.244722157716751	0.0644277185201645	0.8815096616745	-0.403252363204956	0.24561807513237	4	1
67	6.62873983383179	5.78733396530151	22.97292137146	0.437735289335251	0.0762701779603958	-0.562664985656738	0.492329269647598	0.664093375205994	4	1
68	6.38244152069092	6.00284385681152	23.2636184692383	2.2872142791748	0.0755360797047615	-0.304376035928726	-0.90422534942627	-0.299552440643311	67	1
69	6.73707580566406	5.79628610610962	22.818229675293	0.470037847757339	0.0491731651127338	-0.118002623319626	-0.773165702819824	0.623129308223724	4	1
70	6.55976676940918	5.70554256439209	22.9619674682617	0.575854301452637	0.119365073740482	-0.494822204113007	0.241387024521828	-0.834795415401459	4	1
71	6.60437965393066	5.75534820556641	23.1490058898926	2.53327870368958	0.0511851944029331	-0.621294140815735	0.477749198675156	0.621087253093719	4	1
72	6.48159503936768	5.66204261779785	24.7004814147949	0.812590956687927	0.0211268495768309	0.239735096693039	0.443775683641434	-0.863475680351257	5	1
73	6.53105688095093	5.5070219039917	24.1375217437744	0.414857774972916	0.0555431693792343	-0.400411576032639	-0.574727118015289	0.713694095611572	5	1
74	6.35974216461182	5.28774213790894	24.4474792480469	2.49192643165588	0.0624876841902733	-0.43613213300705	-0.371949881315231	0.819415628910065	73	1
75	5.27293300628662	4.36087036132812	26.4894027709961	1.4295392036438	0.0913166552782059	-0.136831000447273	0.726581513881683	0.673317611217499	74	1
76	6.55541467666626	5.60555124282837	24.3513679504395	1.82715785503387	0.0550301671028137	0.470614314079285	-0.429087668657303	0.770977258682251	5	1
77	6.14065456390381	5.75753402709961	25.9679088592529	0.707093954086304	0.0822866708040237	0.201012417674065	0.709852814674377	0.675057768821716	5	1
78	6.28278923034668	6.25946664810181	26.4452381134033	1.83194696903229	0.0711366161704063	-0.637152254581451	0.279701977968216	0.718194782733917	77	1
79	6.44976091384888	5.67584705352783	24.8450679779053	1.23147356510162	0.064250610768795	-0.0118245761841536	0.720125496387482	0.693743050098419	5	1
80	6.43519926071167	6.56266260147095	25.6993942260742	2.43455290794373	0.065806157886982	0.707313060760498	0.315950572490692	0.632363379001617	79	1
81	6.29086065292358	5.72485256195068	25.5010070800781	0.466171681880951	0.0392116010189056	0.585335254669189	-0.308897137641907	-0.749643385410309	5	1
82	6.32602405548096	5.69618511199951	25.3212127685547	0.639761030673981	0.0313192382454872	-0.55811083316803	0.254481673240662	0.789779305458069	5	1
83	6.20284843444824	5.7659707069397	25.8703708648682	0.826740384101868	0.0619499646127224	0.861130893230438	-0.00201407284475863	-0.508379220962524	5	1
84	6.10383081436157	5.77596139907837	26.1112785339355	1.47528660297394	0.0835931897163391	-0.536191523075104	-0.765802323818207	0.35502889752388	5	1
85	5.91264963150024	5.87119007110596	26.7591247558594	1.90383613109589	0.0864554941654205	-0.553399860858917	-0.631958544254303	0.542565166950226	5	1
86	6.071213722229	5.78709077835083	26.2008495330811	1.85648763179779	0.0694177225232124	-0.830823600292206	0.35406082868576	0.42938694357872	5	1
87	5.79921579360962	5.94738006591797	27.1226596832275	1.76711177825928	0.0776881128549576	0.818364083766937	0.034055408090353	0.573690295219421	5	1
88	6.76620674133301	6.64151906967163	9.82486343383789	0.297743111848831	0.0150629878044128	-0.877288579940796	-0.475304335355759	-0.0667123049497604	0	0
89	6.91468858718872	7.072096824646	9.89963626861572	2.61624312400818	0.0500536672770977	0.770977854728699	0.598875164985657	0.216660425066948	6	2
90	6.91956949234009	7.06977224349976	9.88370704650879	0.891201078891754	0.0329525917768478	0.768689811229706	-0.593080461025238	0.239523708820343	6	2
91	5.72153997421265	7.54378318786621	11.3329372406006	1.11931157112122	0.0499902367591858	-0.781382441520691	0.363979369401932	0.506912767887115	7	2
92	6.87625789642334	7.11584806442261	9.9701452255249	1.51277124881744	0.0501417517662048	0.16822823882103	0.564714133739471	0.807958662509918	6	2
93	6.94098234176636	6.95989942550659	9.85299015045166	1.87840926647186	0.0553152151405811	-0.917522192001343	0.00138450646772981	0.397682368755341	6	2
94	6.74902391433716	7.31278419494629	10.1634473800659	0.471031814813614	0.0362158305943012	-0.00506668537855148	0.772283315658569	-0.635258078575134	6	2
95	6.56974124908447	7.35637187957764	10.2351217269897	1.16603183746338	0.0351174175739288	-0.776677012443542	-0.0599808767437935	-0.627036809921265	6	2
96	6.50120830535889	7.45541381835938	10.4366874694824	0.382416158914566	0.0123781589791179	-0.990135967731476	-0.042973380535841	-0.133356645703316	7	2
97	6.52821111679077	7.45410537719727	10.3926935195923	2.3306348323822	0.0486617758870125	-0.397489160299301	0.676858425140381	0.619568467140198	7	2
98	6.27094697952271	7.4826512336731	10.6792287826538	0.330878645181656	0.0380107201635838	-0.375605911016464	0.818071305751801	0.435522079467773	7	2
99	6.03709411621094	7.50839424133301	10.9553098678589	0.520805597305298	0.0124687617644668	-0.125157415866852	0.950206875801086	-0.285381406545639	7	2
100	5.96012306213379	7.515540599823	11.0392646789551	0.767329216003418	0.0369630269706249	-0.590083539485931	0.803210377693176	-0.0815743878483772	7	2
101	5.78242635726929	7.52681684494019	11.2278490066528	1.07171070575714	0.0436589531600475	-0.562186598777771	-0.783244252204895	0.265470653772354	7	2
102	5.51380062103271	7.56767177581787	11.5866613388062	0.41324919462204	0.0094734150916338	-0.736524164676666	0.511420845985413	0.442697286605835	7	2
103	5.25926876068115	7.59559535980225	11.9158821105957	0.528234302997589	0.0140984244644642	0.192942216992378	-0.662862598896027	0.723454535007477	7	2
104	5.20833873748779	7.59697246551514	11.9943056106567	0.78876918554306	0.0330654419958591	-0.157879278063774	-0.483641058206558	0.860909700393677	7	2
105	5.06185102462769	7.55846166610718	12.1952409744263	0.354088425636292	0.0438463650643826	-0.106923557817936	-0.256543010473251	0.96060037612915	7	2
106	7.40525197982788	5.86125135421753	10.6916542053223	0.421821027994156	0.0531158000230789	0.813188374042511	0.460467427968979	-0.355941534042358	10	2
107	7.41145753860474	5.42649030685425	10.7950086593628	0.869469463825226	0.0635595321655273	-0.718752920627594	0.037526398897171	-0.694252133369446	10	2
108	7.3292064666748	5.59335279464722	10.7696485519409	0.909192323684692	0.0714933425188065	-0.828282356262207	0.126339837908745	0.545881390571594	10	2
109	7.36129426956177	5.68809843063354	10.7653064727783	0.749578952789307	0.0418442860245705	0.263944029808044	0.958507776260376	0.107687048614025	10	2
110	7.40658569335938	5.64932298660278	10.7636528015137	0.751425504684448	0.0408716462552547	0.325403332710266	-0.190039873123169	0.9262815117836	10	2
111	7.55034971237183	5.22799587249756	10.813868522644	1.93473267555237	0.0876166149973869	-0.975142478942871	0.0823161751031876	0.205720946192741	10	2
112	7.59925651550293	5.19672822952271	10.8006048202515	1.06389164924622	0.0444713905453682	0.697125375270844	0.55682235956192	-0.451625108718872	10	2
113	7.52463388442993	5.52868461608887	10.7250528335571	0.683261573314667	0.0465606823563576	0.766469657421112	0.28000283241272	0.57803338766098	10	2
114	8.14639282226562	3.46146821975708	11.0257177352905	2.29401516914368	0.0111522860825062	-0.874574244022369	0.0402526669204235	-0.483217835426331	10	2
115	7.22465324401855	5.5682520866394	10.6408061981201	1.32901990413666	0.145108625292778	0.0753470361232758	-0.894595205783844	0.440479725599289	10	2
116	7.32479095458984	4.37931728363037	11.2262125015259	3.31418561935425	0.126500517129898	-0.416475355625153	-0.652210295200348	-0.633379817008972	115	2
117	7.67552089691162	4.98317623138428	10.8241729736328	1.03399789333344	0.0412348359823227	0.7076176404953	0.140999287366867	0.692384660243988	10	2
118	7.67493581771851	4.98916530609131	10.8224925994873	1.65616977214813	0.0593675263226032	0.774368941783905	0.104274399578571	0.624083042144775	10	2
119	7.78179502487183	4.70853710174561	10.848313331604	1.89717674255371	0.111270859837532	0.424330204725266	-0.731472194194794	-0.533752977848053	10	2
120	7.92934846878052	4.19571352005005	10.9270725250244	1.7385618686676	0.0773745849728584	0.508336424827576	-0.566080033779144	0.648958742618561	10	2
121	7.94323301315308	4.10595035552979	10.944525718689	1.29526031017303	0.0874880477786064	-0.60036313533783	-0.485491275787354	0.635501682758331	10	2
122	7.99476623535156	3.93929052352905	10.9660654067993	0.621292471885681	0.0258917454630136	-0.899821758270264	0.366740018129349	0.236267879605293	10	2
123	8.1618480682373	3.43248677253723	11.027946472168	0.929502308368683	0.0569956488907337	-0.316954582929611	0.936687707901001	-0.148848742246628	10	2
124	8.08267307281494	3.67039799690247	10.9991416931152	0.803968191146851	0.0641409158706665	0.321438908576965	-0.33283868432045	0.886507391929626	10	2
125	8.05240249633789	3.76822304725647	10.9866571426392	1.55923473834991	0.100084446370602	-0.907534062862396	-0.251823097467422	0.336105823516846	10	2
126	8.22827911376953	3.25274467468262	11.0480527877808	0.501014232635498	0.0604020208120346	0.452417105436325	0.518047451972961	0.725910186767578	10	2
127	8.14350032806396	3.50167417526245	11.018364906311	1.13399696350098	0.0506389811635017	-0.56158322095871	-0.789250254631042	-0.248411804437637	10	2
128	8.13761043548584	3.49785614013672	11.0206184387207	1.29634714126587	0.0601957850158215	-0.714003026485443	-0.65371561050415	0.250710189342499	10	2
129	8.18485260009766	3.35559558868408	11.0378170013428	1.07504606246948	0.104702606797218	0.621321022510529	-0.737809121608734	-0.263814032077789	10	2
130	6.93049621582031	6.24210262298584	10.2302017211914	0.648024499416351	0.0472665205597878	0.308378368616104	-0.714460492134094	-0.6280517578125	11	2
131	6.93048048019409	5.88409423828125	10.0727701187134	0.584588468074799	0.034829244017601	-0.694771826267242	-0.437328487634659	0.570995628833771	11	2
132	6.95229578018188	5.66871929168701	9.95693016052246	1.05036795139313	0.0525136105716228	0.594430804252625	0.204323053359985	-0.777755856513977	11	2
133	5.84456443786621	7.00969505310059	10.7512311935425	0.3668612241745	0.011222074739635	-0.306160777807236	-0.81230366230011	0.496415376663208	12	2
134	5.63254642486572	7.11440849304199	10.8445091247559	0.486054539680481	0.0143144205212593	-0.0638458430767059	-0.779427468776703	0.623230814933777	12	2
135	5.4758448600769	7.18757677078247	10.9112768173218	0.47603976726532	0.0117805823683739	-0.121512196958065	-0.788960337638855	0.602309226989746	12	2
136	7.46811199188232	6.967613697052	11.9494075775146	2.13803601264954	0.0396917164325714	0.924498975276947	0.30952388048172	-0.222478032112122	13	2
137	9.44472408294678	7.62938690185547	11.4737415313721	2.5452709197998	0.041702039539814	0.567959189414978	0.535110592842102	-0.625363171100616	136	2
138	7.48489475250244	7.02541732788086	11.9868402481079	2.23108673095703	0.0711040049791336	-0.310656845569611	0.738868415355682	-0.59796816110611	13	2
139	7.81002569198608	7.72271871566772	12.562876701355	1.11429989337921	0.0545103177428246	-0.229733854532242	0.973186492919922	-0.0114161921665072	13	2
140	7.53215074539185	7.15118169784546	12.0810956954956	2.15541911125183	0.0927754640579224	0.97392737865448	0.103986479341984	-0.201624184846878	13	2
141	9.63137245178223	7.37531614303589	11.6465110778809	2.18449568748474	0.0641025900840759	0.80464643239975	0.566683828830719	-0.177238836884499	140	2
142	7.73584413528442	7.58368015289307	12.440601348877	1.47113823890686	0.0514906458556652	-0.140733808279037	0.922432124614716	-0.359601259231567	13	2
143	7.85504770278931	7.74180936813354	12.616943359375	1.20297384262085	0.0626169294118881	0.521159470081329	-0.531292974948883	0.667922675609589	13	2
144	8.63284397125244	9.26599979400635	13.9664325714111	1.22344183921814	0.0709691271185875	0.900259912014008	-0.406763195991516	-0.15516360104084	14	2
145	9.73425960540771	8.76834869384766	13.7765989303589	1.76132202148438	0.0515647232532501	0.594982326030731	0.111406803131104	-0.795980274677277	144	2
146	8.19133949279785	8.59155464172363	13.2684230804443	0.481805384159088	0.0371820591390133	-0.543195366859436	0.813480257987976	-0.20781871676445	13	2
147	8.67875385284424	9.32797527313232	13.9889602661133	0.542742311954498	0.0286085214465857	-0.877710819244385	0.176494181156158	0.445503562688828	14	2
148	9.05810165405273	9.72353839874268	14.2364492416382	1.39324080944061	0.0725503861904144	-0.668625771999359	0.353237271308899	-0.654341578483582	14	2
149	8.95028305053711	9.61648178100586	14.1959543228149	0.791110217571259	0.0206939019262791	-0.88506007194519	0.411565840244293	0.217444822192192	14	2
150	8.93635368347168	9.60246467590332	14.1822862625122	1.10408961772919	0.0406727381050587	-0.757212102413177	0.639565527439117	-0.132611304521561	14	2
151	6.72379589080811	7.01631355285645	12.0469217300415	1.42011165618896	0.0863282904028893	-0.555446445941925	-0.764949202537537	0.326085984706879	15	2
152	6.65023422241211	7.17495822906494	12.0786695480347	2.4856653213501	0.0472095012664795	-0.308408051729202	-0.0970617011189461	0.946289300918579	15	2
153	6.61744213104248	7.21050643920898	12.0931205749512	0.861976623535156	0.0404417291283607	-0.500937640666962	0.218994230031967	-0.837318897247314	15	2
154	6.29658174514771	7.62600326538086	12.2426271438599	0.547556817531586	0.0176718030124903	-0.724274873733521	0.5612753033638	-0.400494694709778	15	2
155	6.45082664489746	7.42514514923096	12.1705121994019	1.47955524921417	0.0610557161271572	0.70004141330719	0.384898126125336	-0.601494312286377	15	2
156	6.2566876411438	7.67828798294067	12.2613763809204	0.503930866718292	0.0283333901315928	-0.795881330966949	0.527218639850616	0.297679930925369	15	2
157	6.26181077957153	7.68731737136841	12.2621593475342	1.28478145599365	0.0583261325955391	0.414399296045303	0.775637209415436	0.476088404655457	15	2
158	5.90815305709839	8.2238187789917	12.4671192169189	1.1436026096344	0.0493111945688725	-0.329823285341263	0.331751316785812	0.883831262588501	15	2
159	7.60704183578491	6.72745323181152	12.8401851654053	1.21658980846405	0.0526606105268002	-0.809618353843689	0.48456797003746	0.331227838993073	16	2
160	7.71968412399292	6.75421619415283	13.1831569671631	1.87640774250031	0.0546493530273438	0.467268764972687	0.829215466976166	0.306694686412811	16	2
161	8.59647083282471	8.31016254425049	13.758641242981	2.08738017082214	0.0582366958260536	0.72361558675766	0.589302659034729	0.359308928251266	160	2
162	7.90691518783569	6.79377126693726	13.7514972686768	0.761242568492889	0.0102219115942717	0.720954120159149	0.691115915775299	-0.0508318059146404	16	2
163	8.02643585205078	6.83773708343506	14.1536617279053	0.736416459083557	0.013515779748559	0.912862479686737	-0.389062970876694	-0.123741783201694	16	2
164	8.00658416748047	6.84838771820068	14.1287460327148	1.03285527229309	0.07880549877882	0.268582344055176	0.925437450408936	-0.267261981964111	16	2
165	8.33608436584473	6.93739938735962	15.1682825088501	0.638658940792084	0.052780419588089	0.0693537667393684	0.924934685230255	-0.373745799064636	16	2
166	10.1250553131104	7.14775609970093	20.0699291229248	1.77102649211884	0.0725736990571022	0.942691087722778	-0.0196542274206877	0.33308744430542	18	2
167	11.7945861816406	7.11294794082642	20.6598358154297	1.62822127342224	0.0931262597441673	0.468565911054611	0.386208444833755	0.794537007808685	166	2
168	12.5575151443481	7.74178075790405	21.9535179138184	1.46017169952393	0.10786697268486	0.477217376232147	0.717002689838409	0.508104979991913	167	2
169	8.45171356201172	6.92415189743042	15.4829339981079	2.11685132980347	0.0270204618573189	0.581816852092743	-0.244459837675095	0.775711536407471	16	2
170	8.40397548675537	6.90558195114136	15.3253889083862	1.23554730415344	0.0820385068655014	0.931848108768463	0.323691159486771	-0.163960859179497	16	2
171	9.55531787872314	7.30551767349243	15.1228075027466	2.2559859752655	0.0752587765455246	0.697413742542267	0.715981602668762	0.0313771776854992	170	2
172	8.54341888427734	7.04375410079956	15.9674682617188	0.558111429214478	0.00894786790013313	-0.2838494181633	0.898110926151276	-0.33589631319046	16	2
173	8.58631610870361	7.06356334686279	16.1361312866211	1.99938535690308	0.0583373606204987	0.984319865703583	-0.00563270086422563	0.17630273103714	16	2
174	8.86143398284912	6.95739889144897	17.1036071777344	0.868685066699982	0.0463905446231365	0.866854012012482	-0.317429035902023	0.384451419115067	17	2
175	9.61445713043213	6.68165302276611	17.4375743865967	2.53654479980469	0.0390786156058311	0.957469820976257	-0.26430955529213	0.115723222494125	174	2
176	12.0431222915649	6.01121997833252	17.7311115264893	2.99098610877991	0.0494328141212463	0.78688383102417	-0.522321343421936	0.328624755144119	175	2
177	8.91697025299072	7.08151245117188	17.2468910217285	2.72076725959778	0.0475578643381596	0.904362857341766	0.0763314887881279	0.419882535934448	17	2
178	11.3775310516357	7.28919267654419	18.3892936706543	1.83733105659485	0.0461814478039742	0.882027149200439	-0.252492845058441	0.397838413715363	177	2
179	12.9981069564819	6.825279712677	19.1202545166016	1.22513794898987	0.0697564110159874	0.699222981929779	-0.695208311080933	0.166650801897049	178	2
180	9.03059387207031	7.05657339096069	17.5956172943115	0.665790498256683	0.0233880858868361	0.159945413470268	0.760625541210175	0.629179060459137	17	2
181	8.98057842254639	6.99646949768066	17.4687538146973	2.04815220832825	0.0457216538488865	0.827555060386658	-0.168581768870354	0.535474419593811	17	2
182	10.675537109375	6.65118837356567	18.565486907959	2.60295295715332	0.0465424545109272	0.920413076877594	0.300501137971878	0.250077486038208	181	2
183	9.14524173736572	7.08824872970581	17.831090927124	0.552882730960846	0.0672345235943794	0.9199458360672	0.302461683750153	0.249432697892189	17	2
184	9.17366504669189	7.0663013458252	17.9469814300537	1.60215163230896	0.0586343742907047	0.415643006563187	0.580652952194214	0.700059294700623	17	2
185	9.8395881652832	7.99659538269043	19.06858253479	2.15487599372864	0.0812647715210915	0.984493732452393	-0.137694150209427	-0.108685299754143	184	2
186	11.9610500335693	7.6998815536499	18.834379196167	1.86744439601898	0.0690449848771095	0.818447470664978	0.443187057971954	0.365689694881439	185	2
187	9.31623458862305	7.0406641960144	18.3148021697998	1.50485002994537	0.0410115048289299	0.286031931638718	-0.0271931998431683	0.957834124565125	17	2
188	9.75470542907715	7.10474967956543	19.3737449645996	1.9567883014679	0.0487886257469654	-0.538069427013397	0.590351700782776	-0.601636230945587	17	2
189	9.98465156555176	7.08434152603149	19.9664192199707	1.55720293521881	0.0793987736105919	0.826709508895874	-0.562627255916595	-0.00138776132371277	17	2
190	11.2720060348511	6.20821666717529	19.9642581939697	3.02280521392822	0.06004698574543	0.872985601425171	-0.467049121856689	-0.140574917197227	189	2
191	11.1045064926147	6.9818902015686	21.5126914978027	0.679182529449463	0.0459345169365406	-0.862211465835571	0.399735599756241	-0.311131626367569	18	2
192	10.2277736663818	7.04252910614014	20.0941143035889	0.433366179466248	0.0223035588860512	0.832932472229004	-0.525480568408966	-0.173474878072739	18	2
193	10.5445804595947	7.06614351272583	20.7271671295166	0.701792359352112	0.0457991734147072	0.38779416680336	0.0586574524641037	0.919877648353577	18	2
194	10.8917217254639	7.02466630935669	21.1800918579102	2.67811393737793	0.0483522117137909	0.589256644248962	0.806005835533142	0.0559567213058472	18	2
195	10.936840057373	7.0170841217041	21.246452331543	1.18205559253693	0.0512722916901112	0.318194359540939	0.719435572624207	0.617385506629944	18	2
196	11.3129634857178	7.86749696731567	21.9762363433838	2.9374372959137	0.0493518710136414	0.249935209751129	0.427058637142181	0.868995547294617	195	2
197	11.0495443344116	6.99132490158081	21.4327068328857	0.835412681102753	0.0206494778394699	-0.358403265476227	0.585239946842194	0.727352261543274	18	2
198	12.4441652297974	6.88178062438965	22.9626007080078	0.739187061786652	0.0462546497583389	-0.0724505856633186	-0.458272278308868	0.885854065418243	19	2
199	11.306884765625	6.94860172271729	21.803295135498	1.49633312225342	0.0438047759234905	0.784660339355469	-0.570824503898621	0.241800770163536	18	2
200	11.9015321731567	6.78488111495972	22.453971862793	2.30021190643311	0.105345673859119	0.747180581092834	-0.628052771091461	-0.217418536543846	19	2
201	11.9317197799683	6.79323244094849	22.5173873901367	0.330383956432343	0.0112548908218741	-0.181766912341118	0.267671048641205	0.946209788322449	19	2
202	11.9796571731567	6.78350591659546	22.5309715270996	0.837511897087097	0.0365755669772625	0.810485243797302	-0.154859140515327	0.564917922019958	19	2
203	12.4907855987549	6.86846685409546	22.9603481292725	1.81639873981476	0.137775987386703	0.820502281188965	-0.52447372674942	-0.22738353908062	19	2
204	13.0733051300049	6.83984708786011	23.498046875	1.2095240354538	0.0458118915557861	0.870230436325073	0.0172383356839418	0.492343217134476	19	2
205	12.6397676467896	6.87252330780029	23.1176605224609	1.12275338172913	0.0523173250257969	0.814780712127686	0.574991047382355	-0.0742806196212769	19	2
206	13.6484317779541	6.84291791915894	24.0620613098145	0.244317278265953	0.0155934132635593	-0.363342553377151	0.832643628120422	0.41795539855957	19	2
207	13.5568790435791	6.84486293792725	23.9748077392578	0.326368659734726	0.0133801233023405	-0.416641414165497	0.785090446472168	0.45830437541008	19	2
208	13.5141687393188	6.84898567199707	23.939245223999	0.147598922252655	0.0311470665037632	0.714666545391083	-0.620765089988708	0.322339117527008	19	2
209	13.4895477294922	6.84293842315674	23.9061546325684	0.367251962423325	0.012499731965363	0.580545008182526	-0.50752991437912	0.636695265769958	19	2
210	7.25602293014526	6.45811367034912	18.9324531555176	1.99267292022705	0.0523618943989277	0.670729041099548	-0.400316774845123	0.62439501285553	21	2
211	8.59256649017334	5.66041326522827	20.1766681671143	2.55983901023865	0.0412030145525932	0.916962623596191	-0.370676666498184	0.147574737668037	210	2
212	10.9398431777954	4.71154069900513	20.5544357299805	2.49043035507202	0.0539924874901772	0.965323090553284	-0.190023347735405	-0.179003983736038	211	2
213	7.31360960006714	6.45468711853027	19.5741424560547	2.09164357185364	0.0877228751778603	0.222289800643921	-0.777517199516296	0.588263809680939	21	2
214	7.51013612747192	6.48352432250977	20.3679695129395	2.48663711547852	0.0800630152225494	-0.164407998323441	0.169636130332947	0.971696257591248	21	2
215	7.10131311416626	6.90534782409668	22.7842254638672	2.45087909698486	0.080062210559845	-0.1617721170187	0.645736694335938	0.74622642993927	214	2
216	6.70482921600342	8.48797035217285	24.6131362915039	2.37511038780212	0.0978936478495598	-0.271634787321091	0.738071441650391	0.617628574371338	215	2
217	7.57329750061035	6.51973819732666	20.5059967041016	2.49427175521851	0.0498824752867222	0.153382793068886	0.71793258190155	0.679004073143005	21	2
218	7.95587587356567	8.31045722961426	22.1996173858643	2.40650272369385	0.0513641312718391	0.110877148807049	0.705107092857361	0.700378596782684	217	2
219	8.22270202636719	10.0072994232178	23.8850803375244	1.86690127849579	0.0806452706456184	0.351050406694412	0.902499437332153	0.249516263604164	218	2
220	8.03480911254883	6.43988609313965	21.6375427246094	0.510040402412415	0.0133913727477193	-0.354957520961761	0.71844881772995	-0.598194360733032	22	2
221	9.30095481872559	5.90774965286255	24.0769901275635	1.56086766719818	0.0630635246634483	0.887032032012939	0.322969555854797	-0.329946756362915	22	2
222	10.6854944229126	6.41186237335205	23.5619869232178	2.84016847610474	0.0537316426634789	0.969311118125916	0.18705278635025	0.159521445631981	221	2
223	8.34736442565918	6.30723190307617	22.2449493408203	2.47477459907532	0.103375338017941	-0.0903826504945755	-0.00220097252167761	0.995904684066772	22	2
224	8.12368774414062	6.30178499221802	24.7095890045166	3.05269193649292	0.10652244836092	-0.958867430686951	0.25240883231163	0.129857748746872	223	2
225	5.19656085968018	7.07231140136719	25.1060047149658	2.15154314041138	0.115542352199554	-0.893829226493835	0.375880211591721	0.244506284594536	224	2
226	8.85904502868652	6.09386301040649	23.2240219116211	1.55012261867523	0.0577359311282635	0.0171936955302954	0.155681163072586	0.987657725811005	22	2
227	8.88569736480713	6.3351879119873	24.755012512207	2.27282285690308	0.0837260633707047	-0.6349196434021	-0.101697385311127	0.765855550765991	226	2
228	7.44263744354248	6.10404777526855	26.4956665039062	2.65203213691711	0.0559436082839966	-0.401873022317886	-0.588428616523743	0.701605260372162	227	2
229	9.42329597473145	5.83987188339233	24.3660469055176	0.391682326793671	0.0944799110293388	-0.225057333707809	-0.26961812376976	0.936298668384552	22	2
230	9.33269882202148	5.72921323776245	24.7317905426025	2.69954919815063	0.098829373717308	-0.367869585752487	-0.358956187963486	0.857800900936127	229	2
231	9.97808170318604	5.26220893859863	25.820858001709	1.78360426425934	0.0572336502373219	0.998099386692047	0.031262218952179	-0.0531064234673977	23	2
232	9.77334976196289	5.44577884674072	25.2046279907227	0.45428940653801	0.0542895570397377	0.515420198440552	-0.0732538849115372	0.853800892829895	23	2
233	7.41587495803833	5.88615942001343	13.8510608673096	0.707415044307709	0.0853433981537819	0.25484362244606	-0.942521333694458	-0.216121137142181	24	2
234	8.01363277435303	5.41042566299438	15.70703125	3.46959972381592	0.108699828386307	0.853016078472137	0.513215839862823	-0.0947267264127731	24	2
235	7.39292764663696	5.89036750793457	13.8500328063965	3.43704223632812	0.105727009475231	0.414946317672729	-0.898322463035583	0.144347950816154	24	2
236	8.81911563873291	2.80279517173767	14.3461627960205	2.19690918922424	0.104626297950745	0.447214484214783	-0.793929159641266	-0.411917090415955	235	2
237	7.99722290039062	5.42136001586914	15.6605625152588	0.632288217544556	0.0733394473791122	-0.221161395311356	0.836909651756287	-0.500669479370117	24	2
238	7.80411195755005	5.5555682182312	15.1159591674805	0.429581254720688	0.0819698944687843	0.22365814447403	-0.860858500003815	-0.457055479288101	24	2
239	8.26589775085449	5.11561584472656	16.803897857666	2.28991222381592	0.0727527290582657	0.342106491327286	-0.536715805530548	0.771297216415405	24	2
240	9.04929161071777	3.88658380508423	18.5701007843018	2.38650560379028	0.0426162965595722	0.60706090927124	-0.643520176410675	0.466217577457428	239	2
241	10.4980459213257	2.35081934928894	19.682731628418	1.98677456378937	0.0399186983704567	0.764270186424255	-0.35199099779129	0.540364146232605	240	2
242	7.8967080116272	5.42634582519531	15.6567440032959	1.15916669368744	0.0597809702157974	-0.548397421836853	-0.287029504776001	0.785413503646851	24	2
243	8.18897914886475	5.26220703125	16.2863502502441	0.630778312683105	0.0155836064368486	0.912686228752136	-0.376609981060028	0.158646792173386	24	2
244	8.19939422607422	5.18618392944336	16.5284194946289	0.604431629180908	0.0396346375346184	0.601665377616882	-0.697678685188293	-0.38890016078949	24	2
245	8.08741760253906	5.26030778884888	16.2747383117676	2.66993021965027	0.0518412515521049	0.113278038799763	-0.895629107952118	0.430135488510132	24	2
246	9.28146076202393	4.68123483657837	19.3333644866943	2.86045932769775	0.0611483231186867	-0.00288123427890241	0.305886596441269	0.95206356048584	25	2
247	8.16523933410645	5.17817974090576	16.6650428771973	0.782697856426239	0.0480024181306362	-0.621301591396332	0.762278735637665	-0.181426465511322	24	2
248	8.29958915710449	5.09286165237427	17.2965202331543	0.938931882381439	0.0836678296327591	-0.958759546279907	0.209057733416557	-0.192548528313637	24	2
249	8.81617164611816	4.90154886245728	18.3887481689453	1.44102835655212	0.0662989094853401	-0.92896968126297	0.362381160259247	-0.075466513633728	25	2
250	8.97101593017578	4.84376621246338	18.681547164917	0.596932113170624	0.0699023678898811	0.152942344546318	-0.598157584667206	0.786648690700531	25	2
251	9.06231212615967	4.48670673370361	19.151123046875	3.36401653289795	0.0615050420165062	0.628725111484528	-0.547464787960052	0.552256345748901	250	2
252	11.1773538589478	2.64502620697021	21.0089225769043	1.7595237493515	0.10480260103941	0.617609441280365	-0.471831917762756	0.629232287406921	251	2
253	9.03704929351807	4.8243579864502	18.7941837310791	1.35920464992523	0.0600098893046379	0.593189418315887	0.717761993408203	0.364614993333817	25	2
254	9.54404544830322	4.54830980300903	19.8777809143066	0.743350207805634	0.0707171484827995	0.596997261047363	0.49598491191864	-0.630550026893616	25	2
255	9.42812156677246	4.59393835067749	19.6546401977539	1.39464914798737	0.0590984113514423	-0.163301914930344	-0.557677090167999	0.813835859298706	25	2
256	11.7018013000488	3.40600204467773	21.7420558929443	2.01675319671631	0.0801682025194168	0.916609704494476	0.357224524021149	0.179491460323334	26	2
257	11.0175361633301	3.81200933456421	21.3458786010742	1.43539047241211	0.0394121259450912	0.444391667842865	-0.858895242214203	0.254587680101395	26	2
258	10.9755887985229	3.81838250160217	21.2819900512695	1.17821097373962	0.0453774519264698	0.989549696445465	0.132041826844215	-0.0579338409006596	26	2
259	11.0683794021606	3.78142714500427	21.4220905303955	0.36773419380188	0.0413046590983868	0.385933756828308	0.816615641117096	-0.429178357124329	26	2
260	6.35785007476807	7.70705795288086	15.7223329544067	1.09518933296204	0.0481287129223347	0.280624359846115	-0.858621776103973	0.428973883390427	28	2
261	6.95897960662842	6.86486768722534	14.381326675415	0.971035778522491	0.0419013872742653	0.722959160804749	-0.419749051332474	0.548762857913971	27	2
262	6.72222900390625	7.34213829040527	15.3954410552979	0.664479434490204	0.0147511828690767	-0.0190625954419374	-0.502484977245331	-0.864375710487366	27	2
263	6.74730920791626	7.34265947341919	15.2961130142212	1.30851137638092	0.0419483967125416	-0.248731911182404	0.955113112926483	-0.160908281803131	27	2
264	6.5831503868103	7.43853139877319	15.5015249252319	0.732958316802979	0.040193933993578	-0.901929259300232	0.40185409784317	-0.158230468630791	28	2
265	6.45912933349609	7.63094472885132	15.6816968917847	0.749701619148254	0.0460636466741562	-0.454034239053726	0.87968921661377	-0.141421318054199	28	2
266	6.37350702285767	7.68221139907837	15.7216472625732	0.662248373031616	0.0548602864146233	-0.690118432044983	-0.43415293097496	-0.57900595664978	28	2
267	6.32519102096558	7.73471832275391	15.733268737793	0.901435315608978	0.0612121559679508	-0.661820769309998	-0.306371480226517	0.6842001080513	28	2
268	5.72860240936279	7.45854425430298	16.3500308990479	1.98637306690216	0.0515581481158733	-0.607765078544617	-0.78806471824646	-0.0978547260165215	267	2
269	6.10118961334229	7.91535615921021	15.7935485839844	0.319143086671829	0.0248226467519999	-0.870916426181793	-0.465669989585876	-0.157022744417191	28	2
270	5.78726863861084	8.13603115081787	15.89697265625	0.639327645301819	0.0496797375380993	-0.802179515361786	-0.364310055971146	-0.473060488700867	28	2
271	5.92117691040039	8.04295921325684	15.8488674163818	0.346561789512634	0.00944607425481081	0.0299246236681938	0.976503968238831	0.213411599397659	28	2
272	5.40482616424561	8.39603805541992	16.0351657867432	0.853824019432068	0.0155042707920074	0.148387789726257	0.988094091415405	-0.0406344532966614	28	2
273	5.46662759780884	8.35042953491211	16.0067710876465	0.420289695262909	0.0365560986101627	-0.634199917316437	-0.020689545199275	-0.772892236709595	28	2
274	6.39861965179443	6.16142559051514	14.5929136276245	0.295754820108414	0.0154134705662727	0.18026165664196	-0.79290235042572	0.582075238227844	29	2
275	6.82261848449707	6.74048519134521	15.1658229827881	0.404160112142563	0.0276393666863441	-0.92398738861084	-0.322705030441284	-0.205204159021378	0	0
276	6.52809762954712	5.78480577468872	15.9038343429565	0.69952118396759	0.0606525391340256	0.0514150522649288	-0.931975364685059	-0.358856976032257	31	2
277	5.59305334091187	4.87707185745239	16.4922504425049	3.21654891967773	0.146093994379044	-0.785807371139526	0.00827073398977518	-0.618416011333466	32	2
278	6.58634757995605	5.82376337051392	15.8306007385254	1.38878524303436	0.0478815734386444	-0.454940378665924	0.813542664051056	-0.362184464931488	31	2
279	6.18275833129883	5.59776544570923	16.1491470336914	1.08749294281006	0.0397480763494968	-0.0857891514897346	0.522072315216064	-0.848575711250305	31	2
280	5.91983318328857	5.31758689880371	16.3680152893066	1.56884789466858	0.069155789911747	-0.686416983604431	0.591671228408813	-0.422796487808228	32	2
281	5.47821569442749	4.72715854644775	16.532865524292	2.35440850257874	0.0486189164221287	-0.625867545604706	-0.693632900714874	-0.356599360704422	32	2
282	5.09663677215576	4.22947788238525	16.6673393249512	1.60987460613251	0.0532611683011055	0.34959152340889	0.144348666071892	0.925715506076813	32	2
283	4.99165058135986	4.09201955795288	16.7044734954834	0.684892416000366	0.0557527020573616	-0.943797826766968	-0.152337551116943	0.293323904275894	32	2
284	5.07485437393188	4.19671821594238	16.676700592041	0.934488415718079	0.0162916928529739	0.0662222504615784	0.0936418771743774	0.993401110172272	32	2
285	4.93470287322998	4.01657342910767	16.7249336242676	1.21033561229706	0.0394336245954037	0.0492838062345982	-0.840470612049103	0.539611101150513	32	2
286	6.923996925354	6.58633518218994	15.4252653121948	2.41792178153992	0.0395222529768944	-0.412639379501343	0.89954274892807	-0.143357902765274	33	2
287	6.86666107177734	6.75848007202148	15.7008037567139	0.45031014084816	0.0118018202483654	-0.509957551956177	-0.774298131465912	-0.37470743060112	33	2
288	6.22322845458984	8.65871524810791	19.6652355194092	2.16877841949463	0.0467976406216621	-0.239236205816269	0.970884680747986	-0.0122068710625172	34	2
289	6.76878213882446	7.00833749771118	16.1194534301758	0.566508769989014	0.0404134765267372	-0.693425834178925	0.247588708996773	-0.676653861999512	33	2
290	6.55410194396973	7.75862312316895	17.4998531341553	0.432125747203827	0.0548486635088921	0.554149746894836	0.763273596763611	-0.332161664962769	34	2
291	6.56477069854736	7.79401063919067	17.7188568115234	0.496309220790863	0.0440979972481728	-0.241648092865944	-0.967209160327911	-0.0781833156943321	34	2
292	6.4671106338501	7.88526487350464	18.0759677886963	0.69766503572464	0.051770955324173	-0.889410436153412	-0.346768945455551	0.297825932502747	34	2
293	6.51672792434692	7.90052270889282	17.8620147705078	0.649127662181854	0.0122430445626378	0.533492743968964	0.68706214427948	0.493286162614822	34	2
294	6.40097332000732	7.9954571723938	18.1075592041016	0.955180466175079	0.0455660745501518	0.372073888778687	0.861305236816406	-0.34599757194519	34	2
295	6.46906423568726	8.04239177703857	18.2307205200195	1.33036363124847	0.0391496755182743	0.9497190117836	0.196515753865242	0.243752747774124	34	2
296	6.34876251220703	8.12052059173584	18.6335964202881	0.318080931901932	0.0088944099843502	0.410130023956299	-0.612711787223816	0.675557315349579	34	2
297	6.24233865737915	8.32714366912842	19.0262260437012	0.754653453826904	0.0462963990867138	0.844048798084259	0.521501302719116	-0.124972276389599	34	2
298	6.20754718780518	8.41972732543945	19.2807521820068	1.19302821159363	0.0533313527703285	0.536387920379639	-0.838394582271576	-0.0968632027506828	34	2
299	6.12291383743286	8.64789581298828	19.8699588775635	0.803813338279724	0.0417447499930859	0.651365458965302	-0.431998521089554	-0.623778998851776	35	2
300	6.13029432296753	8.63512706756592	19.8362216949463	0.933907389640808	0.0363190099596977	-0.0559951178729534	-0.673649847507477	-0.736926376819611	35	2
301	6.21166038513184	8.65714359283447	19.6378746032715	1.26331830024719	0.0589475557208061	-0.749998927116394	0.604132175445557	-0.269306242465973	34	2
302	6.06604385375977	8.80303764343262	20.3844623565674	1.26291966438293	0.0322375185787678	-0.0577017217874527	0.968623220920563	-0.241742745041847	35	2
303	6.08824157714844	8.73288249969482	19.9502964019775	2.11124539375305	0.0441320240497589	0.96483051776886	0.0926356837153435	0.246009439229965	35	2
304	6.20354080200195	8.72821712493896	19.8717575073242	0.458715260028839	0.0357538983225822	-0.0839847922325134	0.416673421859741	0.905168354511261	34	2
305	5.78274011611938	9.49306488037109	22.5661754608154	0.976291835308075	0.0555091574788094	-0.979425728321075	0.134245216846466	0.150676533579826	35	2
306	6.00559854507446	8.97594451904297	20.958589553833	0.761457085609436	0.047270342707634	-0.356213986873627	0.269151717424393	0.894801080226898	35	2
307	5.97254133224487	9.0619010925293	21.2377090454102	0.229703113436699	0.0105083957314491	-0.31725537776947	-0.146084144711494	-0.93702107667923	35	2
308	5.98516130447388	9.02861022949219	21.1293563842773	0.824847877025604	0.0399008132517338	-0.140563413500786	-0.956160247325897	0.256903648376465	35	2
309	5.95918130874634	9.09395313262939	21.3403282165527	0.903090119361877	0.0186094548553228	-0.590578079223633	-0.772801458835602	-0.232369184494019	35	2
310	5.95650100708008	9.09858894348145	21.3540477752686	0.656217277050018	0.0397203117609024	-0.787166774272919	-0.583116829395294	0.200856372714043	35	2
311	5.90519857406616	9.22135829925537	21.7460632324219	0.359600275754929	0.059955146163702	0.151733815670013	-0.173939347267151	0.972996354103088	35	2
312	5.87927675247192	9.28061294555664	21.9323425292969	1.88517832756042	0.0561824403703213	-0.0296751838177443	0.993391811847687	-0.110869705677032	35	2
313	5.87635803222656	9.28668785095215	21.9507732391357	0.889505684375763	0.041705533862114	0.585007131099701	0.676008701324463	0.448083609342575	35	2
314	5.84383392333984	9.35624217987061	22.1609992980957	0.486868411302567	0.0182709060609341	0.0874228775501251	0.957894682884216	-0.273486644029617	35	2
315	5.85388326644897	9.33868312835693	22.1138782501221	0.559131920337677	0.0654822885990143	-0.676109850406647	0.690757811069489	0.256377220153809	35	2
316	5.8142671585083	9.4185905456543	22.3402976989746	0.300895363092422	0.0349564738571644	0.87981379032135	0.314172238111496	-0.356684118509293	35	2
317	5.77328824996948	9.52906227111816	22.5318031311035	0.324851125478745	0.0484348423779011	0.409561842679977	0.575223445892334	-0.708079814910889	35	2
318	5.79778385162354	9.44923782348633	22.3982582092285	0.487106591463089	0.0522891953587532	-0.469552457332611	0.80930632352829	-0.352907598018646	35	2
319	6.80414772033691	6.0005316734314	16.2652721405029	0.786598026752472	0.0504150837659836	-0.714020907878876	0.689002335071564	-0.124298043549061	36	2
320	6.33995962142944	5.16798734664917	16.7740898132324	0.558979332447052	0.0776832029223442	-0.834272384643555	-0.431228578090668	-0.343557238578796	37	2
321	6.36982488632202	5.26669502258301	16.6526546478271	0.918224632740021	0.06624586135149	-0.0415790639817715	-0.813368260860443	-0.580261290073395	37	2
322	6.33154487609863	4.9907603263855	16.8856296539307	0.548708200454712	0.0392396859824657	0.998888075351715	0.0252067279070616	-0.0398392491042614	37	2
323	6.33053064346313	4.94331789016724	16.9135036468506	0.579428672790527	0.0367292910814285	0.939745724201202	-0.276197999715805	-0.201476365327835	37	2
324	6.22677183151245	3.83773517608643	17.666316986084	0.800327599048615	0.0493556596338749	0.241436436772346	-0.397006124258041	0.885491132736206	37	2
325	6.32873773574829	4.87412214279175	16.9539070129395	1.52773404121399	0.0510973483324051	-0.333001703023911	-0.941997885704041	-0.0418316423892975	37	2
326	6.23196125030518	4.12133455276489	17.485954284668	1.1174236536026	0.0552691593766212	-0.656645596027374	0.657123923301697	-0.370141386985779	37	2
327	6.23226022720337	4.106858253479	17.4951095581055	0.265843629837036	0.0397608131170273	0.0202470067888498	-0.993500590324402	0.112011440098286	37	2
328	6.20354080200195	3.55472564697266	17.8548965454102	0.134350597858429	0.0296431686729193	-0.993974804878235	-0.109606400132179	0.000766627199482173	37	2
329	6.19140768051147	3.08390212059021	18.1451816558838	1.73869788646698	0.0408660173416138	-0.633835196495056	-0.126295909285545	-0.763087391853333	37	2
330	6.17154693603516	2.99958467483521	18.2157096862793	0.381293326616287	0.0365653708577156	-0.389079928398132	0.829744935035706	-0.400175034999847	37	2
331	5.32412672042847	7.14429330825806	18.9090557098389	2.42229700088501	0.0605212822556496	-0.83897340297699	-0.385995656251907	-0.383576542139053	39	2
332	6.68138551712036	6.63516855239868	16.4981098175049	1.27848720550537	0.0511224716901779	-0.898162066936493	0.125379398465157	-0.421408176422119	38	2
333	6.33852863311768	6.70772933959961	17.1472415924072	0.855072498321533	0.0543638803064823	-0.891983509063721	0.15931424498558	-0.423065364360809	38	2
334	6.20560026168823	6.83630514144897	17.5218200683594	1.8927344083786	0.0596289895474911	-0.867137789726257	0.464327216148376	-0.180200710892677	38	2
335	5.99269247055054	6.94024991989136	17.9169998168945	1.62507152557373	0.0611419826745987	-0.902816355228424	-0.0876349955797195	-0.421001970767975	39	2
336	5.88910627365112	6.99967575073242	18.1600723266602	0.664654731750488	0.057528555393219	-0.893374741077423	-0.448751747608185	0.0224351845681667	39	2
337	5.73729515075684	7.03818702697754	18.4319267272949	0.567095935344696	0.0404561199247837	0.176536113023758	-0.963280200958252	0.202302828431129	39	2
338	5.71337795257568	7.07906055450439	18.4485988616943	1.50195705890656	0.0494938381016254	-0.823792457580566	0.564867198467255	-0.0478654056787491	39	2
339	5.33807182312012	7.27480411529541	18.8991241455078	2.32464504241943	0.053992997854948	-0.425397545099258	0.872919976711273	-0.238846361637115	39	2
340	5.18562173843384	7.23295402526855	19.0319366455078	2.01452612876892	0.154379099607468	-0.981851398944855	0.0520362369716167	0.182373106479645	39	2
341	3.2076563835144	7.33778238296509	19.3993320465088	2.42979025840759	0.186700522899628	-0.421814680099487	-0.854187190532684	-0.304034054279327	340	2
342	4.32659435272217	7.7022008895874	20.3056316375732	1.18633913993835	0.071569636464119	0.0180434882640839	0.897550523281097	-0.440542310476303	39	2
343	4.60141706466675	7.53072881698608	19.9055709838867	0.441644847393036	0.0099364360794425	0.137197688221931	0.885135173797607	-0.444648683071136	39	2
344	4.63687467575073	7.50975751876831	19.8557567596436	0.433657497167587	0.0356803759932518	-0.69711697101593	0.536987543106079	-0.475049823522568	39	2
345	4.76123094558716	7.43317031860352	19.6981830596924	0.382150888442993	0.0594195872545242	-0.772171199321747	-0.33521893620491	-0.539796113967896	39	2
346	4.55652904510498	7.53670167922974	20.007833480835	0.726133644580841	0.0560466125607491	0.870843827724457	0.280488878488541	0.403679341077805	39	2
347	4.30001401901245	7.6589994430542	20.334358215332	0.614576995372772	0.0143493162468076	-0.448767423629761	-0.624728143215179	-0.639001250267029	40	2
348	4.45360708236694	7.59340047836304	20.1470699310303	1.68180632591248	0.0670131221413612	-0.997173666954041	0.0562519989907742	-0.0498043186962605	39	2
349	4.43950939178467	7.64484786987305	20.136791229248	0.548520684242249	0.0457576252520084	-0.203459650278091	0.780397832393646	-0.591255784034729	39	2
350	3.39183211326599	8.52634811401367	20.9480056762695	2.39884805679321	0.146437585353851	-0.962893784046173	0.249392285943031	-0.10314567387104	40	2
351	3.66011238098145	8.28178977966309	20.8138771057129	0.46515566110611	0.0136122656986117	0.612246751785278	0.727354645729065	0.310014694929123	40	2
352	3.31797766685486	8.59133243560791	20.9805068969727	0.889910101890564	0.0219177398830652	0.194090992212296	-0.85161966085434	0.486900985240936	40	2
353	3.1558358669281	8.75074195861816	21.0772457122803	0.941600561141968	0.0795322880148888	0.266736716032028	-0.252140164375305	0.930202603340149	40	2
354	3.34097933769226	8.5753059387207	20.9767055511475	0.7378751039505	0.0726919621229172	-0.910611033439636	-0.138626709580421	-0.389320075511932	40	2
355	2.47081661224365	9.40104389190674	21.3541049957275	1.44771194458008	0.0855468288064003	-0.495169997215271	-0.0430997684597969	-0.867726445198059	40	2
356	2.5749716758728	9.29092979431152	21.311990737915	0.626729905605316	0.0624333135783672	-0.997193932533264	-0.033396027982235	-0.0669990032911301	40	2
357	6.9879002571106	6.1406774520874	16.967041015625	0.508971929550171	0.0367527939379215	-0.856372773647308	0.516296029090881	0.0080045610666275	41	2
358	6.83806657791138	5.71517753601074	17.5092754364014	0.542552351951599	0.0269672460854053	-0.871927499771118	-0.256523311138153	-0.41705909371376	41	2
359	6.8829493522644	5.75199937820435	17.4500694274902	2.09918284416199	0.0709546729922295	-0.0682360604405403	-0.759401202201843	0.647034585475922	41	2
360	6.73970937728882	4.15787744522095	18.808313369751	2.28362202644348	0.0625238046050072	-0.276561826467514	-0.960429430007935	0.0329957455396652	359	2
361	6.91423559188843	5.4434986114502	18.1036281585693	0.326668471097946	0.0275861267000437	0.519684433937073	0.570919811725616	-0.635593175888062	42	2
362	6.86559581756592	5.36045551300049	18.4146766662598	1.31149518489838	0.0590877123177052	-0.0887251198291779	-0.955195426940918	-0.282364249229431	42	2
363	6.90489768981934	5.30376529693604	18.5515232086182	0.650247395038605	0.0629535689949989	0.0539830960333347	0.963071167469025	-0.263779819011688	42	2
364	6.95116806030273	5.23886156082153	18.7135715484619	0.478936702013016	0.00654346402734518	-0.30773600935936	-0.944905519485474	-0.111588671803474	42	2
365	6.95696258544922	5.23097562789917	18.7392158508301	2.00446701049805	0.0614020153880119	-0.108402132987976	-0.375689387321472	0.920383870601654	42	2
366	6.73967409133911	4.47791862487793	20.5840950012207	2.14426851272583	0.0534198246896267	-0.922068476676941	-0.385479003190994	-0.0345761477947235	365	2
367	7.0776162147522	5.06535530090332	19.1679801940918	1.03403234481812	0.0470996275544167	0.940901696681976	-0.00398750649765134	-0.338656306266785	42	2
368	7.12215566635132	5.00321960449219	19.3498611450195	0.995469987392426	0.0382920540869236	-0.452087819576263	-0.891827821731567	0.0161157138645649	42	2
369	7.15160274505615	4.96268463134766	19.4612598419189	0.164186805486679	0.0230446346104145	0.880692005157471	-0.0630422383546829	0.469475477933884	42	2
370	7.21288824081421	4.88092517852783	19.6665878295898	0.751105010509491	0.0451726503670216	-0.0229046642780304	-0.994256913661957	-0.104539074003696	42	2
371	7.3289794921875	4.71886253356934	20.1307487487793	0.851529717445374	0.0117345741018653	-0.908500730991364	-0.417700380086899	0.0123665351420641	42	2
372	7.34798288345337	4.69313478469849	20.1986236572266	1.679163813591	0.0517482757568359	-0.844530820846558	-0.535506904125214	-0.000270342279691249	42	2
373	7.40375900268555	4.61755228042603	20.4009876251221	1.08533751964569	0.199314177036285	-0.11061642318964	-0.992504477500916	0.0519516170024872	42	2
374	7.2837028503418	3.54034996032715	20.4573726654053	2.19946312904358	0.207363471388817	0.59644341468811	-0.48804834485054	0.637231647968292	373	2
375	8.59555816650391	2.46690559387207	21.8589401245117	2.45040202140808	0.193759500980377	0.479111194610596	-0.376902192831039	0.792715072631836	374	2
376	7.41055393218994	4.6079273223877	20.4291553497314	1.51392114162445	0.0656013116240501	-0.363976716995239	-0.88219279050827	-0.298758774995804	42	2
377	7.46497058868408	4.53287124633789	20.638277053833	1.5129212141037	0.0746613442897797	-0.578863501548767	-0.797979533672333	-0.16776716709137	42	2
378	7.4942889213562	4.49327373504639	20.7443771362305	0.684661686420441	0.0976921319961548	-0.994988560676575	0.0621538758277893	-0.0783235132694244	42	2
379	7.49826812744141	4.48662281036377	20.7689323425293	2.11966705322266	0.0603352040052414	-0.939479172229767	-0.336575835943222	0.0639961957931519	42	2
380	5.50688505172729	3.77319407463074	20.9045829772949	2.32277131080627	0.0671087205410004	-0.81262743473053	0.370254099369049	-0.450053781270981	379	2
381	7.49303722381592	4.49468183517456	20.7419834136963	0.547212660312653	0.025239946320653	0.492129534482956	-0.682147204875946	0.540817737579346	42	2
382	7.5262656211853	4.44954061508179	20.8645629882812	0.581996142864227	0.0352654457092285	0.182512685656548	-0.143029153347015	0.972744405269623	42	2
383	7.50947952270508	4.46984100341797	20.8246822357178	0.4175845682621	0.0455099754035473	0.768126726150513	0.340983152389526	-0.541951835155487	42	2
384	7.76929092407227	4.51020908355713	21.0993900299072	0.5759397149086	0.0118210250511765	0.509524047374725	0.860333263874054	-0.0145549904555082	43	2
385	7.96519804000854	4.50631856918335	21.2915573120117	0.625108063220978	0.00786628015339375	0.245638534426689	-0.624573111534119	-0.741329967975616	43	2
386	8.10308361053467	4.53128528594971	21.4454822540283	1.0789669752121	0.0541157349944115	0.117436341941357	0.156593427062035	-0.980656445026398	43	2
387	8.22979354858398	4.70024442672729	20.3873863220215	3.20656323432922	0.0596979968249798	0.288991957902908	-0.885546684265137	0.363717943429947	386	2
388	8.31315040588379	4.55742406845093	21.6736164093018	1.00011372566223	0.0150976311415434	-0.299086898565292	0.600049436092377	-0.74194860458374	43	2
389	8.85602760314941	3.88027024269104	23.5586280822754	2.26155662536621	0.11049585044384	0.139094233512878	-0.0555668473243713	0.98871898651123	44	2
390	9.17059707641602	3.75460267066956	25.7946720123291	2.1239607334137	0.150614991784096	-0.874847114086151	-0.402211397886276	0.269941508769989	389	2
391	7.88797473907471	4.49780511856079	21.2084274291992	3.05058360099792	0.0619458518922329	0.18587464094162	0.461287170648575	0.867562532424927	43	2
392	8.39148426055908	4.55462312698364	21.7510719299316	1.34141039848328	0.0660566538572311	0.960381865501404	-0.272202104330063	-0.0597737431526184	43	2
393	9.67975044250488	4.18948841094971	21.6708908081055	3.33670496940613	0.0632519349455833	0.449973165988922	-0.867702841758728	0.211224526166916	392	2
394	8.53219127655029	4.57076644897461	21.9028491973877	1.23966014385223	0.0523331761360168	0.75096595287323	-0.480601876974106	0.452848702669144	43	2
395	9.46313381195068	3.97498345375061	22.4642276763916	1.60441517829895	0.0802660137414932	0.458358496427536	-0.487385720014572	0.743211030960083	394	2
396	10.1985311508179	3.19301438331604	23.6566467285156	1.88898265361786	0.0647395625710487	0.311000138521194	-0.94612854719162	-0.0901096686720848	395	2
397	9.0102596282959	4.63482856750488	22.4242782592773	1.37675201892853	0.0712896138429642	-0.378889560699463	-0.675300002098083	0.632781624794006	43	2
398	9.17059707641602	4.65614128112793	22.5995635986328	3.17120575904846	0.155664131045341	0.955909729003906	0.248615726828575	-0.156290799379349	43	2
399	9.1071195602417	4.64726734161377	22.529806137085	1.03519940376282	0.0580248720943928	0.628908574581146	-0.634054899215698	0.44994255900383	43	2
400	9.75816535949707	3.99089407920837	22.9955863952637	2.4046688079834	0.0635557770729065	0.866833686828613	0.486411839723587	0.109557963907719	399	2
401	9.25339984893799	4.67909574508667	22.7018756866455	1.22821831703186	0.0547555722296238	-0.514730334281921	-0.138254702091217	0.846131443977356	43	2
402	9.40563774108887	4.70856475830078	22.882926940918	1.28928339481354	0.0486132353544235	0.441085040569305	0.150118172168732	0.884821176528931	43	2
403	9.97432136535645	4.90210962295532	24.0237121582031	2.81503558158875	0.0506659895181656	0.841332376003265	-0.133622646331787	0.523741126060486	402	2
404	9.32052993774414	4.48603677749634	23.1755981445312	0.862882494926453	0.0482686422765255	0.63050103187561	-0.644836843013763	0.432034611701965	44	2
405	9.40695953369141	4.56526327133179	23.1095485687256	2.86794185638428	0.0518646948039532	0.737124383449554	-0.543404638767242	0.401695221662521	44	2
406	8.89987659454346	3.93496036529541	23.5229473114014	1.13137888908386	0.0972074568271637	0.807230353355408	0.158765628933907	0.568482756614685	44	2
407	9.81315994262695	4.11458444595337	24.1661167144775	2.24390506744385	0.0689961165189743	0.365430384874344	-0.929847478866577	0.0429469086229801	406	2
408	8.54288673400879	3.47228598594666	23.8164901733398	1.34160566329956	0.048724178224802	0.147254481911659	-0.218774780631065	0.964600265026093	44	2
409	8.64852523803711	3.60773825645447	23.729866027832	1.36871767044067	0.0207573976367712	0.634570181369781	-0.154425725340843	0.757280230522156	44	2
410	8.27315330505371	3.11355304718018	24.0391597747803	1.88021039962769	0.0570328906178474	0.138902842998505	-0.77629017829895	0.614881694316864	44	2
411	8.25213241577148	3.07853627204895	24.056827545166	0.801572382450104	0.0411416552960873	0.283238887786865	-0.59855180978775	0.749340653419495	44	2
412	7.49619007110596	7.19451332092285	16.9926986694336	0.402813673019409	0.0317020006477833	0.61902916431427	0.431759744882584	-0.656038403511047	45	2
413	7.57506847381592	7.36851263046265	17.1107711791992	1.02584707736969	0.0335817858576775	0.963997960090637	0.110513955354691	0.241856619715691	45	2
414	7.6681661605835	7.57824468612671	17.2609748840332	0.107696883380413	0.00879645813256502	-0.0956225618720055	0.0753929242491722	0.992558419704437	45	2
415	7.66539859771729	8.14237117767334	17.3373680114746	0.79475337266922	0.0255534183233976	0.30357614159584	-0.216885432600975	-0.927794277667999	46	2
416	7.67607450485229	8.2009105682373	17.3322772979736	2.07441329956055	0.0706150531768799	-0.914231240749359	-0.0804687440395355	0.397122085094452	46	2
417	5.77958106994629	8.03398513793945	18.1560726165771	2.2736713886261	0.0467904806137085	-0.225282967090607	0.168823912739754	0.959555149078369	416	2
418	5.26736164093018	8.4178352355957	20.3377857208252	2.5304970741272	0.0541349537670612	-0.348461985588074	0.148322254419327	0.92551326751709	417	2
419	7.67023611068726	8.16842079162598	17.3310451507568	0.957120358943939	0.0429847091436386	-0.489751309156418	0.510086834430695	-0.707074999809265	46	2
420	7.68597173690796	8.25433349609375	17.3281860351562	2.6969792842865	0.057443056255579	-0.623497903347015	0.68743896484375	0.37239482998848	46	2
421	7.73765277862549	8.53742694854736	17.2855911254883	0.211917400360107	0.0465550273656845	-0.34434986114502	-0.79754650592804	0.49532088637352	46	2
422	7.78481292724609	8.78916931152344	17.2582683563232	1.46364915370941	0.0603503994643688	-0.472799956798553	0.858706772327423	-0.197693780064583	46	2
423	7.79221057891846	8.83002471923828	17.2517547607422	2.46791553497314	0.083325982093811	0.376511752605438	0.72601443529129	-0.575449287891388	46	2
424	7.78806591033936	8.80292892456055	17.2600688934326	0.445924609899521	0.051110178232193	0.208245187997818	-0.542377412319183	0.813916862010956	46	2
425	7.7673978805542	8.69594383239746	17.2697792053223	0.730155408382416	0.0459679402410984	0.49279448390007	0.593892455101013	0.635960161685944	46	2
426	7.82211446762085	8.98680114746094	17.2345123291016	0.719457387924194	0.0198956150561571	-0.40184411406517	0.405220925807953	-0.821168184280396	46	2
427	7.82276821136475	8.99209880828857	17.2323436737061	0.847768723964691	0.049019206315279	-0.363732516765594	0.873592495918274	-0.323318541049957	46	2
428	7.8153190612793	8.95337200164795	17.236385345459	0.556887269020081	0.0410083010792732	-0.506360590457916	-0.862003266811371	-0.0234373938292265	46	2
429	8.0045690536499	9.6265115737915	17.0440120697021	0.298728913068771	0.048322468996048	-0.344973534345627	-0.599431812763214	-0.722270548343658	47	2
430	7.86392211914062	9.2026252746582	17.2104167938232	1.41841173171997	0.0758465006947517	0.898203313350677	-0.437925457954407	-0.0381076596677303	46	2
431	7.9176173210144	9.62150382995605	17.1520118713379	0.383051961660385	0.054736752063036	-0.0117960730567575	0.99985533952713	-0.0122541729360819	47	2
432	7.91951036453247	9.61010551452637	17.1112403869629	2.3476767539978	0.0748696550726891	-0.377256125211716	-0.54174941778183	0.751122713088989	47	2
433	8.05404758453369	9.83239269256592	17.0209503173828	2.46664714813232	0.071150504052639	-0.117182821035385	-0.375407069921494	-0.919422507286072	47	2
434	8.03681087493896	9.7771463394165	17.0195636749268	0.594190120697021	0.00905691832304001	0.599084973335266	0.69192773103714	-0.402906000614166	47	2
435	8.25649833679199	10.1685171127319	16.9608478546143	1.3548846244812	0.064126193523407	-0.570435523986816	0.786801874637604	0.235682487487793	47	2
436	8.05839443206787	9.84065341949463	17.0189266204834	1.66928017139435	0.0984999611973763	-0.936131596565247	-0.351646810770035	-0.00143627007491887	47	2
437	6.49572849273682	9.2536563873291	17.016529083252	2.2494752407074	0.0760259553790092	-0.877083957195282	-0.469365537166595	-0.102077133953571	436	2
438	8.80237579345703	11.011664390564	16.652193069458	0.950600504875183	0.0623692236840725	-0.648817241191864	0.602140784263611	-0.465255588293076	47	2
439	8.67554473876953	10.8261270523071	16.7197208404541	0.805963754653931	0.0526969023048878	-0.829086720943451	0.376152694225311	0.413671880960464	47	2
440	8.93580627441406	11.2228870391846	16.5692844390869	0.734349310398102	0.0759795755147934	-0.480588138103485	0.194545328617096	-0.855094790458679	47	2
441	9.16416835784912	11.399115562439	16.4386444091797	0.568606555461884	0.0172740612179041	0.86838036775589	-0.474117934703827	-0.145353987812996	47	2
442	6.52688121795654	6.33982610702515	17.1604099273682	2.04236245155334	0.0476501993834972	0.0200642310082912	-0.361846536397934	0.932021796703339	48	2
443	6.21819591522217	6.30061531066895	17.5650520324707	0.585201323032379	0.0119703011587262	0.978880405426025	0.0972054600715637	-0.179845094680786	48	2
444	6.25705814361572	6.31893396377563	17.5193309783936	0.491580963134766	0.0247380435466766	0.642053723335266	0.618983030319214	-0.452357113361359	48	2
445	6.12436628341675	6.27435207366943	17.6787719726562	0.297103404998779	0.0351586192846298	-0.816802561283112	0.230439230799675	-0.528896391391754	48	2
446	6.09064865112305	6.28521537780762	17.7293643951416	0.402094423770905	0.0100160203874111	-0.37689870595932	0.906074345111847	0.192293390631676	48	2
447	5.88826179504395	6.23895883560181	17.9826316833496	0.230038240551949	0.0667567625641823	-0.69290953874588	0.633580148220062	0.344169437885284	48	2
448	5.72726488113403	6.24924230575562	18.1853866577148	0.578808665275574	0.0195085611194372	0.414961576461792	-0.374828934669495	0.829041659832001	48	2
449	5.36079597473145	6.20980596542358	18.497537612915	1.38714718818665	0.0459381677210331	-0.358969062566757	0.727320194244385	-0.584932863712311	49	2
450	5.33857440948486	6.22580766677856	18.4793281555176	1.31056892871857	0.0452638380229473	-0.918084263801575	-0.364498734474182	-0.155762732028961	48	2
451	5.24835968017578	6.10147571563721	18.5845127105713	0.851841330528259	0.0347424224019051	0.921241283416748	0.374047666788101	0.106784395873547	49	2
452	5.44638776779175	6.25943183898926	18.3879280090332	0.528869450092316	0.0382062308490276	0.51903510093689	-0.178756192326546	0.835852146148682	48	2
453	4.81709814071655	6.0303053855896	18.7313537597656	1.70659482479095	0.0373757109045982	0.791880369186401	-0.52034193277359	-0.319640010595322	49	2
454	4.07243299484253	5.90864896774292	19.0010032653809	1.87560331821442	0.0629594698548317	-0.445555299520493	-0.894158840179443	-0.044275913387537	49	2
455	4.77950239181519	6.02413749694824	18.7455272674561	2.07768440246582	0.0388758592307568	-0.261868119239807	-0.911655843257904	-0.316715717315674	49	2
456	4.56947660446167	5.98974084854126	18.8238697052002	0.879222810268402	0.0357470735907555	-0.915574073791504	-0.325727939605713	0.235850378870964	49	2
457	3.87342739105225	5.87693166732788	19.0679588317871	0.763504922389984	0.0126711446791887	-0.438736706972122	-0.540380120277405	-0.717982828617096	49	2
458	3.7385880947113	5.85534858703613	19.115083694458	0.430195242166519	0.0558298490941525	-0.656611025333405	-0.719024538993835	-0.227740481495857	49	2
459	3.25401568412781	5.81973314285278	19.2501678466797	0.539616107940674	0.0288490224629641	-0.374321907758713	0.640586316585541	-0.670471727848053	49	2
460	7.4697208404541	6.85631132125854	17.7692718505859	0.502235352993011	0.0413888953626156	0.959151864051819	-0.278048068284988	0.0521236918866634	50	2
461	7.80589580535889	7.33721923828125	18.6250286102295	0.535132169723511	0.0444083474576473	-0.0517922192811966	0.955209314823151	-0.291363745927811	50	2
462	8.20654392242432	7.84273958206177	19.5846652984619	1.25727331638336	0.0710512697696686	0.0361149348318577	0.747011065483093	-0.663829982280731	50	2
463	8.24190235137939	7.84113359451294	19.6462440490723	0.582856893539429	0.0542523451149464	0.544279217720032	-0.831967711448669	0.107655853033066	50	2
464	8.16588401794434	7.74701690673828	19.4610557556152	2.20894551277161	0.0567132830619812	0.789569437503815	0.504984498023987	0.348670035600662	50	2
465	8.37695026397705	8.10745143890381	20.0651931762695	0.798909425735474	0.0460236519575119	-0.652824699878693	0.389537155628204	-0.649677455425262	51	2
466	8.78129005432129	8.85848808288574	20.5928478240967	0.88515692949295	0.051830317825079	-0.028925146907568	0.852185904979706	-0.522439002990723	51	2
467	8.31849193572998	7.96342086791992	19.959342956543	1.51976263523102	0.0642226114869118	-0.663613438606262	-0.740655362606049	0.10510379076004	51	2
468	9.35550403594971	9.93596076965332	21.3430080413818	2.79052901268005	0.0658891871571541	0.959442794322968	0.1975187510252	0.201136559247971	51	2
469	8.87116432189941	9.00788307189941	20.6907863616943	0.864988088607788	0.0463145337998867	0.321463227272034	-0.145402610301971	-0.935691952705383	51	2
470	8.86494636535645	9.02185726165771	20.7088146209717	0.465208917856216	0.0280601028352976	0.824922740459442	-0.500515639781952	-0.262653112411499	51	2
471	8.91232109069824	9.17064380645752	20.8176803588867	1.22491014003754	0.0334279723465443	0.24691154062748	0.669888973236084	0.700202465057373	51	2
472	9.00624847412109	9.25457382202148	20.8573169708252	0.736010074615479	0.0204797498881817	0.619662165641785	0.323427230119705	-0.715131938457489	51	2
473	9.16664791107178	9.57278633117676	21.0872535705566	0.554278075695038	0.0352942012250423	0.817148685455322	-0.41999289393425	-0.394808918237686	51	2
474	9.09446430206299	9.43124103546143	20.9860515594482	0.51714026927948	0.0146532310172915	0.748250544071198	0.287180960178375	-0.598036885261536	51	2
475	9.42187595367432	10.0502710342407	21.4133548736572	2.3659200668335	0.07227873057127	0.00362376240082085	-0.824659883975983	0.565617322921753	51	2
476	9.58235263824463	10.4545726776123	21.7272033691406	1.19263243675232	0.0619759075343609	-0.829095125198364	0.285662710666656	-0.480622470378876	51	2
477	9.49832057952881	10.1879501342773	21.4966106414795	0.707158446311951	0.0209579169750214	0.896664321422577	0.427642613649368	-0.114520467817783	51	2
478	8.00783443450928	6.0653977394104	17.3107433319092	0.592115819454193	0.0406644456088543	0.541449010372162	0.514500856399536	-0.664922416210175	52	2
479	8.30347156524658	5.96573686599731	17.3444805145264	1.21754431724548	0.0354140400886536	0.12304574996233	-0.467688739299774	0.875286877155304	52	2
480	7.86597490310669	6.11732149124146	17.294454574585	0.35619980096817	0.0118160815909505	-0.588866114616394	-0.629291534423828	0.507177233695984	52	2
481	8.61394691467285	5.85888767242432	17.3782958984375	0.185063526034355	0.012546363286674	0.127269238233566	0.81654167175293	0.563082754611969	52	2
482	9.11617088317871	5.70765256881714	17.4399814605713	1.00996708869934	0.0260559804737568	0.896593570709229	0.266260385513306	-0.353871911764145	52	2
483	9.15810775756836	5.69846391677856	17.4457778930664	0.737471520900726	0.0126291802152991	-0.7027228474617	0.248099386692047	0.666803777217865	52	2
484	9.1661901473999	5.69698476791382	17.4469032287598	0.779195070266724	0.0472792349755764	0.245365843176842	0.829479157924652	0.50175678730011	52	2
485	9.23997783660889	5.67094373703003	17.4551181793213	0.569496691226959	0.04078683629632	0.285152792930603	-0.934997260570526	0.210874602198601	52	2
486	7.39811182022095	6.45156621932983	17.9535026550293	0.222974240779877	0.00943684577941895	-0.0306087825447321	-0.521236836910248	0.852862954139709	53	2
487	7.77579402923584	6.52418994903564	18.2927093505859	0.371482253074646	0.0103269079700112	-0.0620315819978714	0.946367383003235	-0.317081689834595	53	2
488	8.3024845123291	6.61360120773315	18.8349342346191	0.52339631319046	0.0110063580796123	-0.682652711868286	-0.614520251750946	-0.395411401987076	53	2
489	8.56761837005615	6.67803955078125	19.0737743377686	0.628716170787811	0.0316480956971645	0.676395118236542	0.730100274085999	0.0971761122345924	53	2
490	8.62530422210693	6.69492959976196	19.142110824585	0.302835524082184	0.0129934810101986	-0.207519501447678	0.975365579128265	-0.07481749355793	53	2
491	6.69581747055054	6.88229036331177	18.8555278778076	0.32201099395752	0.0118800923228264	-0.524440765380859	0.849022507667542	-0.0642079263925552	55	2
492	6.57973194122314	7.06050729751587	19.4678287506104	1.9808121919632	0.0351907350122929	-0.125878170132637	0.81807667016983	0.561164140701294	55	2
493	6.426917552948	7.17478227615356	19.8465957641602	0.501104176044464	0.00931315310299397	0.975037753582001	-0.220859125256538	-0.022860586643219	55	2
494	6.45979356765747	7.16989660263062	19.7771263122559	0.5418820977211	0.0434427410364151	-0.771004021167755	0.336056798696518	-0.540942490100861	55	2
495	6.34955263137817	7.26605463027954	20.0593109130859	0.24706144630909	0.0321722030639648	-0.128189042210579	0.879935622215271	-0.457472264766693	55	2
496	6.14749956130981	7.42599010467529	20.5567321777344	1.12421762943268	0.0530624277889729	0.503474354743958	0.706189751625061	0.497804760932922	55	2
497	6.71351432800293	8.2199010848999	21.1163730621338	1.80957663059235	0.0482885725796223	-0.029264098033309	0.906849205493927	0.420437932014465	496	2
498	6.01938629150391	7.56155061721802	20.9025630950928	0.458047121763229	0.00741379288956523	0.847559571266174	0.530680775642395	0.00455967662855983	55	2
499	6.03378438949585	7.53191184997559	20.8493671417236	0.559616565704346	0.019947687163949	0.855720996856689	-0.485244125127792	0.179665833711624	55	2
500	5.55322742462158	7.89817714691162	21.8215618133545	0.7763352394104	0.0550550930202007	-0.713768780231476	-0.236001878976822	-0.659421801567078	55	2
501	5.91887426376343	7.64038705825806	21.1467247009277	0.784555673599243	0.0816953480243683	-0.644849002361298	-0.602173089981079	-0.470698773860931	55	2
502	5.62914133071899	7.95963287353516	21.7354431152344	0.383155018091202	0.0188709627836943	0.17987160384655	0.780347526073456	-0.598919034004211	55	2
503	4.97184944152832	8.49699020385742	23.0844440460205	1.93841099739075	0.0556042492389679	-0.89507132768631	0.419431298971176	-0.151409208774567	56	2
504	5.62786912918091	7.84448432922363	21.6012077331543	0.440004467964172	0.0444469600915909	-0.78251326084137	0.309064298868179	-0.540511131286621	55	2
505	5.20648908615112	8.25121402740479	22.5665054321289	0.332863569259644	0.0213628225028515	0.360474765300751	-0.8990159034729	0.248652890324593	56	2
506	5.36389589309692	8.1843433380127	22.2699432373047	0.594652771949768	0.0515321716666222	0.0989946722984314	0.182718425989151	0.978168725967407	56	2
507	4.49008131027222	9.01868152618408	24.3898162841797	1.88512492179871	0.0735345855355263	-0.844838976860046	0.230957537889481	-0.48260310292244	56	2
508	4.99360990524292	8.4719066619873	23.037166595459	1.6240713596344	0.0672524571418762	-0.105926893651485	0.98909592628479	0.102317005395889	56	2
509	4.76632738113403	8.68802833557129	23.5571956634521	0.55284184217453	0.0113953705877066	-0.0703773200511932	0.965346217155457	-0.251303821802139	56	2
510	4.66963148117065	8.78151321411133	23.7853164672852	1.21516013145447	0.0707520693540573	-0.763007640838623	-0.369036674499512	0.530689477920532	56	2
511	4.5539026260376	8.89629936218262	24.0662460327148	0.622356235980988	0.0289131533354521	0.318850576877594	0.763009965419769	-0.562272250652313	56	2
512	4.51217985153198	8.94177913665771	24.1972961425781	0.538841962814331	0.0176351722329855	-0.156134307384491	0.949739992618561	-0.271322935819626	56	2
513	4.51642417907715	8.9356632232666	24.1748752593994	0.404518395662308	0.00949072651565075	-0.370754987001419	-0.628842413425446	0.683445751667023	56	2
514	4.47201633453369	9.05147933959961	24.4525108337402	0.932000041007996	0.0219141095876694	0.928877234458923	0.368461072444916	-0.0377294830977917	56	2
515	4.53712558746338	8.91336441040039	24.1109218597412	0.616328358650208	0.0196526423096657	0.271315068006516	0.958255469799042	0.0901918038725853	56	2
516	4.37661790847778	9.26658058166504	24.6472587585449	0.442557752132416	0.014188171364367	-0.92121160030365	-0.357375413179398	-0.153791964054108	56	2
517	7.14338445663452	6.77832221984863	23.7714157104492	1.3516366481781	0.036074560135603	-0.286931335926056	-0.0486801005899906	-0.956713438034058	57	2
518	6.66423892974854	5.97567462921143	23.8176021575928	0.542398631572723	0.00722795585170388	0.441986262798309	-0.726760029792786	-0.525802195072174	57	2
519	5.62764549255371	6.2768988609314	20.1301784515381	0.3298659324646	0.0170910265296698	-0.140325158834457	0.501846671104431	0.853497982025146	59	2
520	4.19604253768921	6.23894596099854	20.7538948059082	1.07793998718262	0.0379729717969894	0.920384526252747	0.0365800485014915	-0.389299482107162	60	2
521	5.47218942642212	6.24952030181885	20.1904335021973	0.274387359619141	0.0660077556967735	0.00304640689864755	-0.210791200399399	0.977526426315308	59	2
522	5.47302532196045	6.19168186187744	20.4586544036865	2.04667639732361	0.0735880136489868	-0.791509628295898	-0.468087464570999	-0.392946124076843	521	2
523	5.3097243309021	6.22514390945435	20.2455654144287	0.504231333732605	0.0466997846961021	-0.478963643312454	0.861725091934204	-0.167402759194374	59	2
524	4.8853178024292	6.14871978759766	20.417537689209	0.363051921129227	0.0614688247442245	-0.867115318775177	-0.113532744348049	-0.484996169805527	59	2
525	4.43583869934082	6.08174848556519	20.5655059814453	1.05648934841156	0.0414003506302834	-0.774843156337738	-0.256622672080994	-0.577722132205963	59	2
526	4.35997867584229	6.08659601211548	20.5666465759277	0.855489432811737	0.0257853791117668	-0.577437996864319	0.0549241825938225	-0.814585030078888	59	2
527	4.40387964248657	6.12617349624634	20.7101135253906	0.298354417085648	0.0344505310058594	0.713710844516754	-0.200430065393448	0.671151757240295	60	2
528	3.91027879714966	6.75171136856079	20.9043445587158	1.16697692871094	0.00787532795220613	0.201612129807472	-0.779354870319366	0.593260884284973	60	2
529	4.07468795776367	6.49479961395264	20.8350582122803	3.44947648048401	0.143509954214096	-0.989225924015045	-0.0840935260057449	0.119834505021572	60	2
530	3.68384695053101	7.14119958877563	21.0016498565674	1.40835618972778	0.056387510150671	0.454636603593826	0.834406018257141	0.311564058065414	60	2
531	3.81148481369019	6.94482183456421	20.9503078460693	0.495803445577621	0.0146275423467159	0.495704263448715	-0.808749794960022	0.316545337438583	60	2
532	2.06526160240173	8.42026805877686	21.7049598693848	0.643645703792572	0.0138609344139695	0.746979832649231	-0.579825699329376	0.32530489563942	61	2
533	3.50370860099792	7.49479961395264	21.0552711486816	0.467488437891006	0.0358897298574448	0.668691158294678	-0.69330370426178	-0.26866739988327	60	2
534	2.60037112236023	7.98047494888306	21.4963798522949	1.08264052867889	0.0647794529795647	-0.741469025611877	-0.542487025260925	0.394881784915924	61	2
535	2.5550422668457	8.01600360870361	21.5340785980225	1.01153206825256	0.0377037152647972	0.207942262291908	-0.894323468208313	0.396163463592529	61	2
536	2.38112759590149	8.12910652160645	21.6342887878418	1.10587763786316	0.0669214576482773	-0.444715708494186	-0.853351414203644	0.272065281867981	61	2
537	2.22975540161133	8.2294397354126	21.72487449646	2.73830461502075	0.135278418660164	-0.775332748889923	-0.622853338718414	0.104464828968048	61	2
538	2.34222483634949	8.15524673461914	21.6582088470459	1.95350873470306	0.0534141398966312	-0.824490249156952	-0.000225541618419811	0.565876126289368	61	2
539	2.19277024269104	8.25363063812256	21.7464256286621	0.874592542648315	0.0277608539909124	-0.708114922046661	-0.530103921890259	0.466436415910721	61	2
540	2.09583234786987	8.31729125976562	21.8033657073975	1.10217213630676	0.0629124566912651	-0.716756224632263	-0.530623912811279	-0.452436536550522	61	2
541	5.80234527587891	5.51954698562622	22.5960464477539	0.269467622041702	0.017022892832756	0.360779941082001	0.597082495689392	0.716470658779144	63	2
542	5.59402370452881	5.48540258407593	22.8028354644775	0.605920433998108	0.0439008474349976	-0.496375530958176	0.771237432956696	-0.398502498865128	63	2
543	5.59427642822266	5.3693413734436	22.9301261901855	1.11780083179474	0.058019332587719	-0.128882437944412	-0.963652729988098	0.234014332294464	63	2
544	5.34710073471069	5.2683892250061	23.1132640838623	1.6319272518158	0.0606013312935829	-0.880786001682281	0.404906272888184	-0.24549326300621	63	2
545	5.5294189453125	5.34499025344849	23.0028400421143	3.25071144104004	0.0643309354782104	-0.916177809238434	0.0615657120943069	0.396015048027039	63	2
546	4.77440071105957	5.02585554122925	23.676607131958	1.45612478256226	0.104914113879204	-0.00742636434733868	0.989240944385529	-0.146106630563736	63	2
547	4.76358699798584	6.46631383895874	23.4638576507568	2.38300704956055	0.110275581479073	-0.750464200973511	0.6402747631073	-0.163865014910698	546	2
548	4.96876335144043	5.10913467407227	23.481803894043	0.881571829319	0.0228942818939686	0.930856883525848	-0.295951932668686	-0.214285001158714	63	2
549	4.82936000823975	5.0875072479248	23.5572814941406	0.349141091108322	0.0199856031686068	-0.663377106189728	-0.24971117079258	-0.705390095710754	63	2
550	3.94338369369507	4.79550313949585	24.5304145812988	0.55870532989502	0.0829090103507042	0.650606393814087	-0.756789743900299	0.0630917698144913	63	2
551	4.46898984909058	4.89394283294678	23.9979782104492	0.679894208908081	0.0234159175306559	0.173160195350647	-0.447306394577026	0.877457976341248	63	2
552	6.86287498474121	5.25373649597168	23.1110744476318	0.503401160240173	0.0185100827366114	0.654655933380127	0.221989259123802	0.722597002983093	64	2
553	6.87759208679199	5.13550472259521	23.2165031433105	2.21551394462585	0.0914736017584801	0.463930249214172	-0.203177198767662	0.862257361412048	64	2
554	7.90543603897095	4.68536281585693	25.1268463134766	1.74972724914551	0.0834240391850471	0.242747128009796	-0.384313821792603	0.890716969966888	553	2
555	6.85670471191406	5.07237529754639	23.2210063934326	0.376309961080551	0.02429467625916	-0.125279530882835	-0.99211311340332	0.00409539416432381	64	2
556	6.83648347854614	5.12176513671875	23.3935565948486	0.477081149816513	0.0151565866544843	-0.80621349811554	-0.537625908851624	0.246937647461891	64	2
557	6.34943628311157	3.93943119049072	26.0174579620361	1.43557333946228	0.0766074359416962	0.754172027111053	-0.359704196453094	0.54939728975296	65	2
558	6.83949899673462	4.82952213287354	23.7484283447266	0.936167478561401	0.0682158246636391	0.860505998134613	0.194410845637321	0.470886170864105	64	2
559	6.65602779388428	4.5090184211731	24.3927040100098	1.85284626483917	0.0561717636883259	0.422273963689804	-0.644213736057281	0.637709498405457	65	2
560	6.62459802627563	4.47241258621216	24.503360748291	1.01770913600922	0.0584475584328175	-0.953072130680084	-0.0917709991335869	-0.288498640060425	65	2
561	6.52411556243896	4.27813577651978	25.0553321838379	1.66538000106812	0.0756084620952606	0.366263389587402	-0.645978808403015	0.669748067855835	65	2
562	6.46720743179321	4.1265287399292	25.475076675415	2.20201444625854	0.0772193223237991	0.623174250125885	0.753219306468964	0.210510313510895	65	2
563	6.45301628112793	4.1180534362793	25.5026550292969	0.245741635560989	0.00999999977648258	0.529141366481781	0.5397669672966	-0.654722154140472	65	2
564	6.36467695236206	3.94112396240234	26.0033721923828	0.910592675209045	0.0598777383565903	0.376176536083221	-0.881767570972443	0.284565061330795	65	2
565	6.326828956604	3.921217918396	26.0823059082031	1.42711842060089	0.0650035664439201	0.0771934315562248	0.985220551490784	-0.152910694479942	65	2
566	6.17098808288574	3.7993369102478	26.6930961608887	1.24412953853607	0.124827727675438	0.960569322109222	-0.227034017443657	0.160505682229996	65	2
567	6.32177066802979	3.86847877502441	26.2125034332275	0.352444618940353	0.0486128628253937	0.141954749822617	-0.0860369727015495	0.986127018928528	65	2
568	6.33586597442627	3.90444731712341	26.1133594512939	0.580912828445435	0.0393155626952648	-0.31170129776001	-0.936459898948669	0.160888150334358	65	2
569	6.39702224731445	6.05847787857056	23.2111320495605	0.457818180322647	0.0191634297370911	-0.900904178619385	-0.363245278596878	-0.237538382411003	67	2
570	6.18151044845581	5.28336143493652	22.9616622924805	1.20572650432587	0.0539287403225899	-0.372813045978546	-0.925053656101227	-0.0727060809731483	68	2
571	5.89641237258911	4.45234107971191	22.6828727722168	2.01658248901367	0.049211174249649	-0.45041686296463	0.339264094829559	-0.825847685337067	68	2
572	6.07930850982666	4.94954299926758	22.8593444824219	0.589653611183167	0.0133147547021508	0.620810449123383	-0.772901654243469	0.131215333938599	68	2
573	5.980055809021	4.68862724304199	22.7637710571289	0.924367070198059	0.03664930164814	0.844215989112854	-0.269867777824402	0.463109761476517	68	2
574	5.91178560256958	4.4955415725708	22.6976909637451	1.3717577457428	0.0494021661579609	-0.271705448627472	0.708864331245422	-0.650912821292877	68	2
575	5.79206991195679	4.18676090240479	22.5876960754395	0.544391691684723	0.00877125561237335	0.681888401508331	-0.146955505013466	0.716541945934296	68	2
576	5.81983518600464	4.2542028427124	22.612096786499	1.54360210895538	0.0639687106013298	-0.623476684093475	0.0390699505805969	-0.78086519241333	68	2
577	5.83597850799561	4.29474449157715	22.6266803741455	1.36716401576996	0.0560007467865944	-0.538183748722076	0.134804219007492	-0.831977188587189	68	2
578	5.81037855148315	4.23082780838013	22.6036682128906	1.23073482513428	0.0438055694103241	-0.515719652175903	0.620746374130249	-0.590514361858368	68	2
579	6.75463628768921	5.54316473007202	23.0382976531982	0.470671236515045	0.0097698550671339	0.785854816436768	0.341965913772583	-0.515258729457855	69	2
580	6.42631530761719	5.66495513916016	22.7058200836182	0.984966039657593	0.0950498878955841	-0.0862901657819748	-0.476264417171478	0.875057816505432	70	2
581	6.37576007843018	5.95082807540894	23.3248558044434	0.772179961204529	0.036789309233427	-0.552574276924133	0.480245292186737	0.681194543838501	71	2
582	6.13790655136108	6.1755633354187	23.6252021789551	0.743598937988281	0.0457326024770737	-0.137197330594063	0.988599121570587	-0.0620376542210579	71	2
583	5.73883152008057	6.48541879653931	24.0424251556396	1.20724773406982	0.039079811424017	0.158350914716721	0.91194623708725	-0.378522306680679	71	2
584	5.43882894515991	6.7062726020813	24.3753318786621	1.88214755058289	0.0558027364313602	-0.74072390794754	-0.658008277416229	0.135473966598511	71	2
585	6.32238340377808	5.17378425598145	24.5967445373535	1.38367879390717	0.0513982437551022	0.843849658966064	0.391142725944519	0.367321521043777	74	2
586	6.14438438415527	5.02441024780273	24.8995189666748	1.56960654258728	0.0377699583768845	-0.402342438697815	-0.319552481174469	0.857908368110657	74	2
587	6.07361030578613	4.9658088684082	25.0228576660156	1.71110999584198	0.0444655455648899	-0.896110057830811	-0.0804398506879807	0.436481654644012	74	2
588	5.1990532875061	4.33273553848267	26.4120311737061	0.752628862857819	0.0665901526808739	0.785873651504517	-0.104716420173645	-0.609456360340118	75	2
589	6.00650644302368	4.9055552482605	25.1677188873291	1.96561992168427	0.0783507972955704	-0.964006960391998	-0.251446574926376	-0.0864013582468033	74	2
590	5.7349419593811	4.67300128936768	25.7056331634521	0.41674530506134	0.0154072484001517	0.738433718681335	-0.604335427284241	0.299156188964844	74	2
591	5.55913162231445	4.5244312286377	26.0478343963623	0.883315920829773	0.0710626766085625	-0.391125202178955	-0.793721735477448	0.465861439704895	74	2
592	5.51541185379028	4.48795318603516	26.1340065002441	0.630403399467468	0.0120348557829857	0.695964455604553	-0.575102269649506	0.429989218711853	74	2
593	5.4483494758606	4.43476152420044	26.2722969055176	0.526104152202606	0.027931759133935	0.487832933664322	0.0717316567897797	0.869984865188599	74	2
594	5.44837093353271	4.43856620788574	26.2791290283203	0.665563881397247	0.0170404948294163	0.369489341974258	0.112588681280613	0.922388970851898	74	2
595	5.39010095596313	4.39347791671753	26.394157409668	0.456295669078827	0.0469935387372971	-0.318201690912247	0.303916305303574	0.897988080978394	74	2
596	5.18786764144897	4.34814119338989	26.4506378173828	0.440284311771393	0.028033459559083	-0.224901229143143	-0.482450127601624	0.846558511257172	75	2
597	5.1865382194519	4.37989234924316	26.4649639129639	0.482287347316742	0.0230549834668636	-0.46765673160553	-0.146784275770187	0.871637284755707	75	2
598	5.19012928009033	4.34844827651978	26.4427719116211	0.586649239063263	0.0549442023038864	-0.577633321285248	0.345994114875793	0.73934280872345	75	2
599	5.19196557998657	4.3353385925293	26.4327011108398	0.618281543254852	0.0297455713152885	-0.920323967933655	-0.00703284470364451	-0.391093730926514	75	2
600	5.16105890274048	5.38730049133301	27.3673553466797	1.13326847553253	0.137618616223335	-0.148408070206642	-0.584056973457336	0.798030436038971	75	2
601	5.19507694244385	5.16872453689575	27.1513080596924	0.645506501197815	0.0552780367434025	0.744442045688629	0.656750679016113	0.12035233527422	75	2
602	5.09793949127197	5.40084505081177	27.5699806213379	1.30803024768829	0.110750503838062	-0.846642732620239	-0.158837422728539	0.507904410362244	75	2
603	5.10219240188599	5.40075874328613	27.5677490234375	0.471697479486465	0.0282781459391117	-0.483153760433197	0.0672468319535255	0.872949242591858	75	2
604	5.15012788772583	5.43691682815552	27.536304473877	0.4942507147789	0.0133756343275309	-0.988288819789886	0.150623396039009	0.0244510751217604	75	2
605	7.03971719741821	5.09016609191895	25.2163944244385	1.3665406703949	0.0489671342074871	0.227847054600716	-0.967249929904938	0.111862353980541	76	2
606	6.87359523773193	5.36822509765625	24.7686138153076	1.29250872135162	0.0582582280039787	0.887699127197266	-0.105064317584038	-0.448276281356812	76	2
607	6.24248790740967	5.83829689025879	26.107234954834	1.6681672334671	0.0674803555011749	-0.0471887104213238	-0.756259381771088	0.652567982673645	77	2
608	6.30530786514282	6.03837156295776	26.2454948425293	1.11624073982239	0.0614848285913467	0.284155428409576	0.0703238621354103	-0.956195771694183	77	2
609	5.42369985580444	6.55895900726318	27.3851451873779	0.610011994838715	0.0532150231301785	-0.302927136421204	0.287881255149841	0.908492922782898	78	2
610	6.18099737167358	6.23929119110107	26.4767971038818	0.344984769821167	0.0448221266269684	0.0392986461520195	-0.450031131505966	0.892147779464722	78	2
611	6.31469869613647	6.10484218597412	26.2651538848877	0.637570142745972	0.0609419830143452	0.661436855792999	0.746600687503815	-0.0713344663381577	77	2
612	6.35300254821777	6.28690052032471	26.4106845855713	0.858536660671234	0.0547722093760967	-0.391477406024933	0.321698874235153	0.862122535705566	77	2
613	6.09829616546631	6.29819059371948	26.5498867034912	0.667870700359344	0.0702396482229233	-0.518939971923828	0.00648709759116173	0.854786157608032	78	2
614	5.9429931640625	6.343590259552	26.7453632354736	0.5309779047966	0.0655188113451004	-0.12167127430439	0.939660668373108	0.319740265607834	78	2
615	5.87838840484619	6.842529296875	26.9151382446289	1.80186557769775	0.0645382776856422	0.119432009756565	0.940795242786407	0.317238390445709	614	2
616	5.9101710319519	6.35589027404785	26.785982131958	0.980974555015564	0.0509922504425049	-0.694185018539429	0.532031357288361	-0.484819382429123	78	2
617	5.95719337463379	6.33753252029419	26.729076385498	0.386476308107376	0.0180470645427704	0.0958421230316162	0.922915995121002	0.372881144285202	78	2
618	5.89003658294678	6.36323499679565	26.811595916748	1.46491241455078	0.0597288608551025	-0.827400326728821	0.208954721689224	-0.52129328250885	78	2
619	5.87074184417725	6.37144947052002	26.8338794708252	0.814124822616577	0.0162732508033514	-0.758052468299866	0.450820237398148	-0.471293568611145	78	2
620	5.37406921386719	6.58074760437012	27.4335517883301	1.86662244796753	0.0757365152239799	0.830789744853973	0.351340919733047	0.431680351495743	78	2
621	5.20789480209351	6.66377782821655	27.5783386230469	0.687035083770752	0.0354763939976692	-0.949855506420135	0.305131733417511	-0.0683306753635406	78	2
622	5.32366943359375	6.60395288467407	27.4771919250488	0.206168845295906	0.0147473337128758	-0.80504447221756	-0.338055074214935	-0.487465053796768	78	2
623	5.14206075668335	6.71636486053467	27.6284866333008	0.183029443025589	0.0141506241634488	-0.679727554321289	0.388267993927002	-0.622268795967102	78	2
624	6.38035440444946	6.02931356430054	25.1738719940186	0.474408686161041	0.0124490344896913	-0.513783633708954	0.786529719829559	0.342632979154587	79	2
625	6.39148950576782	6.36034059524536	25.5660171508789	0.774220824241638	0.0338985733687878	-0.275828272104263	-0.224580436944962	0.934602797031403	79	2
626	7.43924045562744	7.08313274383545	26.6254653930664	0.683153390884399	0.0445190966129303	0.0530964247882366	0.879204034805298	-0.473477452993393	80	2
627	6.39633989334106	6.46144008636475	25.6717586517334	1.7264598608017	0.0548362210392952	0.113726027309895	0.805214285850525	0.581976354122162	79	2
628	6.84879159927368	6.81784248352051	26.0745849609375	0.350928783416748	0.0131033658981323	-0.494990825653076	0.810804009437561	-0.312379479408264	80	2
629	7.74776983261108	7.21645355224609	26.9251918792725	2.44615936279297	0.0574418678879738	-0.54939466714859	0.632961869239807	0.545458376407623	80	2
630	7.40268182754517	7.06679201126099	26.5930004119873	0.416897088289261	0.0495916828513145	-0.360963344573975	0.907101809978485	0.216498628258705	80	2
631	7.62916612625122	7.16713809967041	26.8041458129883	0.415612459182739	0.0422401279211044	-0.907857656478882	-0.258013248443604	0.330490112304688	80	2
632	7.85913610458374	7.26371765136719	27.0307960510254	1.00046515464783	0.0385945625603199	0.360696375370026	0.0329336524009705	0.932101607322693	80	2
633	6.01629543304443	5.82712459564209	25.704044342041	0.611643850803375	0.00667741289362311	-0.651246905326843	0.0987986251711845	-0.75240695476532	82	2
634	6.41044425964355	5.39187335968018	25.7590427398682	0.352190971374512	0.0512843877077103	0.871289908885956	-0.264920830726624	-0.413123250007629	0	0
635	6.10833978652954	5.91187858581543	26.1504020690918	0.409791707992554	0.00751277338713408	0.674322843551636	-0.728784382343292	0.1190045773983	0	0
636	5.99892282485962	5.36284017562866	26.248462677002	0.361221164464951	0.0129562076181173	0.999947607517242	0.0058069871738553	0.00843788590282202	84	2
637	5.83201885223389	5.15643453598022	26.3473854064941	0.25932514667511	0.0540822260081768	0.574344575405121	-0.817951083183289	0.0329285450279713	84	2
638	5.8177056312561	5.13943147659302	26.3510055541992	0.36834529042244	0.0887955725193024	0.371351301670074	-0.722925961017609	0.582645893096924	84	2
639	6.05126667022705	5.42971563339233	26.2328987121582	0.647421777248383	0.0388879589736462	-0.670819699764252	-0.482772171497345	0.562967121601105	84	2
640	5.39379262924194	4.61874866485596	26.5984439849854	0.387931227684021	0.0110510466620326	0.313748091459274	0.94770485162735	0.0584597811102867	84	2
641	5.81707429885864	5.66155385971069	26.835470199585	0.588108360767365	0.0439544469118118	0.0906845256686211	0.222325712442398	0.970745921134949	85	2
642	5.58702087402344	5.37332916259766	27.1683597564697	1.53587555885315	0.0865991413593292	0.171231627464294	-0.281050592660904	0.944293558597565	85	2
643	5.70716953277588	5.50793218612671	27.0435523986816	1.68000507354736	0.0818195566534996	-0.827948570251465	-0.417284905910492	-0.374665707349777	85	2
644	5.18373680114746	4.93489742279053	27.587121963501	0.954053461551666	0.0250976234674454	-0.232893407344818	-0.736763596534729	0.634775638580322	85	2
645	5.32771778106689	5.09537982940674	27.4436531066895	0.776490926742554	0.0460210479795933	0.939746201038361	-0.00451542111113667	0.341843128204346	85	2
646	5.29451560974121	5.06270217895508	27.4791812896729	0.336193710565567	0.0316961780190468	-0.800580859184265	-0.136157855391502	0.583550691604614	85	2
647	5.94037675857544	5.84565448760986	26.1921806335449	0.54410195350647	0.0473155081272125	-0.722701489925385	0.682741403579712	0.107548698782921	86	2
648	5.85273838043213	5.88197135925293	26.2372493743896	0.941186606884003	0.036708552390337	-0.818520963191986	0.566159963607788	0.0973973497748375	86	2
649	5.51697492599487	6.03360795974731	26.4130744934082	0.510508000850677	0.0150975342839956	-0.305332601070404	-0.951911747455597	0.0252229366451502	86	2
650	5.9693455696106	5.78492498397827	26.1837425231934	1.09415006637573	0.0281253308057785	-0.493851006031036	0.140836805105209	-0.858065366744995	86	2
651	4.64256000518799	6.45634651184082	26.996509552002	1.01386880874634	0.0515499860048294	-0.439277470111847	0.33853468298912	-0.832123577594757	86	2
652	5.22941303253174	6.11829614639282	26.559211730957	1.66462051868439	0.063786119222641	-0.944339215755463	-0.103951565921307	0.312117964029312	86	2
653	5.27730512619019	6.09235239028931	26.5359039306641	0.398355543613434	0.0253978334367275	-0.339100897312164	-0.929144978523254	-0.147309333086014	86	2
654	4.78896903991699	6.40873098373413	26.871244430542	0.410648345947266	0.016291344538331	-0.374649316072464	-0.917757034301758	0.131756916642189	86	2
655	4.75164031982422	6.31990671157837	26.8065929412842	0.303649544715881	0.0204052031040192	-0.357404619455338	-0.213594779372215	-0.90919703245163	86	2
656	5.89721012115479	5.87480926513672	27.1731796264648	2.07654404640198	0.0771285966038704	-0.0617976114153862	-0.826075673103333	0.560160756111145	87	2
657	6.13021945953369	6.03416585922241	27.3894500732422	0.558433592319489	0.0232259780168533	0.0445983298122883	0.036352377384901	0.998343348503113	87	2
658	7.0535044670105	6.07733106613159	28.0043163299561	0.595053374767303	0.0474103689193726	-0.253252357244492	0.46880829334259	-0.846216261386871	87	2
659	6.37943887710571	6.04857635498047	27.518913269043	0.976541340351105	0.0589931793510914	0.899637639522552	-0.421054035425186	-0.115609928965569	87	2
660	7.05067253112793	6.07717418670654	27.9992122650146	0.811346888542175	0.0590280257165432	0.376113623380661	-0.396738141775131	0.837339460849762	87	2
661	7.32313585281372	7.36861515045166	9.96314716339111	0.833718597888947	0.0279065296053886	0.643510460853577	-0.765423536300659	0.00459496723487973	89	3
662	7.42434787750244	7.45912218093872	9.99088668823242	0.543049037456512	0.0443584136664867	0.865472614765167	-0.239003792405128	-0.440266221761703	89	3
663	7.55146980285645	7.58993577957153	10.034031867981	0.789805293083191	0.0329584553837776	0.0944533348083496	0.673953294754028	-0.732711136341095	89	3
664	7.8808422088623	7.85758829116821	10.133171081543	0.640311896800995	0.010301630012691	-0.112782590091228	0.880724906921387	-0.460004150867462	89	3
665	8.03868675231934	7.98058557510376	10.1777906417847	0.790359139442444	0.0321483165025711	0.579458296298981	0.737320423126221	-0.347256034612656	89	3
666	8.1070613861084	8.01470565795898	10.1874265670776	0.524465024471283	0.0332252904772758	0.174784064292908	0.913880944252014	-0.36643174290657	89	3
667	8.43438816070557	8.27529048919678	10.2819366455078	0.627577245235443	0.0393380485475063	0.612106025218964	0.710622549057007	0.346903264522552	89	3
668	6.91235971450806	7.20970773696899	10.1916799545288	0.775810599327087	0.0317244194447994	0.857348620891571	0.306508421897888	0.413528591394424	92	3
669	6.96896982192993	7.43572998046875	10.5117950439453	0.621791064739227	0.0355463027954102	0.296503722667694	0.735944092273712	-0.608663976192474	92	3
670	7.00583267211914	7.56156349182129	10.6915302276611	1.24384617805481	0.0447669997811317	-0.815853118896484	-0.555726230144501	0.159849911928177	92	3
671	6.11155128479004	6.92611217498779	10.162672996521	0.515759885311127	0.0200215354561806	-0.3505839407444	-0.91012716293335	0.220815524458885	93	3
672	6.84944248199463	7.01303195953369	9.91075038909912	0.883568286895752	0.0582619719207287	-0.569475471973419	0.0892202109098434	-0.817152082920074	93	3
673	6.01286029815674	6.92878007888794	10.2034769058228	0.713464558124542	0.037040114402771	-0.857173264026642	-0.131787359714508	0.497881472110748	93	3
674	6.41891670227051	7.73619699478149	10.6253681182861	1.77595329284668	0.0509537719190121	-0.107228085398674	0.840049922466278	0.531806647777557	97	3
675	5.71678495407104	8.81495475769043	11.582745552063	0.515245020389557	0.0145593928173184	0.700111985206604	0.651893854141235	0.291337579488754	97	3
676	5.8265209197998	8.6536693572998	11.4277029037476	0.609511971473694	0.00951121188700199	-0.832824528217316	0.526505529880524	0.170866295695305	97	3
677	5.17871427536011	6.75252771377563	11.4672565460205	0.329970628023148	0.00558863300830126	-0.850490212440491	0.00272977445274591	0.52598375082016	101	3
678	8.12615299224854	3.49207305908203	11.2743463516235	1.33304822444916	0.00249999994412065	0.876804947853088	0.227824583649635	-0.423448979854584	114	3
679	7.9612340927124	3.49694681167603	11.1605739593506	1.24781155586243	0.00392177980393171	0.452868819236755	-0.531312167644501	-0.715972900390625	114	3
680	6.2036247253418	3.54751372337341	9.9486780166626	1.10072803497314	0.00763030955567956	0.290686070919037	-0.956785976886749	-0.00787733774632215	114	3
681	7.34838056564331	3.51497268676758	10.7378187179565	1.03973484039307	0.00292845815420151	0.385294169187546	0.172796204686165	-0.906471133232117	114	3
682	7.73213148117065	3.50363111495972	11.002555847168	1.72882533073425	0.00628999201580882	0.628915250301361	-0.339902013540268	-0.699236929416656	114	3
683	7.47981119155884	4.2481575012207	11.3209772109985	1.84446954727173	0.0656318813562393	0.641997814178467	0.627960562705994	-0.439891278743744	115	3
684	7.20355224609375	5.0653657913208	10.7403230667114	0.543082475662231	0.0696417838335037	0.140576228499413	-0.287598878145218	-0.947378098964691	115	3
685	7.20455121994019	4.26015138626099	10.9348011016846	1.20972037315369	0.0746786743402481	-0.826879739761353	0.213757559657097	-0.520170629024506	116	3
686	7.16015100479126	4.68394041061401	11.1187477111816	1.26790702342987	0.100065693259239	-0.311877012252808	-0.7759068608284	0.54836231470108	115	3
687	7.19426679611206	4.58392953872681	11.0192470550537	0.753605842590332	0.0830608755350113	-0.600351452827454	-0.797152817249298	0.0642307847738266	115	3
688	7.1759729385376	4.55518531799316	11.070839881897	0.47637876868248	0.0626123622059822	-0.432371646165848	-0.787578105926514	0.439062088727951	115	3
689	7.23290252685547	4.93032312393188	10.799488067627	1.26736843585968	0.015392517670989	0.538228392601013	-0.168591380119324	0.825764536857605	115	3
690	6.176926612854	2.39867115020752	9.45677852630615	1.34702372550964	0.0669754147529602	0.164653539657593	0.926129579544067	-0.339371800422668	116	3
691	7.09522533416748	3.80671334266663	10.7990589141846	2.1748673915863	0.0757190063595772	-0.799671113491058	-0.11023535579443	-0.590232372283936	116	3
692	7.159423828125	3.92967653274536	10.938777923584	1.14456927776337	0.0258504170924425	-0.136790439486504	0.284856408834457	-0.948759794235229	116	3
693	7.11192083358765	3.82166004180908	10.7966194152832	0.557758927345276	0.0571760162711143	0.585679173469543	-0.770990371704102	-0.25010746717453	116	3
694	6.84457635879517	3.42246913909912	10.4347972869873	0.456326335668564	0.0498198717832565	0.530101954936981	-0.817725896835327	0.224312648177147	116	3
695	6.80167627334595	3.34482479095459	10.3477573394775	1.27277827262878	0.107710145413876	-0.273495584726334	-0.926023960113525	-0.260153412818909	116	3
696	6.72070407867432	3.22307467460632	10.2356004714966	1.0300133228302	0.0249209050089121	0.59818172454834	-0.663077235221863	0.45000809431076	116	3
697	6.59680509567261	3.02270579338074	10.0332202911377	1.08361160755157	0.0327831394970417	0.452813118696213	-0.890765726566315	-0.0386869385838509	116	3
698	6.35761451721191	2.63658475875854	9.63737678527832	0.944080352783203	0.0335565134882927	0.85263854265213	-0.51426374912262	0.0924136787652969	116	3
699	6.18936538696289	2.3747341632843	9.38694477081299	0.645605981349945	0.0472354702651501	0.698009729385376	-0.580376207828522	-0.419459193944931	116	3
700	8.69110202789307	3.34896063804626	9.86946105957031	0.457887530326843	0.0715969502925873	-0.7570680975914	0.246012076735497	0.605248749256134	119	3
701	8.69831466674805	3.33563423156738	9.82759094238281	1.00829887390137	0.0063341143541038	0.607540309429169	0.140450045466423	0.781772613525391	119	3
702	8.35720443725586	4.27670574188232	11.6002798080444	0.750495731830597	0.0563204251229763	0.742180109024048	0.113123826682568	-0.660584270954132	120	3
703	8.30535507202148	4.10626411437988	11.7033843994141	0.744482457637787	0.00866056513041258	-0.567292034626007	-0.718620121479034	0.402200013399124	120	3
704	7.55503749847412	3.76964044570923	11.7772550582886	0.532165348529816	0.0166513342410326	0.173914432525635	0.965047895908356	-0.19605179131031	121	3
705	7.57205200195312	2.76653051376343	10.7770709991455	0.401897698640823	0.0181714501231909	-0.128154724836349	0.0624086000025272	-0.98978865146637	127	3
706	7.62682056427002	3.05594372749329	11.2664318084717	0.2976293861866	0.0487196855247021	0.478432238101959	-0.812698006629944	0.332602739334106	128	3
707	7.50673580169678	2.91410636901855	11.2835083007812	0.279798328876495	0.0189343970268965	0.217683091759682	-0.791161596775055	0.571556985378265	128	3
708	7.18475770950317	5.8020486831665	9.60964202880859	0.244479134678841	0.0382810682058334	0.656905591487885	0.602186560630798	-0.453702956438065	132	3
709	7.11769008636475	5.72928667068481	9.66100597381592	0.422421634197235	0.0124825704842806	-0.0290727075189352	-0.993829429149628	0.107041299343109	132	3
710	5.80162334442139	7.19418716430664	10.7726306915283	0.254634439945221	0.00987251475453377	-0.706724643707275	0.690451443195343	-0.154327526688576	0	0
711	8.20767688751221	7.21509838104248	11.7307300567627	0.762120366096497	0.0276621710509062	-0.331544071435928	0.537843704223633	-0.77511465549469	136	3
712	9.80275344848633	7.91565465927124	11.1318368911743	0.739697217941284	0.0415846556425095	-0.44480687379837	-0.559064507484436	0.69970977306366	137	3
713	9.47373104095459	7.50211620330811	11.6494102478027	2.76563382148743	0.0359693616628647	0.494759410619736	-0.605139076709747	-0.623714566230774	712	3
714	8.39465427398682	7.28394269943237	11.6857204437256	0.900644481182098	0.0411317199468613	-0.0561216920614243	0.814407289028168	-0.577573418617249	136	3
715	8.34410858154297	8.01743412017822	11.1655321121216	2.06597685813904	0.0438519157469273	-0.359644263982773	0.769089698791504	0.528353035449982	714	3
716	8.78577136993408	7.42021989822388	11.5923280715942	1.255690574646	0.0343236103653908	0.171436339616776	0.981104493141174	-0.0896857008337975	136	3
717	9.13172340393066	7.49097394943237	11.527247428894	0.252848476171494	0.0404801033437252	0.0133179528638721	0.518972039222717	0.854687452316284	136	3
718	9.38712692260742	7.56962013244629	11.4801902770996	0.267907530069351	0.0347971357405186	-0.396071642637253	0.913796484470367	0.090018056333065	136	3
719	10.5365266799927	8.61320018768311	10.2629709243774	0.153792038559914	0.0379203669726849	-0.662664353847504	-0.539517402648926	-0.519419729709625	137	3
720	10.4346141815186	8.5302267074585	10.1830883026123	1.94046247005463	0.035548385232687	-0.0130460057407618	-0.863281428813934	-0.504554331302643	719	3
721	9.92428493499756	8.02821254730225	10.9951419830322	0.831877470016479	0.00976106338202953	0.128184914588928	-0.957771062850952	0.257377505302429	137	3
722	10.1757717132568	8.26093482971191	10.7030124664307	0.63891589641571	0.0419330447912216	0.769525408744812	0.447602301836014	-0.455502867698669	137	3
723	10.3829736709595	8.46298599243164	10.4429111480713	0.500634014606476	0.013676730915904	-0.622709274291992	0.740578949451447	0.25253888964653	137	3
724	10.518816947937	8.60098648071289	10.2753553390503	0.953860282897949	0.0322356373071671	-0.160488709807396	-0.95926296710968	-0.232503667473793	137	3
725	10.5940322875977	8.7100944519043	10.1560382843018	0.632666707038879	0.0368946082890034	-0.272140860557556	0.960732340812683	0.0541544295847416	137	3
726	10.4797372817993	8.5496654510498	10.3489007949829	0.60746169090271	0.00958351884037256	-0.490425169467926	0.865392744541168	0.10285260528326	137	3
727	7.44888544082642	7.24935436248779	11.7641296386719	0.581952750682831	0.0471108742058277	-0.203893110156059	0.946756720542908	-0.24915699660778	138	3
728	7.12311172485352	8.06569957733154	11.1492156982422	0.542550981044769	0.0483222603797913	0.0311272889375687	-0.275917321443558	-0.960677266120911	138	3
729	7.45243072509766	7.23936653137207	11.7711725234985	0.383601576089859	0.0114494590088725	-0.692859172821045	0.503881573677063	-0.515799939632416	138	3
730	7.1741304397583	7.94799184799194	11.2630701065063	0.511822819709778	0.0119789857417345	0.51466304063797	0.329192101955414	0.791678369045258	138	3
731	7.97054576873779	7.97304344177246	12.4040842056274	0.738011360168457	0.0269619189202785	0.232204496860504	0.970231115818024	0.0687953010201454	139	3
732	9.09954738616943	7.23266315460205	11.7214384078979	1.32229149341583	0.0746658593416214	0.789284348487854	-0.603476047515869	-0.113343946635723	140	3
733	7.84557294845581	7.16951131820679	11.9230756759644	1.27517557144165	0.0600815452635288	0.922330737113953	-0.0464614778757095	0.383597999811172	140	3
734	8.43324661254883	7.17356586456299	11.8382415771484	0.797045171260834	0.0237173102796078	0.126716628670692	-0.316363215446472	-0.940136790275574	140	3
735	10.0248823165894	7.72874593734741	11.5669298171997	0.953482151031494	0.0492861829698086	-0.882690846920013	0.310770124197006	-0.352532029151917	141	3
736	9.287353515625	7.25059366226196	11.6881513595581	0.453228086233139	0.0666082128882408	-0.42497530579567	-0.792178153991699	0.438006490468979	140	3
737	9.65178394317627	7.2871036529541	11.6677350997925	0.400528222322464	0.0324418433010578	0.790500998497009	-0.477796465158463	-0.383169114589691	140	3
738	10.6531801223755	8.1660623550415	11.3866529464722	1.61468017101288	0.0496173836290836	-0.95070219039917	0.111879594624043	0.289220184087753	141	3
739	9.89181518554688	7.51469898223877	11.6475992202759	0.714560508728027	0.0515217743813992	0.842735111713409	0.53641539812088	0.0453440733253956	141	3
740	10.1229152679443	7.79975032806396	11.5261497497559	0.598766207695007	0.018455546349287	-0.321284383535385	-0.628102779388428	0.708705365657806	141	3
741	10.1585321426392	7.8244571685791	11.5148077011108	0.575307190418243	0.00831417553126812	0.217484086751938	-0.518017888069153	0.827259421348572	141	3
742	10.1830778121948	7.84139394760132	11.5072565078735	0.429257482290268	0.0134991407394409	-0.755219161510468	0.0360301546752453	0.65448135137558	141	3
743	10.6070013046265	8.13388442993164	11.3974142074585	1.19899010658264	0.0542594827711582	0.396668940782547	0.915927052497864	0.0610849745571613	141	3
744	10.5696601867676	8.09718132019043	11.3926486968994	1.14320969581604	0.0527054220438004	0.430316865444183	-0.4835105240345	-0.762263119220734	141	3
745	11.1661443710327	8.47778224945068	11.2435922622681	0.561304032802582	0.0369986891746521	-0.854985892772675	-0.307671159505844	0.417537450790405	141	3
746	10.8712568283081	8.28102016448975	11.3107576370239	0.443596810102463	0.00994044821709394	0.504384696483612	-0.858935415744781	0.0884648934006691	141	3
747	9.64022064208984	8.74686050415039	13.7477083206177	1.96686434745789	0.0456020385026932	0.21492463350296	0.447692960500717	-0.867973804473877	144	3
748	9.39905738830566	8.84212493896484	13.8344869613647	1.56846642494202	0.0558692626655102	0.950469732284546	0.164607048034668	-0.263650834560394	144	3
749	10.0850896835327	8.7896842956543	13.3634729385376	0.71310693025589	0.0410663858056068	0.372428208589554	-0.85141921043396	-0.369300127029419	145	3
750	10.5036392211914	8.86453151702881	12.7937126159668	0.640511572360992	0.0376309938728809	-0.3994981944561	0.908998250961304	-0.118841603398323	145	3
751	8.46423053741455	8.02286911010742	12.6308879852295	0.110411934554577	0.0138724464923143	0.61803936958313	0.626568615436554	0.474804282188416	0	0
752	8.77007102966309	9.94839572906494	13.872709274292	0.753644168376923	0.0573245026171207	0.157109141349792	0.917173147201538	0.366210490465164	148	3
753	8.65970993041992	9.99895858764648	13.7587871551514	0.946260333061218	0.0118463588878512	0.99775767326355	-0.0348207019269466	-0.0571583546698093	148	3
754	8.76101684570312	9.94064617156982	13.854941368103	0.714330434799194	0.034995723515749	0.444812774658203	0.211539000272751	-0.870283186435699	148	3
755	8.69711303710938	9.98543167114258	13.8003835678101	0.907038509845734	0.0173971634358168	0.805824816226959	0.413816094398499	-0.423559576272964	148	3
756	8.45869827270508	10.1070556640625	13.5646095275879	0.520763158798218	0.0140244849026203	0.255964666604996	0.964592218399048	-0.063591942191124	148	3
757	6.63091802597046	6.99043369293213	12.0072584152222	1.20043313503265	0.0724087059497833	-0.87597382068634	-0.422280013561249	0.233129754662514	151	3
758	6.53338956832886	7.12889814376831	12.3019227981567	0.649579524993896	0.0373796708881855	-0.559540808200836	-0.802311897277832	0.207869678735733	152	3
759	6.57970571517944	7.12611675262451	12.4415311813354	0.820814549922943	0.0418028235435486	-0.311885356903076	0.946572363376617	0.0820263847708702	152	3
760	6.51102495193481	7.11318111419678	12.3855361938477	1.60562419891357	0.0336266122758389	-0.587030351161957	-0.124400176107883	0.799950003623962	152	3
761	6.29943895339966	7.06246376037598	13.3027381896973	0.838851392269135	0.0454404391348362	-0.677075266838074	-0.299852401018143	0.672054767608643	152	3
762	6.46350193023682	7.1654486656189	12.5941610336304	1.51515924930573	0.0374543257057667	-0.361071914434433	0.530613005161285	0.766861736774445	152	3
763	6.37766456604004	7.11727237701416	13.0105133056641	0.296349078416824	0.00967136863619089	-0.936235308647156	0.230332285165787	0.265349805355072	152	3
764	6.38577079772949	7.0928955078125	13.0350713729858	0.413188338279724	0.00865845009684563	0.236888125538826	-0.946283042430878	0.220073714852333	152	3
765	6.10552930831909	7.03298807144165	13.8414392471313	0.447936356067657	0.0459227412939072	0.151370465755463	-0.51269406080246	0.845122337341309	152	3
766	6.09479761123657	7.03361034393311	13.8611145019531	0.449696004390717	0.0289878603070974	-0.320096611976624	0.755243837833405	0.57196581363678	152	3
767	6.88135576248169	7.66218519210815	11.724045753479	1.29455173015594	0.0354220047593117	-0.844619274139404	0.519886434078217	0.127813771367073	155	3
768	7.00323963165283	7.7490177154541	11.6153945922852	0.926816344261169	0.00439216941595078	-0.701172888278961	0.709025025367737	0.0751010403037071	155	3
769	5.83558750152588	7.97082471847534	12.4055738449097	0.260977864265442	0.0117687024176121	-0.820752024650574	0.513038098812103	-0.251312673091888	156	3
770	8.22276782989502	7.68805313110352	13.4715194702148	2.02867865562439	0.0547664240002632	-0.981652498245239	-0.0454764105379581	0.185176566243172	160	3
771	9.29748821258545	8.92971801757812	14.1660957336426	0.671746373176575	0.0220503360033035	-0.708980977535248	0.0562056861817837	0.702984213829041	161	3
772	8.7064323425293	8.39731884002686	13.8750324249268	1.95108425617218	0.061559583991766	0.324759244918823	-0.916633784770966	0.23305356502533	161	3
773	9.29616165161133	8.9306468963623	14.1644554138184	2.10978055000305	0.0442303493618965	-0.117482744157314	0.320066511631012	-0.940082550048828	161	3
774	9.28215503692627	8.9300012588501	14.149956703186	0.85285747051239	0.0129383644089103	-0.364077091217041	0.754371762275696	0.546233594417572	161	3
775	9.51524925231934	9.12347507476807	14.2618389129639	0.566481649875641	0.0122874109074473	0.156946375966072	0.840093910694122	0.519239902496338	161	3
776	10.3149185180664	7.14745903015137	20.2138595581055	0.421626627445221	0.0550114363431931	0.561218619346619	0.0698676109313965	0.824713349342346	166	3
777	12.6326055526733	7.66280889511108	21.9607734680176	1.68325567245483	0.0416596047580242	0.685663044452667	-0.410991877317429	-0.600792706012726	168	3
778	10.4746217727661	7.08356332778931	20.1460762023926	0.708053052425385	0.0454876646399498	0.263438165187836	0.912280082702637	0.313600659370422	166	3
779	11.1215200424194	7.19876384735107	20.4100494384766	1.63657867908478	0.061684112995863	-0.398256003856659	0.861873269081116	-0.313953250646591	166	3
780	10.952223777771	7.09617710113525	20.4302673339844	0.506800949573517	0.0742967277765274	-0.431506723165512	-0.900799989700317	-0.0485943965613842	166	3
781	11.3368358612061	7.13226127624512	20.574291229248	0.782739400863647	0.0707042217254639	0.693190217018127	-0.639078259468079	-0.333266019821167	166	3
782	11.4193210601807	7.10871744155884	20.6032314300537	2.41976428031921	0.0873356461524963	0.948583781719208	-0.314891755580902	-0.032123826444149	166	3
783	11.6057786941528	7.13621425628662	20.6671695709229	1.66266047954559	0.039675198495388	0.543626189231873	0.252686977386475	0.800387322902679	166	3
784	11.7127208709717	7.16770935058594	20.6830501556396	1.83200037479401	0.0391291193664074	0.940830767154694	0.331354916095734	-0.0710029155015945	166	3
785	11.812967300415	7.03436470031738	20.7095966339111	0.227764055132866	0.0171468500047922	0.000234478444326669	-0.997490167617798	-0.0708041191101074	167	3
786	12.0885381698608	7.24869775772095	20.9975700378418	0.931554734706879	0.0257717110216618	0.799519121646881	-0.345692008733749	-0.491188675165176	167	3
787	12.104679107666	7.26027679443359	21.0277824401855	0.691991329193115	0.0231326520442963	0.768155694007874	-0.611243963241577	-0.190571874380112	167	3
788	12.0875205993652	7.24774837493896	20.9960174560547	1.8814297914505	0.0572376400232315	0.880146265029907	-0.301617652177811	-0.366564214229584	167	3
789	12.0797672271729	7.24284696578979	20.9806423187256	1.03644192218781	0.0425888784229755	0.907654404640198	-0.246015295386314	-0.340058922767639	167	3
790	12.1468667984009	7.29737758636475	21.0955562591553	0.556052982807159	0.0621586702764034	0.955843925476074	-0.169311657547951	-0.240200117230415	167	3
791	12.7002096176147	7.24133920669556	20.9501209259033	1.89606666564941	0.0900759994983673	-0.151451840996742	0.986400306224823	-0.0638496726751328	790	3
792	12.413046836853	9.11161994934082	20.8290576934814	1.99741089344025	0.0730553939938545	-0.237979933619499	0.659439206123352	0.713095664978027	791	3
793	12.1602983474731	7.29570913314819	21.1533222198486	2.12525177001953	0.052341740578413	-0.461709022521973	-0.692838609218597	0.553894817829132	167	3
794	12.3445768356323	7.44560241699219	21.4944915771484	0.663247585296631	0.07213144749403	-0.809364378452301	-0.450454413890839	-0.376855492591858	167	3
795	12.3022699356079	7.41084718704224	21.4132270812988	0.359142422676086	0.0120269674807787	-0.205914616584778	0.908793926239014	-0.362895131111145	167	3
796	12.3947706222534	7.48815107345581	21.5566082000732	0.972210943698883	0.058123417198658	-0.351092785596848	-0.479225754737854	0.804410636425018	167	3
797	12.5388116836548	7.6105523109436	21.7822875976562	1.29437303543091	0.0705893188714981	0.864950656890869	0.0527047924697399	-0.499081790447235	167	3
798	13.0725469589233	8.69173431396484	22.5350399017334	0.765972316265106	0.0321938507258892	0.257730454206467	0.4317387342453	-0.864393830299377	168	3
799	12.5776720046997	7.90913200378418	22.1312313079834	1.08808851242065	0.0711777880787849	0.749008178710938	0.172962114214897	-0.639586448669434	168	3
800	12.6521368026733	7.6909031867981	21.9432525634766	0.762067973613739	0.044730681926012	0.272761553525925	-0.199558570981026	0.941157579421997	168	3
801	12.6291942596436	7.7477068901062	22.0866222381592	0.38604798913002	0.0223974417895079	0.674032986164093	0.664975464344025	0.321694135665894	168	3
802	12.8715763092041	8.28225040435791	22.4388027191162	0.575848400592804	0.0322956554591656	0.9132941365242	-0.20898748934269	0.349597096443176	168	3
803	12.6088972091675	7.84920215606689	22.1467876434326	0.810158610343933	0.0498475506901741	0.948020935058594	0.289844930171967	0.131324678659439	168	3
804	13.2016124725342	8.76794815063477	22.5485382080078	0.185779199004173	0.0300475843250751	-0.590194404125214	0.783460855484009	-0.194575443863869	168	3
805	9.38318347930908	6.53054618835449	16.6831951141357	0.327841222286224	0.00750600872561336	-0.19398345053196	-0.354647755622864	0.914655923843384	169	3
806	8.76033020019531	6.95357751846313	15.3074293136597	0.650209665298462	0.0315686278045177	0.69670432806015	-0.518157064914703	0.496101289987564	170	3
807	8.86087703704834	7.10295534133911	15.3173561096191	0.576511442661285	0.016303576529026	0.0739864557981491	0.744347453117371	-0.663681268692017	170	3
808	9.19992160797119	7.23939180374146	15.244686126709	2.28614687919617	0.058830626308918	0.801621079444885	0.0911910235881805	-0.590836703777313	170	3
809	10.9430532455444	8.63101100921631	15.2125873565674	2.1489531993866	0.0525275766849518	0.0438593216240406	-0.866383850574493	0.497448951005936	171	3
810	9.24964904785156	7.21052694320679	15.258451461792	1.27243161201477	0.0745018720626831	0.459600538015366	0.888018190860748	-0.0138198398053646	170	3
811	9.96144771575928	7.63529205322266	15.0947732925415	0.384209036827087	0.0392330847680569	0.880690813064575	-0.194384142756462	-0.431970536708832	171	3
812	10.328387260437	7.99817705154419	15.1288824081421	0.814310014247894	0.0135141052305698	-0.768216609954834	0.470671653747559	-0.433948695659637	171	3
813	10.4624919891357	8.13398742675781	15.1386470794678	0.619560658931732	0.0128267891705036	0.56929475069046	-0.817210376262665	0.0898367166519165	171	3
814	10.84836769104	8.52986621856689	15.2007188796997	0.672321856021881	0.0203803926706314	0.618656754493713	-0.397940039634705	0.677427172660828	171	3
815	10.9740018844604	8.66681480407715	15.2199430465698	0.59683895111084	0.0360067561268806	0.399059802293777	-0.192927479743958	0.896398544311523	171	3
816	10.9206123352051	8.60811328887939	15.2118120193481	0.615838766098022	0.0380000546574593	-0.652761220932007	0.370605677366257	0.660722434520721	171	3
817	8.56712245941162	7.06732892990112	15.9641246795654	0.322692811489105	0.0025199088267982	0.345635592937469	0.911373317241669	0.223460882902145	172	3
818	9.18215370178223	7.11163711547852	16.2706737518311	0.730820059776306	0.00555219175294042	0.969184696674347	-0.229355111718178	-0.0898736417293549	173	3
819	9.50361633300781	7.09832334518433	16.3435211181641	0.738681077957153	0.0472853407263756	-0.451016753911972	-0.389147043228149	0.803211331367493	173	3
820	9.43520355224609	7.10720729827881	16.3210601806641	0.793756306171417	0.0475025214254856	-0.405813276767731	0.909631073474884	-0.0888078510761261	173	3
821	9.60709095001221	7.10214424133301	16.3573341369629	0.704465627670288	0.0102487578988075	-0.303433507680893	0.597884833812714	0.741931200027466	173	3
822	9.77617931365967	7.10264682769775	16.3857917785645	0.745445668697357	0.0118103483691812	0.296272099018097	0.76472282409668	0.572207927703857	173	3
823	9.77021980285645	7.10266828536987	16.3847408294678	1.70805037021637	0.0394377857446671	-0.560142636299133	0.757395267486572	0.335548341274261	173	3
824	9.89305114746094	6.64169359207153	17.4539070129395	1.56555378437042	0.0529507994651794	0.548111498355865	-0.197357505559921	-0.812787711620331	175	3
825	13.6429147720337	4.98884773254395	18.3526000976562	1.04309833049774	0.0456845909357071	0.842729091644287	0.514819920063019	-0.157378911972046	176	3
826	12.9350433349609	5.44375991821289	18.0512351989746	1.10537695884705	0.0408423840999603	0.601728081703186	-0.78862202167511	-0.126485705375671	176	3
827	13.3511142730713	5.16529417037964	18.224573135376	0.826556205749512	0.0493935607373714	-0.363550782203674	-0.592163801193237	0.719147324562073	176	3
828	13.6501035690308	4.98591709136963	18.3567657470703	1.23752057552338	0.0427998304367065	0.0976869910955429	-0.966761529445648	-0.236282274127007	176	3
829	13.4167346954346	5.12347173690796	18.2522926330566	0.560692310333252	0.0167774390429258	0.437020838260651	-0.699256777763367	-0.565732061862946	176	3
830	13.566611289978	5.04394674301147	18.3237800598145	0.216903507709503	0.0121034728363156	-0.686779499053955	-0.638837158679962	0.346729099750519	176	3
831	14.3074502944946	4.44923114776611	18.6822719573975	0.934611558914185	0.0453969277441502	-0.904758989810944	-0.298461377620697	-0.303861826658249	176	3
832	13.790714263916	4.88816785812378	18.4129047393799	0.454403638839722	0.0282242000102997	-0.529736220836639	0.411158561706543	0.741841018199921	176	3
833	13.9811477661133	4.75362110137939	18.4891929626465	0.15050533413887	0.105227917432785	0.585978806018829	-0.62837940454483	0.511632919311523	176	3
834	13.8573131561279	4.84054613113403	18.4391479492188	0.499007552862167	0.0492731668055058	0.247200489044189	0.22987312078476	0.941302418708801	176	3
835	13.9141044616699	4.78618431091309	18.4590625762939	0.82664680480957	0.00953335408121347	-0.157031252980232	-0.646741688251495	0.746368825435638	176	3
836	13.956714630127	4.77516269683838	18.4809112548828	0.754452884197235	0.0574388317763805	-0.0504903793334961	-0.609107315540314	0.791479051113129	176	3
837	14.0762491226196	4.68423843383789	18.5274562835693	0.408580183982849	0.0148626081645489	0.366566210985184	-0.314497888088226	0.875625669956207	176	3
838	9.35962390899658	7.1543173789978	17.4888801574707	0.563620328903198	0.0454889498651028	0.440408706665039	0.879188001155853	0.181848093867302	177	3
839	9.63425064086914	7.17131948471069	17.6224460601807	0.814867913722992	0.0144308991730213	-0.544890284538269	0.759152412414551	0.356064915657043	177	3
840	10.1865339279175	7.21628093719482	17.8801460266113	1.09746873378754	0.0334889367222786	0.64375764131546	0.582262337207794	0.496534794569016	177	3
841	9.74600315093994	7.18044710159302	17.6745758056641	1.10953187942505	0.0501764006912708	-0.132235884666443	0.98486715555191	-0.112029232084751	177	3
842	10.1004247665405	7.20899963378906	17.8401756286621	1.48198294639587	0.0134527441114187	0.309598922729492	0.937869071960449	0.156684964895248	177	3
843	12.5272903442383	6.96184587478638	18.8573780059814	0.271446168422699	0.014078670181334	0.861709356307983	-0.145848006010056	-0.485989034175873	178	3
844	12.5267124176025	6.96244049072266	18.857084274292	1.53851592540741	0.0316969156265259	0.910900473594666	-0.390425026416779	0.133524179458618	178	3
845	12.5461692810059	6.95756435394287	18.865816116333	1.53016066551208	0.037006676197052	0.935621440410614	-0.319003582000732	-0.151159584522247	178	3
846	13.0440807342529	6.81352424621582	19.0905094146729	0.408453106880188	0.0122907916083932	0.697100400924683	-0.559799909591675	-0.447967857122421	178	3
847	12.9481534957886	6.80975151062012	19.0631427764893	0.843992531299591	0.0360341407358646	-0.0942778661847115	-0.207089275121689	0.973768830299377	179	3
848	12.9413013458252	6.85768795013428	19.0409889221191	0.940515577793121	0.0490000955760479	0.710716426372528	0.0556488409638405	0.701274156570435	179	3
849	12.9488182067871	6.87683391571045	19.0374813079834	1.02196645736694	0.0383954159915447	0.649250507354736	0.246506303548813	-0.719519555568695	179	3
850	13.0594024658203	6.67466068267822	19.1746253967285	1.42854142189026	0.0419452153146267	-0.16017659008503	-0.88120424747467	-0.444772511720657	179	3
851	13.2900409698486	6.45712089538574	19.2423133850098	0.910660743713379	0.00681587774306536	-0.618675112724304	-0.64394223690033	0.450088322162628	179	3
852	13.6509857177734	6.09866809844971	19.3286781311035	0.756710290908813	0.0570793747901917	-0.250519156455994	-0.724065542221069	0.642626821994781	179	3
853	13.8130006790161	5.92155647277832	19.3036575317383	0.149304762482643	0.0131303174421191	0.703243732452393	-0.122849516570568	-0.700254380702972	179	3
854	10.4711837768555	6.70939350128174	18.4817657470703	0.719892501831055	0.0118161663413048	0.633886694908142	-0.11096266657114	-0.76542466878891	181	3
855	9.75719738006592	6.81669282913208	18.0220050811768	2.14879155158997	0.0334270261228085	0.790120124816895	0.0143371261656284	0.612784326076508	181	3
856	10.3862533569336	6.71154975891113	18.4322338104248	0.331514924764633	0.0327029637992382	-0.128436744213104	0.578264534473419	-0.805676102638245	181	3
857	11.8699512481689	6.99226665496826	18.8888397216797	0.807787716388702	0.0411919839680195	0.548627257347107	-0.767142176628113	0.332416862249374	182	3
858	12.1104049682617	7.07124948501587	18.9587020874023	0.812246441841125	0.0422323867678642	0.555724799633026	-0.728443086147308	0.400675296783447	182	3
859	12.0673761367798	7.05720138549805	18.9470100402832	0.648356854915619	0.0409726426005363	0.892568528652191	-0.238054215908051	0.382951319217682	182	3
860	12.5823917388916	7.22527456283569	19.0864582061768	0.455079197883606	0.0568665191531181	-0.70711761713028	0.605688393115997	-0.364864677190781	182	3
861	10.3073768615723	7.98625469207764	18.9571857452393	2.86042451858521	0.0581868439912796	0.58391147851944	0.733039021492004	-0.348856955766678	185	3
862	9.24416923522949	7.26344394683838	18.1609992980957	1.21599280834198	0.0405533015727997	-0.785486400127411	-0.176222175359726	-0.593259513378143	184	3
863	9.5787296295166	7.71072149276733	18.7432518005371	2.29487490653992	0.027157062664628	0.944828987121582	-0.324046492576599	0.047875814139843	184	3
864	9.66051959991455	7.81415939331055	18.7601795196533	0.493728786706924	0.0135082453489304	0.309509813785553	0.767978847026825	-0.56072473526001	184	3
865	9.81927490234375	7.86841821670532	18.9436435699463	0.791423559188843	0.0555747486650944	0.542124927043915	0.631295144557953	-0.554587185382843	184	3
866	9.83771514892578	8.07769012451172	19.0559558868408	1.70049726963043	0.0558644682168961	0.897071659564972	-0.39250448346138	0.202984616160393	185	3
867	9.94340801239014	8.04664039611816	19.0076484680176	0.391934663057327	0.0182964578270912	-0.0417010076344013	-0.0871711149811745	0.995320200920105	185	3
868	9.85784435272217	8.07604598999023	19.0707187652588	0.725022912025452	0.0337129607796669	0.754594326019287	0.557450413703918	-0.346174150705338	185	3
869	9.87037181854248	8.06415367126465	19.0268115997314	0.50643926858902	0.0117162251845002	0.496363669633865	0.867507040500641	-0.0324758924543858	185	3
870	9.97446155548096	8.03880786895752	19.0000228881836	0.849452435970306	0.0252659264951944	-0.63843959569931	0.553057670593262	-0.535277605056763	185	3
871	10.1200084686279	8.0149393081665	18.9802398681641	1.31101393699646	0.0213954206556082	0.717679917812347	0.637803494930267	-0.279539257287979	185	3
872	10.530143737793	7.95297908782959	18.9307136535645	1.03147125244141	0.0090628108009696	-0.187356233596802	0.642435669898987	-0.743084192276001	185	3
873	11.9044589996338	7.75831604003906	18.7769737243652	1.26192390918732	0.0357122011482716	0.0643217265605927	-0.804628491401672	0.590284407138824	185	3
874	10.9745626449585	7.89211320877075	18.8827800750732	0.562002420425415	0.0476522333920002	0.695120394229889	-0.39110067486763	-0.603198111057281	185	3
875	11.07848072052	7.87877655029297	18.8723983764648	1.1177784204483	0.0424017086625099	0.551571071147919	0.832898497581482	-0.0452718213200569	185	3
876	11.3571729660034	7.84127044677734	18.8430347442627	1.69775009155273	0.0376880057156086	0.750125288963318	0.607167661190033	0.262029409408569	185	3
877	11.4400701522827	7.82882499694824	18.8330631256104	0.951312184333801	0.0662316232919693	0.520388960838318	0.274724453687668	-0.808530628681183	185	3
878	11.9090709686279	7.75688695907593	18.7758502960205	0.845175266265869	0.0644699931144714	0.475533157587051	-0.0608442164957523	-0.877591073513031	185	3
879	11.9740781784058	7.62845134735107	18.8233814239502	0.518814504146576	0.0411702431738377	0.957566678524017	0.288026213645935	0.0103452755138278	186	3
880	12.4728584289551	8.02708053588867	19.1295795440674	0.519395887851715	0.0408073887228966	-0.658297538757324	-0.435440957546234	0.614032328128815	186	3
881	13.1507635116577	8.38965129852295	19.4349021911621	0.618679344654083	0.0516444519162178	0.568100273609161	-0.822664439678192	-0.0220306590199471	186	3
882	13.1318197250366	8.37188911437988	19.4295024871826	0.491007685661316	0.0626874640583992	0.719902157783508	-0.127124160528183	0.682334542274475	186	3
883	13.1180400848389	8.36434745788574	19.4233722686768	0.643863499164581	0.0349061861634254	-0.299200236797333	-0.676976799964905	0.672444403171539	186	3
884	9.61861228942871	7.27067804336548	19.2717781066895	0.784295737743378	0.04667978733778	-0.166347339749336	0.952898263931274	-0.253601163625717	188	3
885	9.45071506500244	7.45920848846436	19.0806636810303	0.860747218132019	0.049320176243782	-0.920634686946869	0.182893887162209	-0.344937056303024	188	3
886	9.86428070068359	7.07957077026367	19.9323787689209	0.948620021343231	0.00573782250285149	0.140998259186745	0.990001797676086	0.00397908827289939	189	3
887	9.85472583770752	7.08405637741089	19.9361362457275	1.99857592582703	0.0457584150135517	0.530184626579285	0.794552326202393	0.295957535505295	189	3
888	10.9143400192261	8.67202949523926	20.5276298522949	2.1135516166687	0.0451977513730526	0.995255649089813	0.0503366217017174	-0.0832607075572014	887	3
889	9.74771595001221	7.15350532531738	19.9441909790039	1.25009429454803	0.0405073761940002	-0.884132087230682	0.103236615657806	-0.455689191818237	189	3
890	9.74699878692627	7.15441608428955	19.9430446624756	0.805477917194366	0.0138704013079405	-0.38016477227211	-0.647785782814026	-0.660188019275665	189	3
891	10.8057813644409	6.42969369888306	19.9595508575439	0.93165796995163	0.0503722913563251	0.998133718967438	0.049179345369339	0.0361997000873089	189	3
892	9.74480247497559	7.15546035766602	19.9442710876465	1.47554981708527	0.0398824214935303	-0.821875989437103	-0.471523195505142	-0.319664984941483	189	3
893	11.5263633728027	6.14015579223633	19.930793762207	2.38209438323975	0.043924804776907	0.932374656200409	-0.303591102361679	-0.196239337325096	190	3
894	11.1140298843384	6.24121475219727	20.0145587921143	1.20418000221252	0.0507204979658127	0.229314878582954	-0.762858271598816	0.604534387588501	189	3
895	12.0730285644531	5.8303394317627	19.7981452941895	0.837271571159363	0.039127055555582	0.937621355056763	0.338152974843979	-0.0807387381792068	190	3
896	13.0748643875122	5.28431797027588	19.6279983520508	0.555192053318024	0.0487323477864265	-0.580919981002808	-0.773149430751801	-0.254503458738327	190	3
897	12.7930660247803	5.44872093200684	19.6863288879395	0.594334781169891	0.0388708487153053	0.994815230369568	0.004756860435009	-0.101587727665901	190	3
898	10.8132638931274	7.10603904724121	21.6060428619385	0.37544521689415	0.0160981938242912	-0.598095655441284	-0.741391181945801	-0.304336339235306	191	3
899	10.8859539031982	7.14218044281006	21.6846866607666	0.267287224531174	0.0121079534292221	0.800482451915741	-0.261782377958298	0.539163947105408	191	3
900	11.1351137161255	7.43119382858276	21.2277984619141	0.217905178666115	0.00959639251232147	0.0986957252025604	0.957176983356476	0.272160530090332	194	3
901	11.3182830810547	7.68271923065186	21.2440071105957	0.245623856782913	0.0125928707420826	0.695753574371338	-0.679557025432587	-0.232656851410866	194	3
902	11.5395803451538	7.98027944564819	21.2704467773438	0.625122010707855	0.0529245883226395	0.795293033123016	0.442823559045792	0.414024412631989	194	3
903	11.2336673736572	7.56593370437622	21.2372341156006	1.43395304679871	0.0417996011674404	-0.837168574333191	0.431065261363983	0.336647421121597	194	3
904	11.4791555404663	7.89886713027954	21.263557434082	0.291068524122238	0.0143555486574769	0.984068334102631	0.127727866172791	0.123673252761364	194	3
905	11.683666229248	8.18680191040039	21.2719383239746	1.04501664638519	0.0430039763450623	0.0331654362380505	0.999077022075653	0.027299290522933	194	3
906	11.7053060531616	8.21811485290527	21.2696838378906	0.756590902805328	0.0526182018220425	0.989520192146301	-0.121880434453487	-0.0774267837405205	194	3
907	11.8815050125122	8.45837593078613	21.2885341644287	0.230377972126007	0.0381041876971722	0.121480911970139	-0.863199174404144	0.490030139684677	194	3
908	11.8942956924438	8.4760799407959	21.2892074584961	0.700591742992401	0.0395216792821884	0.627607047557831	0.0480150580406189	-0.777048170566559	194	3
909	12.029221534729	8.66196346282959	21.2973594665527	0.55780303478241	0.0456081889569759	0.0834708362817764	0.990319907665253	0.110901221632957	194	3
910	11.9864435195923	8.60305976867676	21.2950038909912	0.764916658401489	0.0436343103647232	-0.653849244117737	-0.722781836986542	0.22375762462616	194	3
911	12.1798944473267	8.86828899383545	21.3103332519531	0.331548690795898	0.0175298675894737	-0.465422511100769	0.442494541406631	0.766538023948669	194	3
912	12.1844272613525	8.87448406219482	21.3108081817627	0.202209278941154	0.0398460477590561	0.531990945339203	0.660287737846375	0.530099749565125	194	3
913	11.101544380188	7.47453832626343	21.5787506103516	0.460182011127472	0.0421359278261662	0.615212380886078	0.575507521629333	0.538799405097961	195	3
914	11.4524126052856	8.20107841491699	22.6275100708008	1.92640602588654	0.0476273484528065	-0.55984228849411	0.590613842010498	0.581164240837097	196	3
915	11.1909847259521	7.65377998352051	21.7272930145264	1.26682841777802	0.0421130433678627	0.578092992305756	-0.0413688719272614	0.81492155790329	195	3
916	11.9233293533325	7.60137271881104	22.7596588134766	1.84540772438049	0.0381686314940453	0.506124317646027	-0.00504017900675535	0.862445831298828	915	3
917	11.3634843826294	7.97293567657471	22.2786750793457	0.51104724407196	0.00783603265881538	0.655076384544373	0.694955289363861	0.296499967575073	196	3
918	11.3445072174072	7.99377822875977	22.2626152038574	2.37221693992615	0.0928420275449753	0.590594828128815	0.603560745716095	0.53564178943634	196	3
919	11.960036277771	9.04434585571289	24.2656764984131	0.552681028842926	0.016350120306015	-0.497463405132294	0.136555939912796	0.856669485569	196	3
920	11.5625448226929	8.39039516448975	23.0061626434326	0.973354876041412	0.0314295589923859	-0.350691914558411	0.556701600551605	0.753059446811676	196	3
921	11.5989322662354	8.45261192321777	23.1010475158691	0.893552839756012	0.0339338481426239	0.818270325660706	0.573394954204559	-0.0406442955136299	196	3
922	11.7107210159302	8.64313125610352	23.4861030578613	1.22470879554749	0.0416470170021057	-0.0200093407183886	0.987615466117859	0.155612796545029	196	3
923	11.7842149734497	8.76644134521484	23.7286109924316	0.528609454631805	0.00896565150469542	0.681164920330048	-0.725647270679474	0.0972131416201591	196	3
924	11.8836307525635	8.91871356964111	24.013256072998	0.459650427103043	0.00829392485320568	0.950934708118439	-0.182120189070702	-0.250110775232315	196	3
925	11.9938049316406	9.06976509094238	24.3109703063965	0.564273476600647	0.0199807025492191	0.674475312232971	-0.597331047058105	0.433910936117172	196	3
926	11.9728841781616	9.05869007110596	24.2913913726807	0.436531364917755	0.0148216122761369	0.756909608840942	0.642044305801392	-0.121930465102196	196	3
927	10.9154539108276	7.24322509765625	21.663064956665	0.531622886657715	0.00815798062831163	0.823897182941437	-0.438454240560532	0.359097808599472	197	3
928	12.4421920776367	6.80889558792114	23.1553363800049	0.371377825737	0.0106594543904066	0.179467871785164	-0.191537171602249	0.964937746524811	198	3
929	11.5302276611328	6.74455833435059	21.8492660522461	0.445793956518173	0.017640445381403	-0.101416446268559	0.890056729316711	-0.444425106048584	199	3
930	11.5176553726196	6.75129127502441	21.8483352661133	0.476584553718567	0.008127904497087	0.660701990127563	-0.742968559265137	-0.107100740075111	199	3
931	11.7756586074829	6.58197736740112	21.9117202758789	0.505559623241425	0.0162697043269873	0.292004972696304	-0.708578526973724	0.642378091812134	199	3
932	12.4389619827271	6.16585874557495	22.1164932250977	0.427715480327606	0.00467236898839474	-0.721999228000641	0.599319219589233	0.345736235380173	199	3
933	12.0824584960938	6.36592626571655	22.0025596618652	0.494782984256744	0.0135001083835959	0.364278346300125	-0.800353586673737	-0.476167380809784	199	3
934	12.1244955062866	6.33271217346191	22.0167617797852	0.627619922161102	0.0049743764102459	0.589753448963165	0.54764711856842	-0.593526422977448	199	3
935	12.5934152603149	6.16797208786011	22.3518886566162	0.729644477367401	0.0578349828720093	0.233013808727264	-0.905962824821472	-0.353462755680084	200	3
936	12.7863111495972	6.04391956329346	22.3048133850098	0.39196839928627	0.136473909020424	0.300803869962692	-0.817814886569977	0.490607678890228	200	3
937	13.0150804519653	6.69511127471924	22.8148231506348	0.729773879051208	0.0649513304233551	0.794213831424713	0.451845198869705	-0.406276136636734	203	3
938	13.4372491836548	6.39632320404053	22.7972564697266	0.461327373981476	0.0458422712981701	0.960379660129547	-0.244130685925484	-0.134428471326828	203	3
939	13.5016832351685	6.34377288818359	22.7901821136475	0.60233062505722	0.0327481925487518	0.936605274677277	0.294731020927429	0.189483851194382	203	3
940	13.292459487915	6.50695276260376	22.8116111755371	0.824810683727264	0.051025751978159	0.93191784620285	0.138530731201172	0.335169166326523	203	3
941	12.9155540466309	6.756432056427	22.8939342498779	0.934495151042938	0.0664676427841187	0.379041850566864	-0.925100028514862	-0.0227454286068678	203	3
942	13.7151184082031	5.96275997161865	22.6986961364746	0.547171056270599	0.0764814764261246	-0.198516622185707	-0.888175368309021	-0.414410144090652	203	3
943	13.5245971679688	7.05813980102539	24.0227241516113	0.192595794796944	0.0077868071384728	0.320181101560593	0.751839578151703	0.576386392116547	207	3
944	7.31855010986328	6.47838449478149	18.9450302124023	0.51139897108078	0.020031725987792	0.252502292394638	0.756777703762054	-0.60293447971344	210	3
945	7.71248769760132	6.24596452713013	19.3226146697998	0.495217025279999	0.0100996596738696	0.702808976173401	-0.201348930597305	-0.682288944721222	210	3
946	8.47484111785889	5.6994161605835	20.1374378204346	0.447220474481583	0.0111305080354214	0.186107248067856	-0.9085613489151	0.374005764722824	210	3
947	7.92730093002319	6.11837911605835	19.5292129516602	0.513949692249298	0.00925580225884914	0.807762324810028	-0.583847761154175	-0.08149703592062	210	3
948	8.48630428314209	5.73672294616699	20.1379871368408	0.499393910169601	0.0483457110822201	0.342677652835846	0.604153573513031	0.719423711299896	210	3
949	8.88945388793945	5.56948089599609	20.2543239593506	2.25266814231873	0.0439186915755272	0.998942971229553	0.0400225445628166	-0.0226087551563978	211	3
950	10.4415130615234	4.91253185272217	20.5159187316895	2.47067785263062	0.0306861605495214	0.775472640991211	-0.462660580873489	0.429636299610138	211	3
951	11.8891077041626	4.46999740600586	20.3703269958496	1.00664174556732	0.0325099378824234	0.987894952297211	-0.0995726957917213	-0.118949502706528	212	3
952	11.1144418716431	4.62214279174805	20.5201244354248	0.349170058965683	0.016143623739481	0.964593708515167	0.18718010187149	0.185802176594734	212	3
953	11.3331060409546	4.57925796508789	20.4837589263916	1.91855323314667	0.0381449945271015	0.98740154504776	0.157628521323204	0.0138337342068553	212	3
954	11.3657627105713	4.57281303405762	20.477481842041	1.22765409946442	0.038611926138401	0.697044134140015	-0.7037273645401	-0.137467235326767	212	3
955	13.109037399292	4.25585222244263	20.1043510437012	0.510627627372742	0.0184143986552954	-0.637408792972565	-0.367980509996414	-0.676978766918182	212	3
956	12.5240182876587	4.3476710319519	20.240966796875	0.681810021400452	0.0146888615563512	0.120653830468655	-0.114090248942375	-0.986116647720337	212	3
957	12.7499504089355	4.30448293685913	20.1957550048828	0.744418263435364	0.0584493316709995	0.59505432844162	-0.443490922451019	-0.670243382453918	212	3
958	7.45571947097778	5.66428661346436	20.1981086730957	0.500110149383545	0.0119459005072713	-0.443931043148041	-0.0987035781145096	0.890608072280884	213	3
959	7.50569868087769	5.47524642944336	20.3265419006348	0.383811354637146	0.016793143004179	-0.0112782688811421	-0.994512736797333	0.104006558656693	213	3
960	7.49462461471558	5.52199602127075	20.3001022338867	0.902163684368134	0.0141071379184723	-0.889424860477448	0.118859432637691	-0.441356927156448	213	3
961	7.36562871932983	6.55395078659058	20.7423992156982	1.08054494857788	0.0467935279011726	-0.67582643032074	0.255905508995056	0.69120991230011	214	3
962	6.63536787033081	6.83046817779541	21.4892826080322	2.43734502792358	0.0517120026051998	-0.800548315048218	0.17137785255909	0.574240386486053	961	3
963	7.3084077835083	6.58622455596924	21.1132717132568	0.49023026227951	0.00969136599451303	-0.949534058570862	-0.177660003304482	0.258499443531036	214	3
964	7.3133373260498	6.71347904205322	21.9400730133057	2.23748660087585	0.0633449405431747	-0.651398420333862	0.69389420747757	0.306905537843704	214	3
965	5.85584211349487	8.26605796813965	22.6267700195312	1.99064218997955	0.0544225014746189	0.570408880710602	0.795866191387177	-0.203053683042526	964	3
966	7.29419708251953	6.68857097625732	21.9266242980957	2.92395567893982	0.0519856959581375	0.367246836423874	0.667482674121857	0.647762775421143	214	3
967	8.36801052093506	8.64026069641113	23.8206539154053	2.00559329986572	0.0494952574372292	0.314310818910599	0.817811727523804	0.482071220874786	966	3
968	6.86477708816528	7.7453761100769	23.6479835510254	0.477794766426086	0.0315447375178337	-0.125342279672623	0.364009976387024	-0.922922551631927	215	3
969	7.17116212844849	6.82279539108276	22.6779441833496	1.32619798183441	0.0689933598041534	-0.664054095745087	-0.404399663209915	-0.628882348537445	214	3
970	7.05016708374023	7.36111497879028	23.2161064147949	0.460100889205933	0.0140327420085669	-0.706309378147125	-0.143978431820869	-0.693107008934021	215	3
971	7.0600700378418	7.05223560333252	23.0752773284912	0.662758886814117	0.0407192036509514	0.778289258480072	0.346344262361526	0.523747622966766	215	3
972	7.06600952148438	7.1341233253479	23.1585216522217	0.434366792440414	0.0503853894770145	-0.849019467830658	-0.481799334287643	-0.216876491904259	215	3
973	6.84146070480347	7.65453624725342	23.6112899780273	0.432598650455475	0.0400712974369526	-0.433537364006042	-0.507261097431183	-0.744803011417389	215	3
974	6.19071817398071	9.91249847412109	25.9263248443604	0.676385164260864	0.067909263074398	-0.852910041809082	0.50841236114502	0.118580244481564	216	3
975	6.96744775772095	7.59862661361694	23.6798934936523	2.47723126411438	0.0502786375582218	0.708564877510071	0.0376192666590214	0.704642176628113	215	3
976	6.78605556488037	8.09377193450928	24.2798919677734	0.476771205663681	0.0333467721939087	-0.541555881500244	-0.751004874706268	0.377768248319626	215	3
977	6.62518548965454	8.47725582122803	24.6146392822266	2.06257152557373	0.0529234148561954	0.812975108623505	-0.502278089523315	0.294598162174225	215	3
978	6.61374855041504	8.57725620269775	24.8069248199463	1.35358381271362	0.0933333337306976	-0.710216164588928	0.68138575553894	-0.176936313509941	216	3
979	6.64906883239746	8.63824462890625	24.8634815216064	0.678800284862518	0.0570024736225605	-0.439471155405045	-0.838492631912231	-0.32217264175415	216	3
980	6.643470287323	8.66598033905029	24.8853435516357	2.21112442016602	0.073835514485836	-0.885185301303864	0.24989777803421	0.392425894737244	216	3
981	6.72950601577759	8.6453275680542	24.7984466552734	0.969925701618195	0.0652134567499161	0.209798365831375	0.967471480369568	-0.141363054513931	216	3
982	6.63644456863403	8.75480365753174	24.9476165771484	0.544654667377472	0.0431745052337646	0.0662532225251198	-0.97757214307785	0.199908316135406	216	3
983	6.62884759902954	8.70981884002686	24.9215354919434	0.641864240169525	0.00999999977648258	-0.0449436083436012	0.384579926729202	0.92199695110321	216	3
984	6.56769132614136	8.9489049911499	25.1083145141602	1.02948951721191	0.0529728531837463	0.491157919168472	-0.204539522528648	0.846715807914734	216	3
985	6.50686454772949	9.13382625579834	25.2579097747803	1.56321275234222	0.0713983699679375	0.92968761920929	0.337839066982269	0.146784842014313	216	3
986	6.47115135192871	9.23167896270752	25.3395652770996	1.57336747646332	0.0877733752131462	0.636580169200897	-0.771099269390106	-0.0131022306159139	216	3
987	6.45163536071777	9.27279376983643	25.377197265625	1.38455450534821	0.0150049170479178	0.809278070926666	-0.371137261390686	0.455330729484558	216	3
988	6.44023370742798	9.30710220336914	25.4050312042236	0.593036651611328	0.0573705621063709	-0.878705084323883	-0.337103843688965	0.337991535663605	216	3
989	6.37129163742065	9.48466777801514	25.5561275482178	1.02465081214905	0.0342827439308167	0.74437028169632	0.409378319978714	0.52756255865097	216	3
990	6.33177900314331	9.62545108795166	25.6645946502686	0.542381405830383	0.056993655860424	0.217305943369865	0.271906733512878	0.937467277050018	216	3
991	6.25091457366943	9.76784229278564	25.8022918701172	0.477216958999634	0.0143165653571486	-0.423160940408707	-0.770798087120056	0.476240664720535	216	3
992	6.25313520431519	9.75319671630859	25.7914657592773	0.733508348464966	0.0650077611207962	-0.967098593711853	-0.224220782518387	0.120188899338245	216	3
993	6.21422243118286	9.85726737976074	25.8788146972656	1.40309727191925	0.0592416003346443	0.270954877138138	-0.727190494537354	-0.630695939064026	216	3
994	7.82676410675049	7.9214334487915	21.852165222168	0.238865256309509	0.045075785368681	-0.476016193628311	-0.862488150596619	0.171822085976601	217	3
995	7.75424814224243	7.69174194335938	21.9637470245361	1.6322146654129	0.0496297776699066	-0.913766264915466	0.397416621446609	-0.0842091143131256	994	3
996	7.6473445892334	6.71595335006714	20.6450042724609	2.48957467079163	0.0503264367580414	0.859245717525482	0.511452496051788	-0.0106385415419936	217	3
997	8.02357959747314	8.55653953552246	22.3887481689453	2.34668803215027	0.053957536816597	0.106900498270988	0.826500535011292	-0.552692592144012	218	3
998	8.0910701751709	8.88559913635254	22.7410907745361	0.301149249076843	0.079592689871788	0.723141252994537	-0.208070307970047	-0.658614873886108	218	3
999	8.05020618438721	8.65962505340576	22.5055351257324	0.425692439079285	0.0162269249558449	0.667996108531952	0.693143367767334	-0.270801723003387	218	3
1000	8.08556175231934	8.85708904266357	22.7103157043457	2.67406344413757	0.0414691939949989	-0.0289965029805899	0.997063159942627	0.0708819255232811	218	3
1001	8.2304744720459	9.86544322967529	23.9088802337646	0.105867095291615	0.011690029874444	-0.416152834892273	-0.43101641535759	-0.800650775432587	219	3
1002	8.13776779174805	9.16598796844482	23.0269317626953	2.5686194896698	0.0319234021008015	0.863584756851196	0.49860867857933	0.0749047845602036	218	3
1003	8.15395259857178	9.26417446136475	23.1269645690918	1.98513686656952	0.033881701529026	0.538567364215851	0.82941460609436	0.148379564285278	218	3
1004	8.23749446868896	9.77401542663574	23.6510581970215	0.720984578132629	0.0353779457509518	0.00839277822524309	0.927524328231812	0.373668432235718	218	3
1005	8.24995040893555	9.85021495819092	23.7339324951172	0.477612942457199	0.0319906994700432	0.973973393440247	-0.214532971382141	-0.073152981698513	218	3
1006	8.26651382446289	9.96609306335449	23.8700904846191	0.524542510509491	0.0544063150882721	0.220180004835129	0.899184703826904	-0.378137141466141	218	3
1007	8.49685096740723	10.5472097396851	23.9844379425049	1.11212301254272	0.0752508044242859	-0.613143026828766	0.0945353731513023	-0.784294903278351	219	3
1008	8.42133712768555	10.3818464279175	23.9277076721191	0.87135648727417	0.0593791343271732	-0.50443559885025	0.81657487154007	0.280624538660049	219	3
1009	8.60491275787354	10.7765884399414	24.0818939208984	0.783098459243774	0.0216017011553049	0.812380850315094	0.478427350521088	-0.333383560180664	219	3
1010	8.52534484863281	10.6201496124268	24.0047454833984	0.781141996383667	0.0165334586054087	-0.302279323339462	0.872405767440796	-0.384103387594223	219	3
1011	8.53055858612061	10.6286630630493	24.0093765258789	0.241220712661743	0.0402038879692554	0.542990207672119	0.701479494571686	0.461614638566971	219	3
1012	8.77052974700928	11.1942720413208	24.2132244110107	0.610630929470062	0.0099333468824625	0.92276668548584	-0.360728651285172	0.13555982708931	219	3
1013	8.62943077087402	10.8352575302124	24.1047306060791	0.822567403316498	0.0485461130738258	0.122235380113125	0.965455532073975	-0.230117544531822	219	3
1014	8.83978843688965	11.6587238311768	24.2596454620361	0.468926876783371	0.00954521540552378	0.994981825351715	-0.0857972949743271	-0.0514779724180698	219	3
1015	9.24155521392822	5.94838619232178	24.1165714263916	0.498354911804199	0.0407172963023186	0.0307886321097612	0.798099935054779	-0.601737976074219	221	3
1016	9.38596725463867	5.99874687194824	24.0680313110352	0.583218097686768	0.0531172566115856	-0.596063911914825	0.162180915474892	0.786387324333191	221	3
1017	9.69940948486328	6.09699440002441	23.9737968444824	0.814800262451172	0.0494018122553825	-0.7264484167099	0.571312546730042	0.381935447454453	221	3
1018	10.1258497238159	6.25220060348511	23.8152351379395	0.603849172592163	0.0302875060588121	0.280718773603439	0.735787153244019	0.616290688514709	221	3
1019	10.2694759368896	6.30137634277344	23.7647304534912	1.18538308143616	0.0456967130303383	0.29443484544754	-0.76407790184021	-0.574014902114868	221	3
1020	10.4239978790283	6.32596302032471	23.5593433380127	0.61515611410141	0.0098055163398385	-0.98935729265213	-0.102178484201431	-0.103593908250332	222	3
1021	10.4459028244019	6.36312818527222	23.7012214660645	1.28183603286743	0.054948840290308	0.184947207570076	0.916174948215485	0.355553239583969	221	3
1022	10.4262676239014	6.35456037521362	23.7096576690674	2.18969535827637	0.0474182143807411	-0.530826687812805	-0.358176529407501	-0.768070697784424	221	3
1023	10.6306867599487	6.38468933105469	23.6496543884277	0.573055624961853	0.0121972970664501	0.188897386193275	0.521590054035187	0.832022547721863	221	3
1024	10.5507574081421	6.40537548065186	23.6586589813232	0.702866852283478	0.0596624352037907	0.354816406965256	-0.85624223947525	-0.375438958406448	221	3
1025	10.6533803939819	6.34334754943848	23.5451774597168	2.02696704864502	0.0589950904250145	-0.344649493694305	0.52329009771347	-0.77934855222702	221	3
1026	10.610689163208	6.34219932556152	23.6466484069824	0.509675741195679	0.0417771600186825	-0.315275758504868	-0.161278173327446	-0.935195446014404	221	3
1027	11.7950229644775	6.66190338134766	23.7046318054199	0.457335889339447	0.0168734323233366	-0.595902681350708	-0.752183139324188	-0.28128370642662	222	3
1028	10.9281187057495	6.49987649917603	23.5673484802246	0.768611133098602	0.0503807067871094	0.405697792768478	0.895103931427002	0.184927746653557	222	3
1029	11.0846195220947	6.5263524055481	23.5891494750977	2.97856259346008	0.0468035079538822	-0.611535549163818	-0.47420471906662	-0.633367300033569	222	3
1030	11.1794672012329	6.54552555084229	23.6056175231934	0.216633126139641	0.0204430855810642	0.839461624622345	0.0308466032147408	-0.54254275560379	222	3
1031	11.5022964477539	6.60684776306152	23.6577854156494	3.10886073112488	0.0514685176312923	-0.305087596178055	0.925628244876862	0.223906010389328	222	3
1032	11.4714384078979	6.60115528106689	23.652961730957	1.35546004772186	0.0139813767746091	0.226338103413582	0.809577643871307	-0.541622757911682	222	3
1033	11.6028108596802	6.62561798095703	23.673734664917	2.15214800834656	0.0444921813905239	0.784633874893188	-0.504871547222137	-0.35979762673378	222	3
1034	11.6343584060669	6.63166093826294	23.6788845062256	1.05907249450684	0.0212541557848454	0.300536334514618	0.615815341472626	-0.728319585323334	222	3
1035	11.4045696258545	6.58841133117676	23.6421127319336	1.01632606983185	0.00440836977213621	0.137321636080742	0.603460133075714	-0.785479784011841	222	3
1036	13.2482509613037	6.88589429855347	24.0335750579834	0.391390651464462	0.0103961611166596	0.583987176418304	-0.787215530872345	0.198117539286613	222	3
1037	11.7585906982422	6.65505313873291	23.6987972259521	1.35539400577545	0.0530160553753376	-0.279321432113647	-0.716190159320831	0.639571130275726	222	3
1038	12.0903902053833	6.7168493270874	23.751485824585	0.615418910980225	0.0359177738428116	0.333126455545425	-0.769236207008362	0.545254349708557	222	3
1039	12.7307796478271	6.85567903518677	23.8761119842529	0.872857570648193	0.0421534739434719	0.618169188499451	-0.781170845031738	-0.0874005407094955	222	3
1040	13.0702610015869	6.91806840896606	23.9263877868652	0.60845947265625	0.0378032550215721	-0.31230565905571	0.741893649101257	-0.593345642089844	222	3
1041	12.7891321182251	6.86569786071777	23.8833103179932	0.775273025035858	0.0166510120034218	0.428943276405334	-0.770109295845032	0.472164541482925	222	3
1042	12.7448844909668	6.85932445526123	23.8804321289062	0.485086649656296	0.0156782735139132	0.230545461177826	-0.424136251211166	0.875760972499847	222	3
1043	13.2798614501953	6.89497518539429	24.0399684906006	0.513817429542542	0.0284816324710846	0.153187796473503	-0.248789563775063	-0.956366658210754	222	3
1044	8.15166282653809	6.19549322128296	24.7497463226318	0.42551577091217	0.0261481516063213	-0.492285013198853	-0.741119801998138	0.456505060195923	224	3
1045	8.30186176300049	6.3716893196106	23.6129398345947	2.60652184486389	0.07961405813694	0.606036007404327	-0.104061402380466	0.788600981235504	223	3
1046	9.88150787353516	6.10045099258423	25.6684455871582	2.43756008148193	0.0800174027681351	0.458826750516891	-0.8295938372612	0.318201303482056	1045	3
1047	8.26968479156494	6.3731894493103	23.9455547332764	0.956688940525055	0.0281353518366814	0.712565541267395	0.432393163442612	0.55252742767334	223	3
1048	8.24801063537598	6.37319660186768	24.1790428161621	2.78836464881897	0.0512468181550503	0.416342407464981	0.784183025360107	0.460125982761383	223	3
1049	8.22307682037354	6.35008096694946	24.6268711090088	0.354983776807785	0.0587577074766159	0.467391610145569	-0.849250853061676	-0.245597139000893	223	3
1050	8.08442687988281	6.4222240447998	24.7217254638672	0.611840009689331	0.065612867474556	-0.360050082206726	0.513126790523529	-0.779143691062927	224	3
1051	6.64905309677124	6.70450019836426	24.8032894134521	0.713554441928864	0.0462177395820618	-0.0959341898560524	-0.230877831578255	-0.968241691589355	224	3
1052	7.38419723510742	6.50571298599243	24.702995300293	0.8559530377388	0.0549790598452091	-0.163949623703957	-0.292709410190582	-0.942041277885437	224	3
1053	7.26283407211304	6.56189632415771	24.724946975708	1.67364811897278	0.0978009253740311	0.0152967562898993	0.452871739864349	0.891444444656372	224	3
1054	7.21825265884399	6.57397603988647	24.7311058044434	0.259986132383347	0.0787648037075996	0.705266952514648	-0.551152288913727	0.445903211832047	224	3
1055	7.40161228179932	6.43068408966064	24.8470344543457	3.06870722770691	0.0753843486309052	-0.176197960972786	-0.619222402572632	0.765191376209259	1054	3
1056	6.76112413406372	6.70507717132568	24.7973804473877	1.51453530788422	0.089355893433094	-0.548213005065918	0.795062184333801	-0.259496629238129	224	3
1057	5.93083620071411	7.90922689437866	24.4043636322021	2.74430513381958	0.0811833292245865	-0.0272137057036161	0.711175858974457	-0.702487230300903	1056	3
1058	5.34657430648804	7.14297199249268	25.0887470245361	1.75114262104034	0.115651622414589	-0.757883608341217	0.555886387825012	0.341471463441849	224	3
1059	6.13028907775879	6.88523054122925	24.8906097412109	2.57239890098572	0.0902527049183846	-0.615993618965149	0.729154646396637	0.298136413097382	224	3
1060	5.75335502624512	6.92684888839722	24.9232082366943	0.397339999675751	0.0413900353014469	-0.772277235984802	0.6160888671875	-0.154991880059242	224	3
1061	5.9991717338562	6.92501068115234	24.9119873046875	1.64450395107269	0.0809755325317383	-0.466701120138168	0.605901002883911	0.644262433052063	224	3
1062	5.31634473800659	7.14150476455688	25.136625289917	0.500506818294525	0.037101149559021	0.684624969959259	0.704673767089844	0.186342179775238	224	3
1063	4.98650598526001	7.07425832748413	25.0686817169189	0.7277871966362	0.0241922605782747	-0.955958724021912	-0.089445561170578	-0.279539734125137	225	3
1064	5.11482858657837	6.98262214660645	25.0992279052734	1.80663740634918	0.114970944821835	-0.996283054351807	-0.000333615462295711	0.0861392989754677	225	3
1065	4.40595626831055	7.34962558746338	25.2098808288574	0.99762749671936	0.0510608702898026	-0.699793756008148	0.11386276781559	-0.705211997032166	225	3
1066	3.94836902618408	7.54411315917969	25.3343162536621	0.548855483531952	0.0475799441337585	-0.693015515804291	-0.109218381345272	-0.71260142326355	225	3
1067	3.9569206237793	7.51910400390625	25.342004776001	0.492228478193283	0.0553219206631184	-0.860595762729645	-0.463226020336151	-0.211652293801308	225	3
1068	3.83972406387329	7.63842916488647	25.3576469421387	1.01649832725525	0.0781979262828827	-0.713326573371887	0.387707024812698	-0.583822250366211	225	3
1069	3.6216402053833	7.80191564559937	25.4428787231445	0.322696059942245	0.0570869371294975	0.23616361618042	0.869147181510925	-0.434522598981857	225	3
1070	8.83026695251465	6.29051494598389	24.6188297271729	1.10916411876678	0.0406732223927975	-0.264085710048676	-0.419563204050064	0.868461549282074	226	3
1071	8.73846530914307	6.26943397521973	25.0535144805908	1.18233346939087	0.0760448202490807	0.959120154380798	-0.166777372360229	0.228634983301163	227	3
1072	8.64712047576904	6.24217748641968	25.1524791717529	1.38079833984375	0.0491467006504536	0.853567838668823	0.511952340602875	-0.0965748354792595	227	3
1073	8.54370403289795	6.21704864501953	25.2660007476807	0.742033839225769	0.0418291166424751	-0.709236562252045	-0.336872667074203	0.619273960590363	227	3
1074	8.61190128326416	6.23306894302368	25.1908473968506	2.03983354568481	0.0721426829695702	0.574746489524841	0.0592897199094296	0.816180884838104	227	3
1075	8.60216903686523	6.22998809814453	25.2006092071533	2.07721710205078	0.070026159286499	-0.622783184051514	0.456103891134262	0.635696828365326	227	3
1076	8.56037521362305	6.22122097015381	25.2481327056885	1.20629918575287	0.0567083954811096	0.94236022233963	-0.259180903434753	-0.211618915200233	227	3
1077	8.25277423858643	6.15908241271973	25.5940704345703	0.406032711267471	0.0305035468190908	-0.858653485774994	0.495956420898438	0.129388615489006	227	3
1078	8.37099170684814	6.18240356445312	25.461820602417	0.528772473335266	0.0328614041209221	-0.946689188480377	0.317179948091507	0.056361336261034	227	3
1079	8.12315368652344	6.13543844223022	25.7418804168701	0.86517858505249	0.0510152466595173	0.886344909667969	-0.354710161685944	0.297612845897675	227	3
1080	8.11260795593262	6.13214445114136	25.7489013671875	1.51875793933868	0.0722818374633789	0.34949666261673	-0.196863099932671	0.916022419929504	227	3
1081	7.81593561172485	6.09503936767578	26.1344528198242	0.801220238208771	0.0650357007980347	-0.450259894132614	0.892889559268951	0.00378032098524272	227	3
1082	8.09612083435059	6.12778282165527	25.7614879608154	1.28413033485413	0.0468463972210884	0.169246643781662	-0.908403992652893	0.382305860519409	227	3
1083	8.04127979278564	6.11855220794678	25.8254585266113	1.3160103559494	0.0615566037595272	0.137242510914803	-0.888323605060577	0.438230186700821	227	3
1084	7.49222040176392	6.15548086166382	26.5030155181885	0.769292712211609	0.0440234169363976	0.314359724521637	-0.771167576313019	0.553604960441589	228	3
1085	7.42475318908691	6.17346286773682	26.4282188415527	0.799548745155334	0.0355821922421455	-0.964682042598724	-0.248442366719246	0.0875490009784698	228	3
1086	7.43414688110352	6.18973684310913	26.4422245025635	0.476117581129074	0.00996828824281693	-0.676416754722595	0.579646706581116	0.454389691352844	228	3
1087	7.4680700302124	6.20277118682861	26.4628829956055	0.726379871368408	0.0495012514293194	-0.271423310041428	0.959668576717377	-0.0732501000165939	228	3
1088	7.50774097442627	6.20867395401001	26.4526081085205	0.946678936481476	0.0413431152701378	-0.521648406982422	0.852609574794769	-0.0306568741798401	228	3
1089	7.33752298355103	5.93959808349609	26.7658157348633	1.35061597824097	0.0584911443293095	-0.101822204887867	0.987501621246338	-0.12030304223299	228	3
1090	7.38855981826782	6.01458311080933	26.6765251159668	0.694079756736755	0.0122967856004834	0.809827923774719	0.351319909095764	0.469843596220016	228	3
1091	7.00740242004395	5.45124816894531	27.3456783294678	0.247326493263245	0.0857215821743011	-0.732582867145538	0.3788743019104	0.56548798084259	228	3
1092	7.30159091949463	5.88645648956299	26.828929901123	1.25835537910461	0.0597411394119263	0.256552338600159	-0.396367877721786	0.881517648696899	228	3
1093	7.22327661514282	5.77183437347412	26.9656219482422	0.790754437446594	0.0160047747194767	0.807361125946045	0.465930163860321	0.362045675516129	228	3
1094	9.47808456420898	5.78215265274048	24.5379199981689	1.71025681495667	0.0593160651624203	0.977708995342255	0.193287447094917	0.0820070207118988	229	3
1095	9.25397205352783	5.79042530059814	24.7597751617432	0.677884936332703	0.074772447347641	-0.337773382663727	0.146890074014664	0.929694831371307	230	3
1096	9.11550998687744	5.59100008010864	25.3149089813232	0.390718728303909	0.0317742116749287	-0.172541603446007	0.34360408782959	0.923128128051758	230	3
1097	9.09375858306885	5.44331550598145	25.528133392334	0.618171393871307	0.0627812743186951	0.487320512533188	-0.872009813785553	-0.0460166819393635	230	3
1098	8.94471168518066	5.32218837738037	25.8578071594238	0.410443425178528	0.0405696704983711	0.655486464500427	0.744021952152252	0.129494532942772	230	3
1099	8.86541748046875	5.25989151000977	26.0283546447754	0.840002417564392	0.0754909217357635	-0.292601197957993	-0.876939058303833	-0.381264269351959	230	3
1100	8.89015483856201	5.29606771469116	25.9575347900391	0.9124675989151	0.0606159381568432	-0.00897374097257853	-0.77981972694397	0.625939846038818	230	3
1101	8.72170734405518	5.08396053314209	26.393424987793	0.538574576377869	0.0302047077566385	-0.12107065320015	-0.937208950519562	0.32708004117012	230	3
1102	8.50622940063477	4.98906135559082	26.7503643035889	0.58076000213623	0.036457646638155	0.0935413986444473	0.957816541194916	-0.2717305123806	230	3
1103	10.4400787353516	5.30769205093384	25.8444061279297	0.423045307397842	0.0366906188428402	-0.137634500861168	-0.696715235710144	0.704020321369171	231	3
1104	10.5574398040771	5.25713634490967	25.8424625396729	0.479054123163223	0.016228374093771	0.101623520255089	-0.452550947666168	0.885929048061371	231	3
1105	10.5603981018066	5.32769203186035	25.8221817016602	0.537878572940826	0.0236480701714754	0.132665127515793	0.29607281088829	0.945907413959503	231	3
1106	11.5603733062744	5.28997325897217	25.6837043762207	0.328756302595139	0.00843472592532635	0.196100682020187	-0.56701123714447	0.800026774406433	231	3
1107	11.1745672225952	5.29881763458252	25.6998901367188	0.626840651035309	0.0439362265169621	0.526533126831055	-0.172296836972237	0.832512199878693	231	3
1108	11.1489105224609	5.30493307113647	25.7015571594238	0.3652363717556	0.0137146320194006	-0.809539794921875	0.083376832306385	-0.581114172935486	231	3
1109	8.0308952331543	5.31636953353882	15.6482610702515	0.72709858417511	0.0542481578886509	0.42814826965332	-0.801117479801178	-0.41821014881134	234	3
1110	8.45036506652832	5.5463604927063	15.6672086715698	0.776347935199738	0.0390062443912029	0.525497019290924	0.2601577937603	-0.810043692588806	234	3
1111	8.53853702545166	5.60874032974243	15.6956768035889	1.02157056331635	0.0874909684062004	-0.47622075676918	0.874499082565308	-0.0920066460967064	234	3
1112	8.73916625976562	5.72241449356079	15.6534004211426	1.6514720916748	0.0733507424592972	0.0694441422820091	-0.947499990463257	-0.312123864889145	234	3
1113	8.54112339019775	5.60867023468018	15.6918478012085	2.1834077835083	0.0677307695150375	0.922714412212372	-0.365794658660889	-0.121624268591404	234	3
1114	9.11159420013428	5.94452857971191	15.5996780395508	0.822723031044006	0.0360240116715431	0.212412923574448	-0.724933326244354	-0.655249893665314	234	3
1115	9.45137405395508	6.14858913421631	15.5525646209717	0.805745005607605	0.0284608695656061	-0.320898145437241	-0.580107450485229	-0.748665332794189	234	3
1116	9.92330932617188	6.43408203125	15.4840393066406	1.0156717300415	0.0421030409634113	0.266217470169067	0.0711571425199509	-0.961282968521118	234	3
1117	10.0801305770874	6.53002548217773	15.4594278335571	0.623949885368347	0.0638147443532944	-0.31541183590889	-0.92195999622345	0.224733665585518	234	3
1118	10.2832889556885	6.65660667419434	15.4238481521606	0.481152325868607	0.0595206394791603	-0.778201639652252	0.573514938354492	-0.255896240472794	234	3
1119	7.73918867111206	4.95176887512207	14.0662431716919	4.31096601486206	0.116218857467175	-0.420658648014069	-0.698508441448212	0.578906118869781	235	3
1120	7.55005407333374	5.30316781997681	13.9587774276733	2.37836694717407	0.0846222192049026	-0.545452237129211	-0.780167400836945	-0.306301563978195	235	3
1121	7.84500026702881	4.89859580993652	14.1157293319702	0.310401052236557	0.0394153259694576	0.173651710152626	0.382930904626846	-0.907308638095856	235	3
1122	8.68411731719971	3.25162982940674	14.362211227417	0.628527283668518	0.0525858886539936	0.146920159459114	0.155183464288712	-0.976899445056915	235	3
1123	8.403639793396	3.71677255630493	14.306378364563	1.47873950004578	0.0765789747238159	0.953830718994141	-0.251096904277802	0.16479480266571	235	3
1124	8.76870536804199	3.0534040927887	14.3983316421509	1.15864527225494	0.0687493234872818	0.899721920490265	-0.210620358586311	-0.382282018661499	235	3
1125	8.76525974273682	2.6969633102417	14.3065719604492	2.0477728843689	0.0849912092089653	0.710131645202637	-0.704058289527893	0.00388078577816486	235	3
1126	8.89701557159424	2.46711182594299	14.2400360107422	0.648209154605865	0.0514090172946453	0.742534279823303	-0.656339228153229	0.133647873997688	236	3
1127	8.91316795349121	2.49769568443298	14.1176738739014	0.482550740242004	0.026496272534132	0.986867129802704	0.144980311393738	-0.0712324753403664	236	3
1128	9.13034534454346	2.06912350654602	14.0486783981323	1.02049231529236	0.0393801853060722	0.544425487518311	-0.83730560541153	-0.0502026155591011	236	3
1129	9.63375282287598	1.16230666637421	13.5665664672852	0.538418352603912	0.0289198737591505	0.362690299749374	0.33002844452858	0.871514201164246	236	3
1130	9.39427757263184	1.56868922710419	13.7282428741455	0.601749956607819	0.0641650483012199	0.0410107709467411	-0.441389590501785	-0.896377861499786	236	3
1131	9.49307537078857	1.39316391944885	13.6400852203369	0.390725374221802	0.0440124832093716	-0.0962399169802666	-0.230696648359299	-0.968254625797272	236	3
1132	8.37066555023193	4.83742809295654	17.2182731628418	0.553872883319855	0.0599675215780735	0.450165271759033	-0.887258410453796	0.100616790354252	239	3
1133	8.29209136962891	4.94626569747925	17.0305480957031	0.407483130693436	0.0428134463727474	-0.00379847246222198	-0.524068653583527	-0.851667582988739	239	3
1134	8.26840114593506	4.97689294815063	16.9576473236084	0.688753128051758	0.0347206518054008	-0.44924259185791	-0.893391788005829	-0.00567148067057133	239	3
1135	8.66191387176514	4.39890384674072	17.8753147125244	1.19129920005798	0.0404568389058113	-0.837647318840027	-0.0144800404086709	-0.546019554138184	239	3
1136	8.42989635467529	4.74578952789307	17.3521556854248	2.23891019821167	0.0822918117046356	0.0115293161943555	-0.935828864574432	0.352266252040863	239	3
1137	8.45570945739746	2.65055274963379	18.14084815979	2.4758882522583	0.0888022035360336	0.455086886882782	-0.890276074409485	0.0174488686025143	1136	3
1138	8.31389713287354	4.91632080078125	17.084659576416	0.653473734855652	0.0424846112728119	-0.774377465248108	-0.48530912399292	0.405973643064499	239	3
1139	8.59434032440186	4.49696254730225	17.7238140106201	0.962615787982941	0.0416542552411556	-0.823797225952148	-0.566881537437439	-0.00184272299520671	239	3
1140	8.82333183288574	4.16536331176758	18.2327861785889	0.303071290254593	0.00881713535636663	0.261333405971527	0.830439209938049	-0.492011666297913	239	3
1141	8.58611106872559	4.51128244400024	17.7052059173584	2.83413553237915	0.0708414390683174	-0.227307870984077	-0.618380188941956	0.752287864685059	239	3
1142	7.94188976287842	2.758709192276	19.8372917175293	3.37661862373352	0.0613671466708183	0.598510205745697	-0.782969534397125	0.169541046023369	1141	3
1143	9.33079433441162	3.5631992816925	18.8399715423584	0.525790452957153	0.00799552723765373	-0.993098080158234	-0.0904247686266899	-0.0746955648064613	240	3
1144	8.9701566696167	3.97700929641724	18.5368518829346	0.368955016136169	0.0128226727247238	-0.956990599632263	-0.146240130066872	0.25056517124176	239	3
1145	9.49953556060791	3.39318990707397	18.9685840606689	0.478116393089294	0.0136419804766774	-0.155054032802582	0.884561955928802	0.439895868301392	240	3
1146	9.57859039306641	3.30566573143005	19.0298500061035	2.75632762908936	0.0406756289303303	0.353823721408844	-0.934989273548126	0.0245746076107025	240	3
1147	11.127402305603	2.02547335624695	20.109260559082	0.478711843490601	0.0282068885862827	0.922529101371765	-0.380760550498962	0.0629405528306961	241	3
1148	11.2100009918213	1.98706078529358	20.1683158874512	0.82935893535614	0.02779446169734	0.27955287694931	-0.873059511184692	0.399521231651306	241	3
1149	11.3229131698608	1.93290281295776	20.2523498535156	0.820328295230865	0.00821491796523333	0.0811682194471359	-0.992329716682434	-0.0932389944791794	241	3
1150	11.5002908706665	1.85138785839081	20.3773860931396	1.44674491882324	0.0424645096063614	0.678301990032196	0.203097328543663	-0.706157207489014	241	3
1151	11.4994478225708	1.85076713562012	20.3790073394775	0.802305459976196	0.0240548141300678	-0.238264814019203	-0.955941736698151	0.171479538083076	241	3
1152	8.3116512298584	4.90555477142334	16.4386768341064	0.279890656471252	0.00844064075499773	0.242958262562752	-0.620483160018921	-0.745635330677032	244	3
1153	8.24413299560547	4.08640718460083	16.895715713501	0.754911661148071	0.0471881031990051	0.486625373363495	-0.0890589728951454	-0.869059383869171	245	3
1154	8.21627902984619	4.13945293426514	16.8679161071777	0.855769753456116	0.0452456176280975	-0.858906686306	-0.483353793621063	-0.16925810277462	245	3
1155	8.23585414886475	3.96366453170776	16.9513549804688	1.09430909156799	0.0463157594203949	0.993636190891266	-0.0283783953636885	-0.109003640711308	245	3
1156	8.37688064575195	3.09704756736755	17.3693332672119	0.332198768854141	0.00316060334444046	-0.962539970874786	-0.0786009132862091	-0.259496837854385	245	3
1157	8.2423095703125	4.05141067504883	16.9128265380859	1.26667332649231	0.0463598221540451	-0.394520193338394	-0.915704548358917	0.0764130055904388	245	3
1158	9.21556854248047	5.18668842315674	20.9133701324463	0.563895404338837	0.0488371774554253	0.128634616732597	-0.985707998275757	0.1087796241045	246	3
1159	9.21617698669434	5.14283037185669	20.7886085510254	0.221000030636787	0.0465730652213097	-0.316908955574036	-0.9401695728302	-0.125099614262581	246	3
1160	7.50983047485352	5.30528879165649	17.0613193511963	0.351014822721481	0.0397256277501583	-0.122145310044289	0.940010130405426	-0.318530082702637	248	3
1161	8.48976230621338	5.18203020095825	18.5031318664551	0.461495935916901	0.0107190813869238	-0.989957809448242	-0.137715712189674	0.0319065228104591	249	3
1162	7.94735240936279	5.3487114906311	18.3969287872314	0.500180959701538	0.014181544072926	0.800051093101501	0.592622876167297	0.0933614447712898	249	3
1163	8.04066181182861	5.3205680847168	18.4157733917236	0.751082062721252	0.0370317213237286	-0.175684183835983	0.754108905792236	-0.632815062999725	249	3
1164	7.75661468505859	5.40590572357178	18.3575210571289	0.525593817234039	0.0468947552144527	-0.0667861104011536	0.997767210006714	-0.000417328148614615	249	3
1165	9.0293436050415	4.64890003204346	19.0529346466064	0.476214587688446	0.0385663621127605	0.938076794147491	-0.0998784005641937	0.331717103719711	250	3
1166	9.64261627197266	3.94635272026062	19.7427101135254	0.623794317245483	0.0111060319468379	-0.136973828077316	-0.856379568576813	0.497847586870193	251	3
1167	10.2344942092896	3.42864751815796	20.2625694274902	2.73385071754456	0.0599255003035069	0.672375738620758	-0.666301608085632	0.322417438030243	251	3
1168	12.0469846725464	2.04319143295288	21.7454624176025	0.622906804084778	0.019961055368185	-0.54485148191452	-0.598841309547424	-0.586963355541229	252	3
1169	10.2121706008911	3.46234130859375	20.2419376373291	0.530139327049255	0.106180526316166	-0.292949318885803	-0.194931522011757	0.936046183109283	251	3
1170	10.0856256484985	3.2810754776001	20.5062980651855	2.9164707660675	0.13901723921299	0.189929097890854	-0.95653772354126	0.221274927258492	1169	3
1171	11.3447141647339	2.61655974388123	21.0419483184814	0.555652976036072	0.0404003746807575	0.736591696739197	0.675406873226166	0.0354727543890476	252	3
1172	11.5167579650879	2.45610070228577	21.2060832977295	1.33689916133881	0.0504037514328957	0.839123368263245	0.330038636922836	-0.432373046875	252	3
1173	11.7315702438354	2.26846432685852	21.4244937896729	1.06990134716034	0.0472076311707497	0.532069206237793	-0.426306217908859	-0.731549918651581	252	3
1174	11.9325294494629	2.13068294525146	21.6288566589355	1.30743217468262	0.0497268810868263	0.95258367061615	0.253006517887115	-0.16903267800808	252	3
1175	12.020245552063	2.06307196617126	21.718189239502	0.968104183673859	0.033269364386797	-0.48871237039566	0.822728931903839	-0.290305435657501	252	3
1176	12.1419496536255	1.97859513759613	21.8430576324463	1.42423498630524	0.0743638128042221	-0.203670293092728	0.969049870967865	-0.1395014077425	252	3
1177	12.1114730834961	1.99806237220764	21.8115081787109	0.823974013328552	0.0404544174671173	0.137963056564331	0.704282939434052	-0.696384787559509	252	3
1178	12.1381015777588	1.97892665863037	21.8387775421143	0.670110881328583	0.0724381804466248	0.356579601764679	0.911706566810608	0.204063922166824	252	3
1179	9.3311243057251	5.46448659896851	19.1788902282715	0.786773681640625	0.0384023524820805	0.201952263712883	0.262460738420486	0.943572759628296	253	3
1180	9.20119094848633	4.12728595733643	20.5835304260254	0.675449788570404	0.0459970757365227	0.580995321273804	0.00644466327503324	-0.813881397247314	255	3
1181	9.13878345489502	4.07592439651489	20.6314754486084	0.356657862663269	0.0428318083286285	-0.826131403446198	-0.529672622680664	-0.192233398556709	255	3
1182	12.0762968063354	3.58690214157104	21.7432384490967	0.839759945869446	0.0582903139293194	0.909429430961609	-0.103484503924847	-0.402776837348938	256	3
1183	12.083324432373	3.59056258201599	21.7450714111328	1.07361149787903	0.0573585629463196	0.565548777580261	-0.570500493049622	-0.595553278923035	256	3
1184	12.534236907959	3.77465867996216	21.838098526001	1.38830840587616	0.0707585588097572	0.366190731525421	0.546797692775726	-0.752938568592072	256	3
1185	12.4649810791016	3.74631309509277	21.823694229126	0.873963236808777	0.0440927259624004	0.531176388263702	0.16067960858345	-0.831885576248169	256	3
1186	12.6631860733032	3.82420778274536	21.862907409668	0.939481556415558	0.0567211732268333	0.673999607563019	-0.446982592344284	-0.588159084320068	256	3
1187	12.8592128753662	3.89883971214294	21.9002227783203	1.07970678806305	0.0467677898705006	0.492791354656219	0.327457249164581	-0.806181371212006	256	3
1188	12.7073574066162	3.84090209007263	21.8712348937988	0.824141919612885	0.0892805010080338	0.904472589492798	-0.425027698278427	-0.0357867144048214	256	3
1189	12.943811416626	3.93096232414246	21.9162940979004	0.470642536878586	0.0628021359443665	0.9140545129776	-0.279778122901917	0.293646782636642	256	3
1190	6.43716144561768	7.44081354141235	15.8953218460083	0.742943465709686	0.0470816567540169	-0.895979762077332	-0.331545144319534	0.29546257853508	260	3
1191	7.04798030853271	6.9029974937439	14.3716039657593	0.629314482212067	0.0105137033388019	0.453500121831894	0.820865392684937	-0.347156435251236	261	3
1192	6.68833827972412	7.67191171646118	15.2751693725586	0.309797793626785	0.00729291001334786	-0.249076083302498	0.93103963136673	0.26669517159462	263	3
1193	6.66545820236206	7.76091766357422	15.259955406189	0.713703751564026	0.00873567070811987	0.361641377210617	0.64520800113678	0.67299497127533	263	3
1194	6.63930988311768	7.84542179107666	15.2484226226807	1.10501325130463	0.0138937467709184	0.256276845932007	-0.032725740224123	0.966049253940582	263	3
1195	6.41566896438599	7.7285304069519	15.7030029296875	0.508037924766541	0.0396449081599712	0.29440712928772	0.952772498130798	0.0744917988777161	265	3
1196	6.32390832901001	7.89954280853271	15.6789712905884	0.707798898220062	0.0103378165513277	-0.249187216162682	0.399223417043686	0.88234144449234	265	3
1197	4.60966634750366	6.06401586532593	16.2128391265869	0.912487685680389	0.00489600142464042	0.974214732646942	-0.201148048043251	0.102201819419861	268	3
1198	5.59786367416382	7.36993074417114	16.3500747680664	0.858333885669708	0.0431251674890518	-0.879027366638184	0.469484120607376	-0.0830396115779877	268	3
1199	5.36087560653687	7.05309629440308	16.3240566253662	0.870781362056732	0.0421668104827404	-0.83502995967865	0.359687358140945	0.41635325551033	268	3
1200	5.08242702484131	6.68496608734131	16.2845764160156	0.628542125225067	0.00974912103265524	-0.247493386268616	-0.0396935604512691	0.968076169490814	268	3
1201	4.88123941421509	6.42528247833252	16.2513999938965	1.06605529785156	0.0124922292307019	-0.708060204982758	0.541649997234344	0.453063040971756	268	3
1202	4.76434993743896	6.27249097824097	16.2333869934082	0.728720843791962	0.0136565444990993	-0.884674787521362	0.402470588684082	0.235303610563278	268	3
1203	4.65842485427856	6.13184022903442	16.2183170318604	0.289524912834167	0.040492232888937	-0.858042001724243	0.425384491682053	-0.287770748138428	268	3
1204	5.04745483398438	4.96536636352539	16.215576171875	0.550017774105072	0.0308824758976698	-0.61360627412796	0.645945250988007	0.454138904809952	277	3
1205	5.01242351531982	4.95778703689575	16.1945304870605	2.05427098274231	0.098089225590229	-0.995290994644165	-0.0175475683063269	-0.0953307077288628	277	3
1206	3.27520322799683	5.04746580123901	14.6739311218262	0.550543069839478	0.0545450299978256	-0.106856435537338	0.978894770145416	-0.174203008413315	277	3
1207	4.66858863830566	4.9023871421814	15.9494295120239	0.951940655708313	0.0933162495493889	0.344182193279266	-0.574942171573639	-0.74228036403656	277	3
1208	4.24270248413086	4.9391918182373	15.6047801971436	0.943502128124237	0.0544744022190571	-0.125416234135628	0.815036952495575	-0.565672636032104	277	3
1209	3.89033675193787	4.91985511779785	15.3352327346802	0.372077584266663	0.0658247694373131	0.365163803100586	0.864296019077301	-0.345901429653168	277	3
1210	3.67306709289551	4.9138388633728	15.1658277511597	0.243756502866745	0.0898224636912346	-0.51762592792511	0.258746951818466	-0.815544843673706	277	3
1211	3.59814405441284	4.90564870834351	15.1078853607178	0.562504649162292	0.0516164228320122	-0.789840936660767	0.208253622055054	0.576872408390045	277	3
1212	3.82823991775513	4.81838512420654	15.2617979049683	0.400934666395187	0.0330239646136761	0.817704439163208	-0.458199828863144	-0.348442792892456	277	3
1213	3.34972190856934	4.8361701965332	14.8941249847412	0.580004215240479	0.0917093306779861	-0.961184084415436	-0.068381242454052	0.267299801111221	277	3
1214	3.4861044883728	4.8041877746582	14.9760808944702	0.403656005859375	0.0825301259756088	0.705228865146637	-0.708868443965912	-0.0125548122450709	277	3
1215	3.43429899215698	4.81164789199829	14.9423408508301	0.755609452724457	0.0758832320570946	-0.352451831102371	-0.933845102787018	0.0609177723526955	277	3
1216	3.26993107795715	4.78977298736572	14.7846784591675	0.48395824432373	0.074736624956131	0.0558430403470993	-0.741361498832703	-0.668778479099274	277	3
1217	3.30980253219604	5.04389238357544	14.7335577011108	0.267262071371078	0.104308031499386	0.236712858080864	-0.908190608024597	-0.345191329717636	277	3
1218	5.73858737945557	5.52119207382202	16.4131832122803	0.935165047645569	0.0685268044471741	-0.346914023160934	0.745447397232056	-0.569173753261566	280	3
1219	5.28049278259277	5.80278968811035	15.9942722320557	0.567003428936005	0.0129669345915318	-0.770596981048584	-0.37566214799881	-0.514838039875031	280	3
1220	5.05976438522339	4.32550001144409	16.3389739990234	2.02404594421387	0.0557575412094593	-0.0868019461631775	0.947310447692871	0.308331370353699	281	3
1221	4.74804782867432	3.97958517074585	16.1617660522461	0.964307308197021	0.007402578368783	-0.938164174556732	0.341004461050034	0.0596983917057514	281	3
1222	5.17286729812622	4.56061840057373	17.649730682373	0.751450061798096	0.0421109534800053	-0.0215070080012083	0.994525671005249	0.102254897356033	282	3
1223	5.33967876434326	4.54055690765381	17.843282699585	0.686443030834198	0.0133785447105765	-0.410960078239441	-0.842759609222412	-0.347660839557648	282	3
1224	6.15029239654541	8.17822170257568	15.1697845458984	0.825621247291565	0.0331381447613239	-0.974384963512421	-0.15119668841362	0.166474029421806	286	3
1225	6.45405960083008	7.51605176925659	15.2730979919434	0.807628393173218	0.00782482419162989	-0.528762876987457	-0.797064065933228	-0.291716545820236	286	3
1226	6.17094945907593	8.13316917419434	15.1759920120239	0.364008575677872	0.0126454913988709	0.632368087768555	0.774666607379913	0.00149597588460892	286	3
1227	6.17173910140991	9.04390621185303	19.6402149200439	1.1031436920166	0.0388615056872368	0.394498705863953	0.689542949199677	-0.607372522354126	288	3
1228	6.00123357772827	9.47873497009277	19.6974773406982	0.644541203975677	0.033642016351223	-0.523215591907501	0.728060483932495	-0.442914575338364	288	3
1229	5.80767869949341	10.3336906433105	19.6908893585205	0.486297309398651	0.048229992389679	-0.260488092899323	0.718715131282806	-0.644666254520416	288	3
1230	5.99666690826416	9.68536376953125	19.6915512084961	0.309171825647354	0.0381106175482273	0.366015136241913	0.645830810070038	-0.670026540756226	288	3
1231	5.90094566345215	10.0033416748047	19.6943264007568	0.794198095798492	0.0440651439130306	0.371659487485886	0.859598577022552	-0.350655674934387	288	3
1232	6.6635537147522	7.86294746398926	17.405855178833	0.270868241786957	0.0122103076428175	0.169510930776596	0.831568419933319	-0.528923511505127	290	3
1233	6.64566946029663	8.04284286499023	17.9437999725342	0.515152275562286	0.00877247471362352	0.958179771900177	-0.264340549707413	-0.109616063535213	293	3
1234	6.46665096282959	8.23692321777344	17.9855537414551	0.57086044549942	0.00589159550145268	-0.703088283538818	0.460789084434509	-0.541608929634094	294	3
1235	6.61018514633179	8.5099573135376	17.8558959960938	0.433366775512695	0.00979997403919697	0.909418225288391	0.31291675567627	0.273937225341797	294	3
1236	7.18975687026978	8.23134517669678	18.4212284088135	0.665345013141632	0.00800909567624331	-0.364255875349045	0.908919274806976	0.202936992049217	295	3
1237	7.01757717132568	8.19580459594727	18.3758220672607	0.441477209329605	0.0110874166712165	-0.231674894690514	-0.659747719764709	0.714884400367737	295	3
1238	6.36681795120239	8.34819030761719	19.0206413269043	0.603449404239655	0.0100010316818953	-0.0754840821027756	0.912565052509308	-0.401904314756393	297	3
1239	6.65655708312988	7.65185976028442	19.1543521881104	1.00484716892242	0.0334317684173584	-0.752487063407898	-0.522495150566101	-0.400951504707336	298	3
1240	5.97753620147705	8.89189147949219	20.3623218536377	0.992561519145966	0.039776012301445	-0.929029703140259	-0.0391746088862419	-0.367925405502319	302	3
1241	5.99457120895386	9.32310009002686	20.2859325408936	0.403848201036453	0.0383147858083248	-0.117917507886887	-0.469280213117599	-0.875140905380249	302	3
1242	5.98259258270264	9.13497638702393	20.3233470916748	0.465641856193542	0.00619034329429269	0.686633944511414	-0.165071591734886	0.708014965057373	302	3
1243	5.98132038116455	9.10396480560303	20.3289756774902	0.721830666065216	0.0406827516853809	0.84265923500061	0.485047906637192	-0.233781650662422	302	3
1244	6.42880916595459	8.7625036239624	19.9903602600098	0.527804017066956	0.0438452437520027	0.536519944667816	0.538178622722626	-0.650007784366608	303	3
1245	6.70395231246948	8.7808895111084	20.0613536834717	0.565439343452454	0.0325291641056538	-0.0869361907243729	0.962786495685577	-0.255898863077164	303	3
1246	6.51346731185913	8.76865386962891	20.0120048522949	0.780221283435822	0.0291952472180128	0.777737319469452	0.405475318431854	-0.480327308177948	303	3
1247	6.66803598403931	8.77938747406006	20.0518627166748	0.675414681434631	0.0228946525603533	0.717284023761749	0.648656725883484	-0.254456341266632	303	3
1248	5.2479772567749	9.51883983612061	22.6059150695801	0.4218969643116	0.0103547247126698	-0.379903733730316	-0.855546295642853	-0.351729542016983	305	3
1249	5.38926076889038	9.58662414550781	22.6098022460938	0.310819447040558	0.0177543479949236	0.499052196741104	0.866242945194244	0.0238771848380566	305	3
1250	5.29786777496338	9.49204921722412	22.6410179138184	0.424313694238663	0.0255843419581652	0.230605080723763	0.884319543838501	0.405955910682678	305	3
1251	5.75520086288452	8.75226211547852	20.7461280822754	0.139492005109787	0.015288651920855	-0.477395325899124	-0.854724228382111	0.203814163804054	0	0
1252	5.7577977180481	9.62242126464844	21.8784141540527	1.06116366386414	0.0598499774932861	0.0312399249523878	0.862545788288116	-0.505013525485992	312	3
1253	5.75810480117798	9.55300140380859	21.8850860595703	0.434124499559402	0.00656238757073879	0.863828361034393	0.31291538476944	-0.394822180271149	312	3
1254	5.79672813415527	10.1300296783447	21.7924861907959	0.614419281482697	0.0118430647999048	0.750840544700623	0.352482110261917	-0.558564901351929	312	3
1255	5.79191493988037	10.7169179916382	21.7261486053467	0.504619956016541	0.0434212796390057	0.35403048992157	0.839946687221527	0.411280810832977	312	3
1256	5.87733602523804	9.29278945922852	22.0754890441895	0.618301928043365	0.0165918469429016	0.0457285642623901	-0.46475088596344	0.884259879589081	313	3
1257	6.31840801239014	9.74733829498291	22.2543926239014	0.319778352975845	0.0420747213065624	-0.850223302841187	0.463628023862839	0.249338001012802	313	3
1258	6.37103939056396	3.5155029296875	18.3674945831299	0.254014045000076	0.00390027323737741	-0.394728004932404	-0.801107823848724	-0.449906647205353	324	3
1259	6.3626651763916	3.621098279953	18.2282009124756	0.497337520122528	0.00987723097205162	-0.895220339298248	0.0460679307579994	-0.443236231803894	324	3
1260	6.36977958679199	4.80336427688599	16.9336738586426	1.09403419494629	0.0441032946109772	0.736495971679688	-0.644698143005371	-0.204787746071815	325	3
1261	6.15982913970947	4.40351915359497	16.9180240631104	1.0076596736908	0.0523937158286572	-0.974356830120087	-0.194021388888359	-0.113949574530125	325	3
1262	5.96211099624634	3.89039778709412	16.8811149597168	0.574920177459717	0.0101246377453208	-0.906378507614136	-0.161006301641464	-0.390583038330078	325	3
1263	6.19150924682617	4.29362916946411	17.5318946838379	0.986426830291748	0.0152766639366746	-0.549406945705414	-0.554056763648987	-0.625438272953033	326	3
1264	5.89971828460693	2.98804593086243	17.812126159668	0.293169647455215	0.0416079200804234	-0.934144556522369	0.346353471279144	-0.086099810898304	329	3
1265	5.97370958328247	3.0038321018219	17.9045925140381	0.708538472652435	0.0377879440784454	-0.19372670352459	0.0437024272978306	-0.980081677436829	329	3
1266	5.80860424041748	2.96824145317078	17.6958789825439	1.24263405799866	0.0340251848101616	-0.684861898422241	-0.226355224847794	-0.692623615264893	329	3
1267	5.54491424560547	2.91395306587219	17.3674964904785	1.03263890743256	0.0355133414268494	0.361693620681763	-0.77803099155426	-0.513658881187439	329	3
1268	5.47644567489624	2.90179443359375	17.2947387695312	0.387305617332458	0.0111599136143923	-0.744159281253815	0.219461336731911	-0.630922853946686	329	3
1269	4.98064041137695	6.95868873596191	18.8068866729736	0.415722817182541	0.00990346167236567	-0.167664960026741	0.572080254554749	0.80287766456604	331	3
1270	5.14306163787842	7.01376342773438	18.8642978668213	0.844461977481842	0.00729529000818729	0.55815327167511	-0.81883317232132	0.134078308939934	331	3
1271	4.7410249710083	6.83854484558105	18.6901397705078	0.338840395212173	0.00999999977648258	-0.906496167182922	-0.00122009601909667	0.422212332487106	331	3
1272	4.57483577728271	6.75828409194946	18.6107578277588	0.788594245910645	0.0522549487650394	-0.852589070796967	0.0220697522163391	0.522115707397461	331	3
1273	4.04590559005737	6.51273536682129	18.3667678833008	0.467206120491028	0.0153674045577645	-0.504928410053253	-0.326911896467209	0.798859179019928	331	3
1274	3.84677886962891	6.41838502883911	18.2728004455566	0.429246455430984	0.0135681591928005	-0.23406982421875	-0.889409482479095	0.392634898424149	331	3
1275	3.8195481300354	6.40454959869385	18.2588500976562	0.762434780597687	0.0145603241398931	-0.0690591186285019	-0.978104472160339	-0.196322366595268	331	3
1276	6.37079620361328	6.64732313156128	17.1714344024658	0.732041239738464	0.0374604985117912	-0.749108731746674	-0.600436389446259	-0.279843360185623	333	3
1277	5.7220664024353	7.15724754333496	17.391788482666	0.726551115512848	0.063921757042408	-0.129326328635216	0.695455968379974	-0.70683491230011	334	3
1278	5.14852714538574	7.45578670501709	17.2603759765625	0.647448480129242	0.0106644108891487	0.110391981899738	-0.67823201417923	-0.726508736610413	334	3
1279	5.91262102127075	6.99337911605835	17.8912105560303	0.455970048904419	0.00697200046852231	0.648429214954376	0.710269451141357	0.273965120315552	335	3
1280	4.77229642868042	6.88021993637085	17.3297252655029	0.468898624181747	0.010950131341815	0.770946979522705	0.112410441040993	-0.626900851726532	335	3
1281	5.28238487243652	7.31457805633545	18.4248504638672	0.372054219245911	0.0134629728272557	0.311201125383377	0.949851930141449	-0.0305797755718231	338	3
1282	5.37751770019531	7.24942541122437	18.4332695007324	0.544062316417694	0.00884327292442322	-0.743949890136719	0.658726811408997	-0.112327866256237	338	3
1283	4.99202346801758	7.51367568969727	18.4085388183594	0.899079859256744	0.0364703945815563	-0.768198132514954	-0.637104451656342	0.0630047991871834	338	3
1284	4.63222455978394	7.76172065734863	18.3769798278809	1.22763645648956	0.0221983194351196	0.883361995220184	-0.404288500547409	0.237112626433372	338	3
1285	5.07445526123047	7.70608758926392	18.8007411956787	0.716447770595551	0.0436688885092735	-0.640678942203522	0.765020370483398	0.0653790384531021	339	3
1286	5.00111865997314	7.84307527542114	18.7350463867188	0.424308747053146	0.0109971864148974	-0.325701266527176	0.21264836192131	0.921248853206635	339	3
1287	4.75011157989502	8.38350677490234	18.5567893981934	1.39933228492737	0.0471008829772472	-0.847291588783264	-0.0157179180532694	0.530895292758942	339	3
1288	4.63019752502441	8.67709445953369	18.4620265960693	0.373170733451843	0.0192883219569921	0.831081688404083	0.489517092704773	-0.263962596654892	339	3
1289	4.55447578430176	7.4039478302002	19.2222003936768	1.85579133033752	0.122113756835461	0.0317962281405926	-0.342562526464462	0.938956797122955	340	3
1290	4.27731657028198	7.42816495895386	19.1537075042725	0.209822043776512	0.036908496171236	-0.759293615818024	-0.62989068031311	0.163434788584709	340	3
1291	3.88435220718384	7.45561981201172	19.2920169830322	1.29017627239227	0.0601785406470299	-0.148056373000145	0.988902747631073	-0.0122718894854188	340	3
1292	3.75978374481201	7.46280336380005	19.3082809448242	0.682952284812927	0.0274908542633057	-0.532608807086945	0.836081027984619	-0.131515711545944	340	3
1293	3.04713988304138	7.24694204330444	19.1876907348633	0.31403774023056	0.0337953343987465	-0.809384644031525	-0.410118728876114	0.42035585641861	341	3
1294	3.12938570976257	7.19355726242065	19.1511344909668	1.54018199443817	0.114842921495438	-0.844978868961334	0.230103701353073	-0.482765972614288	341	3
1295	3.18453574180603	7.03074979782104	19.153995513916	1.24158072471619	0.0807802081108093	-0.0830670073628426	-0.949835121631622	-0.301518142223358	341	3
1296	2.97827386856079	6.64026737213135	19.0039844512939	0.780730843544006	0.0355074293911457	0.80675220489502	0.558769166469574	-0.192166268825531	341	3
1297	3.01682901382446	6.75875902175903	19.0323352813721	0.817330777645111	0.0519665963947773	0.923254549503326	-0.322278559207916	-0.209135368466377	341	3
1298	2.83927440643311	6.39713144302368	18.9042625427246	0.432108998298645	0.0273497961461544	-0.425304293632507	0.674618363380432	-0.603329360485077	341	3
1299	2.74570202827454	6.15098667144775	18.837085723877	0.599058866500854	0.0553983598947525	0.389219284057617	-0.516436338424683	-0.762759387493134	341	3
1300	2.41162014007568	5.49666690826416	18.5954837799072	1.23983907699585	0.041767131537199	-0.0442193113267422	0.914180099964142	-0.402888923883438	341	3
1301	2.76385450363159	6.27952909469604	18.8523902893066	1.0696736574173	0.0720618814229965	-0.272764980792999	0.108313843607903	-0.955964148044586	341	3
1302	2.70171117782593	5.93086528778076	18.8426303863525	0.342194408178329	0.0463748201727867	0.117236696183681	-0.821297824382782	0.558323860168457	341	3
1303	2.71678853034973	6.27164697647095	18.8318004608154	0.212396904826164	0.0477459467947483	0.572945952415466	0.623664498329163	-0.531766474246979	341	3
1304	2.66872191429138	5.87808847427368	18.8100852966309	0.588525593280792	0.0386355929076672	0.557537734508514	-0.828612983226776	0.0505190454423428	341	3
1305	2.63735246658325	5.79556226730347	18.7999858856201	0.777624011039734	0.0503130778670311	0.327814489603043	-0.00127422460354865	0.944741249084473	341	3
1306	2.59677982330322	5.70891761779785	18.7744941711426	0.69095104932785	0.0787437781691551	-0.213182359933853	-0.915401041507721	0.341458916664124	341	3
1307	2.36887216567993	5.50879573822021	18.5710678100586	0.414204567670822	0.0693924352526665	0.082795150578022	0.98908543586731	0.12188109010458	341	3
1308	3.96818041801453	7.60724973678589	20.1876392364502	1.27909851074219	0.0775439441204071	-0.409154415130615	-0.91245174407959	0.00494321621954441	348	3
1309	3.56070566177368	7.63264274597168	20.1679668426514	0.553013920783997	0.0542933791875839	-0.588655292987823	-0.808381617069244	0.00202111783437431	348	3
1310	3.37405443191528	7.65645313262939	20.159086227417	0.48568257689476	0.0352828204631805	0.00194835755974054	0.889212906360626	-0.457489490509033	348	3
1311	1.18381214141846	8.94824695587158	20.7345294952393	0.363448977470398	0.00609567249193788	-0.56902664899826	-0.266491651535034	-0.777940154075623	350	3
1312	3.40079426765442	8.40526103973389	21.04323387146	1.25484263896942	0.0976399406790733	-0.768651843070984	-0.634014189243317	0.0848549753427505	350	3
1313	2.07121467590332	8.71758937835693	20.8220252990723	0.211232990026474	0.0934038162231445	-0.0808848664164543	-0.865066945552826	-0.495092779397964	350	3
1314	1.67209017276764	8.82176780700684	20.7486457824707	0.606627941131592	0.0685527846217155	-0.384909957647324	-0.866382479667664	0.318159759044647	350	3
1315	1.59748029708862	8.86266803741455	20.6813335418701	0.518534958362579	0.0543850250542164	0.0426733605563641	0.823630332946777	-0.565519273281097	350	3
1316	1.44498753547668	8.9069766998291	20.6578102111816	0.62366509437561	0.0435947626829147	0.543208122253418	0.821034610271454	-0.175576418638229	350	3
1317	1.89609444141388	9.33594512939453	20.1785774230957	1.23402154445648	0.00357033312320709	0.670207381248474	0.390206724405289	0.631316721439362	355	3
1318	1.88260769844055	9.3261251449585	20.1566867828369	0.275746077299118	0.00563252903521061	0.963091611862183	0.158867284655571	-0.217292115092278	355	3
1319	6.8484845161438	6.11229419708252	16.9054412841797	0.384234249591827	0.00720439711585641	-0.919338762760162	-0.0500808134675026	-0.390266716480255	357	3
1320	6.87556123733521	4.98497581481934	18.0520286560059	0.182577580213547	0.0350007489323616	0.379155606031418	-0.883205115795135	0.2760249376297	359	3
1321	6.71637296676636	3.90438270568848	18.8569889068604	0.649411857128143	0.0172956977039576	0.756931006908417	0.590658605098724	-0.279603272676468	360	3
1322	6.88559579849243	5.0439772605896	18.0141296386719	0.441552221775055	0.0122385397553444	-0.659607529640198	0.295241236686707	-0.691194951534271	359	3
1323	6.80482959747314	4.51692867279053	18.4173240661621	0.830800116062164	0.0280056558549404	-0.532683491706848	0.552360236644745	-0.641206979751587	359	3
1324	6.81701135635376	4.57255172729492	18.3749866485596	0.824668169021606	0.0128817548975348	-0.843800723552704	-0.297072857618332	-0.446931689977646	359	3
1325	6.71666812896729	4.20076704025269	18.6876392364502	0.467864662408829	0.0342747829854488	-0.628382086753845	-0.40868815779686	-0.661898732185364	359	3
1326	6.76656103134155	4.11747074127197	18.9245357513428	0.283546775579453	0.00952592305839062	0.0189156252890825	0.806544184684753	-0.590871095657349	359	3
1327	6.74922323226929	3.99003887176514	18.8421936035156	0.606460750102997	0.0655849725008011	-0.201287046074867	-0.488694190979004	-0.848917841911316	360	3
1328	6.57072162628174	3.42270064353943	18.88037109375	0.361276686191559	0.0117294928058982	0.885304689407349	0.415525138378143	0.208744883537292	360	3
1329	6.64546251296997	3.67030715942383	18.8687381744385	0.857522666454315	0.0109472135081887	0.909891366958618	-0.0345093086361885	0.413408845663071	360	3
1330	6.43052673339844	2.95044994354248	18.8998718261719	1.54104101657867	0.0506551414728165	-0.853251516819	0.285153716802597	-0.436633825302124	360	3
1331	6.41975450515747	2.93558716773987	18.9044761657715	0.301697343587875	0.0237873382866383	0.130400389432907	0.825275361537933	0.549469172954559	360	3
1332	6.27153348922729	2.43352389335632	18.9235954284668	0.977352738380432	0.0360731780529022	-0.547760844230652	-0.323573112487793	-0.771529972553253	360	3
1333	6.34881162643433	2.67102313041687	18.910343170166	0.342317849397659	0.0206439960747957	-0.269391298294067	-0.957802772521973	-0.100209981203079	360	3
1334	6.3097038269043	2.55537676811218	18.9178466796875	0.458783000707626	0.0106623508036137	-0.879925012588501	-0.451738357543945	0.147188916802406	360	3
1335	6.30097246170044	2.52459359169006	18.9188327789307	0.248753920197487	0.0689053684473038	-0.0982144474983215	-0.808266043663025	0.580568611621857	360	3
1336	6.87934541702271	5.01160049438477	18.3515243530273	0.602615475654602	0.0405376628041267	0.914613664150238	-0.0833130106329918	0.395652323961258	362	3
1337	6.87824201583862	5.04568433761597	18.3663997650146	0.368360102176666	0.00677203061059117	0.624062836170197	-0.646866500377655	-0.438302755355835	362	3
1338	6.86274671554565	5.10013818740845	19.17014503479	2.85112714767456	0.0534334890544415	-0.996078073978424	0.0427134037017822	0.0774853453040123	365	3
1339	6.80760097503662	4.89033174514771	19.7014656066895	1.56786870956421	0.0517925620079041	-0.860208988189697	-0.228835925459862	0.455713242292404	365	3
1340	6.43874979019165	4.39789199829102	20.5406951904297	1.07295763492584	0.0462005026638508	0.124017223715782	0.985234677791595	0.118034519255161	366	3
1341	6.5442271232605	4.45400953292847	20.5806922912598	0.719561398029327	0.0126763600856066	-0.00239027780480683	-0.151305183768272	0.988484263420105	366	3
1342	6.33346557617188	4.3490514755249	20.531623840332	0.482611536979675	0.0143546480685472	-0.340371191501617	0.740693390369415	0.579241514205933	366	3
1343	6.1367712020874	4.26226425170898	20.5204010009766	0.303403437137604	0.0390520617365837	-0.927525758743286	0.316547751426697	0.198729142546654	366	3
1344	6.34701442718506	4.352698802948	20.5303287506104	0.387122482061386	0.0150795830413699	-0.277935206890106	0.855398178100586	-0.437088072299957	366	3
1345	5.11682510375977	3.83062481880188	20.4786014556885	1.11852920055389	0.0314684212207794	-0.129794791340828	0.860449075698853	-0.492727667093277	366	3
1346	6.09971523284912	4.24420404434204	20.5171680450439	0.359873026609421	0.0182133764028549	-0.92294317483902	0.34226331114769	0.176158100366592	366	3
1347	5.76901960372925	4.10774278640747	20.5060291290283	0.731317698955536	0.0426105037331581	-0.784310638904572	0.220967233181	-0.579681217670441	366	3
1348	7.40821361541748	4.93111371994019	18.9659671783447	0.609827280044556	0.0496276468038559	0.879652500152588	0.367449223995209	-0.301981270313263	367	3
1349	7.73559045791626	4.97274398803711	18.8829936981201	0.713027000427246	0.0346478335559368	-0.641176581382751	-0.480149477720261	-0.598622620105743	367	3
1350	6.7310938835144	4.51309680938721	19.3130187988281	0.270901173353195	0.011475539766252	-0.395991384983063	0.816672921180725	-0.419804990291595	368	3
1351	7.2688250541687	3.50519037246704	20.7310981750488	0.662272810935974	0.0540737360715866	-0.00638424977660179	-0.708198845386505	-0.705984115600586	374	3
1352	7.14550113677979	3.49476861953735	20.6096172332764	1.40652549266815	0.0831683352589607	-0.737994253635406	-0.614331781864166	0.279215037822723	374	3
1353	7.44744253158569	3.44463968276978	20.8785781860352	0.692507743835449	0.0321587398648262	0.807401955127716	0.550508379936218	0.212232515215874	374	3
1354	7.4157247543335	3.39647555351257	20.8838424682617	0.52829498052597	0.0594619177281857	-0.882350265979767	-0.444464653730392	0.154625594615936	374	3
1355	7.53927326202393	3.25639247894287	21.0279655456543	0.756919026374817	0.0619351156055927	-0.724452972412109	-0.376631408929825	0.577335834503174	374	3
1356	7.37876033782959	3.46576499938965	20.8263053894043	0.780455589294434	0.0386245176196098	-0.660724937915802	0.156038492918015	0.73423045873642	374	3
1357	7.55516862869263	3.27300190925598	21.0362873077393	1.08085310459137	0.0572406239807606	0.621610581874847	0.18770107626915	0.760505557060242	374	3
1358	7.71323347091675	3.10281586647034	21.2161521911621	0.378581047058105	0.0334620326757431	0.821247637271881	0.216951623558998	0.527716159820557	374	3
1359	7.73288345336914	3.08353066444397	21.2377109527588	1.75952219963074	0.0589193254709244	0.642962396144867	0.138326823711395	0.753302693367004	374	3
1360	7.86226224899292	2.94128322601318	21.3789367675781	0.686829030513763	0.0520796291530132	0.456160724163055	-0.668488681316376	0.587401330471039	374	3
1361	9.04588603973389	2.00495576858521	22.4046955108643	0.670063555240631	0.0694759339094162	0.478588074445724	-0.736725389957428	0.477691441774368	375	3
1362	7.90746021270752	2.92042064666748	21.4266967773438	0.933737754821777	0.0733458697795868	0.409075736999512	-0.651101768016815	0.639314889907837	374	3
1363	8.45829105377197	2.39047241210938	22.0020904541016	0.888179183006287	0.111968010663986	0.137031883001328	0.66187185049057	0.736985683441162	374	3
1364	8.90677261352539	2.34294772148132	21.9996528625488	0.722098112106323	0.110025830566883	-0.258879482746124	0.793515980243683	0.550739467144012	375	3
1365	8.5816707611084	2.21130466461182	21.9609889984131	1.12599277496338	0.11479876190424	0.803146302700043	-0.59347802400589	-0.0523440130054951	374	3
1366	8.99303913116455	2.18896222114563	22.1739807128906	1.96162676811218	0.123861104249954	0.992138862609863	-0.119227230548859	0.0380190759897232	375	3
1367	9.01643562316895	1.91078507900238	22.6064147949219	0.244304269552231	0.048608660697937	-0.484948396682739	-0.8165522813797	0.313157290220261	375	3
1368	8.94523143768311	1.97748517990112	22.4528026580811	0.362568318843842	0.0542679205536842	-0.47551104426384	-0.827202916145325	0.299373626708984	375	3
1369	9.13187980651855	2.08158278465271	23.031229019165	0.443853259086609	0.0705415606498718	0.604994833469391	0.712584018707275	0.35525369644165	375	3
1370	9.56017875671387	1.93500781059265	23.1483268737793	0.359165966510773	0.056323416531086	0.891021192073822	0.137104675173759	0.432762771844864	375	3
1371	9.62807369232178	1.72290575504303	23.2069911956787	0.433774203062057	0.0434181690216064	0.987933874130249	0.136061400175095	0.0739856064319611	375	3
1372	6.79582118988037	3.45703125	20.5352458953857	0.646671772003174	0.0318473465740681	-0.120962060987949	-0.992066621780396	0.0342346727848053	377	3
1373	7.10095691680908	4.42067956924438	20.7020416259766	0.914687812328339	0.0228077191859484	0.67840176820755	0.569233953952789	-0.464482188224792	378	3
1374	7.03169679641724	4.42694902420044	20.6857357025146	0.80728405714035	0.0133381737396121	0.456662833690643	0.872478008270264	-0.173899859189987	378	3
1375	7.0510573387146	4.26314163208008	20.8104419708252	1.16070604324341	0.0425854288041592	-0.0300421863794327	0.910732448101044	0.411902666091919	379	3
1376	6.60431098937988	4.10889053344727	20.8578414916992	0.707316160202026	0.043244868516922	-0.610875606536865	0.761176645755768	0.217809766530991	379	3
1377	4.45096111297607	4.20367002487183	20.3850059509277	0.797090172767639	0.0523899309337139	-0.687086462974548	-0.61348956823349	-0.389284819364548	380	3
1378	6.09136724472046	3.94240260124207	20.9127349853516	2.42867088317871	0.0500787980854511	0.328117460012436	-0.0253733731806278	0.94429612159729	379	3
1379	5.93700695037842	3.893639087677	20.9274673461914	0.487685948610306	0.017627190798521	-0.715958833694458	0.406644195318222	0.567488729953766	379	3
1380	4.91492557525635	3.99724125862122	20.6452903747559	0.812142610549927	0.0215735919773579	0.246099889278412	-0.969210386276245	-0.00813533924520016	380	3
1381	5.08476877212524	3.90936422348022	20.7312488555908	0.82634311914444	0.0425452925264835	-0.722063302993774	-0.668976366519928	0.176338031888008	380	3
1382	4.01003837585449	4.52211666107178	20.0931835174561	0.751156330108643	0.0415886752307415	-0.63863617181778	-0.718718886375427	0.274931132793427	380	3
1383	8.2712984085083	4.73322153091431	20.398286819458	1.36322176456451	0.0539467222988605	0.934650957584381	-0.308066457509995	0.177546247839928	386	3
1384	8.27053928375244	4.7251615524292	20.4263935089111	0.623851299285889	0.013838897459209	0.937471270561218	0.261201649904251	-0.230046212673187	386	3
1385	9.01763725280762	2.16468739509583	21.4737339019775	0.867148220539093	0.014244538731873	-0.15732716023922	0.961225152015686	-0.226482585072517	387	3
1386	8.29336071014404	4.62729787826538	20.4717674255371	0.339125037193298	0.00737217348068953	-0.804986834526062	-0.585809767246246	0.0939318165183067	387	3
1387	8.8143835067749	2.9737286567688	21.0387344360352	0.13916240632534	0.144153416156769	0.30801996588707	0.798565089702606	-0.51712429523468	387	3
1388	8.91390609741211	2.64552927017212	21.1703853607178	0.694301545619965	0.0404812283813953	0.782660901546478	-0.500108897686005	0.370584666728973	387	3
1389	9.0622444152832	3.8953971862793	24.3629093170166	1.38845455646515	0.079008661210537	0.781532347202301	-0.213356330990791	0.586247622966766	389	3
1390	9.08162689208984	3.88650417327881	24.4934844970703	1.79500341415405	0.0844154581427574	0.679573714733124	-0.637228310108185	0.363482564687729	389	3
1391	9.03884601593018	3.90942978858948	24.2300338745117	1.80236995220184	0.0609595067799091	0.276943206787109	0.435299336910248	0.85663115978241	389	3
1392	9.11229419708252	3.86527466773987	24.6655387878418	1.05057191848755	0.0694999098777771	0.545504331588745	-0.633521616458893	0.548703253269196	389	3
1393	9.0846700668335	3.89917421340942	24.6363487243652	0.368361681699753	0.0456293411552906	0.516917288303375	-0.631312489509583	0.578135907649994	389	3
1394	9.16655349731445	3.8597457408905	25.1487731933594	1.95731818675995	0.0773274451494217	0.98101395368576	0.0862675532698631	0.173693507909775	389	3
1395	9.14379119873047	3.88155937194824	25.1620903015137	1.85016167163849	0.0841345563530922	-0.0254727341234684	0.111078403890133	0.99348509311676	389	3
1396	9.24723815917969	3.81290936470032	25.631534576416	0.444895893335342	0.0293451827019453	0.302614867687225	0.610479891300201	0.731941640377045	389	3
1397	9.23847103118896	3.77436757087708	25.4842987060547	0.511477530002594	0.0470165051519871	0.78611946105957	-0.61130690574646	-0.0912136808037758	389	3
1398	9.25701999664307	3.70759773254395	25.9114627838135	0.623990893363953	0.0502753928303719	0.704650282859802	0.70755797624588	-0.0531956292688847	390	3
1399	9.26809120178223	3.90579175949097	25.6321582794189	0.878766179084778	0.0618742145597935	0.549210786819458	-0.819349348545074	0.164420738816261	390	3
1400	8.67407321929932	3.69168901443481	25.9175605773926	0.438110649585724	0.0535082705318928	-0.144826099276543	0.915299355983734	-0.375835627317429	390	3
1401	9.02169227600098	3.69924831390381	25.9950160980225	1.77243614196777	0.127866804599762	0.890017092227936	0.414305567741394	0.190316662192345	390	3
1402	9.19744873046875	3.60807251930237	25.760347366333	0.756816864013672	0.0639945715665817	0.076496385037899	-0.958253085613251	-0.275498360395432	390	3
1403	8.79405784606934	3.74629020690918	25.8746738433838	0.594527721405029	0.0766182914376259	0.113096170127392	-0.225626096129417	0.967627108097076	390	3
1404	8.86326599121094	3.77832412719727	25.8850688934326	1.07416641712189	0.0524374358355999	-0.122862875461578	-0.73196017742157	0.670178234577179	390	3
1405	8.08972454071045	3.38747763633728	26.0156955718994	0.477064251899719	0.0459139235317707	0.0444668233394623	-0.497959345579147	-0.866059541702271	390	3
1406	8.62237358093262	3.66762208938599	25.9300937652588	1.18410444259644	0.0827961191534996	-0.570081830024719	-0.543791830539703	0.615871071815491	390	3
1407	8.52397441864014	3.61698269844055	25.9334335327148	0.45113742351532	0.0587653443217278	-0.680984497070312	0.566173136234283	0.464443773031235	390	3
1408	8.10851097106934	3.39698195457458	26.010835647583	1.19441723823547	0.0300436578691006	-0.137664780020714	0.496842056512833	-0.856852531433105	390	3
1409	7.64968490600586	3.14693546295166	26.1228504180908	0.590671896934509	0.0561419017612934	-0.0212387088686228	-0.985654056072235	-0.167436167597771	390	3
1410	8.19787788391113	5.15432691574097	22.381326675415	1.01656937599182	0.0488605499267578	0.307557493448257	-0.948139905929565	0.080243892967701	391	3
1411	8.17061519622803	5.09159183502197	22.2587566375732	1.16848540306091	0.046506293118	0.307748049497604	-0.787414252758026	-0.534106731414795	391	3
1412	8.1637544631958	5.07386684417725	22.2260551452637	0.558321595191956	0.0171538330614567	0.974360227584839	-0.206822142004967	-0.0885825455188751	391	3
1413	8.15036296844482	5.05013179779053	22.1731986999512	0.796605169773102	0.0400514751672745	0.462992340326309	0.673835515975952	-0.575833082199097	391	3
1414	8.15873908996582	5.06825637817383	22.2095031738281	0.669168949127197	0.0133949397131801	0.140166133642197	0.87156081199646	-0.4698246717453	391	3
1415	8.33049488067627	5.47336959838867	22.9916477203369	0.666870713233948	0.0452416427433491	-0.392791211605072	-0.907891631126404	-0.146450996398926	391	3
1416	8.25282764434814	5.30385828018188	22.6508541107178	0.60541969537735	0.0301763657480478	0.14723502099514	0.988391280174255	-0.0374778360128403	391	3
1417	8.25919342041016	5.32480430603027	22.6861095428467	1.10078585147858	0.0519540719687939	0.881678402423859	0.450767666101456	0.139469727873802	391	3
1418	8.41425514221191	5.66847229003906	23.3738975524902	0.443046152591705	0.0458649434149265	0.546213328838348	0.0473106652498245	0.83630895614624	391	3
1419	8.36156177520752	5.54878616333008	23.1353416442871	0.459972620010376	0.0142108080908656	0.650745213031769	0.719118416309357	0.243719756603241	391	3
1420	8.37847328186035	5.58748054504395	23.2118587493896	0.359240263700485	0.0110903074964881	0.997489392757416	0.069380521774292	0.014186704531312	391	3
1421	9.12763118743896	4.38248491287231	21.6498069763184	1.08380937576294	0.0166319217532873	0.500546216964722	0.316288828849792	-0.805862784385681	392	3
1422	9.17672443389893	4.36981773376465	21.6475448608398	0.553889036178589	0.00351505377329886	-0.0690209418535233	0.737453281879425	-0.671862125396729	392	3
1423	10.3407955169678	2.95916271209717	22.0339183807373	1.85938060283661	0.0468343645334244	0.74244886636734	0.669594407081604	-0.0203231070190668	393	3
1424	9.33019638061523	4.32572555541992	21.6376094818115	0.797839879989624	0.0121127227321267	0.534577190876007	-0.0502225831151009	-0.843626081943512	392	3
1425	9.52398777008057	4.24141407012939	21.6149635314941	0.404065370559692	0.0118322130292654	-0.565288662910461	-0.614908874034882	-0.549850642681122	392	3
1426	9.73717021942139	4.21287536621094	21.6861839294434	0.448214441537857	0.0638593062758446	0.65313309431076	0.224692434072495	-0.72313928604126	393	3
1427	9.94898509979248	3.69974112510681	21.8548393249512	0.94254869222641	0.0483831502497196	0.882269620895386	-0.457302421331406	0.111690990626812	393	3
1428	9.90035438537598	3.76609468460083	21.8387660980225	0.379912555217743	0.0299029294401407	-0.613494277000427	-0.787183940410614	0.0629770755767822	393	3
1429	10.1771278381348	3.26220750808716	21.9612121582031	1.1469122171402	0.0579136349260807	-0.0213790740817785	-0.771133184432983	0.636314928531647	393	3
1430	10.6062231063843	2.47484683990479	22.1471347808838	1.55732035636902	0.0503487214446068	0.995468556880951	-0.0936268717050552	0.0166224855929613	393	3
1431	10.58238697052	1.81813633441925	23.5246829986572	1.23648774623871	0.0620913878083229	0.592996180057526	-0.0303939934819937	-0.804631412029266	396	3
1432	9.65733242034912	3.6763858795166	22.7794876098633	1.05655586719513	0.0526604168117046	-0.595879077911377	-0.800988554954529	0.057840246707201	395	3
1433	9.63514995574951	3.69691133499146	22.7501659393311	1.41729700565338	0.0546482689678669	0.997293889522552	0.0101618710905313	-0.0728112682700157	395	3
1434	9.77128219604492	3.57206463813782	22.9328289031982	0.44510018825531	0.0152152543887496	-0.597810626029968	-0.78337961435318	-0.17011433839798	395	3
1435	9.96354007720947	3.3682975769043	23.2434597015381	0.626325726509094	0.0589995309710503	0.820404887199402	-0.10430146753788	-0.56218945980072	395	3
1436	10.0439300537109	3.28682947158813	23.367317199707	1.08420062065125	0.0475564673542976	-0.621033191680908	-0.681103765964508	-0.387834370136261	395	3
1437	10.0296640396118	3.29917764663696	23.3487186431885	0.808297574520111	0.0512659475207329	-0.649210751056671	-0.719516277313232	0.24662047624588	395	3
1438	10.0876359939575	3.2442672252655	23.4321250915527	0.952413022518158	0.0427619256079197	0.544595241546631	-0.838649690151215	0.00909603014588356	395	3
1439	10.1913452148438	3.14692401885986	23.5818653106689	0.622588455677032	0.0591492764651775	-0.32893642783165	-0.926868081092834	0.18087674677372	395	3
1440	10.2517890930176	3.13248944282532	23.6262512207031	0.650613605976105	0.0160231608897448	0.62146133184433	-0.783188998699188	-0.0200170669704676	395	3
1441	10.275336265564	3.13890552520752	23.6422786712646	0.847256720066071	0.0246164202690125	0.764251470565796	-0.572300493717194	0.297307640314102	395	3
1442	10.2356357574463	3.12231373786926	23.6264705657959	0.754129350185394	0.0177165698260069	0.772755980491638	-0.432146489620209	0.464863032102585	395	3
1443	10.2460851669312	3.13159108161926	23.6230888366699	1.49048864841461	0.0443754270672798	0.994255125522614	-0.000943124236073345	-0.107032440602779	395	3
1444	10.2714509963989	3.13881802558899	23.6384315490723	1.02495515346527	0.0622460097074509	0.975317478179932	0.209515362977982	-0.0697078034281731	395	3
1445	10.2640810012817	3.13786149024963	23.6321201324463	0.472884774208069	0.00729623157531023	0.802939355373383	0.495757699012756	-0.330926984548569	395	3
1446	10.2810535430908	2.73795008659363	23.6036338806152	0.628083169460297	0.0139233432710171	-0.697661578655243	-0.589321136474609	0.407392770051956	396	3
1447	10.3464241027832	2.53905963897705	23.5847301483154	0.72937285900116	0.0722878947854042	-0.248415648937225	-0.9389728307724	-0.237948894500732	396	3
1448	10.3273983001709	2.60805702209473	23.5789203643799	0.345835715532303	0.0411635749042034	-0.748937547206879	0.056292824447155	-0.66024512052536	396	3
1449	10.4924802780151	2.09413528442383	23.5434436798096	0.397871404886246	0.0154298730194569	-0.976858973503113	0.0665420815348625	0.203270196914673	396	3
1450	10.4990291595459	2.073157787323	23.5437335968018	0.558685779571533	0.0123864430934191	-0.717819094657898	-0.575722098350525	0.391509741544724	396	3
1451	9.18298053741455	4.79753160476685	22.2312316894531	1.75375318527222	0.0488816723227501	0.788061738014221	-0.612222611904144	0.0643597841262817	397	3
1452	8.73623847961426	4.0038595199585	22.9645977020264	0.840151786804199	0.0434588938951492	0.703149855136871	-0.102894499897957	-0.703557372093201	397	3
1453	8.77534294128418	4.07204246520996	22.9056816101074	0.268849551677704	0.0213379412889481	0.131482064723969	0.116658136248589	-0.984430491924286	397	3
1454	8.66512966156006	3.8804452419281	23.0728549957275	0.63966429233551	0.048316054046154	-0.255173176527023	-0.822183728218079	-0.508822679519653	397	3
1455	8.59595966339111	3.77404475212097	23.1534461975098	0.405791580677032	0.0123423421755433	-0.716965019702911	0.0687074586749077	-0.693714916706085	397	3
1456	10.2258911132812	4.82755851745605	22.3101177215576	1.56546652317047	0.10065096616745	0.769772052764893	-0.638311147689819	0.00315441144630313	398	3
1457	11.2894382476807	5.1477575302124	22.1090641021729	0.65651547908783	0.0969054698944092	0.557760655879974	-0.33772349357605	-0.758185863494873	398	3
1458	11.7032537460327	5.35784578323364	22.0319004058838	0.559987366199493	0.038595624268055	-0.955402255058289	0.291972279548645	-0.0442583002150059	398	3
1459	11.7225894927979	5.37497711181641	22.0320568084717	0.358867704868317	0.0601312033832073	0.549059152603149	-0.663704395294189	-0.507966935634613	398	3
1460	9.35472106933594	4.47103929519653	22.6511707305908	0.611994445323944	0.029921380802989	0.636703372001648	0.53720635175705	0.553189098834991	399	3
1461	9.71415042877197	3.95437908172607	22.9806652069092	0.925575852394104	0.0374190621078014	0.183381021022797	-0.785432517528534	0.591157495975494	399	3
1462	9.87618255615234	3.99530792236328	23.0410442352295	0.794745326042175	0.0514944083988667	-0.0761023983359337	-0.502445638179779	0.861253082752228	400	3
1463	9.92607402801514	4.02459001541138	23.0491619110107	0.568354785442352	0.0378502160310745	0.0902941673994064	-0.562263309955597	0.822013854980469	400	3
1464	10.1636066436768	4.18722677230835	23.1029434204102	0.723238408565521	0.0192459840327501	0.670016884803772	-0.731527388095856	-0.12627337872982	400	3
1465	10.2759628295898	4.25979471206665	23.1209144592285	0.893299221992493	0.0380600802600384	0.771963357925415	-0.566289305686951	-0.288771510124207	400	3
1466	10.2827320098877	4.26391839981079	23.1218776702881	0.900161564350128	0.0181665681302547	0.77268397808075	-0.626934409141541	-0.0995626822113991	400	3
1467	10.5023250579834	4.39664697647095	23.1520957946777	1.22920322418213	0.0544479228556156	0.832751333713531	0.0370432287454605	-0.552406549453735	400	3
1468	10.9618864059448	4.69416236877441	23.2083225250244	0.792411267757416	0.0149941286072135	-0.980407536029816	0.193507447838783	0.0368225686252117	400	3
1469	11.1982622146606	4.8344521522522	23.2353687286377	1.4527074098587	0.0438925288617611	-0.459819406270981	-0.203713819384575	0.864330291748047	400	3
1470	11.2899761199951	4.89060163497925	23.2447147369385	0.536250472068787	0.0214788522571325	0.857409834861755	-0.514549732208252	0.0093331066891551	400	3
1471	11.5959434509277	5.09500455856323	23.2329368591309	0.495150655508041	0.0171659477055073	0.0715769976377487	-0.755149602890015	-0.651633262634277	400	3
1472	9.07208919525146	4.6861310005188	22.9581203460693	0.495976001024246	0.0563564784824848	-0.858567595481873	0.242771849036217	0.451578944921494	401	3
1473	9.00559616088867	4.66858100891113	23.0706062316895	0.426643967628479	0.0126959783956409	-0.713002622127533	0.641748189926147	0.282465040683746	401	3
1474	8.6989164352417	4.58149003982544	23.635856628418	0.507318496704102	0.0410794205963612	0.151497662067413	-0.830568730831146	-0.535914242267609	401	3
1475	9.00368976593018	4.66830348968506	23.0767345428467	1.40122020244598	0.050025463104248	0.574767649173737	0.799589812755585	0.174064159393311	401	3
1476	8.89045906066895	4.6382737159729	23.2786808013916	0.634321451187134	0.0271773412823677	0.554812788963318	0.733336925506592	0.392937213182449	401	3
1477	9.61112022399902	4.80707931518555	23.2259330749512	0.809890985488892	0.0413864776492119	0.821274757385254	0.302388995885849	0.483806401491165	402	3
1478	10.2762632369995	5.0519814491272	23.6177635192871	2.43057513237	0.038823775947094	0.821449398994446	0.337141007184982	0.459953039884567	1477	3
1479	9.68430042266846	4.82895469665527	23.3670558929443	0.471874266862869	0.0147696416825056	0.824927806854248	0.462616890668869	0.324776262044907	402	3
1480	10.6543064117432	4.83531665802002	24.4784698486328	1.55668795108795	0.0473349131643772	0.820191979408264	0.347099512815475	0.454760432243347	403	3
1481	9.84029197692871	4.8869457244873	23.6894683837891	0.274521231651306	0.00489640794694424	0.731006920337677	-0.504037797451019	-0.459972441196442	402	3
1482	9.74257373809814	4.85462331771851	23.4954490661621	0.393625408411026	0.0237806960940361	-0.634729087352753	0.540347874164581	-0.552397608757019	402	3
1483	9.99898529052734	4.94767951965332	24.0499687194824	1.02495205402374	0.0502925179898739	0.996175706386566	-0.0209394805133343	0.0848260894417763	403	3
1484	10.8851013183594	4.79994106292725	24.6199264526367	1.50963950157166	0.0423079691827297	0.750775218009949	-0.651570677757263	0.108591958880424	403	3
1485	11.3004627227783	4.73537731170654	24.8758163452148	0.412641853094101	0.0173521991819143	0.784071445465088	0.236587077379227	-0.573810577392578	403	3
1486	11.9250364303589	4.63678407669067	25.2633762359619	0.292699754238129	0.0119955465197563	0.541437864303589	-0.0166217070072889	-0.840576469898224	403	3
1487	10.7212934494019	3.64833498001099	23.8457145690918	1.11018812656403	0.0462975688278675	0.776752054691315	-0.0289736855775118	0.629139721393585	405	3
1488	9.81489181518555	4.31082344055176	23.359203338623	0.65432208776474	0.0362997688353062	0.584783911705017	-0.563775837421417	0.583253502845764	405	3
1489	10.272741317749	3.97814416885376	23.6025104522705	1.38472235202789	0.0469021908938885	0.975134313106537	0.21981780230999	-0.028162794187665	405	3
1490	10.2603950500488	3.98545908927917	23.5982036590576	0.56505811214447	0.0212970897555351	0.916408717632294	-0.307359993457794	0.256368547677994	405	3
1491	10.5895652770996	3.74353790283203	23.7766017913818	0.654649674892426	0.0158738791942596	-0.277022391557693	0.576766014099121	0.768504679203033	405	3
1492	10.6397819519043	3.70650124549866	23.8039894104004	0.776338040828705	0.0512103959918022	0.0807862505316734	-0.639542520046234	0.764499008655548	405	3
1493	10.9674625396729	3.46602034568787	23.9810676574707	0.958173215389252	0.0217478591948748	0.974614322185516	0.168294325470924	0.147661417722702	405	3
1494	9.93735694885254	3.79769992828369	24.1116886138916	0.552484512329102	0.018788168206811	0.133278205990791	-0.498783051967621	-0.856418371200562	407	3
1495	9.94287967681885	3.78045201301575	24.1124801635742	0.584401309490204	0.0128692891448736	0.388291776180267	-0.919786155223846	0.0567699298262596	407	3
1496	9.93742561340332	3.80040049552917	24.1115856170654	0.360992878675461	0.0342044308781624	0.93751734495163	-0.340889811515808	-0.0696803629398346	407	3
1497	10.0605926513672	3.4147424697876	24.1339130401611	0.707534968852997	0.0130518535152078	-0.195383712649345	0.111047357320786	-0.97441965341568	407	3
1498	10.5911712646484	2.16817283630371	24.1882438659668	0.823069512844086	0.048869427293539	0.0200834032148123	0.838328540325165	-0.544795215129852	407	3
1499	10.1953344345093	3.03662109375	24.1580066680908	0.542373716831207	0.0548333041369915	0.941447377204895	-0.227244928479195	0.249071568250656	407	3
1500	10.1311464309692	3.23239898681641	24.1427402496338	1.38834595680237	0.0527594499289989	-0.326828211545944	0.549773335456848	-0.768721342086792	407	3
1501	10.317533493042	2.71297430992126	24.176305770874	0.268367141485214	0.0231569651514292	0.486074537038803	-0.586656153202057	-0.647739291191101	407	3
1502	9.04522323608398	3.28942251205444	24.9898319244385	0.314220577478409	0.0113213798031211	-0.439332216978073	-0.898313283920288	-0.0045161503367126	408	3
1503	8.35188674926758	2.99256944656372	24.1551914215088	1.12355351448059	0.0359516404569149	-0.625184178352356	0.748629868030548	-0.220676600933075	410	3
1504	8.36722469329834	2.83533382415771	24.2189865112305	0.742770314216614	0.0158450286835432	0.930385768413544	-0.208581253886223	0.301456838846207	410	3
1505	8.3665246963501	2.86045002937317	24.2058925628662	0.612607955932617	0.0120946727693081	0.940761208534241	0.0270235352218151	-0.337991118431091	410	3
1506	8.37813186645508	2.70676422119141	24.3056602478027	0.95498526096344	0.0162753239274025	0.636257410049438	-0.74325704574585	-0.206749796867371	410	3
1507	8.39817237854004	2.56186532974243	24.4153137207031	1.03685784339905	0.062051996588707	0.0613672845065594	-0.814752101898193	-0.576552629470825	410	3
1508	8.46028995513916	2.25942373275757	24.6621284484863	0.582194447517395	0.0399077981710434	-0.661653518676758	0.282762944698334	-0.694449245929718	410	3
1509	8.51648616790771	1.90405118465424	24.9368324279785	0.572792828083038	0.0482328981161118	-0.466142475605011	0.869699060916901	-0.162279844284058	410	3
1510	7.92408466339111	7.77237987518311	17.3681049346924	0.251924455165863	0.0141713637858629	0.979024469852448	-0.200670465826988	0.0352511033415794	0	0
1511	7.6016321182251	8.08247470855713	16.9046306610107	0.549345254898071	0.0267977509647608	0.374282419681549	0.555835366249084	-0.742266595363617	415	3
1512	7.05126190185547	8.13750457763672	17.5276031494141	0.664252102375031	0.0116541050374508	-0.65875107049942	0.128049656748772	-0.741384148597717	416	3
1513	6.55095672607422	8.08379936218262	17.74729347229	1.83944916725159	0.0470402427017689	-0.816524863243103	-0.00747717916965485	-0.577261865139008	416	3
1514	6.72520112991333	8.09524059295654	17.6729984283447	1.44071578979492	0.0505462065339088	-0.363501369953156	0.455764204263687	-0.812493562698364	416	3
1515	5.78204393386841	8.06997680664062	18.0872192382812	0.67962384223938	0.0385931842029095	-0.602603912353516	-0.724630951881409	-0.334332793951035	416	3
1516	5.81882095336914	7.98855543136597	18.0851612091064	0.619105219841003	0.0433209612965584	-0.0159925110638142	-0.966607987880707	-0.255760014057159	416	3
1517	5.02845191955566	8.54201030731201	21.1259422302246	0.62475311756134	0.0448534339666367	-0.983362674713135	0.0976658388972282	0.153164133429527	418	3
1518	5.77250909805298	7.98085737228394	18.0731811523438	1.65046036243439	0.0497385673224926	-0.887000501155853	0.461414098739624	-0.0180858671665192	417	3
1519	5.21180295944214	8.48465919494629	20.6237773895264	0.830513775348663	0.0371861271560192	-0.646269857883453	-0.253451526165009	0.719789981842041	418	3
1520	4.93566083908081	8.57761859893799	21.3721961975098	0.413305789232254	0.0110412528738379	0.083084799349308	0.312234550714493	0.946364879608154	418	3
1521	4.79691362380981	8.63218879699707	21.7395687103271	0.990626096725464	0.0329030342400074	0.9128298163414	-0.322514593601227	0.250451803207397	418	3
1522	4.47747135162354	8.75532245635986	22.5798568725586	0.558236420154572	0.0369937233626842	0.925174593925476	0.308230936527252	0.221462830901146	418	3
1523	6.94625568389893	9.0026798248291	17.7117691040039	0.672437489032745	0.0448819287121296	-0.350979089736938	0.3199183344841	-0.880037426948547	420	3
1524	7.1062798500061	8.82093048095703	17.6200923919678	1.10747253894806	0.0299705099314451	-0.856354892253876	0.0582173392176628	-0.513095557689667	420	3
1525	6.41863536834717	9.5909309387207	18.023494720459	0.796091616153717	0.0377339385449886	-0.914741575717926	0.227960631251335	0.333589464426041	420	3
1526	6.97995185852051	8.96480655670166	17.692102432251	0.668567478656769	0.0394269675016403	-0.214316844940186	0.787484288215637	-0.577872574329376	420	3
1527	6.83440351486206	9.12712860107422	17.7778930664062	0.658948183059692	0.0306396763771772	-0.427843391895294	0.571745932102203	-0.700040400028229	420	3
1528	6.7754979133606	9.19347667694092	17.8122863769531	0.549448847770691	0.0258287861943245	-0.466200083494186	0.787957608699799	-0.402218997478485	420	3
1529	6.727135181427	9.24347686767578	17.8431510925293	0.984455049037933	0.0469714291393757	-0.979166507720947	0.201525568962097	-0.0249080695211887	420	3
1530	6.18255853652954	9.86806106567383	18.1599597930908	0.251660287380219	0.0320104509592056	0.364304602146149	0.865426421165466	0.34397566318512	420	3
1531	8.18501091003418	9.70289993286133	16.6109714508057	0.474119335412979	0.0580251328647137	-0.136811777949333	-0.921158313751221	-0.36434867978096	423	3
1532	8.45592212677002	10.1083641052246	16.2840480804443	0.350642919540405	0.0575355626642704	0.0258787795901299	0.574139058589935	-0.81834876537323	423	3
1533	8.45078086853027	10.1381769180298	16.2967357635498	1.09419536590576	0.0688362047076225	-0.58660501241684	0.203103333711624	-0.783992111682892	423	3
1534	8.06787490844727	9.10472202301025	17.2939605712891	0.939692258834839	0.0567009672522545	0.985215485095978	0.171132013201714	-0.00802160706371069	430	3
1535	7.77688407897949	9.43891716003418	17.473424911499	1.078946352005	0.0265287198126316	0.598945200443268	0.727103650569916	0.335536807775497	432	3
1536	7.67429494857788	9.30036544799805	17.6671905517578	1.21530437469482	0.0220773555338383	0.0634972304105759	0.997453570365906	0.0324717350304127	432	3
1537	7.62912559509277	9.23794364929199	17.7540988922119	1.18979811668396	0.0409041978418827	0.455419093370438	0.753779053688049	0.473719924688339	432	3
1538	7.60958290100098	9.2099142074585	17.7929649353027	1.17104852199554	0.0685580968856812	0.70415872335434	-0.168588951230049	0.689737737178802	432	3
1539	7.63461542129517	9.24509334564209	17.7440814971924	1.2612202167511	0.0127288112416863	0.561499297618866	0.508978068828583	0.652426183223724	432	3
1540	7.64820671081543	9.26286029815674	17.7191848754883	0.476058125495911	0.014702002517879	-0.0473323278129101	0.975229263305664	-0.216073006391525	432	3
1541	7.16023445129395	8.56307125091553	18.6895713806152	1.105299949646	0.0256925914436579	0.929945111274719	0.289733916521072	0.226398646831512	432	3
1542	7.63261365890503	9.24208068847656	17.7482395172119	1.01839017868042	0.0477299951016903	-0.608710706233978	-0.468226402997971	0.640496253967285	432	3
1543	7.62634706497192	9.23242950439453	17.7615242004395	0.510866284370422	0.0142290228977799	-0.451463639736176	0.76522433757782	0.458925157785416	432	3
1544	7.15163040161133	8.54744434356689	18.7107086181641	0.73749965429306	0.00911167077720165	0.756410181522369	0.652744174003601	-0.042054794728756	432	3
1545	7.21829032897949	8.65450382232666	18.5637474060059	0.495225936174393	0.0110898520797491	0.517591595649719	0.18637079000473	0.835083782672882	432	3
1546	7.84863948822021	9.26347637176514	15.7760610580444	1.29832684993744	0.0161023307591677	-0.660315632820129	-0.688148140907288	0.300724774599075	433	3
1547	7.79269409179688	9.08633804321289	15.3411254882812	1.61268043518066	0.0488077290356159	-0.477395564317703	-0.773995876312256	0.415961265563965	433	3
1548	7.82809162139893	9.20878410339355	15.6360425949097	1.85329806804657	0.0585897788405418	-0.93485289812088	0.288202077150345	0.207339093089104	433	3
1549	7.81696271896362	9.15423202514648	15.5124425888062	0.683826625347137	0.0178182329982519	-0.975338757038116	0.057179182767868	-0.213177934288979	433	3
1550	7.77445793151855	9.02796745300293	15.1981401443481	0.309980362653732	0.0176005847752094	0.818645894527435	-0.326383411884308	0.472538650035858	433	3
1551	7.51594209671021	9.6074914932251	16.9235019683838	0.796657145023346	0.043996799737215	0.479495227336884	0.864671349525452	-0.149758979678154	436	3
1552	7.54619312286377	9.62448692321777	16.9221744537354	1.60793733596802	0.0765079334378242	0.254014045000076	0.963678002357483	-0.0824711322784424	436	3
1553	5.05037879943848	8.43546962738037	16.7808055877686	0.856594502925873	0.0392783991992474	-0.468789160251617	0.617320477962494	0.631784915924072	437	3
1554	7.73774528503418	9.70895862579346	16.9204940795898	1.01192831993103	0.0192775521427393	-0.890321791172028	0.45256370306015	-0.0501317642629147	436	3
1555	7.82114696502686	9.75482177734375	16.9201126098633	1.76914393901825	0.0902956128120422	-0.80085551738739	0.593415319919586	-0.0805527791380882	436	3
1556	7.25931024551392	9.49269485473633	16.9299221038818	0.709986567497253	0.00786550901830196	-0.502996146678925	-0.182867154479027	-0.844721615314484	436	3
1557	6.13413572311401	9.02150726318359	16.9042549133301	1.60155522823334	0.0529798455536366	-0.831128716468811	0.36883145570755	0.416159242391586	437	3
1558	6.00479030609131	8.9517183303833	16.8894309997559	0.74284428358078	0.0388475060462952	0.512790858745575	0.765008389949799	-0.389624893665314	437	3
1559	5.96960210800171	8.93178558349609	16.8857879638672	0.708247005939484	0.0453958064317703	-0.384944707155228	0.546034574508667	-0.744085907936096	437	3
1560	5.97109270095825	8.93290328979492	16.8858299255371	0.922838747501373	0.0605067610740662	0.627878487110138	0.457980066537857	-0.629303574562073	437	3
1561	5.87200355529785	8.87557029724121	16.8762283325195	1.15758192539215	0.0716019198298454	0.520658612251282	0.0233520399779081	-0.853445589542389	437	3
1562	5.38374185562134	8.60398197174072	16.8253211975098	1.16822779178619	0.0126399910077453	0.466843158006668	-0.802466154098511	-0.371625363826752	437	3
1563	5.49433755874634	8.66291809082031	16.8383598327637	0.95764434337616	0.0477916747331619	-0.18321131169796	-0.732287585735321	-0.655887603759766	437	3
1564	8.56692314147949	11.262378692627	16.7001972198486	0.661225378513336	0.0132219810038805	0.378074377775192	-0.0629931688308716	0.923629581928253	438	3
1565	8.78401374816895	11.146164894104	16.8635063171387	0.445729583501816	0.0141671178862453	0.977617084980011	0.0118169030174613	-0.210059732198715	438	3
1566	9.17326831817627	11.3929691314697	16.4362754821777	0.394570410251617	0.00744953099638224	0.244575619697571	-0.145843833684921	-0.958599150180817	441	3
1567	6.56810092926025	5.86786651611328	18.2534198760986	0.459055244922638	0.0125933829694986	0.361489444971085	0.913224399089813	-0.188007041811943	442	3
1568	5.26653051376343	6.30071783065796	18.3939476013184	0.784743130207062	0.0475791953504086	-0.855397164821625	-0.397273987531662	-0.33236888051033	449	3
1569	5.02308416366577	6.13489818572998	18.4602870941162	0.488147884607315	0.00992912985384464	-0.497351676225662	-0.841026604175568	-0.212874546647072	450	3
1570	4.51765727996826	5.93673610687256	18.3721542358398	0.423423409461975	0.00999999977648258	-0.432904571294785	0.884907484054565	-0.171850085258484	450	3
1571	5.73898553848267	5.42030048370361	18.3808555603027	0.472490638494492	0.0106840766966343	0.709073424339294	0.580394506454468	0.400446206331253	453	3
1572	3.97579836845398	5.57398271560669	18.9907417297363	0.72169041633606	0.0453266203403473	-0.642064094543457	-0.383888423442841	-0.66361391544342	454	3
1573	3.64540982246399	4.95436954498291	19.0003643035889	0.862884819507599	0.0588816963136196	-0.250397235155106	-0.412231832742691	-0.875994384288788	454	3
1574	3.76295900344849	5.15311098098755	18.9840927124023	0.409224987030029	0.0212411321699619	-0.425354838371277	-0.214260667562485	-0.879298329353333	454	3
1575	3.4133460521698	4.69721174240112	18.9787178039551	0.701376259326935	0.0180680453777313	-0.240541696548462	0.967239201068878	0.0811670422554016	454	3
1576	3.37670373916626	4.64856052398682	18.9539527893066	0.565757215023041	0.007479602470994	-0.191049337387085	0.920671284198761	-0.340388685464859	454	3
1577	3.52068567276001	4.80660247802734	19.0093593597412	0.651211798191071	0.0409266762435436	-0.809615969657898	-0.473840296268463	-0.346406549215317	454	3
1578	4.81075239181519	5.76131582260132	18.7157516479492	1.14001500606537	0.0372754633426666	0.705560386180878	-0.679681003093719	-0.200545027852058	455	3
1579	4.69015455245972	5.42237234115601	18.6051597595215	0.472224056720734	0.0108092781156301	-0.847984731197357	-0.387331187725067	-0.361796140670776	455	3
1580	4.35083389282227	5.77633953094482	18.9088592529297	0.493590027093887	0.0332390069961548	-0.278499394655228	-0.696158647537231	0.661665499210358	456	3
1581	3.75277090072632	5.67382144927979	19.279577255249	0.630618333816528	0.00803790800273418	-0.531551003456116	-0.821751177310944	-0.205374285578728	0	0
1582	3.24355602264404	5.80768394470215	19.2212333679199	0.4502132833004	0.00948243588209152	-0.485591143369675	-0.874180257320404	-0.00318164494819939	459	3
1583	8.28890323638916	8.07774066925049	19.3786811828613	0.744163870811462	0.0613098628818989	0.717297375202179	-0.604076683521271	-0.347240418195724	462	3
1584	8.14862442016602	8.03217506408691	19.4508209228516	0.896689295768738	0.0429931618273258	-0.285633504390717	0.808891832828522	-0.513913989067078	462	3
1585	8.30396556854248	8.4692211151123	18.9936542510986	0.425019174814224	0.0337911248207092	0.547718703746796	-0.539726138114929	0.639296472072601	462	3
1586	8.74755954742432	8.07567024230957	19.7555103302002	0.756985068321228	0.0113922953605652	-0.633878350257874	0.766150712966919	0.105883873999119	464	3
1587	8.88578414916992	8.16353607177734	19.8160285949707	0.844112694263458	0.0448860451579094	-0.317074716091156	0.872522592544556	-0.37170934677124	464	3
1588	9.70167636871338	8.75186729431152	20.2007827758789	0.348607450723648	0.00515748467296362	0.210835218429565	-0.608188271522522	0.765281319618225	464	3
1589	9.35432529449463	8.44085788726807	19.9833335876465	0.486734241247177	0.0369149371981621	0.979380309581757	-0.0645992010831833	0.191418960690498	464	3
1590	8.73356819152832	9.0361967086792	20.48193359375	0.467733323574066	0.020403940230608	-0.631021559238434	0.376740783452988	-0.678143203258514	466	3
1591	8.81639385223389	9.15310192108154	20.4694633483887	0.340220898389816	0.0311530269682407	0.337047934532166	0.868681728839874	-0.363029897212982	466	3
1592	8.21525192260742	7.92625999450684	20.0073204040527	0.48638853430748	0.0122105833142996	-0.86402302980423	0.280064135789871	-0.418363869190216	467	3
1593	7.88876152038574	7.42049312591553	20.0810279846191	1.11735570430756	0.0479963235557079	0.679172098636627	0.632828176021576	-0.371824830770493	467	3
1594	8.05356502532959	7.65647411346436	20.0663261413574	0.329520285129547	0.0372304506599903	-0.980952084064484	0.184892892837524	-0.0595611818134785	467	3
1595	7.39146518707275	6.84742259979248	20.0780601501465	0.414031237363815	0.00645091803744435	0.918019652366638	-0.280273884534836	0.280511111021042	467	3
1596	9.66865539550781	9.94753074645996	21.4480228424072	1.19680988788605	0.0540760084986687	0.384238809347153	-0.917985200881958	-0.0983038246631622	468	3
1597	9.92360877990723	10.0161399841309	21.5169048309326	0.921689033508301	0.0322370827198029	-0.246203422546387	-0.804417371749878	0.540644705295563	468	3
1598	9.94494533538818	10.0211524963379	21.5218048095703	0.967771172523499	0.0112956613302231	-0.126541510224342	-0.859679520130157	0.494912385940552	468	3
1599	10.0895414352417	10.0616245269775	21.5581016540527	0.718498945236206	0.0606756284832954	0.126056417822838	-0.503372192382812	0.854825258255005	468	3
1600	10.0058040618896	10.0398235321045	21.5382919311523	0.541285276412964	0.0569692999124527	0.786616861820221	0.487114787101746	-0.379411667585373	468	3
1601	10.1323347091675	10.0729675292969	21.5681533813477	0.656558454036713	0.00902293808758259	-0.751620173454285	-0.438858836889267	0.492412358522415	468	3
1602	10.292854309082	10.118766784668	21.605583190918	1.17564702033997	0.0558037273585796	0.620842635631561	-0.647064387798309	-0.442563116550446	468	3
1603	9.82749271392822	9.992506980896	21.4938888549805	0.879635095596313	0.0756681337952614	-0.0650794953107834	0.945999383926392	-0.317568689584732	468	3
1604	10.4046592712402	10.1605567932129	21.6300201416016	0.749183356761932	0.0140520734712481	-0.16685725748539	0.983795702457428	0.065610483288765	468	3
1605	10.0013475418091	10.0392551422119	21.5375442504883	1.81603229045868	0.0609274096786976	0.308636277914047	0.772303342819214	0.555239677429199	468	3
1606	11.7178077697754	10.361946105957	21.8654823303223	2.30373239517212	0.0354614816606045	-0.753499746322632	-0.501139581203461	-0.425555408000946	468	3
1607	10.4460639953613	10.1726989746094	21.6382808685303	0.976954460144043	0.0514543987810612	0.162475809454918	0.864510416984558	0.475629419088364	468	3
1608	11.5213899612427	10.3405685424805	21.8484649658203	2.32033157348633	0.0490386709570885	-0.808251738548279	0.160467714071274	-0.566550374031067	468	3
1609	11.54723072052	10.3433675765991	21.8517189025879	0.253425478935242	0.0210754126310349	-0.363936573266983	-0.871527016162872	0.328619539737701	468	3
1610	9.14433765411377	9.74493980407715	21.4633045196533	0.565653264522552	0.0116502838209271	0.529875040054321	-0.803915917873383	-0.270095735788345	471	3
1611	9.20685386657715	9.35490989685059	20.652681350708	0.471133887767792	0.00438634492456913	-0.490269929170609	0.870064496994019	-0.051216583698988	472	3
1612	9.49244403839111	9.35275650024414	21.8606357574463	1.36502659320831	0.0162144657224417	0.981734454631805	0.189957037568092	-0.0106655741110444	475	3
1613	9.4933443069458	8.92448234558105	22.1514301300049	1.53860902786255	0.0327513627707958	0.953234851360321	0.104326501488686	-0.283653527498245	475	3
1614	9.49418258666992	8.78917026519775	22.2449436187744	0.758076727390289	0.0502236858010292	0.510083615779877	0.032957561314106	-0.859493136405945	475	3
1615	9.49191951751709	8.75578880310059	22.2615089416504	1.84520828723907	0.0106252338737249	0.853304147720337	-0.312171369791031	-0.417637377977371	475	3
1616	9.49302673339844	8.63075828552246	22.3486194610596	0.763468265533447	0.0656745880842209	0.497174143791199	-0.223179057240486	0.838456332683563	475	3
1617	9.49527931213379	8.44713878631592	22.4783706665039	0.832647383213043	0.00834582280367613	0.796434223651886	0.483693599700928	-0.362950593233109	475	3
1618	9.49397087097168	8.54985809326172	22.4055995941162	0.612245082855225	0.0211228989064693	0.827261686325073	-0.269705474376678	-0.492846012115479	475	3
1619	9.39956665039062	8.07254409790039	22.6905670166016	0.667242407798767	0.0123507296666503	0.0553230307996273	-0.215705797076225	-0.974889934062958	475	3
1620	8.99805450439453	10.5899534225464	21.4204788208008	0.565288662910461	0.0160940755158663	0.118976332247257	0.282042235136032	-0.951996266841888	476	3
1621	8.27968502044678	5.80399227142334	17.6736316680908	0.480334877967834	0.0261068269610405	-0.51697188615799	-0.738683581352234	-0.432535231113434	479	3
1622	8.33934211730957	5.67948579788208	17.9939880371094	0.386212944984436	0.0103218033909798	-0.292199283838272	-0.133456841111183	0.946999967098236	479	3
1623	8.37608814239502	5.64055776596069	18.0725345611572	0.410380989313126	0.00768588483333588	0.987770259380341	0.138297319412231	-0.0719983130693436	479	3
1624	8.61603355407715	5.90119934082031	17.5277614593506	0.365484476089478	0.0149883050471544	0.822921514511108	0.360581189393997	-0.439068913459778	481	3
1625	8.63077259063721	5.95694971084595	17.4957580566406	0.348244875669479	0.00297879450954497	-0.630776166915894	0.487083494663239	-0.604045510292053	481	3
1626	9.24986267089844	5.97492408752441	17.7553215026855	0.35688129067421	0.0100690303370357	0.934428036212921	-0.283140420913696	0.216045677661896	484	3
1627	9.25468826293945	6.00607538223267	17.766918182373	0.389355927705765	0.0465611107647419	-0.823863089084625	0.347514510154724	-0.447753489017487	484	3
1628	9.27728080749512	6.07696723937988	17.7923984527588	0.424964606761932	0.0394528955221176	0.0950342640280724	-0.968269884586334	0.231131553649902	484	3
1629	8.57258701324463	6.51533317565918	19.2564525604248	0.441851675510406	0.00251217465847731	-0.865285933017731	0.501274466514587	-0.00202885689213872	490	3
1630	6.55537080764771	7.44783306121826	19.7237873077393	0.639966428279877	0.00954991392791271	0.565867006778717	-0.134137600660324	-0.813511967658997	492	3
1631	6.50874805450439	7.73400831222534	19.9094905853271	0.947748959064484	0.0109554352238774	0.72969925403595	0.201650887727737	-0.653357446193695	492	3
1632	6.45432615280151	8.06357383728027	20.1281318664551	1.45924258232117	0.0276032518595457	0.91995644569397	-0.274909913539886	-0.279472261667252	492	3
1633	6.41206407546997	8.24163627624512	20.2375240325928	0.586349487304688	0.0305768363177776	-0.613640010356903	-0.655412375926971	0.440318644046783	492	3
1634	6.05225658416748	7.85733556747437	20.4957046508789	1.39152133464813	0.025619937106967	-0.239570423960686	-0.967447817325592	-0.0815521255135536	1633	3
1635	6.41063499450684	7.70413112640381	20.7805576324463	0.809694707393646	0.0426283106207848	0.93966805934906	-0.204836383461952	-0.273982048034668	496	3
1636	6.44149971008301	7.74708271026611	20.8079471588135	1.07957375049591	0.0439820624887943	0.434436321258545	-0.607695519924164	-0.664809167385101	496	3
1637	6.63383769989014	8.03131103515625	20.968542098999	0.625881016254425	0.016736688092351	-0.705924034118652	0.529566645622253	-0.47035139799118	496	3
1638	6.7281289100647	8.30306434631348	21.1049785614014	1.42957162857056	0.0354431569576263	0.641619205474854	0.470290988683701	0.605930089950562	497	3
1639	6.64629173278809	8.96472835540771	21.4384803771973	0.805303812026978	0.0134217170998454	0.029524328187108	0.342843890190125	-0.938928365707397	497	3
1640	6.67121696472168	8.413161277771	21.1710948944092	0.873218536376953	0.00899944081902504	0.265853464603424	-0.962937772274017	-0.0455268248915672	497	3
1641	6.68787050247192	8.34014701843262	21.1249313354492	0.545292973518372	0.0158023927360773	0.110617503523827	0.986531317234039	-0.120497159659863	497	3
1642	6.64428377151489	9.02111053466797	21.4650421142578	1.89656555652618	0.0340770483016968	-0.877224862575531	0.0940743461251259	-0.470772475004196	497	3
1643	6.62806177139282	9.44594573974609	21.6688327789307	0.689951002597809	0.047661829739809	-0.766022801399231	-0.624558687210083	0.152103886008263	497	3
1644	6.62846660614014	9.4343147277832	21.6633396148682	0.624914109706879	0.0114833796396852	-0.355828166007996	0.930634796619415	0.0854701176285744	497	3
1645	6.61547327041626	9.76519298553467	21.8294906616211	0.524142146110535	0.0301186461001635	0.591206848621368	-0.731475412845612	0.339732587337494	497	3
1646	5.47421073913574	7.81654405593872	21.7499542236328	0.761197805404663	0.0554824881255627	0.932756781578064	-0.359819531440735	0.0222407709807158	500	3
1647	5.44655084609985	7.80845975875854	21.729471206665	0.412408471107483	0.00366659113205969	-0.187203302979469	-0.851083636283875	-0.49052169919014	500	3
1648	4.54388332366943	8.64990711212158	22.9394359588623	0.360825926065445	0.0101896058768034	0.533682286739349	0.781676590442657	-0.322745859622955	503	3
1649	4.02718639373779	8.8157787322998	22.8980484008789	1.84533882141113	0.0432579778134823	0.580639660358429	-0.082955464720726	-0.809923410415649	503	3
1650	4.27604866027832	8.69050312042236	22.9702415466309	0.725284993648529	0.0175627134740353	-0.998493552207947	-0.0379163399338722	-0.0396625213325024	503	3
1651	3.36110019683838	9.23065185546875	22.7538509368896	0.470760375261307	0.0109995175153017	0.855724275112152	0.198483467102051	0.477849692106247	503	3
1652	3.45741081237793	9.18623733520508	22.7659244537354	0.504091382026672	0.011178957298398	-0.135832339525223	0.419869810342789	-0.897362172603607	503	3
1653	4.15363597869873	9.0716609954834	24.1311492919922	0.901931345462799	0.0692718327045441	0.270366102457047	0.93573671579361	0.226492688059807	507	3
1654	4.11205863952637	9.0612621307373	24.1319999694824	0.452156573534012	0.0430754721164703	-0.209742024540901	-0.400841116905212	0.891815423965454	507	3
1655	3.92795753479004	9.10369682312012	24.0421924591064	0.328981220722198	0.0635281056165695	-0.358553469181061	0.931068301200867	-0.0674625411629677	507	3
1656	3.88883638381958	9.12926959991455	23.9946689605713	0.651762545108795	0.0077810687944293	-0.132974103093147	0.71440863609314	-0.686977624893188	507	3
1657	3.95469999313354	9.10488986968994	24.0411472320557	0.712481379508972	0.0246963556855917	-0.181939378380775	-0.960816204547882	-0.20911779999733	507	3
1658	3.92411804199219	9.10629653930664	24.0364303588867	0.18762218952179	0.0200616102665663	-0.69250500202179	-0.000401553086703643	-0.721413016319275	507	3
1659	4.25700426101685	9.00628089904785	24.2723274230957	0.951395928859711	0.0709860846400261	-0.544940650463104	-0.809504985809326	-0.218498006463051	507	3
1660	3.88711285591125	9.1181058883667	24.0117645263672	0.616804242134094	0.0400306843221188	-0.284719228744507	-0.821247398853302	0.494456946849823	507	3
1661	3.70071625709534	9.17534255981445	23.8945026397705	1.11047923564911	0.0687120407819748	0.663542807102203	-0.722878873348236	0.19276174902916	507	3
1662	3.76809692382812	9.15396785736084	23.9376964569092	0.959733426570892	0.022515993565321	-0.353596687316895	-0.614540576934814	-0.70520156621933	507	3
1663	3.7083101272583	9.16420555114746	23.9156169891357	0.584381282329559	0.0341819226741791	-0.933241605758667	-0.229368954896927	-0.276496082544327	507	3
1664	3.28567457199097	9.28045177459717	23.6725692749023	0.803671419620514	0.0180463269352913	-0.100867666304111	-0.984199106693268	0.145525649189949	507	3
1665	3.28496813774109	9.28777599334717	23.6588878631592	0.38968613743782	0.0221472606062889	0.121974684298038	-0.597341477870941	-0.792657077312469	507	3
1666	3.53786897659302	9.2221155166626	23.7982368469238	0.755919873714447	0.0299121234565973	-0.0402859710156918	0.428395301103592	-0.902692914009094	507	3
1667	4.83449411392212	9.38322639465332	23.1602115631104	1.089106798172	0.0526693984866142	-0.922284066677094	0.109724842011929	-0.370611071586609	508	3
1668	4.71874046325684	9.06947803497314	23.4559764862061	0.439416438341141	0.00640751188620925	-0.508916199207306	-0.71863853931427	0.473880708217621	509	3
1669	4.50192499160767	8.63883876800537	23.9576930999756	0.606700599193573	0.0125385839492083	0.624322056770325	-0.777988076210022	0.0704023763537407	510	3
1670	4.14860534667969	8.48847770690918	24.2226085662842	0.347370833158493	0.0383646637201309	0.245575278997421	0.683716177940369	0.687186360359192	510	3
1671	4.5304126739502	8.55352973937988	24.1711387634277	0.212581500411034	0.0403323657810688	-0.442463099956512	0.673955619335175	0.591616630554199	0	0
1672	4.73195505142212	9.11787986755371	24.4954509735107	0.679656803607941	0.00741874426603317	0.948230981826782	0.128444820642471	0.290447860956192	514	3
1673	6.68851757049561	5.89709138870239	23.7920360565186	0.718510568141937	0.002677550772205	0.992402017116547	0.0209367256611586	0.121242940425873	518	3
1674	4.72722434997559	6.25936222076416	20.5703945159912	0.300936311483383	0.0105082178488374	-0.627420723438263	-0.499214738607407	-0.59760183095932	520	3
1675	5.53749704360962	6.18069124221802	20.5454769134521	0.353798240423203	0.00685808947309852	0.526925206184387	-0.504266560077667	-0.684152841567993	522	3
1676	5.33455657958984	6.10088682174683	20.4675636291504	1.18309342861176	0.0631600543856621	0.0541572496294975	-0.826227426528931	0.560727477073669	522	3
1677	5.38217163085938	6.14372730255127	20.4946479797363	0.605877816677094	0.0231065470725298	-0.805307388305664	-0.120815239846706	0.580416858196259	522	3
1678	4.91110897064209	5.83366775512695	20.2504196166992	1.07092547416687	0.0341975204646587	0.0357354432344437	-0.891177177429199	0.452245831489563	522	3
1679	4.96832990646362	5.86848783493042	20.2793254852295	0.838851571083069	0.0542369484901428	0.504514217376709	-0.665231049060822	0.550393581390381	522	3
1680	4.77123403549194	5.74845838546753	20.1796646118164	0.982281804084778	0.0246535874903202	-0.795252442359924	-0.58306473493576	0.166159689426422	522	3
1681	0.996883869171143	6.3769998550415	21.1991081237793	0.68023282289505	0.0288787335157394	-0.0299491435289383	-0.639139175415039	-0.768507778644562	529	3
1682	2.98728895187378	6.32777643203735	21.0912094116211	1.26401257514954	0.148517563939095	-0.808518290519714	-0.373701184988022	-0.454582750797272	529	3
1683	2.55063319206238	6.34922456741333	21.1634998321533	0.248456671833992	0.0545065589249134	-0.577252089977264	0.816501021385193	0.0103022465482354	529	3
1684	2.25029993057251	6.21176958084106	21.12375831604	0.566514313220978	0.0540344677865505	0.255174249410629	-0.966890215873718	-0.00309746945276856	529	3
1685	2.48509979248047	6.32709836959839	21.1687602996826	0.53879851102829	0.0780875831842422	0.362527340650558	0.485331833362579	0.795629978179932	529	3
1686	1.89062523841858	6.22902154922485	21.2205810546875	0.567266285419464	0.0353373773396015	-0.538093507289886	0.551338195800781	-0.637558996677399	529	3
1687	1.65987229347229	6.21897745132446	21.254337310791	0.478130757808685	0.0454566404223442	-0.360646367073059	-0.735756993293762	0.573232889175415	529	3
1688	1.88612365722656	6.23217105865479	21.223388671875	0.754538953304291	0.0559569001197815	-0.460706770420074	-0.498807221651077	0.734125733375549	529	3
1689	1.89077496528625	6.23939752578735	21.2268009185791	0.798078060150146	0.0470237359404564	-0.405208468437195	-0.890584349632263	0.206556648015976	529	3
1690	1.59947967529297	6.15350151062012	21.1965751647949	0.540350914001465	0.0465463995933533	0.280690789222717	-0.900697827339172	-0.331596076488495	529	3
1691	1.00490689277649	6.09946250915527	21.1562824249268	0.679834306240082	0.0739553794264793	0.646863102912903	-0.665423631668091	-0.372531443834305	529	3
1692	1.52689528465271	6.13473463058472	21.1325531005859	0.444268375635147	0.0994264930486679	0.338396012783051	-0.385310351848602	-0.858501076698303	529	3
1693	0.883198976516724	6.1034779548645	21.3028163909912	0.214201405644417	0.0389712825417519	-0.0995179563760757	-0.779786169528961	0.618085563182831	529	3
1694	4.02888631820679	7.53050994873047	21.3317909240723	0.566908240318298	0.0427782237529755	0.972553670406342	0.222562551498413	-0.0678614601492882	530	3
1695	4.0329008102417	7.54020404815674	21.3309001922607	0.529224216938019	0.00527024827897549	0.339463323354721	0.0589342676103115	0.938771188259125	530	3
1696	2.30517268180847	8.2001838684082	21.6839733123779	0.381033897399902	0.00368332536891103	-0.295532643795013	-0.00831700209528208	-0.955296397209167	532	3
1697	2.54582452774048	7.24517488479614	21.9562225341797	0.34583055973053	0.0100835524499416	0.066550686955452	0.944358885288239	-0.322113782167435	535	3
1698	1.60634827613831	7.63288116455078	21.9286060333252	0.693790972232819	0.0575094297528267	-0.84351259469986	-0.383680909872055	0.375866383314133	537	3
1699	1.37801146507263	7.51902723312378	21.9758224487305	0.386172324419022	0.0460253581404686	-0.25301069021225	0.964203715324402	-0.0793517827987671	537	3
1700	1.56811094284058	7.61844158172607	21.9401683807373	0.527405381202698	0.0624653659760952	-0.35187155008316	0.916230440139771	0.191593632102013	537	3
1701	1.41393327713013	7.54822254180908	21.9710025787354	0.589319884777069	0.0111561398953199	0.647426426410675	-0.144197717308998	0.748362302780151	537	3
1702	1.22131872177124	7.4035587310791	21.9972438812256	0.708206832408905	0.0434734486043453	-0.0176108907908201	0.835396230220795	0.549366056919098	537	3
1703	1.29508447647095	7.52128648757935	21.9798393249512	0.753640830516815	0.0618840157985687	-0.17011347413063	0.970710277557373	0.169655233621597	537	3
1704	1.05219614505768	7.26640892028809	22.02001953125	0.623513460159302	0.0380393974483013	-0.299518018960953	-0.564647912979126	0.769065499305725	537	3
1705	1.05795478820801	7.27164220809937	22.0192489624023	0.736828029155731	0.0524351112544537	0.351715505123138	-0.645265281200409	0.678180575370789	537	3
1706	1.36507189273834	7.51531600952148	21.9778213500977	1.47361505031586	0.110553786158562	-0.903393030166626	-0.107551634311676	0.41510683298111	537	3
1707	1.20755410194397	7.40323925018311	21.9988975524902	0.923321127891541	0.0436708219349384	0.550305008888245	0.146258562803268	0.822054028511047	537	3
1708	0.798572778701782	7.08502960205078	22.053316116333	0.986388504505157	0.0790756866335869	-0.264538466930389	-0.433067828416824	0.861667931079865	537	3
1709	0.858839392662048	7.12640285491943	22.0457153320312	1.04814076423645	0.0746751502156258	-0.177822604775429	0.0985496416687965	0.97911548614502	537	3
1710	0.72114884853363	6.99453926086426	22.0644721984863	0.77797794342041	0.0898032039403915	-0.275911122560501	0.920812726020813	-0.275639295578003	537	3
1711	0.6474609375	6.97729206085205	22.0720252990723	0.900008380413055	0.0660940110683441	-0.149428576231003	0.66150951385498	0.734898805618286	537	3
1712	0.439520239830017	6.84239101409912	22.0927066802979	0.463707029819489	0.0527762994170189	-0.492261350154877	0.529021084308624	0.691241979598999	537	3
1713	0.5951908826828	6.94997549057007	22.0763359069824	0.44305819272995	0.0712555721402168	-0.416029959917068	0.883839905261993	-0.21388341486454	537	3
1714	0.401847243309021	6.79285955429077	22.1027755737305	0.670452654361725	0.0493655875325203	-0.568584203720093	0.199282929301262	0.798121750354767	537	3
1715	1.27629971504211	7.92631721496582	22.5164070129395	0.768410861492157	0.0115066030994058	0.258623242378235	0.963496565818787	-0.0691987425088882	538	3
1716	1.47970247268677	7.81978321075439	22.4122848510742	1.31318879127502	0.0184486713260412	-0.0192765388637781	0.880644261837006	-0.473385840654373	538	3
1717	1.01142847537994	8.06363868713379	22.6552066802979	0.761405944824219	0.0157472267746925	0.151223182678223	0.988412976264954	-0.0130888083949685	538	3
1718	1.8888795375824	8.15994739532471	21.9801139831543	0.948976099491119	0.0149682033807039	-0.77653956413269	-0.0245589874684811	-0.62958961725235	540	3
1719	5.54187393188477	4.54734086990356	23.1440868377686	0.67365974187851	0.00815541855990887	0.973809659481049	0.137639835476875	0.180969700217247	543	3
1720	5.55273294448853	4.65470361709595	23.0752105712891	0.351126670837402	0.0137886162847281	-0.284161686897278	0.0770309865474701	-0.955676913261414	543	3
1721	5.49791240692139	4.48573780059814	23.088264465332	0.509024798870087	0.012917154468596	-0.708815276622772	0.192948520183563	-0.678492188453674	543	3
1722	4.58484792709351	5.64738845825195	22.9660491943359	0.666303813457489	0.0167909804731607	0.271938741207123	0.958936035633087	0.0805673450231552	544	3
1723	4.4731068611145	5.69462871551514	22.9344997406006	0.727272212505341	0.0220458377152681	-0.467061251401901	0.883787453174591	0.0278127398341894	544	3
1724	5.02334880828857	5.36653566360474	23.2899627685547	0.868733286857605	0.0575231201946735	0.435917407274246	0.866389870643616	-0.243607416749001	545	3
1725	4.75056457519531	5.37420606613159	23.4042282104492	1.03190779685974	0.0152764292433858	0.454957634210587	0.668517053127289	0.588301420211792	545	3
1726	3.75958776473999	5.43083953857422	23.8270206451416	0.742129504680634	0.0144316246733069	-0.762514293193817	0.626866519451141	0.16003255546093	545	3
1727	4.49413681030273	5.38832902908325	23.513578414917	0.701400756835938	0.0250650141388178	0.0111268684267998	-0.632750809192657	0.774275541305542	545	3
1728	4.09185838699341	5.40155839920044	23.6779804229736	0.46502885222435	0.00798516161739826	-0.245144203305244	-0.89923757314682	0.362320423126221	545	3
1729	3.47796249389648	5.45114755630493	23.9496688842773	0.56734174489975	0.0302367340773344	0.259375125169754	-0.46273335814476	0.847704172134399	545	3
1730	3.14860939979553	5.47464418411255	24.0928821563721	0.52818238735199	0.019549161195755	-0.347088009119034	-0.388324677944183	0.85365903377533	545	3
1731	3.26622629165649	5.46819257736206	24.0429000854492	0.861524820327759	0.0183202754706144	-0.498229265213013	0.496345221996307	0.710921287536621	545	3
1732	3.10479807853699	5.48499584197998	24.1156940460205	0.413101404905319	0.0170041900128126	-0.751701593399048	0.640632152557373	-0.156636610627174	545	3
1733	2.62918186187744	5.59855175018311	24.2872104644775	0.413824737071991	0.0107936896383762	0.640488386154175	0.670251488685608	0.374883592128754	545	3
1734	4.68310737609863	5.56798553466797	23.537504196167	0.968633830547333	0.0494553707540035	-0.411691635847092	-0.847160279750824	0.335900992155075	546	3
1735	4.77385473251343	6.34094047546387	23.5880165100098	0.384820759296417	0.0153135024011135	-0.251552730798721	0.895541846752167	0.367050617933273	546	3
1736	4.30657482147217	7.00106525421143	23.3529109954834	0.845474720001221	0.0414991639554501	0.62035858631134	0.243133872747421	-0.745681703090668	547	3
1737	4.21877384185791	7.06955432891846	23.3631591796875	0.827835023403168	0.0509978830814362	0.964298129081726	-0.0104061076417565	-0.264614433050156	547	3
1738	4.28155088424683	7.02199840545654	23.3526020050049	0.836999535560608	0.0924497172236443	0.520713329315186	0.748637616634369	-0.410365045070648	547	3
1739	3.97036385536194	7.28223419189453	23.3069362640381	1.04141461849213	0.0718490853905678	0.206373870372772	0.976063787937164	-0.0686243921518326	547	3
1740	4.07859039306641	7.18034696578979	23.3503665924072	1.76883113384247	0.109056547284126	-0.76898992061615	-0.256267160177231	-0.585646450519562	547	3
1741	3.98961758613586	7.26750802993774	23.3060436248779	0.313478320837021	0.0501005612313747	-0.167023196816444	0.00170517200604081	-0.98595142364502	547	3
1742	3.00293612480164	7.84039735794067	23.1456089019775	0.183785691857338	0.0606619156897068	-0.721173763275146	-0.570741713047028	-0.392635136842728	547	3
1743	3.84400415420532	7.37687587738037	23.3047504425049	0.828164458274841	0.0439599752426147	0.0987982526421547	0.793649554252625	-0.60029935836792	547	3
1744	3.88115167617798	7.33999824523926	23.3199214935303	0.693596243858337	0.0367978252470493	-0.900728344917297	0.400130152702332	0.169069111347198	547	3
1745	3.90187478065491	7.2804970741272	23.3609142303467	0.628237962722778	0.0173287875950336	-0.228161364793777	0.676011323928833	0.700679063796997	547	3
1746	5.22506952285767	5.03652048110962	23.4329967498779	0.816335618495941	0.00438150763511658	0.610695242881775	0.770335018634796	0.183399349451065	548	3
1747	7.14828157424927	5.02537822723389	23.5338859558105	0.362221360206604	0.0233994126319885	0.727124571800232	-0.329842060804367	-0.6020747423172	553	3
1748	7.28835105895996	4.9422812461853	23.8100490570068	0.803998291492462	0.0329023823142052	-0.251669734716415	-0.181610703468323	-0.950620770454407	553	3
1749	7.26477909088135	4.96745252609253	23.7545013427734	1.59963190555573	0.0582664608955383	0.957299768924713	0.273070871829987	-0.094918392598629	553	3
1750	7.5975341796875	4.80277395248413	24.3886528015137	0.746820747852325	0.0733265578746796	0.75907963514328	0.570141673088074	-0.314223647117615	553	3
1751	7.66876745223999	4.77013349533081	24.5225143432617	0.770993232727051	0.062604233622551	-0.37042161822319	-0.84173196554184	0.392778724431992	553	3
1752	7.93418025970459	4.65140199661255	25.018440246582	1.15168237686157	0.0688474997878075	0.665955066680908	-0.699793756008148	-0.258442491292953	553	3
1753	7.82167387008667	4.69059085845947	24.8212337493896	0.834351360797882	0.0184860937297344	0.307916790246964	-0.933921217918396	0.181599587202072	553	3
1754	7.87244129180908	4.68193435668945	24.9000415802002	1.10031116008759	0.0307313408702612	0.780366003513336	-0.140108004212379	-0.609424889087677	553	3
1755	7.89978456497192	4.58941125869751	25.1439018249512	0.411427408456802	0.051151230931282	0.580171585083008	-0.814197957515717	-0.0219696722924709	554	3
1756	7.97171926498413	4.63560962677002	25.087516784668	0.599413335323334	0.0425607115030289	0.433761805295944	-0.770062923431396	0.467818230390549	553	3
1757	7.85045766830444	4.70428133010864	25.2031307220459	1.16837656497955	0.0398705080151558	-0.812885701656342	0.430502325296402	-0.392281115055084	554	3
1758	7.84266710281372	4.72681331634521	25.162935256958	0.590055644512177	0.00964606460183859	0.803017437458038	0.165561646223068	-0.57249653339386	554	3
1759	7.9333701133728	4.63271474838257	25.4265613555908	0.369305104017258	0.014329070225358	0.896935999393463	0.352048933506012	0.267520934343338	554	3
1760	7.97706127166748	4.56527709960938	25.5841045379639	0.876963436603546	0.0408892408013344	-0.350036442279816	0.936031758785248	0.0363194346427917	554	3
1761	7.9719443321228	4.57545375823975	25.5619792938232	0.649951756000519	0.0251653473824263	-0.0161571763455868	0.6235431432724	0.781621992588043	554	3
1762	8.0047779083252	4.48242378234863	25.742525100708	0.140484422445297	0.0303300842642784	0.744987070560455	0.577970325946808	0.333083093166351	554	3
1763	8.07497596740723	4.35794591903687	26.0166282653809	0.896439492702484	0.0671759024262428	-0.879611432552338	-0.451207220554352	-0.150651350617409	554	3
1764	6.591872215271	3.69300007820129	26.2648334503174	0.263480544090271	0.0172370187938213	0.823666274547577	0.505578815937042	0.256834238767624	557	3
1765	6.73096132278442	3.63150215148926	26.3740768432617	0.440134435892105	0.0124013861641288	-0.158215001225471	-0.540045976638794	0.826630771160126	557	3
1766	6.70603275299072	3.63792371749878	26.3554401397705	0.53929591178894	0.0155085194855928	-0.754684329032898	-0.594208776950836	0.278150349855423	557	3
1767	6.92896366119385	3.62057185173035	26.4982738494873	0.323927402496338	0.0291238464415073	-0.382214695215225	0.797861099243164	-0.466186285018921	557	3
1768	6.99641227722168	3.47692084312439	26.4989891052246	0.35428574681282	0.048954214900732	0.934711098670959	-0.194131538271904	-0.297704786062241	557	3
1769	7.59745407104492	4.93144464492798	24.1400508880615	0.611796796321869	0.00252165948040783	-0.261605560779572	0.617071688175201	-0.74214893579483	558	3
1770	6.94419765472412	3.98930835723877	24.8378505706787	0.145015701651573	0.00783585384488106	0.73193484544754	0.572606265544891	-0.369314789772034	559	3
1771	7.10211324691772	3.75357270240784	25.0684795379639	0.545421123504639	0.0466144979000092	0.991844058036804	0.0280487239360809	-0.124333053827286	559	3
1772	7.1424298286438	3.69184303283691	25.1296901702881	0.502438843250275	0.0144268311560154	0.797090709209442	-0.494141727685928	0.347088605165482	559	3
1773	7.24216318130493	3.5254282951355	25.3041286468506	0.434369653463364	0.0370252728462219	0.875097930431366	0.161628246307373	0.456157773733139	559	3
1774	6.23976230621338	4.34137916564941	24.4194488525391	0.628792107105255	0.0692042484879494	-0.599383771419525	0.00902574323117733	-0.80041092634201	560	3
1775	5.89316320419312	4.33761262893677	24.3223934173584	0.312494337558746	0.0173957403749228	-0.679884433746338	-0.732612133026123	-0.0321966297924519	560	3
1776	6.55571556091309	4.08840465545654	25.1687927246094	1.26309609413147	0.048526719212532	-0.917769193649292	-0.373309791088104	0.13542352616787	561	3
1777	6.87473106384277	4.63966941833496	25.6939945220947	0.764841675758362	0.0444598309695721	0.704742848873138	-0.689235925674438	-0.168200626969337	562	3
1778	6.85065317153931	4.60129690170288	25.6851253509521	0.627640306949615	0.0388842597603798	0.0577896200120449	-0.948756873607635	0.310677886009216	562	3
1779	7.15537405014038	5.00952243804932	25.7876205444336	0.858049750328064	0.0444411039352417	0.60053825378418	-0.622270882129669	-0.502128183841705	562	3
1780	7.05791330337524	4.91852331161499	25.7479877471924	1.39547824859619	0.0523808747529984	-0.624827682971954	-0.221369341015816	0.748722910881042	562	3
1781	7.32008075714111	5.20046138763428	25.8441543579102	0.411616086959839	0.0130366822704673	0.176706671714783	0.900118887424469	0.398196756839752	562	3
1782	7.38547134399414	5.27304077148438	25.8666381835938	0.530116498470306	0.012549189850688	0.570218682289124	-0.746393799781799	0.343142956495285	562	3
1783	6.4205379486084	3.59870362281799	25.9482383728027	0.746495544910431	0.0587740167975426	0.879644930362701	0.463627427816391	0.106181055307388	564	3
1784	6.34223699569702	4.37123250961304	26.0280914306641	0.688922345638275	0.032000832259655	-0.217352196574211	-0.419174641370773	0.881504833698273	565	3
1785	6.41467571258545	4.59591960906982	25.9626960754395	0.369947463274002	0.0103652961552143	0.0567967928946018	-0.819491446018219	-0.57026994228363	565	3
1786	6.41048288345337	5.25325918197632	25.8092517852783	1.08012008666992	0.0264156796038151	0.597372591495514	-0.728619337081909	0.335052102804184	565	3
1787	6.42807292938232	5.0626163482666	25.9534168243408	0.624906182289124	0.0641558617353439	-0.873801350593567	-0.0828668996691704	-0.479170441627502	565	3
1788	6.5370922088623	3.86160850524902	26.0455265045166	0.145264893770218	0.0228847805410624	0.994628727436066	-0.0926951393485069	0.0460576564073563	0	0
1789	5.84130334854126	4.4448413848877	22.9360332489014	0.751398980617523	0.0416090227663517	0.900073528289795	-0.25766059756279	0.351395308971405	570	3
1790	5.59652519226074	4.80528354644775	21.7660579681396	1.40861201286316	0.0409110449254513	0.797006905078888	0.497582405805588	-0.342332720756531	571	3
1791	5.2335786819458	5.03670263290405	21.2854461669922	0.429473429918289	0.00989843159914017	0.277228832244873	-0.935711205005646	-0.218148455023766	571	3
1792	6.45930480957031	4.64158391952515	22.7118473052979	0.730591654777527	0.0105342557653785	0.871353805065155	0.474481880664825	-0.124937199056149	573	3
1793	5.84970188140869	4.69689559936523	22.4550590515137	0.671942710876465	0.0233588553965092	0.7337886095047	-0.64817488193512	0.203527480363846	574	3
1794	5.72586822509766	5.03820085525513	22.1470355987549	0.562830746173859	0.0134243816137314	0.488860160112381	0.83695262670517	-0.246020302176476	574	3
1795	5.3699164390564	4.21900272369385	22.0686492919922	0.991468012332916	0.0200114194303751	0.162925824522972	-0.984584808349609	0.0636226609349251	576	3
1796	5.50632858276367	4.20995330810547	22.2163867950439	0.685175120830536	0.0196237899363041	0.493618160486221	-0.854607820510864	0.161203533411026	576	3
1797	5.55183124542236	4.20780611038208	22.2985095977783	0.70408833026886	0.00899416115134954	0.596413254737854	-0.799017548561096	0.076566107571125	576	3
1798	5.35635328292847	4.21983575820923	22.0514793395996	0.608086943626404	0.0205997619777918	-0.413300693035126	-0.883823812007904	-0.219175726175308	576	3
1799	5.45841455459595	4.41693067550659	22.0104541778564	0.746993601322174	0.018434327095747	-0.928743124008179	0.357426017522812	0.0984016507863998	577	3
1800	5.46066904067993	4.72852659225464	22.1499900817871	0.403461575508118	0.0108102262020111	0.584627330303192	0.811219215393066	0.0115917334333062	578	3
1801	6.11801242828369	6.70304536819458	23.6164321899414	0.520075559616089	0.00593990832567215	-0.0615599006414413	-0.64007830619812	0.765839576721191	582	3
1802	5.86623239517212	6.98685264587402	23.8862380981445	0.52241724729538	0.00535399792715907	0.326698422431946	-0.802457392215729	0.49932986497879	583	3
1803	5.85964965820312	6.93341636657715	23.9093208312988	0.66789036989212	0.0393633134663105	-0.766422390937805	0.445543259382248	-0.462696492671967	583	3
1804	5.1947922706604	6.46940088272095	24.4760341644287	0.499682605266571	0.040720596909523	-0.0553043484687805	0.155596315860748	0.986271381378174	584	3
1805	4.79396533966064	6.100830078125	24.5469036102295	0.537689745426178	0.0224545281380415	-0.846608281135559	0.276315420866013	-0.454867154359818	584	3
1806	4.46871423721313	5.84220409393311	24.6092624664307	0.730495870113373	0.00880131497979164	0.373589813709259	-0.899513840675354	-0.226507097482681	584	3
1807	7.20682048797607	5.55731821060181	25.0262279510498	0.381712645292282	0.00708168558776379	0.266151756048203	-0.955336630344391	0.128433212637901	585	3
1808	6.05056142807007	4.98963975906372	25.0999450683594	0.46157443523407	0.00661848438903689	-0.947578310966492	-0.0635749250650406	-0.313134908676147	586	3
1809	5.52853202819824	4.58153581619263	26.1438159942627	0.407164216041565	0.0355418659746647	0.351049512624741	-0.920993804931641	-0.168921992182732	586	3
1810	5.74265289306641	4.74829244613647	25.7449760437012	0.379236072301865	0.00997080281376839	-0.740292191505432	0.367364823818207	0.563036799430847	586	3
1811	5.48277997970581	4.49574661254883	26.2402191162109	0.437511950731277	0.00948813464492559	0.590197086334229	-0.238146141171455	-0.771332502365112	586	3
1812	5.05337953567505	4.84854221343994	25.5613346099854	0.849256873130798	0.0365314371883869	0.265405654907227	-0.00202187430113554	0.964134752750397	587	3
1813	5.55265617370605	4.89509963989258	25.3193550109863	1.15685343742371	0.039302159100771	-0.748274564743042	0.229231104254723	-0.622525691986084	587	3
1814	5.70876979827881	4.31149911880493	25.963207244873	0.533065676689148	0.00873293727636337	-0.670686781406403	-0.460499972105026	-0.581480026245117	588	3
1815	5.72129440307617	4.7626781463623	25.1826171875	0.639577150344849	0.0219529960304499	-0.287357598543167	-0.569721460342407	0.769962966442108	589	3
1816	5.7154655456543	4.75954532623291	25.1794700622559	1.66405344009399	0.0535489469766617	-0.209518492221832	-0.808560013771057	0.549847781658173	589	3
1817	4.75062847137451	4.51228380203247	25.0996952056885	0.61024272441864	0.0649829208850861	-0.367560088634491	0.929115653038025	-0.0405416041612625	589	3
1818	4.528000831604	4.47421550750732	25.0991306304932	0.467285424470901	0.0228825695812702	-0.710107445716858	-0.655244469642639	-0.25768581032753	589	3
1819	5.47175931930542	4.0798511505127	26.3229579925537	0.363420784473419	0.0080753592774272	-0.0651487112045288	0.603937327861786	-0.794364750385284	591	3
1820	5.37658166885376	4.45684099197388	26.624044418335	0.182545527815819	0.00795610900968313	0.0595571286976337	-0.674834489822388	0.735561847686768	595	3
1821	5.27976942062378	5.51218414306641	27.3488616943359	1.01156437397003	0.0965114757418633	-0.574978590011597	0.254666686058044	-0.777524590492249	600	3
1822	5.31521511077881	5.62577295303345	27.1827850341797	0.249137222766876	0.0640064179897308	-0.272351801395416	0.401905447244644	0.874240577220917	600	3
1823	5.28947114944458	5.57145595550537	27.2759857177734	1.40696120262146	0.0864151418209076	-0.391715079545975	0.257718771696091	0.883255541324615	600	3
1824	5.27474164962769	5.52696800231934	27.3416385650635	1.32225716114044	0.0843499079346657	-0.0587866976857185	0.736111402511597	0.674302697181702	600	3
1825	5.22503423690796	5.22479486465454	27.7083225250244	0.512928545475006	0.0475872047245502	0.612916886806488	-0.442823112010956	0.654400944709778	600	3
1826	5.15268230438232	4.91923570632935	28.1141414642334	0.831874907016754	0.0660303011536598	0.995574772357941	0.0237692072987556	0.090917631983757	600	3
1827	4.38463497161865	5.38095998764038	28.0139198303223	0.492323279380798	0.0652559101581573	-0.358804196119308	0.931939601898193	0.0524215176701546	602	3
1828	6.97277975082397	5.40399599075317	24.7611751556396	0.973438441753387	0.0138605320826173	0.397786200046539	0.886210024356842	-0.237482368946075	606	3
1829	6.19108915328979	4.92442798614502	26.9826526641846	1.36473143100739	0.0559163615107536	0.416802406311035	0.893632769584656	-0.166422009468079	607	3
1830	6.21008062362671	5.06189775466919	26.8631916046143	0.513808965682983	0.0164477732032537	0.0886996313929558	0.295909494161606	0.951088845729828	607	3
1831	6.14120101928711	4.89800977706909	26.9725131988525	0.265742033720016	0.00652575027197599	0.727993786334991	0.462437361478806	0.506139039993286	607	3
1832	6.5311164855957	6.09952688217163	25.7043495178223	0.619765937328339	0.0576741099357605	0.917821168899536	0.220081135630608	0.330406755208969	608	3
1833	6.55942058563232	6.13669061660767	25.5429611206055	0.483155429363251	0.00747107248753309	0.797907412052155	0.553118944168091	-0.239589348435402	608	3
1834	6.54268932342529	6.32593679428101	26.1880149841309	0.429993748664856	0.0636673048138618	0.889232158660889	-0.271541625261307	-0.368145823478699	611	3
1835	6.29922914505005	6.3845477104187	26.6582641601562	0.701337993144989	0.035270668566227	0.797160804271698	-0.186232462525368	0.574327528476715	612	3
1836	6.18762540817261	6.47735786437988	26.9030666351318	0.407468199729919	0.0117452647536993	0.23682926595211	0.756615340709686	0.609462976455688	612	3
1837	5.94208097457886	6.3253059387207	26.8928413391113	0.382170766592026	0.0352855883538723	-0.0117958225309849	0.878464341163635	0.477662175893784	613	3
1838	5.93588256835938	7.04763555526733	26.9260578155518	0.547030329704285	0.0197693146765232	0.422048956155777	-0.814206182956696	0.398676514625549	615	3
1839	5.93105459213257	7.02687311172485	26.9177532196045	0.342851430177689	0.0332126170396805	0.985685110092163	0.0445820353925228	0.162595435976982	615	3
1840	6.03275537490845	7.64030265808105	27.1470565795898	0.675974249839783	0.0525890737771988	-0.381475806236267	0.233397409319878	-0.894428193569183	615	3
1841	5.99798107147217	7.38868093490601	27.0582084655762	0.592213690280914	0.0448850207030773	0.584498524665833	-0.757456243038177	0.290897756814957	615	3
1842	6.02742385864258	7.59526348114014	27.1324615478516	1.40915858745575	0.0464260540902615	0.764228463172913	-0.106820143759251	-0.63603800535202	615	3
1843	6.03146505355835	7.61721515655518	27.1418838500977	0.72424054145813	0.0415264964103699	0.360446840524673	-0.636615693569183	-0.681761264801025	615	3
1844	6.03601312637329	7.65025186538696	27.153621673584	0.973220527172089	0.0174222886562347	0.64917129278183	0.259668916463852	-0.714946687221527	615	3
1845	6.07005071640015	7.88029336929321	27.2410984039307	0.529200196266174	0.0407167077064514	-0.0562373884022236	0.613778054714203	-0.787473022937775	615	3
1846	6.03454828262329	7.63219785690308	27.148983001709	1.08848488330841	0.0988203287124634	-0.874225735664368	0.164782926440239	0.456701129674911	615	3
1847	6.13439512252808	8.36105823516846	27.413854598999	0.475626558065414	0.057834018021822	-0.93743097782135	0.0545144006609917	0.343877047300339	615	3
1848	6.10526275634766	8.15484809875488	27.3345947265625	0.25286728143692	0.0184230282902718	-0.573481738567352	-0.512173175811768	-0.639372587203979	615	3
1849	6.13487195968628	8.36297798156738	27.4155578613281	0.666436493396759	0.047939121723175	-0.719854474067688	-0.625877439975739	0.300144821405411	615	3
1850	5.26910591125488	6.90987062454224	26.3094520568848	0.5455242395401	0.0158228147774935	0.841648817062378	0.539537131786346	-0.0229570940136909	616	3
1851	5.11428594589233	6.56906127929688	26.2796230316162	0.395727664232254	0.0130339693278074	-0.321979343891144	0.758939862251282	-0.565985560417175	618	3
1852	5.47201299667358	6.57103443145752	27.4091548919678	0.324730187654495	0.0190898105502129	0.063684955239296	0.979495763778687	-0.1911341547966	620	3
1853	5.56213045120239	6.6135139465332	27.4534893035889	0.62518447637558	0.043375913053751	0.916170179843903	-0.109740100800991	-0.385472774505615	620	3
1854	5.90126037597656	6.87671184539795	27.6824722290039	0.649634003639221	0.0583922863006592	0.972383439540863	0.101787216961384	0.210023447871208	620	3
1855	5.8107590675354	6.83528280258179	27.7177696228027	0.668122231960297	0.036426205188036	-0.92795592546463	0.365458786487579	-0.0730597823858261	620	3
1856	5.7352991104126	6.80397033691406	27.5910911560059	0.398302257061005	0.0237147081643343	0.677830398082733	-0.407540827989578	-0.611928403377533	620	3
1857	6.07902240753174	6.79983520507812	27.8082866668701	0.623371601104736	0.0188056528568268	-0.914572358131409	0.385312527418137	0.122848153114319	620	3
1858	6.2712140083313	6.89898824691772	27.9444313049316	0.452790379524231	0.0182112045586109	-0.18765752017498	-0.233753114938736	-0.954014718532562	620	3
1859	6.25747585296631	6.94918441772461	27.8078136444092	0.620846390724182	0.0568287409842014	-0.43975493311882	0.731529355049133	0.521037757396698	620	3
1860	6.4385290145874	6.99097585678101	26.1057319641113	0.674067676067352	0.0452220477163792	-0.454901546239853	0.287711203098297	0.842785179615021	627	3
1861	6.4132513999939	6.81072854995728	25.9756355285645	1.42054045200348	0.0542549602687359	-0.532061576843262	0.0423683188855648	-0.845645010471344	627	3
1862	6.43562602996826	6.96604347229004	26.0883159637451	0.247163221240044	0.0595605634152889	-0.276815056800842	0.00376201793551445	0.960915803909302	627	3
1863	6.53457546234131	7.76972246170044	26.6492195129395	0.595151960849762	0.0371717028319836	0.839505434036255	-0.543026089668274	-0.018796207383275	627	3
1864	7.52496242523193	7.46056890487671	27.0723934173584	0.933329880237579	0.0454443246126175	-0.936861753463745	-0.144075006246567	0.318641483783722	629	3
1865	7.38718032836914	7.54801177978516	27.261812210083	0.157157823443413	0.0531180463731289	-0.0169243738055229	-0.706415116786957	0.707595348358154	629	3
1866	7.50244522094727	7.42967557907104	27.0928134918213	0.429356873035431	0.00975937210023403	-0.746338427066803	0.0892610177397728	0.659554004669189	629	3
1867	7.46639823913574	7.5449800491333	27.1382389068604	0.463452965021133	0.0148678505793214	-0.0114308493211865	0.865867793560028	0.500142335891724	629	3
1868	7.01721477508545	7.97338438034058	27.6262969970703	0.640039920806885	0.013321272097528	-0.97070986032486	-0.17116567492485	-0.168596118688583	629	3
1869	7.06703758239746	7.92122030258179	27.5907821655273	1.05411434173584	0.0441184788942337	-0.737784743309021	0.571584761142731	-0.359116226434708	629	3
1870	6.8583345413208	8.15848350524902	27.7902889251709	0.734067022800446	0.05058603733778	-0.932142555713654	0.281690180301666	-0.227509811520576	629	3
1871	6.8988790512085	8.10898113250732	27.7410564422607	0.736879050731659	0.0143269477412105	-0.764985263347626	-0.623083829879761	0.16298471391201	629	3
1872	6.51235580444336	8.57500267028809	28.1660709381104	0.232088536024094	0.00908687431365252	-0.851279556751251	-0.389784842729568	-0.351270258426666	629	3
1873	7.82603359222412	7.41064453125	27.3257274627686	0.509707570075989	0.0381875820457935	-0.554477512836456	0.591122448444366	0.585772216320038	632	3
1874	7.87521648406982	7.38446474075317	27.4287967681885	0.344776302576065	0.0471306778490543	-0.279328495264053	-0.72149395942688	0.633578658103943	632	3
1875	8.0277271270752	7.36379766464233	27.6799621582031	0.224825650453568	0.0099389748647809	-0.0870170965790749	-0.994987070560455	-0.0492816902697086	632	3
1876	7.97644805908203	7.36322069168091	27.6051330566406	0.47529199719429	0.0701312720775604	-0.0550925247371197	-0.564721941947937	0.823440313339233	632	3
1877	5.77417230606079	5.86250925064087	25.434476852417	0.347682803869247	0.00309390155598521	-0.619698166847229	-0.533870100975037	-0.575288534164429	633	3
1878	5.8808012008667	4.95885705947876	28.3821601867676	0.38494798541069	0.0206709671765566	-0.858867526054382	-0.444892197847366	0.253805786371231	642	3
1879	5.66217947006226	5.2855019569397	27.238697052002	0.544490873813629	0.0180131141096354	-0.0558175928890705	-0.959560453891754	-0.275913387537003	642	3
1880	5.78864526748657	5.17394018173218	27.7967128753662	0.666345417499542	0.00756242452189326	0.890310883522034	-0.0396686010062695	0.453622072935104	642	3
1881	5.82570791244507	5.11951971054077	27.9993991851807	0.501725077629089	0.0519975237548351	-0.435090005397797	0.613277733325958	0.659232199192047	642	3
1882	5.25824642181396	5.24813079833984	26.7521839141846	0.634725451469421	0.0449840985238552	0.965589225292206	-0.245221346616745	0.0866250768303871	643	3
1883	5.00094270706177	5.10226726531982	26.6408042907715	0.449044674634933	0.0177077446132898	0.792946934700012	-0.446061730384827	0.4150470495224	643	3
1884	5.74222707748413	5.98921918869019	26.1424121856689	0.393821090459824	0.0122995497658849	-0.313295990228653	-0.548018574714661	0.775578081607819	647	3
1885	5.348069190979	6.2646656036377	26.2143001556396	0.403588682413101	0.0160762220621109	-0.333999782800674	0.657592952251434	-0.675289332866669	648	3
1886	5.62555742263794	5.79642343521118	25.7166481018066	0.654356777667999	0.0127849513664842	-0.895830988883972	0.283594757318497	-0.342141598463058	650	3
1887	4.09297943115234	6.0317006111145	26.9871482849121	0.538111925125122	0.021207083016634	-0.482344090938568	-0.343338191509247	-0.805892765522003	652	3
1888	5.95080852508545	5.68488025665283	27.3433399200439	0.239198267459869	0.0420880727469921	0.507009923458099	-0.307041883468628	0.805398166179657	656	3
1889	5.94945240020752	5.65372180938721	27.362211227417	0.618275701999664	0.0203123763203621	0.742684364318848	-0.300660610198975	0.598350405693054	656	3
1890	5.94953393936157	5.59000778198242	27.3910980224609	0.766507148742676	0.0500906743109226	0.732943832874298	-0.522757351398468	0.435336768627167	656	3
1891	5.94694471359253	5.57805395126343	27.4049892425537	1.03501999378204	0.0290491729974747	0.845934212207794	-0.249111503362656	0.471528023481369	656	3
1892	5.89226341247559	4.82180023193359	27.9112548828125	0.256228089332581	0.0298009105026722	-0.0457505062222481	-0.833249509334564	-0.551001071929932	656	3
1893	5.87982368469238	4.66605949401855	28.0197772979736	0.345194667577744	0.0534556657075882	0.656339466571808	-0.748156905174255	0.0973635837435722	656	3
1894	6.73013544082642	6.07634258270264	27.3943500518799	0.30367311835289	0.0172801129519939	-0.634277820587158	-0.766390860080719	-0.101669363677502	659	3
1895	6.81792783737183	6.00478363037109	27.3856773376465	0.694362223148346	0.0109958564862609	-0.267489016056061	0.0457875095307827	-0.962472379207611	659	3
1896	6.64908313751221	6.79638242721558	27.6610126495361	0.340056329965591	0.0426884777843952	0.567984461784363	0.519754767417908	0.638160467147827	0	0
1897	7.1675443649292	6.25582695007324	28.1647262573242	0.653721690177917	0.0353169739246368	0.88588547706604	-0.105794236063957	0.451679706573486	660	3
1898	7.50886058807373	7.14091777801514	9.99311828613281	0.273928701877594	0.00550287961959839	0.924023687839508	0.102236822247505	-0.368412554264069	661	4
1899	8.39197635650635	3.14233016967773	10.260103225708	0.808189570903778	0.00285524316132069	-0.560012996196747	-0.0682168528437614	-0.825670540332794	682	4
1900	6.63952350616455	4.41616249084473	10.525276184082	0.688345789909363	0.0229758564382792	0.380189120769501	0.732488989830017	-0.564726591110229	685	4
1901	6.2811598777771	3.06682014465332	9.28351593017578	0.613102853298187	0.0415970608592033	-0.657567143440247	-0.722154915332794	-0.214704051613808	690	4
1902	6.29591655731201	3.29618716239929	9.18483543395996	0.473933428525925	0.0681740790605545	-0.55143803358078	0.472210049629211	-0.687701821327209	690	4
1903	6.39401245117188	3.79932832717896	9.00863170623779	1.17736411094666	0.0369957648217678	-0.488082051277161	-0.872569978237152	0.019935917109251	690	4
1904	6.31860780715942	3.33854627609253	9.17974472045898	0.494006842374802	0.00754986982792616	-0.219527378678322	0.85301798582077	0.473463773727417	690	4
1905	6.45773935317993	3.66332745552063	10.2585067749023	0.589768767356873	0.04292356595397	0.215439453721046	-0.931227445602417	-0.293940633535385	691	4
1906	6.08366107940674	3.66780567169189	9.95868492126465	1.06742000579834	0.019624188542366	-0.0250873118638992	0.912523865699768	-0.408253222703934	691	4
1907	5.93123054504395	3.66259121894836	9.84991931915283	0.752639353275299	0.0578167699277401	0.162074983119965	0.742061018943787	-0.650443851947784	691	4
1908	6.97577524185181	4.24429416656494	9.86524868011475	0.65049946308136	0.00910837482661009	-0.492331653833389	-0.651021063327789	0.577737987041473	692	4
1909	6.85575914382935	4.17142343521118	10.4754085540771	0.460505485534668	0.00555718084797263	-0.751148819923401	-0.602629065513611	-0.269469320774078	692	4
1910	6.81520557403564	4.13518857955933	10.687798500061	0.589241683483124	0.0285444594919682	-0.607218682765961	-0.499101191759109	-0.618209779262543	692	4
1911	6.45439434051514	2.37251138687134	10.1082563400269	0.435601055622101	0.0545291304588318	0.930690586566925	0.217896863818169	0.293829947710037	695	4
1912	7.00773906707764	2.77797937393188	10.4984397888184	0.668542087078094	0.0178692769259214	0.751779019832611	-0.651647746562958	0.100913360714912	696	4
1913	9.88236427307129	7.02308559417725	11.1042652130127	1.81462824344635	0.0305399969220161	0.287205696105957	-0.666555225849152	-0.687907695770264	713	4
1914	9.49509525299072	7.46222257614136	11.6648035049438	0.179720103740692	0.00801764987409115	-0.503825426101685	-0.856780767440796	-0.109938867390156	712	4
1915	9.5972204208374	7.37657260894775	11.4683589935303	0.727186381816864	0.036062479019165	-0.565692126750946	-0.556136846542358	-0.608854830265045	713	4
1916	9.87673187255859	7.03304815292358	11.1143274307251	0.54313063621521	0.00636059232056141	0.992759168148041	0.109510086476803	0.049363162368536	713	4
1917	10.0228958129883	6.85100555419922	10.9269218444824	0.857039391994476	0.00583950523287058	0.554989576339722	0.592391490936279	-0.584002435207367	713	4
1918	10.7794637680054	5.94710254669189	9.99833488464355	0.593391478061676	0.0251808650791645	0.139951378107071	0.980774283409119	0.135997772216797	713	4
1919	10.5125789642334	6.2521505355835	10.3096761703491	0.960162043571472	0.0280020348727703	0.0890720561146736	0.731686413288116	-0.675796627998352	713	4
1920	8.38770198822021	7.40091753005981	11.5524492263794	0.56301873922348	0.0342224538326263	0.702695667743683	-0.0608332492411137	-0.708885014057159	714	4
1921	8.3351469039917	8.06122875213623	11.1424150466919	1.51925408840179	0.0386265106499195	0.280991226434708	0.950765371322632	0.130725055932999	715	4
1922	8.36872959136963	7.81999588012695	11.2575359344482	1.39228522777557	0.038192480802536	-0.846615314483643	-0.179557830095291	-0.501000463962555	714	4
1923	8.36939525604248	7.7863335609436	11.2808132171631	0.812773704528809	0.0327847674489021	0.327121585607529	0.64164537191391	-0.69374543428421	714	4
1924	8.28409194946289	8.05010604858398	11.1800422668457	0.261439651250839	0.0125805828720331	-0.200522109866142	-0.899274408817291	0.38871106505394	715	4
1925	8.30792140960693	8.18710994720459	11.2473201751709	0.429355025291443	0.0117119504138827	-0.625692784786224	0.774531722068787	-0.0927853062748909	715	4
1926	7.94815158843994	8.85354232788086	11.6898603439331	1.24789941310883	0.0324578024446964	-0.992293655872345	-0.108851440250874	0.0591998249292374	715	4
1927	7.77945518493652	9.15269184112549	11.9173450469971	0.352369695901871	0.0101474402472377	0.466968476772308	0.690490901470184	0.552415430545807	715	4
1928	8.95559787750244	8.21519756317139	11.5032768249512	0.443043053150177	0.0364677049219608	-0.614885807037354	0.773176074028015	0.155287429690361	716	4
1929	10.4554052352905	7.80382251739502	9.74033069610596	1.09174859523773	0.0241051074117422	-0.262574166059494	-0.769507169723511	0.58216267824173	720	4
1930	10.4515228271484	7.3777494430542	9.49908447265625	0.450554370880127	0.0069954339414835	0.63884449005127	-0.760316908359528	0.117456063628197	720	4
1931	10.4533605575562	7.51930618286133	9.58060169219971	0.67034900188446	0.0294789485633373	0.509548962116241	0.463344007730484	-0.725032567977905	720	4
1932	10.4462966918945	6.96924924850464	9.27622509002686	0.375107854604721	0.0204301327466965	-0.380719363689423	0.703218996524811	-0.600446283817291	720	4
1933	10.037392616272	7.23945236206055	11.2168626785278	0.299331307411194	0.00451137777417898	0.663749098777771	0.667733192443848	-0.337000846862793	721	4
1934	10.4015665054321	8.10756301879883	10.1559858322144	0.777711272239685	0.0425592064857483	-0.2980897128582	0.356984406709671	-0.885270893573761	724	4
1935	9.33721446990967	6.72635650634766	11.5923166275024	0.813569307327271	0.0368944630026817	-0.289086997509003	-0.86027866601944	-0.419939637184143	732	4
1936	9.21174716949463	6.78435659408569	11.5819568634033	0.585808157920837	0.0683906748890877	0.385508269071579	-0.9189772605896	-0.0828503221273422	732	4
1937	9.6575345993042	6.64352416992188	11.5068035125732	0.555500209331512	0.0153280142694712	0.625677049160004	-0.173254489898682	0.760599195957184	732	4
1938	8.3835506439209	7.18517351150513	12.0730533599854	0.699938058853149	0.0366052314639091	0.47354120016098	0.521227777004242	0.70998615026474	733	4
1939	8.52233028411865	7.18181180953979	12.1342477798462	0.683313548564911	0.0605644024908543	0.784612894058228	0.617531299591064	-0.0551146678626537	733	4
1940	8.96638679504395	7.34161281585693	11.6741228103638	0.172064751386642	0.0189774390310049	-0.118538126349449	-0.90347146987915	0.411932021379471	0	0
1941	9.65063762664795	7.86804008483887	11.4596548080444	0.60282838344574	0.0447106510400772	-0.852063477039337	0.30219042301178	0.427397787570953	735	4
1942	10.4507427215576	8.31116580963135	11.3997526168823	0.800774872303009	0.0472858510911465	-0.894873023033142	0.125869184732437	-0.428204625844955	738	4
1943	10.102029800415	8.28631114959717	11.5542144775391	0.684819161891937	0.0552101023495197	0.844507336616516	-0.395646780729294	0.36093083024025	738	4
1944	10.6373338699341	8.52684593200684	11.396333694458	0.871664047241211	0.0121636474505067	-0.639037370681763	0.218310385942459	-0.737544417381287	743	4
1945	10.5018110275269	8.17575740814209	11.1719160079956	0.69836038351059	0.0405651368200779	0.597788631916046	-0.28713521361351	-0.748466491699219	744	4
1946	10.7621631622314	7.81063938140869	10.8971719741821	0.457981109619141	0.0159641969949007	-0.245295986533165	-0.95550549030304	-0.1638263463974	744	4
1947	9.80500411987305	9.18045806884766	12.9871215820312	0.692826151847839	0.0422639586031437	0.805696368217468	-0.546233236789703	0.229090690612793	747	4
1948	9.71525382995605	8.98070049285889	13.3846769332886	0.300230711698532	0.00779779674485326	0.0531582497060299	-0.997885346412659	0.0374029539525509	747	4
1949	9.76287651062012	9.09149074554443	13.1608867645264	0.499758690595627	0.0437473952770233	-0.0695220753550529	0.99705559015274	0.0323547124862671	747	4
1950	9.82598876953125	9.22513866424561	12.8994121551514	0.712235450744629	0.043270155787468	-0.18442676961422	0.891204595565796	-0.414416611194611	747	4
1951	9.83616065979004	9.24591159820557	12.8596115112305	0.448398977518082	0.0471805892884731	-0.901596486568451	-0.336932361125946	-0.271293729543686	747	4
1952	9.95070743560791	9.4841480255127	12.3981304168701	0.324554145336151	0.0448253974318504	0.886160910129547	0.463190943002701	0.0131552778184414	747	4
1953	10.1022319793701	8.9150505065918	13.6711101531982	1.42219913005829	0.0462929829955101	0.663860857486725	-0.739751517772675	0.109802030026913	748	4
1954	10.4885263442993	8.9841833114624	13.5674180984497	0.360825896263123	0.0459758266806602	0.460434645414352	0.862968385219574	0.208051532506943	748	4
1955	10.218017578125	8.93556976318359	13.6397657394409	0.879966914653778	0.0633172914385796	-0.607507944107056	0.712564527988434	0.350978344678879	748	4
1956	6.15239286422729	7.0122652053833	12.9198188781738	0.56003725528717	0.0122548211365938	-0.903949856758118	0.0557487718760967	0.423989027738571	760	4
1957	6.03555154800415	6.9871997833252	13.0819549560547	0.733509480953217	0.0340948551893234	-0.152670428156853	-0.978044390678406	0.14184795320034	760	4
1958	6.01281452178955	6.88341093063354	13.6638050079346	0.491786122322083	0.0329818613827229	-0.11366555839777	-0.897530198097229	0.426051199436188	761	4
1959	5.85531711578369	6.8140172958374	13.7804689407349	0.406708955764771	0.0112748211249709	-0.039425253868103	-0.670364141464233	0.740984201431274	761	4
1960	6.33721017837524	7.39476776123047	12.8615751266479	0.405549734830856	0.0101701626554132	-0.112405717372894	0.729169189929962	0.675038635730743	762	4
1961	6.2875771522522	7.46021509170532	12.9546375274658	0.453006207942963	0.0134871369227767	-0.0414442643523216	-0.855006754398346	-0.516958057880402	762	4
1962	6.13471221923828	7.6595721244812	13.2457160949707	0.392568916082382	0.011084945872426	0.272826880216599	-0.961290419101715	-0.0385508313775063	762	4
1963	6.12410926818848	7.67576026916504	13.2689247131348	0.429538786411285	0.0128854466602206	-0.915991961956024	0.174733102321625	0.361146837472916	762	4
1964	6.41940116882324	7.778000831604	11.507700920105	0.439805626869202	0.00909943506121635	-0.972705006599426	-0.215352430939674	0.0864193961024284	767	4
1965	5.9889612197876	8.12856769561768	11.8031139373779	0.326716661453247	0.00804387684911489	0.248186409473419	0.879329264163971	0.40642786026001	767	4
1966	7.85628175735474	7.65958166122437	13.5952453613281	0.746346056461334	0.0422579571604729	-0.620234668254852	-0.749401450157166	-0.231746569275856	770	4
1967	7.58962106704712	7.65070629119873	13.6461563110352	1.31574630737305	0.0452799685299397	-0.895274579524994	0.442810535430908	-0.0490135252475739	770	4
1968	7.05536031723022	7.58954954147339	13.7247867584229	0.61322146654129	0.0128619344905019	-0.937056422233582	0.271461844444275	-0.219622015953064	770	4
1969	6.72620487213135	7.56722784042358	13.7734031677246	0.444263905286789	0.0139802899211645	-0.815711081027985	-0.570284783840179	0.0969057306647301	770	4
1970	9.17190837860107	6.91651201248169	14.2735929489136	0.301470160484314	0.0087077459320426	0.356687366962433	0.922851085662842	0.145327150821686	772	4
1971	9.22469902038574	9.13855743408203	13.6874399185181	0.573798894882202	0.0097840391099453	0.532459795475006	0.832580208778381	0.152633056044579	773	4
1972	9.1837272644043	9.27224254608154	13.2981729507446	0.713812828063965	0.0469682514667511	0.66951197385788	0.0956329256296158	0.736619353294373	773	4
1973	9.10745620727539	9.51862812042236	12.5693206787109	0.296242743730545	0.0112717105075717	0.93125319480896	-0.254164844751358	0.261089414358139	773	4
1974	9.16143417358398	9.33891296386719	13.1025505065918	0.662093818187714	0.00823599472641945	-0.818125069141388	0.574527502059937	-0.0242806803435087	773	4
1975	9.13901805877686	9.41519927978516	12.8774509429932	0.498953938484192	0.0212279111146927	0.527136206626892	0.846799552440643	-0.0711193233728409	773	4
1976	9.12547206878662	9.43498706817627	12.8203382492065	0.679796457290649	0.0416743382811546	-0.675498962402344	0.589147388935089	-0.443403363227844	773	4
1977	9.05508804321289	9.11297607421875	14.3336954116821	0.69275426864624	0.00310306739993393	-0.373068481683731	0.747972011566162	0.548960626125336	774	4
1978	13.3601675033569	7.17714262008667	21.305793762207	0.474477887153625	0.0473046489059925	0.405922412872314	-0.724355936050415	-0.557257175445557	777	4
1979	10.8811864852905	7.86539316177368	20.1832752227783	0.920810043811798	0.010309194214642	0.988733410835266	-0.1496272534132	-0.00422976026311517	779	4
1980	10.7713623046875	8.1007719039917	20.0777034759521	1.03769588470459	0.0400123707950115	0.933220505714417	0.0109631167724729	-0.359136968851089	779	4
1981	10.6522512435913	8.35476589202881	19.9785957336426	0.605084776878357	0.00781227042898536	0.885987460613251	0.463252127170563	0.0205838698893785	779	4
1982	10.6230888366699	8.41172313690186	19.950288772583	0.662954092025757	0.0057935849763453	0.645482242107391	-0.498004943132401	-0.579088687896729	779	4
1983	12.6115684509277	6.78703546524048	20.5117893218994	0.769550204277039	0.0483501777052879	0.380674004554749	-0.9247025847435	-0.00351206841878593	782	4
1984	12.7919254302979	6.73009443283081	20.6053371429443	0.540681838989258	0.0210577398538589	-0.122957035899162	-0.836012601852417	0.534756422042847	782	4
1985	12.8733501434326	6.67650699615479	20.6275691986084	0.423923403024673	0.0321553684771061	0.0209328848868608	0.532201409339905	0.846358895301819	782	4
1986	12.8727760314941	6.67300748825073	20.629732131958	0.645705103874207	0.0581942163407803	0.255304157733917	-0.738624274730682	0.623902201652527	782	4
1987	13.1739931106567	6.5265326499939	20.6311931610107	0.503496468067169	0.0499568022787571	0.112159326672554	-0.993568003177643	0.0155922584235668	782	4
1988	11.8817806243896	7.22310209274292	21.0716247558594	0.652943909168243	0.015592404641211	0.833989024162292	-0.114361651241779	0.539799749851227	783	4
1989	12.0525379180908	7.34381198883057	21.3910846710205	0.433941572904587	0.0138697531074286	-0.115168385207653	0.862748622894287	-0.492342412471771	783	4
1990	11.9829168319702	7.32953262329102	21.2928829193115	0.414290696382523	0.0109748942777514	0.552287220954895	0.487545013427734	0.676223933696747	783	4
1991	12.0964345932007	7.36669731140137	21.457010269165	0.347023248672485	0.0121656823903322	0.36114627122879	-0.932200908660889	0.0239749196916819	783	4
1992	12.6984739303589	7.53267288208008	20.6430435180664	0.759899735450745	0.0402163192629814	-0.646456897258759	-0.111155994236469	0.754809856414795	784	4
1993	13.6126403808594	6.75382137298584	20.4047870635986	0.644311666488647	0.0480755306780338	-0.388216704130173	0.122998520731926	0.913323104381561	788	4
1994	12.7826194763184	7.29193925857544	20.9347038269043	0.46649843454361	0.0274687930941582	0.718637406826019	-0.693919479846954	0.0451223365962505	791	4
1995	12.7169961929321	7.71903848648071	20.9334011077881	0.50208580493927	0.0192742291837931	0.52315479516983	0.844874680042267	-0.1117849573493	791	4
1996	12.5281095504761	8.92906284332275	20.8684864044189	0.738525688648224	0.0195327531546354	0.478286236524582	-0.854640662670135	0.202068611979485	791	4
1997	12.5606269836426	8.73975276947021	20.8432674407959	0.930676996707916	0.0140198124572635	0.669061005115509	-0.566971182823181	-0.480521500110626	791	4
1998	12.52734375	8.92746543884277	20.8716106414795	0.581433057785034	0.0461475290358067	0.342401117086411	-0.465812414884567	-0.81595367193222	791	4
1999	12.527440071106	8.93329048156738	20.8682727813721	1.31256473064423	0.0560683012008667	-0.906923174858093	-0.415208965539932	0.0713582038879395	791	4
2000	12.5229387283325	8.94396209716797	20.875373840332	0.431583493947983	0.0101710967719555	-0.574487030506134	-0.746773660182953	0.335102498531342	791	4
2001	12.3751382827759	9.15429210662842	20.783239364624	0.945985198020935	0.035308912396431	-0.720014214515686	-0.354959905147552	-0.596307814121246	792	4
2002	12.2880840301514	9.25510215759277	20.9745845794678	0.622776567935944	0.0499310307204723	-0.837533056735992	0.538690090179443	0.091386504471302	792	4
2003	12.2693529129028	9.29882621765137	21.0371894836426	0.555970668792725	0.0414975248277187	-0.625363767147064	0.15554116666317	-0.764674425125122	792	4
2004	12.0958595275879	9.78748798370361	21.6197528839111	0.354752779006958	0.0803869217634201	0.60328733921051	-0.727542281150818	0.326690375804901	792	4
2005	12.211555480957	9.45480155944824	21.2244148254395	2.63476967811584	0.0533622242510319	-0.925294458866119	-0.210675120353699	-0.315351009368896	792	4
2006	12.0391416549683	9.93249225616455	21.7431926727295	0.284206539392471	0.0113036641851068	0.0833791494369507	-0.423314958810806	0.902137696743011	792	4
2007	11.9485263824463	6.89684867858887	21.4200744628906	0.336108416318893	0.0520212352275848	0.25231871008873	0.961450457572937	-0.109308034181595	793	4
2008	12.0389785766602	7.02874183654785	21.3184261322021	1.08798742294312	0.060805007815361	0.440900653600693	-0.638022065162659	-0.63129585981369	793	4
2009	11.9525308609009	6.90295886993408	21.4151020050049	1.55992007255554	0.0451840981841087	0.170843616127968	-0.980453431606293	-0.0975891128182411	793	4
2010	11.5555477142334	6.31059455871582	21.8860321044922	0.925489604473114	0.0119456825777888	0.709258258342743	-0.697561621665955	-0.10178616642952	793	4
2011	11.3556728363037	6.00246906280518	22.1399478912354	0.771491885185242	0.00771446991711855	0.498666286468506	-0.462803304195404	-0.732901811599731	793	4
2012	12.1992721557617	7.07287073135376	22.0928344726562	0.421791106462479	0.0494106374680996	-0.326677650213242	-0.94501668214798	-0.0150085911154747	796	4
2013	12.0957841873169	7.00333642959595	22.2396392822266	0.621393024921417	0.0312476754188538	0.358805954456329	0.38127526640892	-0.851990342140198	796	4
2014	13.1673030853271	8.68712520599365	22.289005279541	0.634997069835663	0.00822287146002054	0.246143728494644	-0.637338221073151	-0.730214536190033	798	4
2015	13.1888399124146	8.73292446136475	22.2383060455322	0.446837276220322	0.0383722223341465	0.836474180221558	-0.447570592164993	-0.31621441245079	798	4
2016	9.67643165588379	7.31445074081421	14.8234996795654	1.62432873249054	0.034493837505579	0.83087033033371	-0.178811207413673	-0.526954591274261	808	4
2017	10.5760488510132	7.44997882843018	14.2557325363159	0.636787056922913	0.00978292059153318	-0.0957617536187172	0.962805330753326	0.252656936645508	808	4
2018	10.944845199585	8.04247856140137	15.6009473800659	0.717515230178833	0.00963863264769316	0.287675231695175	0.747866809368134	0.598279356956482	809	4
2019	10.9467163085938	7.98455762863159	15.6333847045898	0.729547202587128	0.0427707768976688	-0.0434727072715759	-0.756712198257446	-0.652301073074341	809	4
2020	10.9436120986938	8.08419799804688	15.5776424407959	0.533878028392792	0.0498814359307289	0.0132705336436629	-0.15962153673172	0.987089097499847	809	4
2021	10.9875707626343	7.09844017028809	16.1386680603027	0.543924868106842	0.0380149371922016	-0.274270087480545	0.683876276016235	-0.67608368396759	809	4
2022	10.9488067626953	7.92914247512817	15.6646251678467	0.462298691272736	0.034938357770443	-0.377891689538956	-0.533722877502441	0.756530106067657	809	4
2023	10.9799365997314	7.22807645797729	16.0631790161133	0.695804119110107	0.0127275260165334	-0.605719387531281	0.776293575763702	0.174563303589821	809	4
2024	10.9988765716553	6.93333768844604	16.2361011505127	0.655559957027435	0.010870604775846	0.376532346010208	0.572204649448395	0.728563845157623	809	4
2025	9.69044971466064	8.01722049713135	15.1730489730835	0.589957714080811	0.0476828664541245	0.619134187698364	0.17809285223484	0.764824032783508	810	4
2026	9.64675140380859	7.962158203125	15.1711959838867	0.4983791410923	0.0137576423585415	0.131759524345398	-0.00110316264908761	-0.991281092166901	810	4
2027	9.40163516998291	7.24874019622803	16.7087230682373	0.324592113494873	0.0126189785078168	0.814897179603577	-0.555612504482269	0.165037259459496	819	4
2028	9.2804536819458	7.54537916183472	16.4704189300537	0.307331323623657	0.00526082282885909	0.956428825855255	0.201678618788719	0.211115092039108	820	4
2029	9.61533164978027	7.53010892868042	16.6483306884766	0.649010837078094	0.0448332652449608	0.286553025245667	0.958005666732788	-0.0106063270941377	823	4
2030	9.38010311126709	7.80549001693726	16.739143371582	0.662260711193085	0.0438384860754013	0.679821610450745	0.245781183242798	0.690966010093689	823	4
2031	9.36313056945801	7.82624864578247	16.7415027618408	0.724460661411285	0.00509123923256993	-0.161928087472916	0.956318736076355	0.243379846215248	823	4
2032	9.8797607421875	6.70048475265503	17.4735698699951	1.04723262786865	0.0498896241188049	0.967336416244507	0.25188347697258	0.0285492353141308	824	4
2033	10.110011100769	6.51949834823608	17.1678676605225	0.342250406742096	0.0114305811002851	0.0561475940048695	-0.941872417926788	-0.331245750188828	824	4
2034	10.1127643585205	6.50648164749146	17.0943470001221	0.946293413639069	0.0347247272729874	0.573461294174194	-0.653860032558441	0.493567943572998	824	4
2035	10.4169368743896	6.40035724639893	16.6202449798584	0.816628813743591	0.00987145863473415	-0.529124617576599	0.322042316198349	-0.785057902336121	824	4
2036	14.4787302017212	5.49932956695557	18.2403907775879	0.906671941280365	0.0177989844232798	-0.703317403793335	-0.513656318187714	0.491428315639496	825	4
2037	13.051441192627	5.29041576385498	17.9855175018311	0.732885420322418	0.0317844375967979	-0.302179843187332	-0.0155982011929154	-0.953123331069946	826	4
2038	13.4437732696533	4.72682285308838	17.9117698669434	0.717457473278046	0.033681895583868	-0.928115010261536	-0.29397839307785	0.228427514433861	826	4
2039	13.2372016906738	4.99880313873291	17.9544868469238	0.249914348125458	0.0102604106068611	0.683881461620331	0.674536049365997	-0.27804172039032	826	4
2040	13.1987609863281	4.8950777053833	18.4223480224609	0.502407729625702	0.0135358609259129	0.596779465675354	-0.216891124844551	-0.77253645658493	827	4
2041	13.3483028411865	5.12108564376831	18.1050853729248	0.6772141456604	0.0413632057607174	-0.902153968811035	-0.367594212293625	-0.225815564393997	827	4
2042	13.6353960037231	4.72164106369019	18.2812652587891	0.900009036064148	0.0439323149621487	0.993769526481628	-0.0633773803710938	0.0916810929775238	828	4
2043	13.6614360809326	4.49222564697266	18.2175064086914	0.689759731292725	0.0433621108531952	0.899888098239899	-0.420555800199509	-0.115473501384258	828	4
2044	13.6833791732788	4.35742092132568	18.1725597381592	0.618512034416199	0.00963371247053146	0.263523548841476	-0.880746603012085	0.39349827170372	828	4
2045	13.7116146087646	4.07743692398071	18.1041889190674	0.419142246246338	0.00637505017220974	-0.767317593097687	-0.475821524858475	-0.429904252290726	828	4
2046	10.2327098846436	7.58477210998535	18.2642688751221	0.364025503396988	0.0308602377772331	0.494398325681686	-0.540601134300232	-0.680676639080048	840	4
2047	10.2789745330811	7.60462856292725	18.280740737915	0.514244496822357	0.008066326379776	-0.345355272293091	0.93819934129715	0.0226213783025742	840	4
2048	9.67235946655273	7.55008935928345	17.7910251617432	0.534337222576141	0.0113548971712589	0.869600057601929	0.00283512286841869	-0.493748635053635	841	4
2049	9.65445137023926	7.75488233566284	17.7008857727051	0.846993029117584	0.0405023545026779	0.597812354564667	-0.455409705638885	-0.659713864326477	841	4
2050	13.4033689498901	6.56608247756958	18.8573131561279	0.480693250894547	0.0115684410557151	-0.0861513093113899	-0.305547088384628	0.948271512985229	844	4
2051	13.310489654541	6.60843753814697	18.8205471038818	0.368907034397125	0.0369347631931305	-0.256409168243408	-0.472099840641022	0.843431174755096	844	4
2052	13.5914430618286	6.48192024230957	18.9254722595215	0.640481233596802	0.00766593916341662	-0.377716720104218	-0.761938869953156	-0.526098191738129	844	4
2053	12.9338045120239	6.74946641921997	19.2077484130859	0.664547979831696	0.032810490578413	0.980366706848145	0.0282257162034512	0.195152595639229	847	4
2054	12.9070749282837	6.63726711273193	19.7602596282959	0.279897898435593	0.00375937577337027	-0.324323266744614	-0.754720151424408	-0.570273578166962	847	4
2055	12.9222145080566	6.79507541656494	19.073974609375	0.39699512720108	0.0384056903421879	0.304201811552048	-0.925041794776917	0.227505758404732	847	4
2056	12.916428565979	6.68995761871338	19.47580909729	0.37737563252449	0.0161710251122713	0.664006412029266	-0.719005405902863	0.205247804522514	847	4
2057	13.3904008865356	6.94433069229126	19.4983425140381	0.494017094373703	0.0183695703744888	0.571819961071014	0.502529382705688	-0.648449063301086	848	4
2058	13.0689315795898	6.92235612869263	19.1702632904053	0.692111730575562	0.0446056723594666	0.635555744171143	0.509596705436707	-0.579982876777649	848	4
2059	13.2274084091187	6.93352603912354	19.3297328948975	0.504720270633698	0.0126705942675471	0.398095339536667	0.847332119941711	-0.351494312286377	848	4
2060	13.3973512649536	7.01420164108276	18.5945339202881	0.486743092536926	0.0459786616265774	0.324965089559555	0.418316781520844	0.848179697990417	849	4
2061	12.9352073669434	6.1724648475647	18.9719924926758	0.854362905025482	0.0122949294745922	0.441511005163193	-0.550903081893921	-0.70821875333786	850	4
2062	10.5977916717529	6.65366315841675	18.3256645202637	0.505479395389557	0.00249601854011416	-0.109696827828884	-0.72272402048111	-0.68237566947937	854	4
2063	10.5972242355347	6.65372323989868	18.3263835906982	0.590464413166046	0.00277844490483403	0.410992980003357	-0.420602172613144	-0.808813035488129	854	4
2064	10.1515808105469	6.80698204040527	18.3641567230225	0.502786159515381	0.00996076781302691	-0.81734299659729	0.120098367333412	0.56349515914917	855	4
2065	10.5204410552979	6.81120204925537	18.6481761932373	1.18233919143677	0.010958094149828	-0.37189969420433	-0.900410771369934	0.225723668932915	855	4
2066	10.5674829483032	6.81214618682861	18.684741973877	1.06324660778046	0.00930299144238234	-0.801210939884186	-0.0843474119901657	0.592407405376434	855	4
2067	10.565767288208	6.81214427947998	18.6834392547607	0.848325073719025	0.0379348658025265	-0.694338262081146	0.0880135670304298	0.714246451854706	855	4
2068	10.8439960479736	6.81702613830566	18.8990688323975	0.907977223396301	0.00532060209661722	-0.193407475948334	-0.892199397087097	0.408134520053864	855	4
2069	10.6587657928467	6.81371212005615	18.7554550170898	0.606101632118225	0.011117990128696	0.489291340112686	-0.766727089881897	0.415600121021271	855	4
2070	12.2272243499756	6.78330612182617	19.0672779083252	0.474150866270065	0.0112382415682077	0.601999402046204	-0.279811322689056	0.74786514043808	859	4
2071	10.5132541656494	8.56049060821533	18.5487403869629	1.29963111877441	0.0178717318922281	0.101728692650795	0.408315598964691	-0.907154738903046	861	4
2072	10.8919153213501	8.97466564178467	18.3847427368164	1.0803085565567	0.0462601110339165	-0.251946181058884	0.738488376140594	-0.625426352024078	861	4
2073	10.7798376083374	8.85221767425537	18.4335193634033	1.16634821891785	0.0292619708925486	-0.212007358670235	0.97435188293457	-0.0754404291510582	861	4
2074	10.9569730758667	9.04565906524658	18.356315612793	0.561239242553711	0.0138010773807764	-0.506655871868134	0.857181429862976	0.0924108996987343	861	4
2075	11.0700397491455	9.16878986358643	18.3065662384033	1.09223997592926	0.0547668226063251	-0.226860001683235	0.882469177246094	-0.41204696893692	861	4
2076	11.3186664581299	9.43991851806641	18.1984672546387	0.613794565200806	0.0186543595045805	0.39173087477684	-0.729182004928589	-0.56110668182373	861	4
2077	11.308277130127	9.42649555206299	18.2000617980957	0.820520162582397	0.0175744816660881	0.398856192827225	-0.0768290460109711	-0.913789331912994	861	4
2078	11.403223991394	9.53890132904053	18.180757522583	0.809539377689362	0.0476734079420567	-0.371667504310608	0.928117334842682	0.021482840180397	861	4
2079	11.5805912017822	9.73080158233643	18.1252021789551	0.36462190747261	0.0130954105407	0.57627135515213	-0.770135998725891	0.273499250411987	861	4
2080	11.7197799682617	9.88480472564697	18.0387001037598	0.697904348373413	0.0325992479920387	-0.698198914527893	0.713338196277618	-0.0605543218553066	861	4
2081	11.4647750854492	9.60658836364746	18.1576995849609	0.739269077777863	0.014209252782166	0.157391875982285	0.965965569019318	-0.205276250839233	861	4
2082	11.6162214279175	9.77258491516113	18.0983715057373	0.553339302539825	0.0449174717068672	0.689847230911255	0.191147014498711	0.69826477766037	861	4
2083	11.7593812942505	9.91962814331055	18.0069351196289	0.471389979124069	0.0127944061532617	-0.453901171684265	0.649327635765076	-0.610202670097351	861	4
2084	11.1328344345093	7.20210838317871	18.8072872161865	0.510544240474701	0.0225504748523235	0.94696044921875	0.24325367808342	0.209984436631203	863	4
2085	10.6057014465332	7.76848840713501	19.2787399291992	0.783609926700592	0.0425514839589596	0.557198703289032	0.773376166820526	-0.302355706691742	866	4
2086	10.3241624832153	7.85260009765625	19.2229347229004	0.845959901809692	0.0432387180626392	0.529281616210938	0.696676313877106	0.48425504565239	866	4
2087	10.9967222213745	7.63150596618652	19.3154602050781	0.594078302383423	0.0693610683083534	0.3421730697155	0.895545899868011	-0.284456074237823	866	4
2088	10.8339109420776	7.66797113418579	19.3307342529297	0.491761207580566	0.036640964448452	-0.130113705992699	-0.943962872028351	-0.303322613239288	866	4
2089	11.0561475753784	7.60436153411865	19.337926864624	0.549329876899719	0.0183654762804508	-0.0623682625591755	-0.696775436401367	-0.714572727680206	866	4
2090	10.584174156189	8.7717456817627	18.6780395507812	0.578346312046051	0.00637945951893926	-0.344696879386902	0.729295492172241	0.591026246547699	871	4
2091	11.9038743972778	7.59060382843018	18.934289932251	0.43203216791153	0.0142693966627121	-0.992923974990845	0.118350557982922	0.00975236017256975	873	4
2092	11.9253835678101	7.49141883850098	19.0124053955078	0.357485145330429	0.0117577137425542	0.720444858074188	-0.102504909038544	0.685895085334778	873	4
2093	11.9652338027954	7.03187322616577	19.3525161743164	0.402444779872894	0.0338745526969433	0.998950362205505	0.00379152363166213	-0.0456499457359314	873	4
2094	11.3483724594116	7.61643695831299	18.5636711120605	0.652797281742096	0.0040437551215291	0.188940212130547	0.981045424938202	-0.0430294722318649	874	4
2095	12.0699596405029	8.45689582824707	19.1221752166748	0.656650185585022	0.00979222077876329	0.262725472450256	0.855131864547729	0.446905910968781	876	4
2096	12.2736110687256	8.6018705368042	19.2023658752441	0.608981251716614	0.0362964607775211	0.408518731594086	-0.907844483852386	-0.094502791762352	876	4
2097	13.3268394470215	8.03426933288574	19.4860649108887	0.39787620306015	0.0397987551987171	-0.546747624874115	-0.83581405878067	0.0498174242675304	881	4
2098	9.57370185852051	7.76198625564575	19.1676998138428	0.37088531255722	0.00759046664461493	0.99250853061676	0.0761812552809715	0.0955152064561844	884	4
2099	9.8350715637207	7.52980899810791	19.9789352416992	0.34768283367157	0.00249999994412065	-0.53934770822525	0.830688059329987	-0.138063311576843	886	4
2100	9.87487983703613	7.62409543991089	19.9664344787598	0.493093639612198	0.00249999994412065	0.609609007835388	0.15156577527523	-0.77807754278183	886	4
2101	10.4483785629272	7.98936700820923	20.3185901641846	2.50774216651917	0.0325626730918884	0.961391150951385	0.273896008729935	-0.0266075115650892	887	4
2102	10.4245700836182	7.95619297027588	20.3056392669678	1.06364977359772	0.0449411422014236	0.862058460712433	0.354626327753067	0.362070858478546	887	4
2103	10.8785429000854	8.56698036193848	20.531852722168	0.237089142203331	0.0181175954639912	-0.896217346191406	-0.109450303018093	0.429901152849197	887	4
2104	11.0320606231689	8.83437347412109	20.5425148010254	1.13904285430908	0.041083674877882	0.948549568653107	-0.247465401887894	0.197521209716797	887	4
2105	10.9019241333008	8.70710468292236	20.5006465911865	0.445479452610016	0.0116008128970861	-0.891522169113159	0.198833674192429	0.407005429267883	888	4
2106	10.9916744232178	8.69412517547607	20.4795513153076	0.522175490856171	0.00867927167564631	-0.241510823369026	0.621809482574463	-0.74500036239624	888	4
2107	11.2913970947266	8.69736957550049	20.4511413574219	0.494670838117599	0.0424309484660625	0.995770275592804	0.0872758850455284	0.0287140943109989	888	4
2108	12.1010980606079	8.74584007263184	20.3850898742676	0.554236352443695	0.011121042072773	0.996639609336853	-0.0559175759553909	0.0598562583327293	888	4
2109	11.5357093811035	8.70797443389893	20.4305000305176	0.533490300178528	0.0534822158515453	-0.55559915304184	-0.635607361793518	-0.536015808582306	888	4
2110	12.2287425994873	8.7553596496582	20.3755054473877	0.292222529649734	0.00922802556306124	0.455515712499619	0.251558721065521	0.853945910930634	888	4
2111	9.02337265014648	6.89694404602051	19.5943717956543	0.389896869659424	0.0379745252430439	-0.813533067703247	-0.536487102508545	-0.224378198385239	889	4
2112	9.20670127868652	6.58069753646851	19.6529541015625	0.59652304649353	0.0049482062458992	-0.657426297664642	-0.708241701126099	-0.257263094186783	892	4
2113	11.4816179275513	6.17881727218628	19.9034843444824	0.529601216316223	0.00901976507157087	0.945268094539642	-0.318075597286224	-0.07277512550354	893	4
2114	12.2796983718872	5.89071702957153	19.8165950775146	1.13251709938049	0.0477931722998619	0.927622675895691	-0.355609893798828	0.114270776510239	893	4
2115	11.9472999572754	5.99689292907715	19.8862037658691	0.318921864032745	0.0107434475794435	0.0413679070770741	-0.929231941699982	-0.367173820734024	893	4
2116	11.7821750640869	6.07073402404785	19.920539855957	1.00096726417542	0.0421171970665455	0.939753413200378	0.241560459136963	0.241892486810684	893	4
2117	13.679780960083	5.48274517059326	19.4659328460693	0.560597538948059	0.0371101424098015	-0.357508659362793	-0.507155060768127	-0.784207463264465	893	4
2118	12.5901851654053	5.79428863525391	19.7517147064209	0.649470388889313	0.0107392380014062	0.293501317501068	-0.101720355451107	0.950531423091888	893	4
2119	11.2375297546387	5.99493169784546	20.2432823181152	0.399984687566757	0.0117980977520347	-0.386322021484375	0.594444394111633	0.705259621143341	894	4
2120	11.3289747238159	5.66500282287598	20.5195007324219	0.617686569690704	0.043929897248745	0.288316369056702	-0.872601628303528	-0.394258797168732	894	4
2121	11.248836517334	5.96092891693115	20.2667064666748	0.541295349597931	0.0468353293836117	0.423383593559265	-0.905219674110413	-0.0363819412887096	894	4
2122	10.5714025497437	7.95386219024658	21.5140132904053	0.229104891419411	0.0129702659323812	-0.103028759360313	0.963964760303497	0.245269313454628	903	4
2123	10.7171831130981	7.87882423400879	21.454984664917	0.648722290992737	0.0454561226069927	-0.715020954608917	0.0634729489684105	-0.696215689182281	903	4
2124	11.5388383865356	8.49781513214111	21.3329067230225	0.423268496990204	0.0175249651074409	-0.38314288854599	0.922625243663788	0.0443188510835171	905	4
2125	11.5872745513916	8.74121379852295	21.3322982788086	0.694404184818268	0.0329437628388405	-0.661118626594543	0.65209698677063	0.371068269014359	905	4
2126	11.8286743164062	8.24061870574951	21.3234691619873	0.407485812902451	0.049659825861454	0.913010537624359	0.398930579423904	-0.0852415561676025	906	4
2127	12.3392896652222	8.12083911895752	21.1765003204346	0.348083317279816	0.00884967483580112	0.54289984703064	0.837673604488373	-0.0596890114247799	906	4
2128	12.2177171707153	8.50642776489258	20.9107131958008	0.335672169923782	0.0111711239442229	-0.0724648013710976	0.870856106281281	0.486167043447495	908	4
2129	11.8785753250122	8.56302738189697	21.3702640533447	0.700428009033203	0.0110719194635749	0.884854257106781	0.326653063297272	0.33216056227684	910	4
2130	11.9009571075439	8.59761524200439	21.3615455627441	0.489741444587708	0.0141534600406885	0.234819263219833	0.44923859834671	0.862000346183777	910	4
2131	11.7455949783325	8.39814853668213	21.4164428710938	0.65526819229126	0.0404945574700832	-0.106520392000675	0.940457582473755	0.322789222002029	910	4
2132	11.6526489257812	8.27260589599609	21.4504432678223	0.535487413406372	0.00677655264735222	0.896991431713104	-0.185152515769005	0.401403933763504	910	4
2133	11.6488227844238	8.27183723449707	21.4509334564209	0.706598997116089	0.00562653318047523	0.222612947225571	0.959764003753662	0.171162247657776	910	4
2134	11.7407417297363	8.38490104675293	21.419412612915	0.744234144687653	0.0126404305920005	0.129233464598656	0.801655769348145	0.583649575710297	910	4
2135	11.5952301025391	8.20540237426758	21.4691371917725	0.431597352027893	0.00589370215311646	-0.740253329277039	0.672143459320068	0.0157547257840633	910	4
2136	11.2626113891602	8.33230972290039	22.7840270996094	1.54308199882507	0.0332183465361595	-0.649481952190399	0.396580725908279	0.648765683174133	914	4
2137	10.7554454803467	8.92957496643066	23.2892627716064	0.755572438240051	0.0420374870300293	0.339171320199966	0.913052797317505	-0.226489499211311	914	4
2138	10.8108224868774	8.86412239074707	23.2290287017822	0.531906545162201	0.0200982093811035	0.620954632759094	0.755403339862823	-0.209239199757576	914	4
2139	10.590274810791	9.16076946258545	23.5081520080566	0.725780665874481	0.0108744697645307	0.412314176559448	0.827587425708771	-0.380914866924286	914	4
2140	11.5164728164673	7.62710046768188	22.1140365600586	0.900792181491852	0.0426967553794384	-0.895429372787476	0.236490622162819	0.377197980880737	915	4
2141	11.5711984634399	7.62346696853638	22.1911144256592	1.45514917373657	0.036447137594223	0.806344985961914	0.539349138736725	-0.242714390158653	915	4
2142	11.588475227356	7.6223406791687	22.215446472168	0.551864266395569	0.00757958926260471	-0.105959922075272	-0.987273216247559	-0.118592299520969	915	4
2143	11.4112205505371	7.62443161010742	21.9703197479248	0.402081787586212	0.00860272813588381	0.150291740894318	0.35933044552803	0.921028792858124	915	4
2144	11.686318397522	7.61656475067139	22.3531303405762	1.94707894325256	0.0364188253879547	0.461521446704865	0.867199599742889	-0.186983123421669	915	4
2145	11.8360195159912	7.61029100418091	22.5637950897217	0.797311782836914	0.00911899842321873	0.920671463012695	-0.374334663152695	-0.110623627901077	915	4
2146	12.0789747238159	7.61251163482666	23.0957889556885	0.744463205337524	0.00731410086154938	-0.65821385383606	0.166706532239914	-0.73414134979248	916	4
2147	11.9611415863037	7.63554430007935	22.8555698394775	1.81301116943359	0.0340252220630646	0.757952332496643	0.651583075523376	-0.0307877622544765	916	4
2148	12.0249376296997	7.61237096786499	23.0041770935059	1.40664458274841	0.0356779806315899	0.490561962127686	0.257954746484756	0.832351088523865	916	4
2149	12.0442371368408	7.61469650268555	23.0351753234863	0.820028424263	0.0318813398480415	0.844131827354431	-0.231474906206131	0.483591496944427	916	4
2150	12.1086511611938	7.61623239517212	23.1429710388184	0.44989475607872	0.00806993711739779	0.44227135181427	0.89666885137558	0.0195188615471125	916	4
2151	12.2301836013794	7.61215353012085	23.3525905609131	1.00712943077087	0.0337298735976219	-0.32243874669075	0.938423216342926	0.124077253043652	916	4
2152	12.2819128036499	7.61206579208374	23.4403953552246	0.772831082344055	0.0271319597959518	0.257912367582321	-0.486707270145416	0.834623992443085	916	4
2153	12.6025695800781	7.60875511169434	23.9868965148926	0.50172358751297	0.00573373679071665	-0.00317432964220643	-0.881697654724121	0.471804231405258	916	4
2154	12.2916231155396	7.61184310913086	23.4570446014404	1.04553747177124	0.0145630063489079	-0.497698903083801	0.0142202293500304	0.867233335971832	916	4
2155	12.4228382110596	7.61313724517822	23.6783199310303	0.851822376251221	0.00999999977648258	-0.179361745715141	0.140841841697693	0.973649263381958	916	4
2156	12.5720081329346	7.60945272445679	23.934497833252	0.419719308614731	0.00971627980470657	-0.963582575321198	-0.161001533269882	-0.213511422276497	916	4
2157	11.6243801116943	8.23961067199707	22.6030158996582	1.14523017406464	0.052131075412035	0.717237114906311	0.696338772773743	0.0261412467807531	918	4
2158	11.6568784713745	8.44350719451904	22.5849418640137	1.23139381408691	0.0648677200078964	-0.10904810577631	0.972387135028839	-0.206328943371773	918	4
2159	12.0189094543457	8.81137657165527	22.960412979126	0.615851223468781	0.0529214628040791	0.994396090507507	-0.023807356134057	0.103003121912479	918	4
2160	11.9980802536011	8.77313613891602	22.9656429290771	0.821194410324097	0.0456110127270222	0.096798837184906	0.938697397708893	0.330873340368271	918	4
2161	12.2206239700317	9.01259422302246	23.1535758972168	0.381320118904114	0.06936876475811	0.0277458820492029	0.0607663318514824	0.997766315937042	918	4
2162	12.2750625610352	9.07669162750244	23.1785888671875	0.789259433746338	0.0412447117269039	0.298804312944412	0.50030779838562	0.812654912471771	918	4
2163	12.4998779296875	9.30702209472656	23.3639678955078	0.404990404844284	0.0404261387884617	0.304928690195084	-0.612847983837128	0.728996515274048	918	4
2164	12.5669860839844	9.35189437866211	23.3576793670654	0.331404030323029	0.0176687445491552	0.648795664310455	-0.597135603427887	0.471691817045212	918	4
2165	11.6800012588501	9.20218181610107	23.5713958740234	0.339731276035309	0.0128612145781517	0.684917688369751	-0.0387554168701172	-0.727589070796967	922	4
2166	12.0316314697266	9.15476989746094	24.2631187438965	0.494056165218353	0.00354800513014197	0.508820056915283	0.858927369117737	-0.0578432306647301	926	4
2167	12.7725467681885	5.62113189697266	22.2744083404541	0.567170739173889	0.00861640740185976	0.052258063107729	0.556657075881958	0.829097151756287	935	4
2168	12.8289308547974	6.02543067932129	22.8345355987549	0.616562306880951	0.0297712720930576	-0.59889954328537	0.79036146402359	-0.129027679562569	936	4
2169	12.7216444015503	6.1507396697998	22.8698616027832	0.576463580131531	0.0519959032535553	0.227197274565697	-0.94771683216095	0.224085435271263	936	4
2170	8.48456954956055	5.8255090713501	20.1961879730225	0.502565681934357	0.0110076777637005	0.847260653972626	-0.143355995416641	0.511466979980469	948	4
2171	8.64778423309326	5.95011234283447	20.3643856048584	0.327026903629303	0.0191003940999508	-0.392607361078262	0.741423726081848	-0.544197022914886	948	4
2172	9.25265502929688	5.61910438537598	20.2725524902344	0.778295755386353	0.0619196444749832	0.923978567123413	-0.210701540112495	-0.319168329238892	949	4
2173	9.00049495697021	5.61205196380615	20.2736415863037	1.22658061981201	0.0385165587067604	0.795265436172485	-0.425014555454254	-0.4323371052742	949	4
2174	9.53072357177734	5.62766933441162	20.2693614959717	0.757902801036835	0.0433681346476078	0.1368647813797	0.809502184391022	-0.570941627025604	949	4
2175	10.5975093841553	5.66910171508789	20.2465934753418	0.888185381889343	0.0356044322252274	-0.518721699714661	0.779762923717499	0.350567519664764	949	4
2176	10.0455636978149	5.64337491989136	20.2623443603516	0.501290500164032	0.0111480681225657	0.685208857059479	-0.68976616859436	-0.233904808759689	949	4
2177	10.7277984619141	5.67257118225098	20.2453136444092	0.424330919981003	0.0320372208952904	0.741517066955566	-0.658770561218262	0.127175778150558	949	4
2178	12.2178621292114	3.88667750358582	21.502405166626	1.95211589336395	0.0159386731684208	-0.325025826692581	0.830126285552979	-0.453043639659882	950	4
2179	10.6811981201172	4.75671243667603	20.683557510376	1.0522186756134	0.0372860506176949	0.827875554561615	-0.560753166675568	-0.0133359767496586	950	4
2180	11.4076242446899	4.32483100891113	21.0861682891846	0.553871691226959	0.00715765915811062	0.586192727088928	-0.191467776894569	-0.787221848964691	950	4
2181	11.7858219146729	4.10284614562988	21.2957668304443	0.492754310369492	0.00826973188668489	0.670898914337158	0.741342484951019	-0.0174921024590731	950	4
2182	12.3950958251953	4.25998067855835	20.3154640197754	0.426423996686935	0.012013278901577	-0.417723417282104	0.73674350976944	0.531710624694824	951	4
2183	12.3155813217163	4.23939990997314	20.3214263916016	0.597189009189606	0.00991355255246162	0.636148571968079	-0.338158994913101	0.693515419960022	951	4
2184	11.7405633926392	4.61014461517334	20.4715824127197	1.57546281814575	0.0277072880417109	0.62732607126236	-0.710143208503723	-0.31962251663208	953	4
2185	12.8516721725464	4.79374074935913	20.4786319732666	0.572755634784698	0.0117122838273644	-0.249568000435829	0.395113676786423	-0.884081959724426	953	4
2186	12.0891227722168	3.85808253288269	20.3658294677734	0.895208060741425	0.0398570373654366	-0.296552538871765	0.295626521110535	0.908108830451965	954	4
2187	6.76057195663452	5.44331502914429	20.2029895782471	0.376692533493042	0.00287496438249946	-0.657547056674957	-0.214616417884827	-0.722199201583862	960	4
2188	6.90778112411499	6.7617506980896	21.175350189209	0.697295010089874	0.0390251986682415	0.937197208404541	0.144885540008545	-0.317284643650055	961	4
2189	6.77639389038086	6.72708702087402	21.3311500549316	0.403260707855225	0.0108877411112189	-0.640629827976227	-0.668762743473053	-0.377292633056641	961	4
2190	6.62761497497559	6.80254364013672	21.435791015625	0.372962772846222	0.0132880369201303	-0.856001734733582	-0.358802706003189	-0.372184902429581	961	4
2191	4.98789119720459	7.18896961212158	22.7346687316895	0.594602942466736	0.0114149041473866	0.166901797056198	-0.969665944576263	0.178582891821861	962	4
2192	5.76588201522827	7.03363275527954	22.1752738952637	0.371990114450455	0.0223646685481071	-0.748667061328888	0.179823666810989	-0.638091742992401	962	4
2193	4.84710168838501	7.21786308288574	22.835620880127	0.573281228542328	0.0115519855171442	0.888642132282257	0.456629991531372	-0.0424767434597015	962	4
2194	6.49654388427734	7.49100780487061	22.3027744293213	0.59047669172287	0.0111497370526195	0.808150172233582	-0.466883599758148	-0.359044700860977	964	4
2195	6.04435396194458	8.02795124053955	22.5900974273682	0.677317023277283	0.021094610914588	0.830988764762878	0.555861413478851	0.0218101926147938	964	4
2196	6.56681394577026	7.41628170013428	22.2665519714355	0.553298950195312	0.057268038392067	0.541664063930511	0.839166879653931	0.0489782392978668	964	4
2197	6.23611259460449	7.77728080749512	22.4563331604004	0.906799376010895	0.030685018748045	-0.216256946325302	0.919699013233185	-0.327699035406113	964	4
2198	6.24177312850952	7.7700047492981	22.4513931274414	0.401271879673004	0.0157016981393099	0.921548545360565	-0.038357600569725	0.386363804340363	964	4
2199	6.21743965148926	7.80149412155151	22.4719676971436	0.383960157632828	0.0406786650419235	0.682635903358459	0.166088193655014	0.71163409948349	964	4
2200	6.02764940261841	8.05943870544434	22.6046295166016	0.794732272624969	0.0142043922096491	0.963658571243286	-0.226841554045677	-0.141085743904114	964	4
2201	5.97581624984741	8.08041858673096	22.608606338501	0.315197944641113	0.0245202053338289	0.288408190011978	0.66842657327652	0.685584962368011	964	4
2202	5.80182218551636	8.26847267150879	22.6927223205566	0.267875492572784	0.0358891263604164	-0.742801904678345	-0.201254725456238	0.638546764850616	964	4
2203	6.35534334182739	8.91800498962402	22.407829284668	0.958757340908051	0.0373834706842899	0.579180002212524	-0.814978241920471	-0.0190007276833057	965	4
2204	6.36547946929932	8.93269348144531	22.4039516448975	0.744823396205902	0.0666458681225777	0.707832515239716	-0.453975945711136	0.541182935237885	965	4
2205	6.60029649734497	9.23998165130615	22.3326301574707	0.379286080598831	0.0486598201096058	-0.0528261438012123	0.890198230743408	-0.452500253915787	965	4
2206	6.67453718185425	9.34047698974609	22.3085765838623	0.174673780798912	0.0446530990302563	-0.67007178068161	0.669058978557587	0.321502536535263	965	4
2207	6.80638742446899	9.51084899902344	22.2749176025391	0.537018716335297	0.0111929913982749	0.641684114933014	-0.547880113124847	0.53672057390213	965	4
2208	7.62571382522583	7.22115802764893	22.5111846923828	1.93099308013916	0.050939530134201	0.630030572414398	0.0830981209874153	0.772111535072327	966	4
2209	7.67682504653931	7.3074312210083	22.5925159454346	0.442808479070663	0.0120600564405322	-0.290565729141235	0.173227056860924	-0.9410440325737	966	4
2210	7.719810962677	7.39495992660522	22.6806735992432	0.308451265096664	0.0109837362542748	-0.345708221197128	0.627236545085907	-0.697896897792816	966	4
2211	8.6846981048584	9.33691596984863	24.2627067565918	1.68565058708191	0.115887381136417	-0.553587734699249	0.805529654026031	0.211335256695747	967	4
2212	7.84866189956665	7.59898090362549	22.8614521026611	2.64357900619507	0.0520163364708424	0.836576819419861	0.540960133075714	0.0866105929017067	966	4
2213	8.08963489532471	8.11226367950439	23.3800220489502	0.374308437108994	0.0129551468417048	-0.520196855068207	-0.422769099473953	0.742065727710724	966	4
2214	8.18558216094971	8.3776969909668	23.6027240753174	0.333247035741806	0.00965938530862331	-0.142741918563843	-0.725986540317535	0.672731995582581	966	4
2215	8.36519145965576	8.62716579437256	23.7416915893555	1.55564892292023	0.0304765608161688	0.697083592414856	0.704765617847443	0.131832927465439	966	4
2216	8.76145076751709	9.52812671661377	24.3642196655273	0.401178777217865	0.04844656214118	0.356945514678955	0.860092401504517	-0.364459782838821	967	4
2217	8.51073455810547	8.90112400054932	24.0166358947754	0.719290971755981	0.0338143520057201	-0.756560385227203	-0.625405013561249	0.191010385751724	967	4
2218	8.72411632537842	9.43741512298584	24.3199558258057	0.809569895267487	0.0449557490646839	0.990144193172455	-0.1360744535923	0.033139530569315	967	4
2219	8.68532752990723	9.33826446533203	24.263240814209	0.350743442773819	0.0148877138271928	0.947052299976349	-0.273031920194626	0.168953731656075	967	4
2220	8.7468843460083	9.49052906036377	24.3427066802979	0.54569798707962	0.043402798473835	-0.33308818936348	0.942718505859375	-0.0182836316525936	967	4
2221	8.80582904815674	9.64148616790771	24.4223670959473	0.773074805736542	0.0437231324613094	0.926885426044464	0.112595461308956	-0.358058333396912	967	4
2222	8.97913837432861	10.1293239593506	24.6676025390625	0.637110888957977	0.0150410737842321	0.731210649013519	-0.0401401557028294	-0.680969595909119	967	4
2223	8.91107273101807	9.91759967803955	24.5736236572266	0.543957710266113	0.018708998337388	-0.473017156124115	0.849032461643219	-0.235368996858597	967	4
2224	8.97813415527344	10.1264476776123	24.6660442352295	0.325778931379318	0.0383419394493103	-0.563567817211151	0.431751430034637	-0.704259991645813	967	4
2225	6.86236381530762	6.5533332824707	22.3559093475342	0.787503719329834	0.00881290622055531	0.28302013874054	-0.775724112987518	0.564049363136292	969	4
2226	6.91185283660889	6.58345937728882	22.4038410186768	0.782287538051605	0.0251472778618336	0.721060812473297	-0.593228876590729	0.357981622219086	969	4
2227	6.82982158660889	6.53345584869385	22.3206272125244	0.840281426906586	0.0630309581756592	0.411950886249542	-0.555286109447479	-0.722463726997375	969	4
2228	7.22347736358643	7.07893085479736	23.1963844299316	0.216827318072319	0.0123352399095893	0.851700246334076	-0.207263886928558	-0.481298536062241	971	4
2229	7.40251684188843	7.67120885848999	24.1282444000244	0.575679004192352	0.051855307072401	0.0104763880372047	-0.666223049163818	-0.745678901672363	975	4
2230	7.46339082717896	7.67502212524414	24.1832504272461	0.628230512142181	0.0135945500805974	0.513729512691498	0.837413489818573	0.186602622270584	975	4
2231	7.59764099121094	7.68234825134277	24.3133811950684	1.00450384616852	0.0487933419644833	-0.620458900928497	0.624812364578247	0.47396245598793	975	4
2232	7.78566455841064	7.69230985641479	24.4916076660156	0.580841660499573	0.0226325336843729	0.646931648254395	0.319729715585709	-0.692280471324921	975	4
2233	7.90702533721924	7.69883871078491	24.6148433685303	0.719076573848724	0.0590321309864521	-0.177017718553543	0.795133113861084	-0.580024242401123	975	4
2234	8.04302215576172	7.70585489273071	24.7454509735107	1.18079042434692	0.0344785787165165	-0.0324880257248878	0.979842483997345	-0.197112053632736	975	4
2235	7.9384126663208	7.70038747787476	24.6428604125977	1.32691717147827	0.0505452118813992	-0.400452494621277	-0.686483919620514	0.606941282749176	975	4
2236	8.13826084136963	7.71077013015747	24.8383159637451	1.06375670433044	0.0152936317026615	-0.00454443693161011	0.875439703464508	-0.483306109905243	975	4
2237	8.04043674468994	7.70574712753296	24.7433319091797	0.921194076538086	0.0164246130734682	0.303479909896851	0.938187301158905	-0.166446849703789	975	4
2238	8.73539543151855	7.66168403625488	25.3803844451904	0.653096079826355	0.00700087938457727	-0.772156655788422	0.609670400619507	-0.179097935557365	975	4
2239	8.11800384521484	7.70947217941284	24.8158874511719	1.42437124252319	0.0359226800501347	0.353968024253845	0.916318118572235	-0.187263801693916	975	4
2240	8.78451156616211	7.67319345474243	25.4219436645508	0.280771285295486	0.0117658488452435	0.563914179801941	0.712885022163391	-0.41688796877861	975	4
2241	8.57720565795898	7.73051881790161	25.2557640075684	0.446861803531647	0.0161363035440445	0.863643109798431	0.463388949632645	-0.198472559452057	975	4
2242	7.16829109191895	8.08181571960449	24.8038578033447	0.521499395370483	0.046130683273077	-0.616419017314911	-0.455858677625656	-0.642043948173523	977	4
2243	7.31857442855835	7.99225473403931	24.8508586883545	1.17766749858856	0.0510565750300884	0.224443569779396	0.930761873722076	-0.288630276918411	977	4
2244	6.32782649993896	8.78542995452881	24.8402938842773	0.435405105352402	0.0474726818501949	-0.542145669460297	-0.480866134166718	0.689090609550476	978	4
2245	6.03860807418823	9.24535083770752	24.6242427825928	0.271324306726456	0.0538978390395641	-0.269066363573074	0.592121422290802	-0.759602248668671	978	4
2246	6.41049385070801	8.21684074401855	24.7769794464111	0.249421328306198	0.0237244442105293	-0.0965388417243958	0.993889153003693	0.0535220205783844	979	4
2247	6.41679000854492	8.67001724243164	25.0289707183838	1.27423012256622	0.0820069536566734	-0.743097722530365	-0.249196350574493	0.621053159236908	980	4
2248	6.61149787902832	8.66393184661865	24.977668762207	0.63951176404953	0.00723102083429694	-0.755231320858002	0.335280060768127	0.563216745853424	980	4
2249	4.91833877563477	9.0765323638916	25.6348037719727	0.449026197195053	0.0046604797244072	-0.170120045542717	0.982165634632111	-0.0800614878535271	980	4
2250	6.47817277908325	8.66032695770264	25.0112743377686	1.6317845582962	0.049228060990572	-0.644570529460907	0.735098838806152	0.210138782858849	980	4
2251	6.14472723007202	8.73419094085693	25.1240215301514	0.467308789491653	0.0183608457446098	-0.975856006145477	-0.190388426184654	0.107038900256157	980	4
2252	5.94884967803955	8.78535842895508	25.1845874786377	0.856433570384979	0.0101440483704209	-0.204938396811485	-0.952038466930389	-0.227207005023956	980	4
2253	5.8503885269165	8.81354427337646	25.2361660003662	0.701324164867401	0.0526745915412903	-0.874896347522736	0.353939265012741	-0.330580294132233	980	4
2254	5.22672414779663	8.99119091033936	25.5228290557861	0.495783865451813	0.0646448060870171	0.1962059289217	0.76002699136734	0.619566082954407	980	4
2255	4.96623849868774	9.062912940979	25.6250762939453	0.389088690280914	0.0194304622709751	-0.233739107847214	0.711533784866333	-0.662635385990143	980	4
2256	6.59704875946045	8.91428089141846	25.4739551544189	0.309826880693436	0.00271428585983813	0.0419066250324249	-0.948454260826111	-0.314131170511246	983	4
2257	6.87318706512451	8.56872844696045	25.4899673461914	0.210231766104698	0.0172035731375217	0.270750552415848	-0.956798613071442	-0.105974137783051	0	0
2258	7.43714046478271	8.18197822570801	25.4115943908691	0.673236310482025	0.0121453618630767	-0.0439258627593517	0.99651038646698	-0.0709749236702919	986	4
2259	7.05872964859009	9.74606418609619	26.0840282440186	0.3479143679142	0.00676776934415102	-0.876569747924805	0.298019826412201	0.377901494503021	989	4
2260	7.01976490020752	9.69093227386475	26.0720825195312	0.680068969726562	0.00727181183174253	0.825707733631134	-0.47150906920433	0.30965468287468	989	4
2261	7.76035833358765	7.85833263397217	21.9035339355469	0.214040115475655	0.0121023925021291	0.57062029838562	-0.31124946475029	0.759944915771484	994	4
2262	7.71860218048096	7.65790462493896	21.9416599273682	0.396668314933777	0.0108017027378082	0.976237058639526	0.150695949792862	-0.155730366706848	995	4
2263	7.74697017669678	7.65446472167969	21.9313411712646	0.674164950847626	0.0111539298668504	0.395392268896103	-0.475022256374359	-0.786141812801361	995	4
2264	7.15209436416626	7.90910863876343	21.8814392089844	1.17254638671875	0.0107080489397049	-0.415193438529968	-0.701794385910034	-0.578877329826355	995	4
2265	6.69137907028198	8.10871696472168	21.8400554656982	0.675547778606415	0.0323417484760284	0.556271851062775	0.769005239009857	-0.314948618412018	995	4
2266	6.77527046203613	8.07216358184814	21.8478832244873	0.492567151784897	0.0402137972414494	0.916466414928436	-0.257336914539337	-0.306377172470093	995	4
2267	6.35707235336304	8.25231742858887	21.8120212554932	0.331462770700455	0.014491599984467	0.573117613792419	0.768785238265991	0.283734858036041	995	4
2268	8.28203296661377	7.07790374755859	20.6856861114502	1.09615838527679	0.0415302030742168	0.660654664039612	-0.642496585845947	-0.388244211673737	996	4
2269	8.63850498199463	7.28265571594238	20.6790447235107	0.442174345254898	0.008653175085783	0.701506733894348	-0.375996381044388	-0.605404794216156	996	4
2270	9.41094398498535	7.72241115570068	20.6572952270508	0.597136974334717	0.00400339858606458	0.369785845279694	-0.554443180561066	-0.745554327964783	996	4
2271	9.03130054473877	7.53893041610718	20.6781997680664	0.610860824584961	0.0099575137719512	-0.07802864164114	-0.516595542430878	-0.852666676044464	996	4
2272	9.21601676940918	7.6003999710083	20.6530456542969	0.450912535190582	0.0084393722936511	0.0578893199563026	-0.901853859424591	-0.428145349025726	996	4
2273	8.0274772644043	8.99840450286865	22.1110553741455	0.84798002243042	0.058264896273613	-0.866019666194916	-0.380746573209763	-0.324101716279984	997	4
2274	8.01105213165283	8.86619186401367	22.2027988433838	1.0526864528656	0.0607027113437653	-0.752131879329681	0.422079920768738	0.50610888004303	997	4
2275	8.02788734436035	9.00232887268066	22.1078758239746	1.06520116329193	0.0401894673705101	-0.861703634262085	0.42339888215065	-0.279643297195435	997	4
2276	8.02309894561768	8.96328544616699	22.1354274749756	0.841732442378998	0.022206986322999	-0.953994452953339	-0.296650737524033	0.043506808578968	997	4
2277	8.01927661895752	8.93171215057373	22.157844543457	0.614730775356293	0.00784445460885763	-0.551483809947968	0.75841623544693	0.347376346588135	997	4
2278	8.08245182037354	9.4318208694458	21.8113288879395	0.875173628330231	0.0107737146317959	-0.651071786880493	0.564961194992065	0.506877064704895	997	4
2279	8.07348442077637	9.36178684234619	21.8598442077637	1.05895853042603	0.0152442483231425	-0.835236608982086	0.549258649349213	0.0263581052422523	997	4
2280	8.06680583953857	9.3069429397583	21.9009113311768	0.768820226192474	0.0474563278257847	0.640653073787689	0.761949360370636	0.0948513820767403	997	4
2281	8.16628932952881	10.0801382064819	21.3716602325439	0.184659421443939	0.0201951917260885	0.701060771942139	0.702703058719635	-0.121334858238697	997	4
2282	8.09736824035645	9.25033950805664	22.7726612091064	1.6000452041626	0.0467539243400097	0.575984537601471	0.799338281154633	-0.171172544360161	1000	4
2283	8.02331447601318	10.9389743804932	22.8998603820801	1.36103820800781	0.0306189991533756	0.557752072811127	-0.477843284606934	0.678659319877625	1000	4
2284	8.07629299163818	9.48609256744385	22.7955913543701	1.10442054271698	0.0350489616394043	-0.889403462409973	0.394817620515823	-0.230392172932625	1000	4
2285	8.05416297912598	9.92167377471924	22.8275699615479	0.508575975894928	0.00981742423027754	-0.499640375375748	0.246125608682632	0.830530941486359	1000	4
2286	8.05285263061523	9.96185207366943	22.8304252624512	0.534851253032684	0.0163235235959291	0.686363935470581	0.138032376766205	0.714038908481598	1000	4
2287	8.03123950958252	10.6064310073853	22.8761138916016	0.564211249351501	0.0171389207243919	-0.823915421962738	0.51911336183548	-0.227342501282692	1000	4
2288	8.01303863525391	11.2568340301514	22.9224052429199	0.362023532390594	0.0118113588541746	0.267833352088928	-0.0247069895267487	-0.963148474693298	1000	4
2289	9.157301902771	9.73798942565918	23.0861759185791	0.349374383687973	0.0101407170295715	0.41796600818634	-0.585559129714966	-0.69456821680069	1002	4
2290	9.46726226806641	9.92110919952393	23.1116580963135	1.07908380031586	0.0139685980975628	0.0764426812529564	0.964812815189362	0.251580774784088	1002	4
2291	9.58297920227051	9.9868106842041	23.1220188140869	0.536688327789307	0.0100721325725317	-0.0710606798529625	-0.521992981433868	-0.849984467029572	1002	4
2292	10.0678157806396	10.2847023010254	23.1627140045166	0.607058763504028	0.00981283280998468	-0.317797303199768	0.807369768619537	-0.497150838375092	1002	4
2293	8.3527250289917	9.50870323181152	23.1788234710693	0.684914946556091	0.004724255297333	0.996855437755585	-0.0402458757162094	0.0682609304785728	1003	4
2294	8.53845500946045	9.81826591491699	23.2552127838135	0.423305660486221	0.0357526838779449	-0.282831728458405	0.558837115764618	0.779555797576904	1003	4
2295	8.57633304595947	9.87527561187744	23.2649021148682	0.40879100561142	0.00960657931864262	0.642582535743713	-0.758348762989044	0.109520986676216	1003	4
2296	8.63473701477051	9.96474170684814	23.2807140350342	0.89459216594696	0.0289752092212439	0.989033758640289	-0.0634391903877258	0.133370593190193	1003	4
2297	8.77844429016113	10.188325881958	23.3215866088867	0.707075357437134	0.0119227198883891	0.525651872158051	0.0793488472700119	0.846991062164307	1003	4
2298	8.92338752746582	10.4117012023926	23.3616065979004	0.533558905124664	0.0150132132694125	-0.121415168046951	-0.20923288166523	0.970298945903778	1003	4
2299	8.99425315856934	10.5217084884644	23.3815937042236	0.520805358886719	0.00468757841736078	0.567868053913116	-0.446175098419189	0.69170343875885	1003	4
2300	8.26382637023926	10.1645946502686	23.8443508148193	0.0927460789680481	0.00966717395931482	0.252037733793259	0.909252524375916	-0.331265449523926	1004	4
2301	8.97392845153809	10.8014326095581	24.0308666229248	0.269495874643326	0.00835788529366255	-0.942234039306641	0.310085147619247	0.126658380031586	1009	4
2302	9.13599109649658	11.016185760498	23.9191761016846	0.447153121232986	0.00993229635059834	-0.0979047641158104	-0.486941009759903	0.867930352687836	1009	4
2303	8.7719612121582	11.0996208190918	24.0619297027588	0.503453016281128	0.0578297935426235	0.0307913068681955	-0.8177170753479	0.574796319007874	1013	4
2304	10.1195449829102	6.62316751480103	24.0993328094482	0.2991563975811	0.0250608809292316	-0.215398594737053	0.915614545345306	-0.339489966630936	0	0
2305	10.0393056869507	6.27748823165894	23.5463199615479	0.348238438367844	0.00456691673025489	0.321244865655899	-0.788956522941589	0.523783802986145	1020	4
2306	10.4245414733887	6.50921630859375	23.7317638397217	0.651914417743683	0.0109324920922518	0.676028788089752	0.457589715719223	0.577578246593475	1021	4
2307	10.5937557220459	6.90856695175171	23.8745975494385	0.660279035568237	0.00522094126790762	0.92151004076004	0.382855415344238	0.0651228725910187	1021	4
2308	9.93174934387207	6.03665065765381	23.0758819580078	0.284238278865814	0.0207062177360058	-0.726788520812988	-0.0154657624661922	0.686687231063843	1022	4
2309	9.85090351104736	5.99186086654663	22.9605369567871	0.969338476657867	0.0462800487875938	-0.66365247964859	0.739630043506622	-0.111860677599907	1022	4
2310	9.98491668701172	6.07176399230957	23.1525745391846	0.709827780723572	0.0466689020395279	-0.47051465511322	-0.871052920818329	0.14100606739521	1022	4
2311	9.87005138397217	6.00197315216064	22.9880485534668	0.665183126926422	0.00991447921842337	-0.85812509059906	-0.343951553106308	0.38120698928833	1022	4
2312	9.67380332946777	5.866774559021	22.7036743164062	0.568861782550812	0.0436271391808987	-0.160911709070206	-0.913341581821442	0.374051868915558	1022	4
2313	9.43549060821533	5.71056461334229	22.3594207763672	1.34169816970825	0.0858981758356094	0.211211740970612	0.973762035369873	-0.0847184062004089	1022	4
2314	10.6187314987183	6.39765071868896	23.3709259033203	1.52519059181213	0.0542171522974968	0.42756849527359	0.294941782951355	-0.854514241218567	1025	4
2315	10.471999168396	6.5614333152771	23.2741394042969	1.12604796886444	0.0408961661159992	-0.774623274803162	-0.514546751976013	-0.367696076631546	1025	4
2316	10.2619380950928	6.8510422706604	22.805513381958	0.882677853107452	0.0445655696094036	-0.0716899707913399	0.875982701778412	-0.476985245943069	1025	4
2317	10.9111671447754	6.34162712097168	23.3522605895996	0.471609234809875	0.0217575076967478	0.977442443370819	-0.0989094153046608	-0.18660993874073	1029	4
2318	10.6716156005859	6.15023899078369	23.1132793426514	0.407514303922653	0.0203257724642754	0.699581563472748	-0.393810361623764	-0.596237301826477	1029	4
2319	10.1975231170654	5.7835750579834	22.6201438903809	1.1399906873703	0.0114239742979407	0.771037757396698	-0.0592579580843449	0.634026288986206	1029	4
2320	10.498119354248	6.01474714279175	22.936128616333	1.44737458229065	0.0471070557832718	0.984762787818909	-0.101940639317036	-0.140891149640083	1029	4
2321	10.2996912002563	5.86054563522339	22.731653213501	0.850817143917084	0.0482341125607491	0.836086928844452	-0.285472184419632	-0.468470185995102	1029	4
2322	10.0615196228027	5.68815851211548	22.467529296875	1.15211546421051	0.0313107743859291	0.930033981800079	-0.10299064218998	-0.352746337652206	1029	4
2323	11.2669305801392	7.41205406188965	23.8064422607422	0.493797391653061	0.052421111613512	0.984489500522614	0.105331547558308	0.140305578708649	1031	4
2324	11.1077184677124	7.9040789604187	23.9273109436035	1.84507346153259	0.0446794144809246	-0.513413488864899	-0.146778076887131	0.845495522022247	1031	4
2325	11.2307720184326	7.52598428726196	23.8348350524902	1.91260457038879	0.0405747629702091	-0.0396033674478531	-0.134758412837982	-0.990086674690247	1031	4
2326	11.1958932876587	7.63245105743408	23.8607234954834	0.880096256732941	0.0484029315412045	0.773710429668427	0.442130327224731	-0.453754127025604	1031	4
2327	11.2034959793091	7.60923719406128	23.8550758361816	0.259861975908279	0.0102930013090372	0.981272280216217	0.175218805670738	-0.0800190716981888	1031	4
2328	10.6553287506104	9.28870487213135	24.2652492523193	0.471589505672455	0.00574106303974986	-0.413011252880096	-0.251042753458023	0.875442326068878	1031	4
2329	10.9362831115723	8.44128227233887	24.0617008209229	0.88139796257019	0.013596948236227	0.863436460494995	0.504446625709534	0.00332607398740947	1031	4
2330	10.8668384552002	8.65110492706299	24.1121959686279	0.856599688529968	0.0163345094770193	0.676884114742279	0.698000550270081	0.233715981245041	1031	4
2331	10.8466863632202	8.71137809753418	24.1265182495117	0.909546136856079	0.0107497777789831	0.531582236289978	0.135191544890404	-0.836148023605347	1031	4
2332	10.8596363067627	8.67273712158203	24.1173629760742	0.984984993934631	0.0119809899479151	0.0510286465287209	0.993110537528992	-0.105486698448658	1031	4
2333	10.776782989502	8.92507076263428	24.1786880493164	0.297573894262314	0.00670564500615001	-0.00992215983569622	0.392037481069565	0.919895708560944	1031	4
2334	11.8334741592407	6.50449514389038	23.5328102111816	0.586730480194092	0.0316834934055805	0.0720167905092239	-0.930383086204529	-0.359445184469223	1033	4
2335	12.6342477798462	5.99846887588501	23.1738891601562	0.772803843021393	0.0117936413735151	0.303502142429352	0.952296078205109	-0.0319173261523247	1033	4
2336	12.692774772644	5.96148872375488	23.1477890014648	0.726952910423279	0.0540231987833977	0.625322878360748	-0.699851393699646	0.345223605632782	1033	4
2337	12.9971494674683	5.7701244354248	23.0136966705322	0.358408361673355	0.0406922101974487	0.387995898723602	-0.628731846809387	-0.673910558223724	1033	4
2338	11.5400152206421	7.20174932479858	22.8422374725342	0.432926863431931	0.00249999994412065	-0.450490087270737	0.0496864542365074	-0.891397774219513	1035	4
2339	11.758807182312	6.62520694732666	23.7893180847168	0.297103226184845	0.053127609193325	-0.65086042881012	-0.47013932466507	0.596112191677094	1037	4
2340	11.8235168457031	6.83307313919067	23.6099319458008	1.50028097629547	0.0743525475263596	-0.419923335313797	-0.239918276667595	0.875273466110229	1037	4
2341	11.8614234924316	6.89435291290283	23.5502223968506	0.904144406318665	0.00640576845034957	0.50602799654007	0.316703259944916	0.802268505096436	1037	4
2342	11.6685962677002	6.3854284286499	24.0014667510986	0.645378530025482	0.0148173673078418	0.48369625210762	0.250112146139145	0.838738203048706	1037	4
2343	11.6584959030151	6.35822343826294	24.0254325866699	0.870840966701508	0.015880735591054	0.428496986627579	-0.0519732423126698	0.902047157287598	1037	4
2344	11.6076974868774	6.22165393829346	24.145715713501	0.379070997238159	0.0144160995259881	0.615492820739746	0.284163117408752	0.73513263463974	1037	4
2345	11.6759262084961	6.40430164337158	23.9846305847168	1.14841306209564	0.0359679274260998	0.608759343624115	-0.793351411819458	-0.00236339797265828	1037	4
2346	11.5101594924927	5.93232774734497	24.3898983001709	0.472189247608185	0.0105435019358993	0.714342951774597	-0.235635831952095	-0.658930838108063	1037	4
2347	12.8987264633179	7.29749011993408	23.5738182067871	0.561701953411102	0.0189824402332306	0.790232837200165	-0.189409047365189	0.582800447940826	1040	4
2348	13.0272130966187	6.9542088508606	23.8439159393311	0.386489450931549	0.0141601031646132	-0.15085244178772	-0.0286134779453278	-0.988142132759094	1040	4
2349	12.9158821105957	7.25995874404907	23.6033306121826	0.35666686296463	0.0199056416749954	-0.330260813236237	-0.296328276395798	0.896168172359467	1040	4
2350	8.70824432373047	6.37304401397705	24.0649528503418	0.828854084014893	0.0357267037034035	0.689047992229462	0.714015901088715	-0.124073125422001	1045	4
2351	8.85553741455078	6.34574604034424	24.2514171600342	2.24209380149841	0.0790178924798965	0.19635808467865	0.963394045829773	0.182525292038918	1045	4
2352	9.29579067230225	8.50576591491699	24.6606559753418	1.24008905887604	0.0747580602765083	0.30075266957283	0.872303247451782	0.385532081127167	2351	4
2353	8.91904258728027	6.33438539505005	24.3329582214355	0.731750905513763	0.0664808675646782	-0.336914122104645	0.14335398375988	0.930558204650879	1045	4
2354	9.58703422546387	6.20813131332397	25.1813106536865	1.04969096183777	0.0786243230104446	0.464392602443695	0.847729027271271	0.25631046295166	1045	4
2355	10.0745029449463	7.097984790802	25.4503574371338	2.76446104049683	0.0606978572905064	-0.585779547691345	0.168321669101715	0.792798936367035	2354	4
2356	8.93883514404297	6.33080387115479	24.3582801818848	1.06035232543945	0.0173284709453583	0.78083211183548	0.440614819526672	-0.442899286746979	1045	4
2357	9.3206787109375	6.25682020187378	24.8390693664551	2.33035254478455	0.0447493828833103	0.775861203670502	0.559939622879028	0.290700614452362	1045	4
2358	9.99373626708984	6.04437875747681	25.7419281005859	1.3318018913269	0.0698232650756836	-0.579645991325378	-0.640426337718964	-0.503849804401398	1046	4
2359	9.78248596191406	6.17600965499878	25.4376945495605	0.862323582172394	0.0589103065431118	0.725634157657623	-0.610324919223785	0.317739725112915	1045	4
2360	9.84725570678711	6.16982889175415	25.5300579071045	0.475689470767975	0.0346073135733604	0.0318266041576862	0.341968059539795	0.939172446727753	1045	4
2361	9.87304306030273	6.16875886917114	25.5702495574951	0.553498566150665	0.0283651333302259	-0.529229462146759	0.413518399000168	0.740890562534332	1045	4
2362	9.90044975280762	6.11801433563232	25.5634746551514	0.264070421457291	0.0180296916514635	-0.715729475021362	0.555352687835693	-0.423455715179443	1045	4
2363	10.5929412841797	4.84295082092285	26.070255279541	0.963201344013214	0.0800789818167686	0.798904120922089	-0.447526782751083	0.401835739612579	1046	4
2364	9.9252405166626	5.89281463623047	25.7896041870117	0.398907601833344	0.0496091209352016	-0.772741198539734	-0.62898987531662	-0.0851046666502953	1046	4
2365	8.968918800354	7.62194061279297	24.9292793273926	0.333645105361938	0.00735961506143212	0.576717734336853	0.495170474052429	0.649771451950073	1048	4
2366	8.82277011871338	7.34651470184326	24.7626991271973	0.963691473007202	0.0410762391984463	0.290639191865921	-0.308427363634109	0.905760109424591	1048	4
2367	8.96595859527588	7.61640453338623	24.9263458251953	0.688842058181763	0.0170114487409592	0.744925320148468	0.283965915441513	0.603696584701538	1048	4
2368	9.24568557739258	8.14551258087158	25.2449569702148	0.499171912670135	0.0349885672330856	-0.359388470649719	0.933081090450287	0.0141301527619362	1048	4
2369	7.33889293670654	7.02438592910767	25.4695873260498	0.896367907524109	0.0168081913143396	-0.456298530101776	0.883458614349365	-0.106265507638454	1053	4
2370	7.29796838760376	6.72508573532104	24.8424320220947	0.866543591022491	0.036322932690382	0.717436254024506	0.682246744632721	0.140799924731255	1053	4
2371	7.12736749649048	6.7025351524353	24.5840339660645	2.52452254295349	0.0612608306109905	-0.644189238548279	0.347697585821152	0.681268334388733	1054	4
2372	7.31834030151367	6.58551502227783	24.7281150817871	0.966811835765839	0.0429756231606007	0.166142761707306	0.0222238507121801	0.985851228237152	1054	4
2373	7.26380586624146	5.90512132644653	25.6084403991699	0.324010401964188	0.0392526462674141	-0.363862156867981	0.778809010982513	-0.510941088199615	1055	4
2374	7.25289535522461	5.81880474090576	25.7056694030762	0.477827310562134	0.0354459658265114	-0.0260179731994867	-0.727783739566803	0.685312926769257	1055	4
2375	7.21361637115479	5.64737510681152	25.9084892272949	0.494923919439316	0.0495240651071072	0.554461896419525	-0.400941044092178	0.729258716106415	1055	4
2376	7.1823148727417	5.54751586914062	26.0348644256592	1.18933117389679	0.0561772547662258	0.727218329906464	0.345491588115692	0.593118071556091	1055	4
2377	7.04309272766113	5.12755298614502	26.5690021514893	0.783133625984192	0.0501624718308449	-0.9574875831604	0.253912329673767	-0.136915981769562	1055	4
2378	6.34164237976074	7.39759492874146	24.502010345459	0.733130753040314	0.0277387518435717	-0.537784814834595	0.564071893692017	-0.626586258411407	1056	4
2379	6.25474786758423	7.56223154067993	24.472620010376	0.965346455574036	0.0876998975872993	-0.0104950498789549	0.953520238399506	-0.301146239042282	1056	4
2380	5.84295845031738	8.19056701660156	24.0876407623291	0.477310240268707	0.0462315417826176	0.187258213758469	0.0632632374763489	-0.980271458625793	1057	4
2381	5.83405256271362	8.45014762878418	23.827184677124	0.357565581798553	0.0483072139322758	0.491513609886169	0.647067368030548	-0.582853496074677	1057	4
2382	5.82376432418823	8.71401691436768	23.5672550201416	0.584828853607178	0.0218110289424658	0.127790614962578	0.823824346065521	-0.552252590656281	1057	4
2383	5.82922410964966	8.5322093963623	23.7530784606934	1.30207633972168	0.0692521929740906	-0.918850123882294	-0.392851948738098	0.0371720753610134	1057	4
2384	5.80683135986328	9.23760414123535	23.0398902893066	1.29455208778381	0.0127480933442712	-0.696811735630035	-0.661576569080353	0.27707377076149	1057	4
2385	5.82792472839355	8.85893440246582	23.3983592987061	0.698448479175568	0.0335477329790592	-0.678530931472778	-0.661090493202209	-0.320242464542389	1057	4
2386	5.81994485855103	8.97013568878174	23.2965755462646	0.438111037015915	0.0117697725072503	0.256285071372986	-0.950657188892365	-0.17483951151371	1057	4
2387	5.81468629837036	9.00499057769775	23.2727890014648	0.552519857883453	0.0376872383058071	-0.965171754360199	0.00304129184223711	-0.26159942150116	1057	4
2388	5.8032169342041	9.36380290985107	22.9118900299072	0.526378452777863	0.0180579982697964	-0.540455102920532	-0.81769323348999	-0.198207139968872	1057	4
2389	5.79876947402954	9.48384952545166	22.7929248809814	0.254508227109909	0.0936426669359207	-0.610112607479095	-0.412311226129532	-0.676581025123596	1057	4
2390	5.80004453659058	9.43277740478516	22.8451919555664	0.626515865325928	0.0710074380040169	-0.467249006032944	0.825116693973541	0.317586064338684	1057	4
2391	5.04096126556396	7.24707984924316	25.1333198547363	0.455420970916748	0.0407115034759045	0.0167105197906494	0.718468606472015	0.695358633995056	1058	4
2392	4.1693263053894	7.8685998916626	25.5555725097656	0.481238663196564	0.0338553301990032	-0.0997492522001266	0.838430762290955	-0.535802185535431	1058	4
2393	4.74762296676636	7.44747591018677	25.3716487884521	0.883824646472931	0.0752419009804726	-0.653184473514557	-0.707556843757629	0.269654184579849	1058	4
2394	5.81149530410767	7.34588718414307	24.988826751709	1.07951998710632	0.0336805246770382	-0.40617823600769	0.856774151325226	0.317737728357315	1059	4
2395	5.77949047088623	7.4081563949585	25.0257568359375	0.475807666778564	0.0685657411813736	0.793911039829254	-0.607953548431396	0.00988534279167652	1059	4
2396	5.4609260559082	7.77242803573608	25.1677398681641	0.50237900018692	0.0424010902643204	-0.945897877216339	0.304778516292572	0.11129829287529	1059	4
2397	4.65076351165771	8.740647315979	25.5683822631836	0.546520173549652	0.0331492125988007	0.704515099525452	0.139566347002983	0.695830225944519	1059	4
2398	5.14334440231323	8.182692527771	25.3629360198975	0.793891787528992	0.0325909666717052	-0.931404292583466	0.145606517791748	-0.333593666553497	1059	4
2399	5.77495098114014	7.19122552871704	25.3089084625244	1.2389749288559	0.0491446070373058	0.504945755004883	-0.538024067878723	0.67495185136795	1061	4
2400	5.48617887496948	7.56522607803345	25.7068061828613	0.449818730354309	0.0545112937688828	0.0625544413924217	0.506868004798889	0.859750986099243	1061	4
2401	3.53078508377075	7.03660535812378	25.3377876281738	0.53094756603241	0.0381257683038712	-0.546722650527954	-0.335900753736496	-0.766984343528748	1064	4
2402	4.95851898193359	6.87218284606934	25.0804843902588	1.28389096260071	0.0603859312832355	-0.729275941848755	-0.328101098537445	-0.600421667098999	1064	4
2403	4.2117338180542	6.87210988998413	25.2101783752441	0.35666212439537	0.0504665337502956	-0.303856551647186	-0.563838601112366	-0.767956495285034	1064	4
2404	3.89532279968262	7.31949186325073	24.6439666748047	0.223755672574043	0.0176052507013083	-0.157862663269043	0.985486090183258	-0.0624230615794659	1065	4
2405	3.24209403991699	7.91178798675537	24.7821998596191	0.0799813196063042	0.124101795256138	0.59233433008194	-0.394806057214737	-0.702330529689789	1068	4
2406	8.60049343109131	5.99688100814819	25.2914791107178	0.359738439321518	0.0145826153457165	0.863440334796906	-0.450902968645096	0.226179853081703	1070	4
2407	8.56021213531494	5.85790252685547	25.5942611694336	0.269495904445648	0.0066812364384532	0.920799791812897	0.24944181740284	-0.299843996763229	1070	4
2408	9.00179100036621	6.31657695770264	25.65061378479	0.225308701395988	0.0499847270548344	0.819053113460541	-0.353438466787338	0.451921731233597	1074	4
2409	9.2078857421875	6.33939981460571	25.9455680847168	0.188540801405907	0.0447133891284466	-0.515444278717041	0.53838312625885	0.666678965091705	1074	4
2410	9.44111919403076	6.36966562271118	26.2871208190918	0.770781636238098	0.0568838678300381	-0.113039329648018	0.768501281738281	0.629783987998962	1074	4
2411	9.5861873626709	6.40158891677856	26.5409126281738	0.496891170740128	0.00973489787429571	-0.825266361236572	0.557091772556305	-0.0926514193415642	1074	4
2412	9.58910369873047	6.4026517868042	26.5488872528076	0.493603318929672	0.0229575205594301	-0.569211840629578	0.126314625144005	0.812430024147034	1074	4
2413	8.22326564788818	6.53313589096069	25.6865139007568	1.3341611623764	0.0271471664309502	0.894016683101654	0.346196293830872	0.284397929906845	1075	4
2414	8.2412805557251	6.51988649368286	25.6681137084961	1.78982663154602	0.0652586817741394	0.239576071500778	-0.07788997143507	0.967748165130615	1075	4
2415	7.73079633712769	6.8876256942749	26.1879272460938	1.21950531005859	0.0492293313145638	0.735480666160583	-0.295988082885742	0.60947459936142	1075	4
2416	7.96582841873169	6.70786190032959	25.9457721710205	0.704457700252533	0.0234167166054249	0.533190131187439	-0.462201744318008	0.708574533462524	1075	4
2417	7.5656042098999	7.02118587493896	26.3585662841797	0.640737175941467	0.0521583184599876	0.360158234834671	0.564840257167816	0.742456436157227	1075	4
2418	8.51198291778564	5.80568599700928	26.4479942321777	0.782654106616974	0.0150277139618993	0.897559225559235	-0.401612788438797	-0.181919142603874	1080	4
2419	7.77194595336914	6.12340211868286	26.1280422210693	0.434840619564056	0.0179042294621468	-0.340195029973984	-0.195736095309258	0.919757962226868	1081	4
2420	7.75675916671753	6.16320323944092	26.1212100982666	0.380432665348053	0.0494935177266598	0.124280370771885	0.829251885414124	0.544881284236908	1081	4
2421	7.74120950698853	6.22360897064209	26.1094989776611	0.365088433027267	0.017241045832634	0.967396259307861	-0.200172156095505	-0.155163109302521	1081	4
2422	7.54105663299561	6.6613245010376	26.0810203552246	0.41499787569046	0.00988199841231108	0.845474541187286	0.222254365682602	0.485567480325699	1081	4
2423	7.67846155166626	6.3459415435791	26.1017532348633	0.431429892778397	0.02251853980124	0.807011425495148	0.522282898426056	-0.275595873594284	1081	4
2424	8.166823387146	5.64872884750366	25.9152221679688	0.329420179128647	0.0158514697104692	-0.893848419189453	-0.433792471885681	0.113397493958473	1083	4
2425	7.68915176391602	6.13609790802002	26.7576599121094	0.444260984659195	0.039588812738657	0.383221626281738	-0.57620894908905	0.721889436244965	1084	4
2426	7.68395757675171	6.18175268173218	26.7400455474854	0.534712970256805	0.050793282687664	0.829746961593628	-0.29900273680687	0.471293091773987	1084	4
2427	6.97933149337769	6.08811283111572	26.4864501953125	0.357051223516464	0.00707147736102343	-0.819521427154541	0.462213277816772	-0.338738173246384	1085	4
2428	7.44957971572876	6.50107955932617	26.5302467346191	0.284860461950302	0.0119207594543695	-0.180757910013199	0.547565042972565	0.817006230354309	1088	4
2429	7.40602922439575	6.55297946929932	26.5302677154541	0.442357420921326	0.00950391590595245	0.433986216783524	-0.419428557157516	0.797330379486084	1088	4
2430	7.3264365196228	6.1518235206604	26.7980136871338	0.812483429908752	0.0433459989726543	-0.53019505739212	0.153384476900101	0.833886325359344	1089	4
2431	7.25736951828003	5.52677345275879	27.5171146392822	0.603665351867676	0.0212735924869776	0.132721111178398	-0.497457295656204	0.857275545597076	1091	4
2432	7.31418418884277	5.51655530929565	27.510799407959	0.196862205862999	0.0148692484945059	0.368078023195267	-0.414535582065582	0.832273304462433	1091	4
2433	7.51628684997559	5.87282752990723	27.2766036987305	0.590882778167725	0.0224007926881313	0.783824861049652	0.301375687122345	0.542946875095367	1092	4
2434	7.50073528289795	5.9008617401123	27.2462043762207	0.542984783649445	0.0369211472570896	0.552357137203217	0.100869253277779	0.827482283115387	1092	4
2435	9.86849498748779	5.86473846435547	24.6300315856934	0.370911329984665	0.01654302328825	-0.38380041718483	-0.813226163387299	0.437447756528854	1094	4
2436	9.88730716705322	5.86955213546753	24.631519317627	0.285277247428894	0.0155327850952744	0.37224680185318	0.835380673408508	0.404439628124237	1094	4
2437	8.87852478027344	4.9281120300293	25.9414367675781	0.488226115703583	0.0182170961052179	0.138626977801323	-0.961200356483459	0.238487869501114	1099	4
2438	8.84405326843262	4.87939929962158	25.848970413208	0.495775043964386	0.0162816513329744	0.660703718662262	-0.0104191955178976	-0.750574469566345	1099	4
2439	10.583025932312	5.15051364898682	26.074405670166	0.196276888251305	0.00780882500112057	0.509700059890747	-0.627164483070374	0.588957130908966	1104	4
2440	8.8828125	4.81725120544434	15.5409841537476	0.715360999107361	0.0478576645255089	0.649440407752991	-0.125302225351334	-0.750017642974854	1112	4
2441	9.45109748840332	5.29471874237061	15.6263198852539	0.894826173782349	0.0555263310670853	0.252914547920227	-0.49457511305809	0.831522583961487	1113	4
2442	9.19358539581299	5.39784097671509	15.6594820022583	1.04021883010864	0.0423456095159054	0.344881504774094	0.930990040302277	-0.119641698896885	1113	4
2443	9.50617790222168	5.27338886260986	15.6186819076538	1.12244629859924	0.0105281993746758	0.104160659015179	0.851134538650513	0.514510035514832	1113	4
2444	9.53364086151123	5.26455497741699	15.6134490966797	0.124841347336769	0.0272445846349001	0.353850305080414	-0.809709191322327	0.468146353960037	1113	4
2445	9.74721622467041	5.17969179153442	15.5854578018188	1.03968143463135	0.048438735306263	0.75675505399704	0.631259381771088	0.169804200530052	1113	4
2446	9.48791790008545	5.68612909317017	15.0707492828369	0.257169872522354	0.0115333991125226	-0.239963218569756	0.668467938899994	-0.703966021537781	1115	4
2447	10.0798540115356	5.91150379180908	14.939624786377	0.697120904922485	0.0238490216434002	-0.0192288681864738	-0.72199159860611	-0.691634595394135	0	0
2448	7.37884378433228	4.40402555465698	14.3924760818481	0.420488387346268	0.0169886276125908	-0.0562740080058575	-0.580691456794739	-0.812176465988159	1119	4
2449	7.33759498596191	4.35176658630371	14.4421434402466	2.95375466346741	0.0841102674603462	-0.798043251037598	0.599644601345062	0.0596102401614189	1119	4
2450	7.12079477310181	3.82127571105957	14.8537549972534	0.706156492233276	0.0370728299021721	-0.720309555530548	0.613457560539246	-0.323765516281128	1119	4
2451	7.15303039550781	3.88149952888489	14.8032140731812	0.699063897132874	0.0429013036191463	-0.0846223309636116	-0.54985386133194	-0.83096319437027	1119	4
2452	7.22717761993408	4.02734470367432	14.6814384460449	2.14303708076477	0.0635299682617188	-0.92892324924469	-0.0529102087020874	-0.366472482681274	1119	4
2453	7.13487100601196	3.8481433391571	14.8311376571655	1.2153981924057	0.0894227921962738	0.510248303413391	-0.829063713550568	-0.228692293167114	1119	4
2454	7.05691480636597	3.70418357849121	14.9522314071655	1.09443032741547	0.0348894745111465	-0.598491191864014	0.0274221692234278	-0.800659894943237	1119	4
2455	6.79857444763184	3.25241613388062	15.3313798904419	0.871191740036011	0.0495087802410126	0.69408655166626	-0.130785539746284	-0.707911729812622	1119	4
2456	6.92437887191772	3.46988677978516	15.1490602493286	1.14986336231232	0.0746467411518097	0.375716865062714	-0.774617791175842	-0.50872790813446	1119	4
2457	6.88241052627563	3.39693284034729	15.2102699279785	1.54227423667908	0.0699377208948135	-0.636909306049347	-0.0827378705143929	-0.76648610830307	1119	4
2458	6.32420778274536	2.43613862991333	16.018180847168	1.21789598464966	0.0362490639090538	0.559983432292938	0.582629680633545	-0.589034259319305	1119	4
2459	6.71376514434814	3.10721111297607	15.4529438018799	1.68942630290985	0.0793726444244385	-0.731102406978607	0.161288350820541	-0.662929356098175	1119	4
2460	6.61745548248291	2.94354820251465	15.5897197723389	2.79195737838745	0.0615958459675312	-0.721733093261719	-0.172697097063065	-0.67028135061264	1119	4
2461	6.57457065582275	2.87098073959351	15.6502952575684	2.4725387096405	0.0800723358988762	-0.342587232589722	-0.612183749675751	-0.712646424770355	1119	4
2462	6.46812725067139	2.69111466407776	15.8004035949707	2.26192998886108	0.0746808871626854	0.0323715396225452	-0.43223774433136	-0.901178419589996	1119	4
2463	6.12466335296631	2.12409949302673	16.2692279815674	0.913782775402069	0.0677690356969833	0.985727846622467	-0.165383636951447	0.0314474254846573	1119	4
2464	6.35562658309937	2.48418927192688	15.9803714752197	1.81227028369904	0.0609597153961658	0.817560911178589	-0.227576985955238	-0.528964042663574	1119	4
2465	6.16973352432251	2.19281792640686	16.2143745422363	0.954077482223511	0.0102988919243217	-0.0574901960790157	-0.288511276245117	-0.955748975276947	1119	4
2466	6.08635473251343	2.06808257102966	16.313383102417	0.821164429187775	0.0217184312641621	-0.126484036445618	-0.156397685408592	-0.979561865329742	1119	4
2467	7.13012981414795	4.91759777069092	13.83229637146	0.410338521003723	0.037454679608345	0.00455759139731526	-0.27683824300766	-0.960905730724335	1120	4
2468	6.93142127990723	4.57704257965088	13.7442417144775	0.605848729610443	0.0577103234827518	0.390596449375153	0.304287046194077	-0.868817448616028	1120	4
2469	6.83169460296631	4.35855960845947	13.6863746643066	1.11604475975037	0.0768910497426987	0.446843862533569	-0.211304739117622	-0.869299113750458	1120	4
2470	6.44295167922974	3.66665601730347	13.4092540740967	0.459003925323486	0.0114444876089692	0.427030503749847	-0.779768049716949	0.457828313112259	1120	4
2471	8.77229690551758	3.25738954544067	14.3859958648682	0.450924634933472	0.0148596381768584	0.0587062425911427	0.736566364765167	-0.673812687397003	1122	4
2472	9.07471179962158	3.51465797424316	14.5519342422485	0.736751139163971	0.0126060759648681	0.498370587825775	-0.671180486679077	0.548765420913696	1123	4
2473	8.70942211151123	3.64619851112366	14.5251665115356	0.668557107448578	0.0349057652056217	0.280336320400238	0.653675079345703	0.702937006950378	1123	4
2474	9.05645561218262	3.50303435325623	14.5401525497437	0.567346513271332	0.00991479493677616	0.446283996105194	-0.748464941978455	0.49054142832756	1123	4
2475	9.53214550018311	3.412602186203	14.6005306243896	1.51606929302216	0.0373349860310555	-0.78653210401535	0.616919338703156	-0.027889296412468	1123	4
2476	9.34057140350342	3.44925284385681	14.5794525146484	0.619304418563843	0.0374356172978878	-0.196968600153923	0.599854230880737	0.775485813617706	1123	4
2477	9.69778060913086	3.43866324424744	14.5870056152344	0.401743859052658	0.00857057422399521	-0.00824908260256052	0.99170708656311	-0.128253653645515	1123	4
2478	9.41146945953369	3.43348240852356	14.587100982666	0.896328389644623	0.0557329915463924	0.242050901055336	0.968943297863007	-0.0505985729396343	1123	4
2479	8.8563871383667	3.0348424911499	14.4356336593628	0.404159039258957	0.0138168772682548	0.508514225482941	-0.452237755060196	-0.732730627059937	1124	4
2480	9.17990112304688	2.94080567359924	14.2944583892822	0.636766016483307	0.0550047159194946	0.628569006919861	0.478448271751404	0.613178789615631	1124	4
2481	8.79463005065918	2.5879979133606	14.3702630996704	0.634809851646423	0.0424679107964039	0.553224682807922	-0.738250076770782	0.385913610458374	1125	4
2482	8.98771190643311	2.50783085823059	14.3897132873535	0.676540076732635	0.0561875738203526	-0.91144859790802	-0.373644441366196	-0.172195330262184	1125	4
2483	9.02423286437988	2.48329567909241	14.3871612548828	1.54548490047455	0.0726561546325684	-0.301992833614349	-0.727184593677521	-0.616443693637848	1125	4
2484	9.31876945495605	2.2218189239502	14.3763999938965	0.464664191007614	0.0537270680069923	0.714637696743011	-0.299621403217316	0.63207596540451	1125	4
2485	9.06888294219971	2.47476291656494	14.3719692230225	0.841628789901733	0.0399544723331928	-0.380954712629318	0.839829325675964	0.386730253696442	1125	4
2486	9.49114513397217	2.08031558990479	14.3535051345825	0.649264335632324	0.0338699370622635	0.762831509113312	0.520397961139679	-0.383762985467911	1125	4
2487	9.21017837524414	2.32779502868652	14.376727104187	1.16366314888	0.0369197018444538	0.851325333118439	-0.515218257904053	-0.0989707112312317	1125	4
2488	10.0262699127197	1.52286314964294	14.3788385391235	1.07492291927338	0.0556801818311214	-0.987655997276306	0.00630989531055093	-0.156511396169662	1125	4
2489	9.02844905853271	2.22704315185547	14.3274707794189	0.313576430082321	0.0542330406606197	-0.453117549419403	-0.889879465103149	-0.0529061406850815	1126	4
2490	8.97371959686279	2.30439186096191	14.3391513824463	0.519433319568634	0.0107537945732474	0.564647674560547	0.00830739550292492	0.825290322303772	1126	4
2491	8.91898918151855	2.45267820358276	14.1805830001831	0.343647450208664	0.00836708024144173	0.508771598339081	0.134154379367828	-0.850384652614594	1127	4
2492	9.11650276184082	1.89448070526123	14.1418056488037	0.610623776912689	0.045952569693327	0.553801417350769	-0.832255005836487	0.0256042052060366	1128	4
2493	9.26131057739258	1.73573529720306	14.1154203414917	0.370375782251358	0.00879540480673313	0.432165801525116	-0.638086915016174	0.637242376804352	1128	4
2494	9.16524219512939	1.86672008037567	14.1304607391357	0.477254301309586	0.0449618436396122	0.749304473400116	0.233420550823212	0.619723856449127	1128	4
2495	9.59751033782959	1.03001272678375	13.7431907653809	0.495649516582489	0.00910016428679228	0.916863560676575	0.140516772866249	0.373652517795563	1129	4
2496	8.35839176177979	4.07370471954346	17.6263370513916	0.308268815279007	0.0245961919426918	0.619174480438232	0.0483645014464855	-0.783762633800507	1136	4
2497	8.36137199401855	3.7991635799408	17.688325881958	0.392212629318237	0.0346408076584339	0.54276716709137	-0.485681682825089	-0.685213088989258	1136	4
2498	8.85139560699463	1.87873613834381	18.2447948455811	0.983561992645264	0.0762788504362106	-0.377523601055145	-0.852329909801483	0.361952573060989	1137	4
2499	8.3782320022583	3.28530693054199	17.8547630310059	0.386188060045242	0.0726372674107552	-0.0450404025614262	-0.642291247844696	-0.765136182308197	1136	4
2500	8.3719539642334	2.97348856925964	17.6955280303955	2.6894748210907	0.0597772374749184	0.803105890750885	-0.57017594575882	-0.172974988818169	2499	4
2501	8.52599811553955	2.7271032333374	18.0683250427246	0.749321103096008	0.0394725799560547	0.765828669071198	0.171769171953201	-0.619678676128387	1136	4
2502	8.44347858428955	2.49673295021057	18.179759979248	0.656625211238861	0.032035730779171	-0.901799082756042	0.267628908157349	-0.339312613010406	1137	4
2503	8.55875301361084	2.49263477325439	18.2306823730469	1.24423658847809	0.0657943412661552	0.951126098632812	-0.101874858140945	-0.29151439666748	1137	4
2504	8.41531753540039	2.58005309104919	18.084566116333	1.17855072021484	0.0171433258801699	0.126019582152367	-0.990665555000305	0.0519695729017258	1137	4
2505	9.49751091003418	0.762265920639038	18.2353858947754	0.565573632717133	0.0462211966514587	-0.642726540565491	-0.503002822399139	-0.577832818031311	1137	4
2506	8.86895275115967	1.87638163566589	18.2435970306396	0.298691511154175	0.0364288352429867	0.997472047805786	0.0606408193707466	0.0370433330535889	1137	4
2507	9.02413940429688	1.57991278171539	18.2487964630127	0.277628511190414	0.0544677972793579	0.685681879520416	-0.682345151901245	0.253467202186584	1137	4
2508	9.08279895782471	1.3706967830658	18.2511806488037	0.475903958082199	0.0450233593583107	-0.905564248561859	-0.323616832494736	-0.27427276968956	1137	4
2509	9.15751171112061	1.18484282493591	18.2473258972168	0.36720284819603	0.0427362956106663	-0.256749898195267	-0.862989842891693	-0.435118317604065	1137	4
2510	9.47443962097168	0.745531320571899	18.257833480835	0.247138231992722	0.0347931943833828	0.47650870680809	0.846565663814545	-0.237204745411873	1137	4
2511	9.30981540679932	1.02248203754425	18.2595844268799	0.505411207675934	0.0464380346238613	0.713147282600403	0.642567932605743	0.280227601528168	1137	4
2512	9.49474048614502	0.750775456428528	18.2436656951904	0.498305290937424	0.054139755666256	0.977265596389771	0.00598659692332149	0.211934313178062	1137	4
2513	8.77320003509521	4.28559398651123	18.2512836456299	0.325200825929642	0.00352100725285709	0.733277499675751	-0.322044610977173	-0.598825037479401	1140	4
2514	8.33055591583252	4.01886510848999	18.3504219055176	0.648633599281311	0.0620938614010811	0.0714365914463997	0.913079679012299	0.401475220918655	1141	4
2515	8.3518180847168	4.07756614685059	18.2759838104248	0.666178226470947	0.0660963654518127	-0.176945149898529	0.956409692764282	0.232316479086876	1141	4
2516	8.40769195556641	4.23120737075806	18.0773086547852	0.742475867271423	0.0463776178658009	-0.968594670295715	-0.200860619544983	0.146558493375778	1141	4
2517	8.3356761932373	4.03519678115845	18.3177452087402	0.818602621555328	0.0476233214139938	-0.347802251577377	-0.862818837165833	0.366847723722458	1141	4
2518	8.05096435546875	3.32889103889465	18.6180477142334	2.41951084136963	0.0447679199278355	0.0942160561680794	-0.939765274524689	0.328579634428024	2517	4
2519	8.25454616546631	3.8126757144928	18.5992469787598	0.295270651578903	0.0871450901031494	-0.932742893695831	0.328102380037308	-0.149463668465614	1141	4
2520	8.26934242248535	3.8527889251709	18.550952911377	0.541941463947296	0.0366535596549511	0.543572127819061	-0.688757002353668	0.479732394218445	1141	4
2521	8.17622566223145	3.5989134311676	18.8616390228271	0.963376343250275	0.0407916828989983	-0.660137712955475	0.742706954479218	-0.112269841134548	1141	4
2522	8.15626049041748	3.546555519104	18.9171333312988	0.798965871334076	0.0423017106950283	-0.952353119850159	0.202063754200935	-0.228459522128105	1141	4
2523	8.16875839233398	3.57871794700623	18.885835647583	0.504398047924042	0.00798577442765236	0.434392392635345	0.835718512535095	0.335972964763641	1141	4
2524	8.23225021362305	3.75127673149109	18.6764297485352	0.858230352401733	0.0402950532734394	0.517249464988708	0.730658769607544	0.445635288953781	1141	4
2525	8.11696338653564	3.43778228759766	19.0573787689209	0.364713430404663	0.0493902377784252	-0.0347828604280949	-0.4800084233284	0.876574039459229	1141	4
2526	8.0846004486084	3.34743070602417	19.1733322143555	0.979453921318054	0.068302795290947	-0.82348906993866	-0.40985631942749	0.392279922962189	1141	4
2527	8.14243221282959	3.5077018737793	18.9701690673828	1.5942519903183	0.0722020044922829	-0.0214506909251213	-0.3310486972332	0.943369805812836	1141	4
2528	8.10823440551758	2.9799268245697	20.4741382598877	2.40539598464966	0.0534994900226593	0.540786683559418	-0.675208628177643	0.501640498638153	2527	4
2529	7.94410514831543	2.96731400489807	19.595308303833	1.21552264690399	0.0532528050243855	-0.0196533277630806	-0.856826484203339	-0.515230298042297	1141	4
2530	8.01927185058594	3.17229390144348	19.3794536590576	0.629268705844879	0.0346075110137463	0.515247702598572	-0.712566018104553	0.476203143596649	1141	4
2531	7.86512994766235	2.71411085128784	19.8507862091064	1.35284686088562	0.0554186142981052	-0.450411170721054	-0.703415811061859	0.549850881099701	1141	4
2532	8.24066925048828	2.46349358558655	19.8887691497803	0.707278311252594	0.0292277000844479	0.655090391635895	0.311767220497131	-0.688227951526642	1142	4
2533	9.1118278503418	1.32562983036041	20.1718978881836	0.596882820129395	0.0150512484833598	0.840064406394958	0.31646254658699	-0.440616935491562	1142	4
2534	8.98589420318604	1.49103891849518	20.1345691680908	0.731331527233124	0.0134100271388888	0.709994435310364	0.653488159179688	0.26241409778595	1142	4
2535	9.90569972991943	0.290405511856079	20.3750076293945	0.470123499631882	0.0665906667709351	-0.26720005273819	0.830290853977203	-0.489102333784103	1142	4
2536	9.21010589599609	1.19781339168549	20.1978511810303	0.299627751111984	0.0141598088666797	-0.326284915208817	0.0837419405579567	0.94155478477478	1142	4
2537	9.56430816650391	0.733857154846191	20.2996864318848	0.410551577806473	0.0185719970613718	-0.613011300563812	0.238789767026901	0.753124535083771	1142	4
2538	9.73759841918945	0.509612321853638	20.3410530090332	0.342671722173691	0.0144609063863754	-0.700024664402008	0.128421992063522	0.702476501464844	1142	4
2539	9.63403701782227	0.644624471664429	20.3136024475098	0.739745557308197	0.0110803786665201	0.9577796459198	-0.282535523176193	-0.053215280175209	1142	4
2540	9.80474281311035	0.422609567642212	20.347599029541	0.379749000072479	0.0345104672014713	0.554636836051941	-0.654924750328064	-0.513275265693665	1142	4
2541	9.91034698486328	0.280016183853149	20.3631248474121	0.396927744150162	0.0138983968645334	-0.792015731334686	-0.580739080905914	-0.188290059566498	1142	4
2542	9.42206382751465	3.58941316604614	19.1066703796387	0.296948581933975	0.0038851082790643	-0.979551374912262	0.116334691643715	-0.164150312542915	1145	4
2543	9.85469055175781	2.51744651794434	19.0853729248047	0.432712942361832	0.0428708456456661	-0.277055382728577	-0.465483069419861	-0.840574741363525	1146	4
2544	9.91577529907227	2.35835123062134	19.0900363922119	0.308735400438309	0.0101594999432564	0.345680415630341	-0.778974831104279	0.523166477680206	1146	4
2545	10.1517095565796	1.740478515625	19.1073341369629	0.848127603530884	0.0359195433557034	0.610491394996643	-0.789188742637634	0.0669428110122681	1146	4
2546	11.6989707946777	1.87051177024841	20.1573104858398	0.286954611539841	0.0443867482244968	0.848588645458221	0.514848709106445	0.121770568192005	1150	4
2547	8.49641036987305	4.01710224151611	16.9779396057129	0.461681753396988	0.0116844177246094	0.73439747095108	0.416157811880112	-0.536165058612823	1155	4
2548	8.64561176300049	3.97749733924866	16.9840660095215	0.502773344516754	0.0140904039144516	0.493241548538208	-0.827109754085541	-0.269448131322861	1155	4
2549	8.50210094451904	5.32837963104248	18.4770393371582	0.434935480356216	0.00360149634070694	-0.336420685052872	-0.936514437198639	0.0988021567463875	1161	4
2550	7.98327302932739	5.61262226104736	18.2185821533203	0.499919027090073	0.0049958941526711	0.406305313110352	0.908302545547485	-0.0995110496878624	1163	4
2551	10.7733917236328	2.81659269332886	20.5637645721436	1.06898176670074	0.0394820533692837	-0.0262929555028677	-0.994711756706238	0.0992837399244308	1167	4
2552	11.1538743972778	2.4372706413269	20.7420921325684	0.743237257003784	0.0515722818672657	0.393941938877106	-0.91572892665863	-0.0790591314435005	1167	4
2553	11.1960105895996	2.39535474777222	20.7619590759277	1.04537928104401	0.041144534945488	0.106894105672836	-0.981541037559509	-0.158590048551559	1167	4
2554	11.2791576385498	2.31269311904907	20.801248550415	0.347062200307846	0.0152630005031824	0.0466941893100739	-0.906978905200958	-0.418579757213593	1167	4
2555	11.2941284179688	2.29792737960815	20.8085803985596	0.854917585849762	0.0527540408074856	-0.455022364854813	-0.779750227928162	0.430051535367966	1167	4
2556	11.3256120681763	2.26674628257751	20.8237190246582	0.832280099391937	0.0406337603926659	-0.288914203643799	-0.895197927951813	0.339336514472961	1167	4
2557	11.528223991394	2.06757640838623	20.9240417480469	0.881283044815063	0.0379536300897598	-0.553992331027985	0.540602147579193	0.633120775222778	1167	4
2558	11.5295124053955	2.06661605834961	20.9252128601074	0.998919606208801	0.0582088455557823	0.685710728168488	0.315992563962936	-0.655705273151398	1167	4
2559	11.5236043930054	2.07266354560852	20.9227066040039	0.699969708919525	0.0589946582913399	0.805292904376984	-0.412388503551483	-0.425956636667252	1167	4
2560	11.7633609771729	1.83011984825134	21.0248908996582	0.535986721515656	0.0130518060177565	-0.946470499038696	0.131870314478874	-0.294625043869019	1167	4
2561	11.7260894775391	1.8681058883667	21.0110931396484	0.595657169818878	0.0149746453389525	-0.465897887945175	-0.650861859321594	-0.59943151473999	1167	4
2562	11.5578050613403	2.03839921951294	20.9384689331055	0.7478107213974	0.0110998852178454	-0.00507819838821888	-0.999477922916412	-0.0319077149033546	1167	4
2563	9.98186874389648	3.29235887527466	20.7033309936523	0.33126363158226	0.0672045648097992	-0.367678493261337	0.671392917633057	0.643462538719177	1169	4
2564	9.86007022857666	3.51476693153381	20.9164867401123	2.57460927963257	0.0692272558808327	0.159298896789551	-0.634359419345856	0.756447017192841	2563	4
2565	10.0697546005249	2.88273859024048	20.4884281158447	0.341777145862579	0.0487455241382122	-0.1943638920784	0.289031744003296	-0.937381088733673	1170	4
2566	10.0435094833374	2.95512294769287	20.6706504821777	0.645064651966095	0.122134618461132	-0.168214246630669	0.640451550483704	-0.749350249767303	1170	4
2567	10.3595170974731	2.53586077690125	20.6188297271729	0.825016856193542	0.0749750807881355	-0.699778020381927	-0.714062631130219	0.0206243749707937	1170	4
2568	10.374870300293	2.46802735328674	20.6384086608887	0.249067366123199	0.0591509193181992	0.232177942991257	-0.727508366107941	-0.645619869232178	1170	4
2569	10.5869970321655	1.45535850524902	20.9062252044678	0.81781405210495	0.0440646633505821	-0.885208666324615	-0.459116369485855	0.0749515891075134	1170	4
2570	10.5438528060913	1.64917492866516	20.8438816070557	1.13290357589722	0.0901659354567528	-0.0776835083961487	-0.757926166057587	0.64769846200943	1170	4
2571	10.5627861022949	1.54976332187653	20.86452293396	0.648717939853668	0.0333440713584423	0.401518553495407	-0.897902488708496	0.180427193641663	1170	4
2572	10.5778255462646	1.49457454681396	20.8909664154053	0.828605890274048	0.0729455053806305	0.090596117079258	0.151592686772346	0.984282493591309	1170	4
2573	10.6068696975708	1.36064600944519	20.9340534210205	0.657852172851562	0.0372363477945328	0.863266289234161	-0.416609942913055	0.28496915102005	1170	4
2574	10.5858488082886	1.37699437141418	20.8798675537109	0.462640941143036	0.0387640371918678	0.452841848134995	0.76698100566864	-0.454614609479904	1170	4
2575	10.6291608810425	1.15616106987	20.9300193786621	0.834437251091003	0.0427208840847015	0.963157773017883	0.0131635805591941	-0.268614649772644	1170	4
2576	10.6444482803345	1.0245053768158	20.9442615509033	1.29157602787018	0.0294902175664902	0.127952441573143	0.577436685562134	-0.806346774101257	1170	4
2577	12.9633474349976	2.42479968070984	21.3759250640869	0.205275624990463	0.0222154837101698	0.729612648487091	-0.0985669493675232	-0.676719963550568	1174	4
2578	11.9118309020996	2.50011920928955	21.3991355895996	0.545659005641937	0.0120311453938484	-0.319878041744232	-0.940920531749725	-0.11111481487751	1175	4
2579	11.9662246704102	3.16873455047607	21.658670425415	0.484862476587296	0.0516622886061668	-0.189040392637253	-0.541651844978333	0.819070756435394	1176	4
2580	12.0562019348145	2.74475860595703	21.7247200012207	0.352015107870102	0.0142729422077537	-0.895179986953735	0.386829733848572	-0.221394658088684	1176	4
2581	11.9909906387329	3.05359125137329	21.6782703399658	0.777822554111481	0.0218283124268055	0.808946907520294	-0.502282619476318	-0.305478364229202	1176	4
2582	12.0350885391235	2.84360218048096	21.7082824707031	1.08815801143646	0.0493156649172306	0.981610774993896	0.167379066348076	-0.0917848348617554	1176	4
2583	12.0399532318115	2.82390451431274	21.7166538238525	1.00435996055603	0.0257841050624847	0.942692041397095	0.122491836547852	0.310366719961166	1176	4
2584	11.8629016876221	3.37332725524902	21.5688896179199	0.809689819812775	0.00601472239941359	0.433779448270798	-0.549846053123474	0.713795959949493	1176	4
2585	12.6183338165283	3.55469250679016	21.4939785003662	0.380112498998642	0.0174242053180933	-0.442235916852951	0.866741895675659	-0.230620518326759	1182	4
2586	12.3770999908447	3.28394651412964	21.3240222930908	0.293962061405182	0.0229280777275562	0.662892460823059	0.33083713054657	-0.671655058860779	1183	4
2587	13.2082509994507	3.49159622192383	21.2743835449219	0.523058354854584	0.0127966357395053	-0.934195697307587	0.0774732902646065	0.34824737906456	1186	4
2588	13.0565986633301	4.07999467849731	21.3999729156494	0.375538855791092	0.0205230992287397	0.992632865905762	-0.0878965631127357	-0.0833915248513222	1187	4
2589	13.1127920150757	3.81107997894287	21.5981998443604	0.450784027576447	0.0494751892983913	0.965967953205109	0.159041613340378	0.203989446163177	1188	4
2590	4.85492038726807	7.71913719177246	16.273509979248	0.277929574251175	0.0103932814672589	-0.872479677200317	-0.248755887150764	0.420594602823257	1198	4
2591	5.4053692817688	7.46694946289062	16.3013515472412	0.551339268684387	0.00987905636429787	-0.906336903572083	-0.382498562335968	-0.17957828938961	1198	4
2592	4.84425258636475	5.2933406829834	16.4832382202148	0.330882698297501	0.00589768309146166	0.528370141983032	0.847573757171631	-0.0494357123970985	1204	4
2593	4.29188013076782	5.01999282836914	16.1554355621338	0.401017725467682	0.0501327663660049	0.468197733163834	0.730646312236786	-0.496937483549118	1205	4
2594	4.1741042137146	5.01282930374146	16.1322402954102	0.386374205350876	0.0361433699727058	-0.376026749610901	0.924147188663483	0.0674972012639046	1205	4
2595	3.92332911491394	4.92201995849609	16.1287651062012	0.628000736236572	0.058326318860054	0.0600715391337872	-0.688598394393921	-0.722650408744812	1205	4
2596	3.95608472824097	4.92119312286377	16.1416072845459	0.824895441532135	0.0423595868051052	-0.712410151958466	-0.558737874031067	-0.424598395824432	1205	4
2597	3.21938109397888	4.94173955917358	14.7082872390747	0.677727520465851	0.00834167189896107	0.812042474746704	0.583356380462646	-0.0168043617159128	1206	4
2598	4.8728199005127	4.40145397186279	15.2879219055176	0.79681921005249	0.0495978966355324	-0.828705430030823	0.325785994529724	0.455094426870346	1207	4
2599	4.21128416061401	5.25540637969971	15.5422143936157	0.602696299552917	0.0215694792568684	0.683401167392731	0.264363408088684	-0.680495977401733	1208	4
2600	4.20695829391479	5.37792253494263	15.3952007293701	0.382379233837128	0.0203185472637415	0.618548989295959	0.363180339336395	-0.696776211261749	1208	4
2601	3.91473722457886	4.63331460952759	15.2839422225952	0.348861247301102	0.00946329068392515	-0.271019577980042	-0.714311420917511	-0.645219087600708	1212	4
2602	3.25608038902283	4.44933843612671	14.6210784912109	0.166759505867958	0.0386661849915981	-0.304898172616959	-0.849316537380219	0.430927574634552	1216	4
2603	5.03783750534058	4.24834537506104	16.364860534668	0.613329529762268	0.0113798351958394	-0.155209124088287	-0.840795695781708	0.518625795841217	1220	4
2604	5.01164674758911	4.50631093978882	16.4471797943115	0.868483126163483	0.0123837264254689	-0.752622902393341	-0.121826164424419	0.647083640098572	1220	4
2605	5.01019239425659	4.51869869232178	16.4509925842285	0.924843668937683	0.0407934486865997	-0.962913990020752	0.130231037735939	0.23629754781723	1220	4
2606	4.95546436309814	5.14305353164673	16.6558303833008	0.760488986968994	0.0169324241578579	-0.968379080295563	-0.0296891070902348	0.2477106153965	1220	4
2607	5.78146839141846	8.12492084503174	15.196907043457	0.359347999095917	0.0110797826200724	-0.658584296703339	0.744926333427429	0.10654354095459	1224	4
2608	5.73390293121338	9.82396221160889	19.5105514526367	0.236112132668495	0.0068001295439899	-0.525634944438934	0.812710106372833	-0.251416176557541	1228	4
2609	5.73609209060669	10.3898191452026	19.665491104126	0.515986025333405	0.00970986671745777	-0.846889436244965	0.407412946224213	-0.341749936342239	1229	4
2610	5.94780778884888	7.18985939025879	18.7467956542969	0.60776948928833	0.00511206453666091	0.249154821038246	0.963705837726593	-0.0958806201815605	1239	4
2611	5.9276647567749	9.23220539093018	20.1485137939453	0.290419071912766	0.00707310577854514	-0.76740950345993	0.630562603473663	0.116075299680233	1241	4
2612	5.58812618255615	9.64938068389893	21.7112083435059	0.900567233562469	0.0108692198991776	-0.276961088180542	0.38548332452774	-0.880167722702026	1252	4
2613	5.80274820327759	2.88561177253723	17.881591796875	0.471790254116058	0.0115198539569974	0.454247802495956	0.885765075683594	-0.0952845066785812	1264	4
2614	5.76339673995972	2.68115496635437	17.726634979248	0.768230080604553	0.0330546200275421	-0.147326484322548	-0.949846684932709	-0.27583721280098	1266	4
2615	5.65820455551147	2.67858099937439	17.5858116149902	1.0582948923111	0.0338885001838207	0.388109385967255	-0.920621871948242	-0.0427357740700245	1266	4
2616	5.55228042602539	2.67479419708252	17.4705238342285	0.588897526264191	0.0331742614507675	0.351384878158569	-0.893495678901672	-0.279632270336151	1266	4
2617	5.56901502609253	2.67582654953003	17.4868316650391	0.79804003238678	0.0132231572642922	0.267267554998398	-0.751240193843842	-0.603495001792908	1266	4
2618	5.29288625717163	2.6674542427063	17.180456161499	0.455529659986496	0.00895922444760799	0.0651816427707672	-0.941895663738251	-0.329520642757416	1266	4
2619	5.19673347473145	2.6656060218811	17.0710124969482	0.459731876850128	0.00789825059473515	0.938535511493683	-0.314237952232361	-0.142848312854767	1266	4
2620	5.67210865020752	2.49298000335693	17.1583156585693	0.458071976900101	0.0158835425972939	-0.312867403030396	0.353690952062607	-0.881485462188721	1267	4
2621	5.41441822052002	6.5722599029541	18.995059967041	0.4618079662323	0.00249999994412065	-0.816866397857666	-0.407719701528549	0.408036708831787	1270	4
2622	3.98541498184204	6.25884485244751	18.6222343444824	0.509169340133667	0.00429631723091006	-0.0310019012540579	-0.79630047082901	0.604106247425079	1273	4
2623	5.85666942596436	6.2729754447937	16.9700717926025	0.241595894098282	0.0123095046728849	0.784489393234253	0.343735158443451	0.516161322593689	1276	4
2624	4.65892505645752	8.39316082000732	18.5462875366211	0.687634408473969	0.0541441403329372	-0.936381280422211	0.348982125520706	-0.0374377481639385	1287	4
2625	4.69971561431885	7.15899324417114	19.9078578948975	1.23365390300751	0.0565660260617733	-0.437493652105331	-0.72602242231369	-0.530557096004486	1289	4
2626	4.67098569869995	7.17859554290771	19.6416454315186	0.632509052753448	0.0246632099151611	-0.140167012810707	-0.989843249320984	0.0237412508577108	1289	4
2627	4.7012734413147	7.14166069030762	19.9524669647217	1.0977087020874	0.057307742536068	-0.644484162330627	-0.762559831142426	0.0560593083500862	1289	4
2628	4.6966233253479	7.12070989608765	20.1441669464111	1.20599150657654	0.0571099817752838	0.81484055519104	0.0324666723608971	-0.5787752866745	1289	4
2629	4.68457126617432	7.05391407012939	20.4211597442627	0.796673119068146	0.0527963377535343	0.951834261417389	-0.242186024785042	-0.188035920262337	1289	4
2630	4.67867517471313	6.99594879150391	20.6143970489502	1.01223480701447	0.0525455474853516	0.579880356788635	0.814610719680786	0.012170659378171	1289	4
2631	4.63113117218018	6.93033790588379	20.8707008361816	0.830054461956024	0.0671979039907455	-0.7849161028862	-0.605001747608185	-0.133714750409126	1289	4
2632	2.94478178024292	7.15189743041992	19.0733814239502	0.608306407928467	0.0384774431586266	-0.707215011119843	-0.245355725288391	-0.663059294223785	1294	4
2633	2.22881889343262	7.56240653991699	18.6082019805908	1.33115756511688	0.0722533166408539	0.972608864307404	0.18608346581459	0.139301642775536	1294	4
2634	2.91178202629089	7.37314558029175	19.0259819030762	0.442494332790375	0.0460898503661156	-0.322098731994629	0.631729483604431	0.705103039741516	1294	4
2635	2.51596260070801	7.48740243911743	18.7473125457764	0.490885257720947	0.0448342189192772	-0.195142894983292	0.976197242736816	-0.0946475863456726	1294	4
2636	2.15430355072021	7.58152484893799	18.574556350708	0.31706765294075	0.149176508188248	-0.309962242841721	0.461815237998962	-0.831053614616394	1294	4
2637	2.04366731643677	7.61053800582886	18.509162902832	1.01026892662048	0.0170184765011072	0.765653252601624	0.628775596618652	0.135706663131714	1294	4
2638	2.24937891960144	7.3994026184082	18.7586002349854	0.552289247512817	0.0485013797879219	-0.31352373957634	-0.696151793003082	-0.645813941955566	1294	4
2639	2.08686685562134	7.58824920654297	18.5857772827148	0.338636130094528	0.047871358692646	-0.301116019487381	0.8959681391716	0.326450765132904	1294	4
2640	3.21402907371521	6.51681756973267	19.0265026092529	0.855103194713593	0.0378665365278721	0.871613383293152	-0.4623903632164	0.162743002176285	1295	4
2641	3.19557118415833	6.28214120864868	18.9465465545654	0.436973839998245	0.0665771961212158	0.411559104919434	-0.528714239597321	0.742347836494446	1295	4
2642	3.19726252555847	6.29620838165283	18.949613571167	0.425683349370956	0.0143600925803185	0.70851731300354	0.198058143258095	-0.677330136299133	1295	4
2643	3.17649602890015	6.01441621780396	18.8401832580566	0.555715143680573	0.0197386890649796	0.35992157459259	0.932957053184509	0.00690223788842559	1295	4
2644	2.41459727287292	5.95341634750366	18.2658214569092	0.451884537935257	0.00488532846793532	-0.821646809577942	-0.547313630580902	-0.159198775887489	1300	4
2645	2.41276121139526	5.96760082244873	18.2614688873291	0.449724733829498	0.0056493291631341	0.0333073176443577	-0.803146004676819	-0.594850540161133	1300	4
2646	2.84740400314331	6.29301643371582	18.3142642974854	0.527112305164337	0.0394997745752335	-0.870938897132874	0.0771063268184662	0.485304147005081	1301	4
2647	2.81075596809387	6.41852617263794	18.3362274169922	0.253923624753952	0.0360431782901287	-0.751673519611359	0.632068753242493	0.188350990414619	1301	4
2648	2.65995478630066	6.18196439743042	18.8400344848633	0.27249351143837	0.0125633478164673	-0.901068687438965	0.41116064786911	0.137920334935188	1303	4
2649	3.64036059379578	6.86533212661743	20.2690658569336	0.566804468631744	0.0193603411316872	0.0452146232128143	-0.531159400939941	0.846064627170563	1308	4
2650	3.61000180244446	6.79022598266602	20.2692337036133	0.312379688024521	0.0155825698748231	0.0942364186048508	0.0396087542176247	-0.994761645793915	1308	4
2651	3.00441765785217	7.92987489700317	21.2209281921387	0.707750380039215	0.0528770536184311	0.381959676742554	-0.920229554176331	0.0853489190340042	1312	4
2652	2.96387052536011	7.87617301940918	21.1886882781982	0.500970363616943	0.0498398840427399	-0.138496071100235	0.20278961956501	-0.969378769397736	1312	4
2653	2.52702307701111	7.64767074584961	21.0552349090576	0.823692321777344	0.0104304812848568	0.708427906036377	0.194392412900925	0.678484737873077	1312	4
2654	6.79077863693237	4.28118515014648	18.855525970459	0.39172500371933	0.00249999994412065	-0.184324696660042	0.842112243175507	-0.506824731826782	1326	4
2655	6.70458078384399	3.85074234008789	18.4927406311035	0.39996874332428	0.016438914462924	0.98668897151947	-0.118350692093372	0.111526623368263	1327	4
2656	6.28253126144409	2.97567772865295	18.878044128418	1.23774206638336	0.0416932664811611	-0.543655276298523	0.819180309772491	-0.182709068059921	1330	4
2657	6.32554817199707	2.96589779853821	18.9015350341797	1.54634284973145	0.0399623811244965	-0.129045590758324	0.96492338180542	-0.22862634062767	1330	4
2658	5.62597322463989	3.16659784317017	18.5052127838135	0.498262673616409	0.0114729488268495	-0.350260883569717	0.91307520866394	-0.208832621574402	1330	4
2659	6.09624052047729	2.36390447616577	18.714506149292	0.54728227853775	0.00595319923013449	-0.727624952793121	-0.045490063726902	-0.684465169906616	1332	4
2660	5.96811151504517	2.47016787528992	18.9662609100342	0.618124127388	0.00308749615214765	0.462021052837372	0.738457024097443	0.49113929271698	1334	4
2661	6.17070484161377	5.17272138595581	19.2561149597168	0.752441763877869	0.056867390871048	-0.464166074991226	0.834874987602234	-0.295860916376114	1338	4
2662	6.16084289550781	5.17267799377441	19.2575016021729	0.392226725816727	0.0454314462840557	-0.731603384017944	-0.629656910896301	-0.261321038007736	1338	4
2663	5.90571641921997	5.17486429214478	19.2863330841064	1.02422821521759	0.0383366383612156	0.0743788704276085	0.991205990314484	0.109446987509727	1338	4
2664	5.63573741912842	5.17849206924438	19.3126602172852	1.7292388677597	0.0472102202475071	-0.87002956867218	0.490326881408691	0.0512640811502934	1338	4
2665	5.38465213775635	5.18393325805664	19.3347320556641	1.15486681461334	0.0427604131400585	-0.438355952501297	-0.896236419677734	0.0678549408912659	1338	4
2666	4.44791984558105	5.23846769332886	19.3988285064697	0.355522513389587	0.0120745161548257	-0.578500270843506	-0.815582692623138	-0.0127416765317321	1338	4
2667	6.31216907501221	4.80711078643799	19.982120513916	0.475016266107559	0.0147658018395305	-0.947372734546661	-0.318693995475769	-0.0303157661110163	1339	4
2668	6.01899862289429	4.7276406288147	20.1408157348633	1.03289341926575	0.0434543117880821	0.165933832526207	0.980148732662201	-0.108510345220566	1339	4
2669	6.50567722320557	5.01131725311279	20.6592769622803	0.819757342338562	0.0199446342885494	0.326165318489075	-0.713703215122223	0.619874000549316	1340	4
2670	6.48411178588867	4.88270616531372	20.6422023773193	1.1213390827179	0.0372690372169018	-0.451426535844803	-0.173431620001793	0.875291645526886	1340	4
2671	6.48190259933472	4.87219285964966	20.6406021118164	0.31465345621109	0.00701680639758706	0.923902213573456	-0.0278037041425705	-0.381617069244385	1340	4
2672	5.05330801010132	4.06296968460083	20.3319473266602	0.424369305372238	0.00923377461731434	0.482633650302887	0.304558515548706	0.82116311788559	1345	4
2673	5.00991630554199	4.39026021957397	20.1643886566162	0.245802015066147	0.0141978738829494	-0.8933464884758	-0.150241270661354	0.423508614301682	1345	4
2674	7.69072675704956	5.05515003204346	18.8165168762207	0.374794512987137	0.00828165933489799	-0.0965787470340729	0.971744239330292	-0.215373754501343	1348	4
2675	7.12085151672363	3.39047598838806	20.6893539428711	1.32782936096191	0.0141123495995998	0.594713151454926	-0.530293822288513	0.604238927364349	1352	4
2676	6.73989868164062	3.08726906776428	20.8422145843506	0.729199528694153	0.0231224186718464	0.205867320299149	-0.826242864131927	0.524348556995392	1352	4
2677	8.20078182220459	3.12519693374634	21.7899894714355	0.562357902526855	0.0137066571041942	0.566549360752106	-0.803687214851379	0.181957855820656	1359	4
2678	8.52661418914795	3.20050883293152	22.1951179504395	0.270965129137039	0.0476210676133633	0.738597929477692	0.601399838924408	-0.304616719484329	1359	4
2679	8.38389205932617	3.16609668731689	22.013463973999	0.895369946956635	0.0446306057274342	-0.358947843313217	-0.809811055660248	0.464071750640869	1359	4
2680	8.59805107116699	3.22013115882874	22.2904567718506	0.984661042690277	0.0489164665341377	-0.924133598804474	0.21800485253334	0.313769042491913	1359	4
2681	8.42429065704346	3.17785096168518	22.0731258392334	0.525014758110046	0.0138691747561097	-0.910455465316772	0.0475565865635872	0.410864055156708	1359	4
2682	7.75157165527344	2.79101538658142	21.6034736633301	0.591098666191101	0.0199996586889029	0.782256722450256	-0.0720831602811813	-0.618771612644196	1360	4
2683	8.08883857727051	2.62137246131897	21.7265071868896	0.35433155298233	0.00600858358666301	0.694031655788422	0.505599498748779	-0.512532114982605	1360	4
2684	7.99641036987305	2.52686023712158	21.8762550354004	0.537903428077698	0.0472229868173599	-0.952061057090759	-0.290998250246048	-0.0943385139107704	1362	4
2685	7.98921012878418	2.50847101211548	21.9343719482422	0.390393674373627	0.0160350427031517	-0.244538128376007	-0.968988716602325	0.0355239659547806	1362	4
2686	8.46968173980713	2.46903824806213	22.2747535705566	0.618531584739685	0.0695071890950203	0.837890803813934	0.109179727733135	0.534807443618774	1363	4
2687	8.47379493713379	2.59276390075684	22.4012241363525	0.890860617160797	0.031406007707119	-0.388475954532623	-0.745312571525574	0.541844546794891	1363	4
2688	8.94517421722412	2.1216824054718	21.8524017333984	0.535870790481567	0.0439236834645271	0.778241753578186	0.497409909963608	-0.383305788040161	1365	4
2689	9.15059661865234	1.96918988227844	21.8606433868408	0.27447035908699	0.0725621655583382	0.530894339084625	0.846432209014893	-0.0412782318890095	1365	4
2690	9.12563419342041	2.29721546173096	22.190279006958	1.14458930492401	0.0745603293180466	0.0184604283422232	0.994499325752258	-0.103103771805763	1366	4
2691	9.39572429656982	2.262535572052	22.2149143218994	0.697759211063385	0.0160086639225483	-0.0617519021034241	0.824613988399506	-0.562315285205841	1366	4
2692	9.44791412353516	2.25583648681641	22.2188167572021	0.625522613525391	0.092862956225872	0.173550248146057	0.954830944538116	0.241201505064964	1366	4
2693	9.73849964141846	2.21759581565857	22.2416038513184	0.575442552566528	0.0606513395905495	0.0776191055774689	-0.882225215435028	-0.464385479688644	1366	4
2694	9.67420196533203	2.22048878669739	22.2512645721436	0.372036010026932	0.076406441628933	-0.0626928880810738	0.603543102741241	0.794861853122711	1366	4
2695	10.1166458129883	2.17362475395203	22.1815376281738	0.183931827545166	0.052700262516737	0.491578370332718	0.719028472900391	-0.491272449493408	1366	4
2696	9.96802234649658	2.15728449821472	22.3012275695801	0.678613007068634	0.0535311885178089	-0.0322607234120369	-0.873146176338196	0.486389875411987	1366	4
2697	10.2865285873413	2.15671157836914	22.2425403594971	0.520311415195465	0.0178752634674311	-0.17704264819622	-0.959030389785767	-0.221171334385872	1366	4
2698	9.80376815795898	2.02491569519043	23.2894096374512	0.109321571886539	0.0308371782302856	-0.135791078209877	0.815597057342529	-0.562460839748383	1370	4
2699	7.04205942153931	4.82291030883789	21.1242256164551	0.388715952634811	0.0090641425922513	-0.978603422641754	-0.0130042275413871	0.20534436404705	1375	4
2700	4.2931866645813	4.04286193847656	20.2326278686523	0.592717885971069	0.0117115015164018	0.825967729091644	0.475964367389679	-0.302051573991776	1377	4
2701	6.1809515953064	3.94548296928406	21.317455291748	1.11858642101288	0.042487483471632	-0.215554669499397	-0.825942635536194	0.520917475223541	1378	4
2702	6.20453834533691	3.94317245483398	21.3857364654541	0.526344239711761	0.0304939560592175	0.399933367967606	0.912929177284241	0.0813245698809624	1378	4
2703	6.23212575912476	3.93998575210571	21.4659461975098	1.75027370452881	0.0505238771438599	0.776739418506622	0.262927204370499	0.572315633296967	1378	4
2704	6.34968948364258	3.92820358276367	21.8060474395752	0.450739920139313	0.0171476230025291	-0.331024944782257	0.711322605609894	0.620034396648407	1378	4
2705	6.36400890350342	3.92683005332947	21.8474102020264	0.975781559944153	0.0498697608709335	-0.994323492050171	-0.106159843504429	0.00713656656444073	1378	4
2706	6.41761350631714	3.91826343536377	22.0035400390625	1.2693932056427	0.036073911935091	-0.72550106048584	-0.618350565433502	-0.302143722772598	1378	4
2707	6.65652370452881	3.90656447410583	22.6877632141113	0.496351033449173	0.0107062831521034	-0.768102526664734	-0.600384593009949	0.222613841295242	1378	4
2708	6.80993890762329	3.91696095466614	23.0958251953125	0.249382570385933	0.0135960588231683	0.100492708384991	-0.645438671112061	-0.757172405719757	1378	4
2709	4.78582811355591	3.58239436149597	20.7844371795654	0.384495854377747	0.0105023942887783	0.399867922067642	0.169786244630814	-0.900709867477417	1381	4
2710	4.03682279586792	4.60020875930786	20.1201171875	0.41088604927063	0.0143284779042006	-0.947102248668671	-0.111529603600502	0.300929397344589	1382	4
2711	8.44832801818848	4.68091678619385	20.377067565918	0.706303596496582	0.0102758156135678	0.542279183864594	-0.417394787073135	-0.729187846183777	1383	4
2712	9.14511108398438	4.47015237808228	20.5136184692383	0.640723526477814	0.00854550302028656	-0.928379118442535	-0.06552604585886	-0.36581227183342	1383	4
2713	8.35744571685791	4.7162389755249	20.3603057861328	1.21521508693695	0.0367771573364735	0.198089793324471	0.230314359068871	-0.952741146087646	1383	4
2714	8.89440059661865	2.88968372344971	21.3140449523926	0.469783753156662	0.00438980665057898	0.905526578426361	-0.346986651420593	0.244175866246223	1385	4
2715	9.60999584197998	3.50157785415649	24.7197341918945	1.97428357601166	0.0652487203478813	0.60942530632019	0.774446427822113	0.169804036617279	1390	4
2716	9.75990390777588	3.36496734619141	24.8124580383301	0.384541660547256	0.0342354625463486	0.390326738357544	0.751629710197449	-0.531693339347839	1390	4
2717	9.91371822357178	3.21891522407532	24.8877506256104	0.741194009780884	0.0568642131984234	0.955772876739502	-0.284242480993271	0.0755277052521706	1390	4
2718	9.5303840637207	4.57959318161011	25.5814723968506	0.325342863798141	0.0127733834087849	0.941014468669891	-0.290999442338943	-0.17265884578228	1391	4
2719	9.4142894744873	4.3929648399353	24.8394374847412	1.00160670280457	0.0684051066637039	0.916393399238586	0.356520026922226	0.181979566812515	1391	4
2720	9.56529140472412	3.35896062850952	25.0642528533936	0.491083413362503	0.0181157570332289	0.38904857635498	0.809363961219788	0.439967304468155	1392	4
2721	9.90637874603271	3.99009251594543	25.2382965087891	1.29978358745575	0.0535357072949409	0.573049008846283	0.397021114826202	-0.716930329799652	1394	4
2722	10.6616954803467	4.06774616241455	25.4014835357666	0.728585839271545	0.0117920888587832	-0.94506561756134	0.0186621956527233	0.326347261667252	1394	4
2723	10.0698642730713	4.01147508621216	25.2812309265137	0.978351831436157	0.0171875841915607	0.563947141170502	0.58260440826416	0.585265517234802	1394	4
2724	9.11856174468994	4.01052331924438	25.5697422027588	0.506084978580475	0.0128469793125987	-0.435531735420227	0.0663078650832176	0.897727966308594	1395	4
2725	9.14710330963135	4.05948638916016	26.0329322814941	1.03403282165527	0.0443767830729485	0.561468541622162	0.655048787593842	-0.505632400512695	1395	4
2726	9.13964176177979	4.05433034896851	25.9651775360107	0.57947826385498	0.0319421887397766	-0.578218221664429	0.808270514011383	0.111186631023884	1395	4
2727	9.15158176422119	4.06738710403442	26.1265926361084	0.563531041145325	0.0332564674317837	-0.537834227085114	0.808697521686554	0.238207444548607	1395	4
2728	9.1559886932373	4.0760064125061	26.2345695495605	0.333165496587753	0.0250378753989935	-0.737027287483215	0.486554503440857	0.469100624322891	1395	4
2729	9.14631843566895	4.06247186660767	26.0593223571777	0.347440809011459	0.0313021950423717	0.997016072273254	0.0251730568706989	0.0729746893048286	1395	4
2730	9.17715930938721	4.06786251068115	26.3315315246582	0.294837862253189	0.0215475466102362	-0.410198718309402	-0.354991853237152	0.840070128440857	1395	4
2731	9.18742370605469	4.06310415267944	26.5047092437744	0.370025932788849	0.0102013004943728	0.929128110408783	0.206141591072083	-0.306963682174683	1395	4
2732	9.30778789520264	3.88878989219666	25.6455516815186	0.653103530406952	0.0219936780631542	-0.0941447094082832	-0.806878089904785	-0.583167731761932	1396	4
2733	9.43966197967529	3.69595766067505	25.6617527008057	0.416961193084717	0.0106499474495649	0.170901998877525	0.500713050365448	-0.848574697971344	1399	4
2734	9.38142776489258	3.86740779876709	25.9417514801025	0.867656230926514	0.0830613300204277	-0.777386546134949	-0.361389309167862	0.514847457408905	1401	4
2735	9.0415506362915	3.57497596740723	26.0303173065186	0.816287577152252	0.00764080323278904	0.705695867538452	0.509304940700531	0.49254646897316	1401	4
2736	9.15068244934082	3.6356885433197	25.9497547149658	1.22272562980652	0.0962300226092339	-0.0382928065955639	-0.662765979766846	0.747846901416779	1401	4
2737	9.23760223388672	3.74298429489136	25.9173107147217	1.45168673992157	0.0681702494621277	-0.406294465065002	-0.822019517421722	0.399009615182877	1401	4
2738	9.64225101470947	4.03182125091553	26.0074501037598	1.19991683959961	0.0476999580860138	-0.128932982683182	-0.971919476985931	0.19684724509716	1401	4
2739	9.46533679962158	3.92547631263733	25.9625263214111	1.45975911617279	0.109891526401043	0.600322723388672	-0.764392852783203	0.235193982720375	1401	4
2740	9.70682907104492	4.0676417350769	26.0235939025879	1.5177081823349	0.0248811282217503	0.254118233919144	-0.936848163604736	0.240290448069572	1401	4
2741	9.61466979980469	4.01726007461548	26.0009059906006	1.23145163059235	0.0844506546854973	0.614291846752167	-0.784439146518707	-0.0854445174336433	1401	4
2742	10.1066265106201	4.29783344268799	26.1371879577637	0.866881728172302	0.0649192333221436	-0.827584326267242	0.261996984481812	0.496449142694473	1401	4
2743	10.263897895813	4.37533903121948	26.1748352050781	0.48473384976387	0.0223758891224861	-0.928987443447113	-0.346455514431	-0.130195885896683	1401	4
2744	10.3869924545288	4.42904090881348	26.1977710723877	0.778665959835052	0.0224622413516045	-0.150077685713768	-0.922132968902588	0.3565773665905	1401	4
2745	7.89962577819824	3.57537460327148	25.6293773651123	0.86766654253006	0.0233105644583702	0.243499130010605	-0.729060292243958	-0.639671206474304	1405	4
2746	8.32702159881592	3.78639650344849	26.0004005432129	0.467378586530685	0.0439864620566368	-0.957410275936127	-0.222425043582916	0.184099808335304	1406	4
2747	8.06501865386963	3.3695285320282	26.3732147216797	0.232641607522964	0.0527802743017673	-0.306506782770157	0.945410668849945	-0.11069006472826	1406	4
2748	8.18165302276611	3.39021158218384	26.2475242614746	0.234890341758728	0.0758816376328468	-0.124011181294918	-0.992247760295868	-0.0080958055332303	1406	4
2749	8.28329181671143	5.02542924880981	22.3674049377441	0.674806535243988	0.0424602665007114	0.860236167907715	0.205107942223549	0.466823875904083	1410	4
2750	8.33434867858887	4.83363103866577	22.3712692260742	0.312022119760513	0.00788079388439655	-0.601875603199005	0.43677020072937	-0.668563902378082	1410	4
2751	8.43104267120361	4.5488395690918	22.399242401123	0.34521695971489	0.0134861236438155	0.280858755111694	0.281447172164917	0.917554259300232	1410	4
2752	8.43773937225342	4.52952671051025	22.4013156890869	0.433443307876587	0.0339539721608162	0.828084588050842	-0.460329592227936	0.319957226514816	1410	4
2753	8.49003601074219	4.84120512008667	21.8942623138428	0.700133442878723	0.00759631814435124	0.724392831325531	0.511549413204193	-0.462138772010803	1411	4
2754	8.48732376098633	4.8134937286377	21.8823146820068	0.60063248872757	0.00664979824796319	-0.976712286472321	-0.116975180804729	0.179860934615135	1411	4
2755	8.25764846801758	5.17966365814209	22.9516410827637	0.362412720918655	0.0110122514888644	-0.0804831832647324	-0.7906653881073	0.606935560703278	1415	4
2756	8.30943870544434	5.28015518188477	22.9492588043213	0.708813071250916	0.0501955933868885	-0.594073116779327	0.752374351024628	0.284622400999069	1415	4
2757	8.41836357116699	5.7893705368042	22.6143226623535	0.171728000044823	0.00902477465569973	-0.558088958263397	-0.76802134513855	0.314133644104004	1416	4
2758	8.6449089050293	5.56252288818359	23.4959392547607	0.384090453386307	0.00590944988653064	0.489467322826385	-0.699773728847504	0.520325303077698	1418	4
2759	10.5695037841797	3.14448547363281	22.0721282958984	1.29236817359924	0.0466744638979435	0.951424241065979	-0.145497217774391	0.271334558725357	1423	4
2760	10.5906028747559	3.16094779968262	22.0708675384521	1.12066638469696	0.0214111395180225	-0.00539016164839268	-0.814475238323212	0.580173373222351	1423	4
2761	9.5085620880127	4.39254951477051	21.212064743042	0.318287134170532	0.00362580572254956	0.557318270206451	-0.738618075847626	0.379261910915375	1424	4
2762	10.1362905502319	3.17322540283203	22.2560043334961	0.526382803916931	0.0451321564614773	-0.889640152454376	-0.427873879671097	0.15957535803318	1429	4
2763	10.1244831085205	2.85717272758484	22.4059276580811	0.343277662992477	0.0213228221982718	0.7440505027771	-0.504266917705536	-0.438296467065811	1429	4
2764	11.264988899231	2.50759768486023	22.3921985626221	0.957285642623901	0.0472384616732597	0.676916658878326	0.575840950012207	0.458465903997421	1430	4
2765	10.6334447860718	1.87547886371613	23.4872169494629	0.338167756795883	0.0221093371510506	-0.00149748474359512	-0.503449559211731	0.864023327827454	1431	4
2766	10.6257600784302	1.87720084190369	23.4876651763916	0.967796623706818	0.0521532967686653	0.136786431074142	0.686152517795563	0.714481711387634	1431	4
2767	10.8297338485718	1.86484324932098	23.2241439819336	0.797332346439362	0.0407174378633499	-0.386016100645065	0.922402799129486	0.0128363445401192	1431	4
2768	10.7604074478149	1.86512815952301	23.3320407867432	0.477002620697021	0.0446705855429173	0.384510576725006	-0.88709819316864	-0.255359381437302	1431	4
2769	10.8819599151611	1.86250340938568	23.1514091491699	1.08154296875	0.00873448234051466	-0.0851721242070198	0.996139943599701	-0.0212330706417561	1431	4
2770	10.8686008453369	1.86119902133942	23.1791362762451	0.99936306476593	0.0496946349740028	0.176991656422615	0.747631728649139	0.64009428024292	1431	4
2771	11.1145677566528	1.8521317243576	22.824556350708	0.567927360534668	0.00642071291804314	-0.48469141125679	-0.870781362056732	0.0825470387935638	1431	4
2772	10.8715600967407	1.86272466182709	23.1672534942627	0.954653918743134	0.0224718376994133	0.938994467258453	0.333808988332748	0.0828309208154678	1431	4
2773	11.3570995330811	1.83543753623962	22.5191631317139	0.682274043560028	0.0224021505564451	-0.933061063289642	0.345664530992508	0.0995644256472588	1431	4
2774	11.1115398406982	1.85218739509583	22.8296051025391	0.666545271873474	0.0333052612841129	-0.676526248455048	-0.537663578987122	-0.503219664096832	1431	4
2775	10.9191112518311	3.66609644889832	22.6238193511963	0.389019519090652	0.00898857414722443	-0.184042558073997	0.860858082771301	-0.474396079778671	1433	4
2776	9.96256065368652	3.70616841316223	22.7807292938232	0.222054272890091	0.00552254449576139	0.246954157948494	0.812963247299194	-0.527356088161469	1433	4
2777	10.3417711257935	3.67408227920532	22.6528186798096	0.526178658008575	0.0102385655045509	0.000768480240367353	0.611283481121063	-0.791411399841309	1433	4
2778	10.5588464736938	3.65168905258179	22.6841239929199	0.308909326791763	0.0127268703654408	0.142028048634529	-0.676488637924194	-0.722628057003021	1433	4
2779	9.90936088562012	2.82755756378174	23.1378479003906	0.455101102590561	0.044797245413065	-0.796952128410339	-0.452406406402588	0.400244683027267	1436	4
2780	9.60194396972656	2.63174366950989	23.016580581665	0.410283595323563	0.00926253385841846	-0.697879016399384	0.687069296836853	0.202239111065865	1436	4
2781	11.024730682373	3.08493852615356	23.4778308868408	0.580566942691803	0.0429484508931637	0.67190557718277	0.259488195180893	-0.693692207336426	1443	4
2782	11.3118705749512	3.07442808151245	23.5069694519043	0.394243687391281	0.0146242557093501	-0.0182779412716627	-0.0902527794241905	0.995751082897186	1443	4
2783	11.2854890823364	3.07376742362976	23.4835472106934	0.50622296333313	0.0145778749138117	0.797205030918121	-0.416067242622375	0.43743821978569	1443	4
2784	9.80696678161621	2.37691164016724	23.5262145996094	0.276738792657852	0.0254980195313692	-0.448791295289993	0.557001113891602	-0.698810517787933	1447	4
2785	8.41968059539795	3.76913213729858	22.9410629272461	0.282426089048386	0.00249999994412065	-0.12708292901516	0.830737709999084	-0.541963815689087	1455	4
2786	10.8765201568604	4.1762638092041	22.3652286529541	0.948853015899658	0.031955361366272	-0.393150568008423	0.623908162117004	0.675404489040375	1456	4
2787	10.8854923248291	4.1670241355896	22.3629150390625	0.680064380168915	0.0727723464369774	0.922352731227875	-0.253555178642273	0.291505038738251	1456	4
2788	10.5026884078979	4.5323920249939	22.3984317779541	0.519703030586243	0.0517805032432079	-0.00772367091849446	0.0307607259601355	-0.99949699640274	1456	4
2789	10.9503812789917	4.75289154052734	23.7521953582764	0.78974586725235	0.0432793572545052	0.824257850646973	0.562953948974609	-0.0606780350208282	1469	4
2790	10.6328630447388	4.60190677642822	24.3666191101074	0.707418203353882	0.0232652835547924	0.61309540271759	-0.565715610980988	-0.551434457302094	1469	4
2791	12.1661806106567	5.7871413230896	24.6794586181641	0.334721088409424	0.00625084759667516	0.205604016780853	-0.529220283031464	0.823196709156036	1478	4
2792	10.3746480941772	5.05578374862671	23.6870937347412	1.95323097705841	0.0329112745821476	0.175659894943237	0.428272902965546	0.886411845684052	1478	4
2793	11.2085781097412	5.399827003479	24.1573905944824	0.330129563808441	0.0131744900718331	-0.312364637851715	-0.871917128562927	0.377079278230667	1478	4
2794	10.9464921951294	5.29567575454712	24.0159015655518	0.746096968650818	0.00927377305924892	0.915437757968903	-0.385892003774643	0.114285439252853	1478	4
2795	11.270977973938	5.4246973991394	24.1910018920898	0.986963927745819	0.0340216532349586	0.904226422309875	-0.381395250558853	-0.192125529050827	1478	4
2796	11.2431497573853	5.41315078735352	24.1751861572266	0.867688655853271	0.0331176593899727	0.841944873332977	-0.481683820486069	0.243124738335609	1478	4
2797	11.4688892364502	5.50599956512451	24.3019561767578	0.593812108039856	0.0103275664150715	-0.510692000389099	-0.738969326019287	0.439452141523361	1478	4
2798	11.5147523880005	5.52646064758301	24.3304595947266	0.486231982707977	0.0344826169312	0.860439300537109	0.0391045473515987	0.508050203323364	1478	4
2799	11.6469650268555	5.58017158508301	24.4035778045654	0.424861192703247	0.0094774067401886	0.712479293346405	-0.588448822498322	0.382231831550598	1478	4
2800	11.689263343811	5.59664344787598	24.4257106781006	0.779303133487701	0.0166218318045139	0.462785333395004	-0.875606656074524	0.138357475399971	1478	4
2801	10.8516616821289	4.96325349807739	24.623477935791	0.812720715999603	0.0179461929947138	-0.0930744558572769	-0.19689404964447	0.975996911525726	1480	4
2802	11.2140302658081	5.12069368362427	24.8160457611084	0.549816370010376	0.0154223525896668	-0.351667761802673	0.860622942447662	-0.368317544460297	1480	4
2803	10.9645586013794	5.01154136657715	24.6852474212646	1.03152847290039	0.0450495518743992	0.797259867191315	0.191311120986938	0.572517931461334	1480	4
2804	11.6505241394043	5.30830717086792	25.0406341552734	0.390221685171127	0.0458993129432201	0.176935613155365	0.979089498519897	0.10038685053587	1480	4
2805	9.71931743621826	5.01914834976196	23.4078102111816	0.498561978340149	0.00274326954968274	-0.246363610029221	-0.629036903381348	0.737304210662842	1482	4
2806	9.98972606658936	4.92801284790039	23.5177364349365	0.669725179672241	0.012139955535531	-0.623316705226898	0.424913793802261	0.656448423862457	1482	4
2807	10.9324836730957	4.86285209655762	24.7418746948242	0.435749500989914	0.0477307327091694	0.394803017377853	-0.388715475797653	-0.832484781742096	1484	4
2808	10.8960552215576	4.92159843444824	24.7720947265625	1.04124450683594	0.0171489231288433	0.753659009933472	-0.540777146816254	0.37357485294342	1484	4
2809	11.0394382476807	3.88120603561401	24.1945705413818	0.642663478851318	0.0166970286518335	0.81356143951416	0.0822499915957451	-0.575632333755493	1487	4
2810	10.1234121322632	4.02493572235107	23.7374744415283	0.288092136383057	0.00323325768113136	-0.961443185806274	-0.0828206464648247	0.262236148118973	1488	4
2811	9.93902969360352	4.40692949295044	23.6328201293945	0.294609129428864	0.0156157156452537	0.304463863372803	-0.945040583610535	0.119163513183594	1488	4
2812	9.99759387969971	4.3848557472229	23.625638961792	0.427159667015076	0.0110399918630719	0.867588460445404	-0.378183633089066	0.322904616594315	1488	4
2813	9.98957443237305	3.10455918312073	23.8769092559814	0.946381747722626	0.0593485794961452	-0.0795885995030403	-0.728008210659027	0.680932939052582	1500	4
2814	9.80829620361328	3.54530501365662	23.4927654266357	0.675852298736572	0.0151204187422991	-0.804458975791931	-0.55655038356781	0.207599312067032	1500	4
2815	8.82774829864502	2.71420884132385	24.2959537506104	0.145654022693634	0.00493487529456615	0.424869328737259	0.829174518585205	0.363257050514221	1504	4
2816	8.62458992004395	2.05991864204407	23.8724784851074	0.410712122917175	0.00503003317862749	0.951821088790894	-0.305612027645111	-0.0252587366849184	1507	4
2817	8.53525638580322	1.91188871860504	25.0838356018066	0.284121304750443	0.0123777575790882	-0.333405703306198	-0.735974311828613	0.589221894741058	0	0
2818	5.81746006011963	7.90483808517456	16.8267688751221	0.445875734090805	0.0402921847999096	-0.848338305950165	0.446984022855759	0.28377366065979	1513	4
2819	4.98261022567749	8.60587501525879	21.2039394378662	0.549886643886566	0.0137983597815037	-0.947097539901733	0.277429014444351	0.161367207765579	1517	4
2820	5.52499675750732	8.15081691741943	18.0871295928955	0.761789858341217	0.007299586199224	0.278505265712738	0.849821746349335	0.447479248046875	1518	4
2821	5.37668561935425	8.22977161407471	18.0829849243164	0.311353117227554	0.00613975478336215	-0.19821585714817	-0.808101832866669	0.554690778255463	1518	4
2822	4.78433513641357	8.54698657989502	18.0528793334961	0.797532916069031	0.0407956093549728	0.859732687473297	0.499453604221344	-0.1067975461483	1518	4
2823	5.85785388946533	9.34482765197754	17.8054237365723	0.364856213331223	0.00999999977648258	-0.81487774848938	-0.504893779754639	0.284704238176346	1529	4
2824	8.15511322021484	10.2275371551514	16.0160598754883	0.582703173160553	0.0172434840351343	-0.816948473453522	-0.403475522994995	-0.412071138620377	1533	4
2825	8.11434841156006	10.2394886016846	15.9618225097656	0.564896881580353	0.0376996397972107	0.856971144676208	0.412207692861557	-0.309330493211746	1533	4
2826	8.38201999664307	10.1108732223511	17.8294944763184	0.300137519836426	0.00978595018386841	0.763603508472443	-0.158231049776077	0.625997304916382	1535	4
2827	8.07833671569824	9.36787700653076	18.4704284667969	0.435846298933029	0.0512777008116245	0.508069753646851	0.850334167480469	-0.137101829051971	1538	4
2828	8.21463584899902	9.21730613708496	18.5540599822998	0.794266104698181	0.03854064270854	-0.132567942142487	0.959850609302521	0.247209459543228	1538	4
2829	7.96324634552002	9.44854640960693	18.4169597625732	0.708068013191223	0.028021726757288	-0.822320997714996	-0.325725257396698	0.466574013233185	1538	4
2830	8.15781116485596	9.2863712310791	18.5173511505127	0.390810251235962	0.0374838337302208	0.75765335559845	0.411835938692093	-0.506312608718872	1538	4
2831	7.39242601394653	8.38793754577637	15.7767505645752	0.498239368200302	0.0123361153528094	0.561946749687195	-0.817911148071289	0.123439580202103	1547	4
2832	7.32577896118164	10.0522842407227	16.8025932312012	1.33214735984802	0.0701002851128578	0.803122580051422	-0.513180375099182	-0.302720874547958	1555	4
2833	7.53598594665527	9.90234184265137	16.8200168609619	1.42116403579712	0.0379680879414082	-0.0842045545578003	-0.0447020977735519	-0.995445251464844	1555	4
2834	7.52289533615112	9.951584815979	16.8029251098633	1.15050232410431	0.0567644722759724	-0.808256208896637	-0.192760363221169	-0.55638599395752	1555	4
2835	7.16775989532471	10.1871538162231	16.7765712738037	0.323464661836624	0.042564395815134	-0.219143509864807	0.938202559947968	0.267865806818008	1555	4
2836	7.03432464599609	10.2666339874268	16.7743721008301	0.649419009685516	0.0222711786627769	-0.625218451023102	-0.667794764041901	-0.40392079949379	1555	4
2837	7.02506351470947	10.2790031433105	16.7697639465332	0.873219430446625	0.0368880294263363	-0.717000365257263	-0.324104458093643	-0.617144167423248	1555	4
2838	7.03815412521362	10.2775173187256	16.7663402557373	0.636686623096466	0.0402794778347015	-0.0894708186388016	0.736049234867096	-0.670989215373993	1555	4
2839	6.60820770263672	10.6160192489624	16.7145595550537	0.346261531114578	0.0119088068604469	0.475395977497101	0.469886183738708	0.743777871131897	1555	4
2840	5.45717811584473	9.29807472229004	17.1856842041016	1.18475139141083	0.0534120388329029	0.0807621702551842	-0.766142308712006	-0.637576103210449	1557	4
2841	6.26496124267578	8.89030933380127	16.408763885498	0.431932091712952	0.0267080143094063	0.842283129692078	-0.0982836410403252	0.529999494552612	1560	4
2842	8.832763671875	11.2067174911499	16.8897876739502	0.421410262584686	0.00531384907662868	0.663629353046417	0.6931192278862	-0.281392693519592	1565	4
2843	9.2034740447998	11.3789396286011	16.3479900360107	0.376037895679474	0.00270996824838221	0.16751529276371	0.592892348766327	-0.787665724754333	1566	4
2844	3.5924437046051	4.80634117126465	18.6300716400146	0.726167857646942	0.0164122730493546	0.563474476337433	-0.790780961513519	-0.239085778594017	1573	4
2845	5.20341157913208	5.40792369842529	18.6410465240479	0.582770526409149	0.00533300498500466	0.637912392616272	-0.557780385017395	0.530988454818726	1578	4
2846	3.7080078125	5.59038209915161	19.2620143890381	0.166223078966141	0.00325475423596799	0.0326611064374447	-0.552635490894318	0.832782864570618	1581	1
2847	8.39902973175049	8.0404691696167	19.3408451080322	0.338042318820953	0.036657802760601	-0.361747145652771	0.414048790931702	-0.835285902023315	1583	4
2848	7.93339729309082	8.48498821258545	19.1397476196289	0.258504062891006	0.00999999977648258	-0.97057431936264	4.4270451326156e-05	-0.240801751613617	1584	4
2849	8.33629608154297	8.43081378936768	19.0127735137939	0.665467262268066	0.0355309210717678	0.470606625080109	-0.807066738605499	0.356612920761108	1585	4
2850	8.47687721252441	8.25672149658203	19.1997547149658	0.255533277988434	0.00999999977648258	0.129623100161552	0.899863958358765	-0.416464418172836	1585	4
2851	10.0212068557739	9.22858047485352	21.3738651275635	0.41236138343811	0.00349332462064922	0.246810615062714	-0.498875737190247	0.830787301063538	1596	4
2852	10.0791139602661	9.48915576934814	21.7207851409912	0.239532768726349	0.00328496284782887	0.389177262783051	-0.898429393768311	0.203385531902313	1598	4
2853	10.5357513427734	9.89019012451172	21.5831966400146	0.330772966146469	0.0533552318811417	0.426997303962708	-0.726521074771881	-0.538368344306946	1602	4
2854	10.6572465896606	9.77612400054932	21.4830589294434	0.554243445396423	0.013955244794488	0.861319601535797	0.0261543001979589	0.507389962673187	1602	4
2855	9.79242420196533	10.5428285598755	21.4067401885986	0.458996266126633	0.0124348104000092	-0.880125939846039	-0.0459097139537334	0.472515195608139	1603	4
2856	10.490553855896	11.1994943618774	22.4682121276855	0.578336894512177	0.0159686226397753	0.967436969280243	-0.252474248409271	-0.0179542507976294	1605	4
2857	11.3559732437134	10.1015577316284	21.621265411377	0.89811635017395	0.0435042716562748	0.721232652664185	0.57023823261261	-0.393257915973663	1606	4
2858	10.5933332443237	9.60274982452393	21.1896858215332	0.620377600193024	0.00650116940960288	0.344769388437271	0.934977352619171	0.0833741873502731	1606	4
2859	11.1258859634399	10.3643894195557	21.5930042266846	0.937153041362762	0.0548709630966187	0.810484707355499	0.0551860332489014	-0.583154439926147	1608	4
2860	10.5741405487061	10.5321569442749	21.2466697692871	1.02899897098541	0.0169232320040464	0.899497449398041	0.407392650842667	0.157909721136093	1608	4
2861	10.3527278900146	10.5817031860352	21.088773727417	0.803484857082367	0.0160406194627285	-0.134154304862022	0.843935191631317	0.519399702548981	1608	4
2862	10.1323585510254	10.626124382019	20.933385848999	0.947235822677612	0.0122735230252147	0.136247843503952	0.98073822259903	-0.139960914850235	1608	4
2863	10.0636367797852	10.637035369873	20.8860454559326	0.558393120765686	0.0049746292643249	-0.241668209433556	-0.0419150479137897	0.96945333480835	1608	4
2864	10.614860534668	8.39708614349365	21.7677021026611	0.562920928001404	0.0122436108067632	0.682369351387024	-0.708883702754974	0.178482428193092	1615	4
2865	9.60482406616211	8.57165813446045	22.4231929779053	0.841217458248138	0.0101287430152297	0.165516644716263	-0.674735546112061	-0.719260931015015	1616	4
2866	9.60522174835205	8.56990432739258	22.4252147674561	0.729863882064819	0.0092596523463726	0.147074863314629	-0.803582549095154	-0.576735615730286	1616	4
2867	9.43115139007568	8.03251552581787	22.4817142486572	0.382378369569778	0.00348320184275508	0.552720963954926	0.249722674489021	-0.795071184635162	1619	4
2868	8.24129676818848	5.7027153968811	17.6249370574951	0.336532890796661	0.0101987570524216	0.610745310783386	-0.789478719234467	0.0609385073184967	1621	4
2869	8.44762229919434	6.53409194946289	19.3158645629883	0.354937434196472	0.00249805371277034	-0.409047931432724	-0.811298072338104	-0.417702376842499	1629	4
2870	6.97856998443604	7.89174461364746	19.9579734802246	0.465881764888763	0.00513419089838862	0.492530971765518	0.781683266162872	-0.382602334022522	1632	4
2871	6.29999113082886	8.10238552093506	20.3555736541748	0.475422531366348	0.00340379169210792	0.505959033966064	-0.657298982143402	0.558537006378174	1633	4
2872	5.96659326553345	7.58277988433838	20.4531211853027	0.327072829008102	0.00715091964229941	-0.736867189407349	-0.645005345344543	-0.202472165226936	1634	4
2873	5.74339389801025	6.50737810134888	20.3892936706543	0.857172071933746	0.0146391335874796	0.986352980136871	0.0810644030570984	-0.143305033445358	1634	4
2874	5.78417778015137	6.83894920349121	20.3890228271484	0.535024106502533	0.00760069349780679	-0.816009879112244	-0.00324145541526377	-0.578028917312622	1634	4
2875	6.74256229400635	7.3807954788208	20.3621406555176	0.495570451021194	0.00919630005955696	0.605237305164337	0.12451233714819	-0.786247074604034	1636	4
2876	7.34882831573486	8.79403114318848	21.7398948669434	0.471707671880722	0.0111887948587537	0.0674758553504944	0.973872244358063	0.216840624809265	1638	4
2877	6.88347291946411	8.43819999694824	21.3219013214111	0.374436795711517	0.00999999977648258	0.618334889411926	-0.662860751152039	0.422229379415512	1638	4
2878	5.43275308609009	9.18958854675293	20.8062057495117	0.693204760551453	0.031062887981534	0.318203389644623	0.827669978141785	0.462286740541458	1642	4
2879	6.33797550201416	9.8847541809082	21.6932544708252	0.498839110136032	0.00260438048280776	0.00873017683625221	-0.994402825832367	0.105293601751328	1644	4
2880	6.81250953674316	9.53860855102539	21.9504203796387	0.417574286460876	0.0268035959452391	0.211849316954613	0.453993827104568	-0.865453362464905	1645	4
2881	6.06234359741211	7.60313844680786	21.816385269165	0.331301629543304	0.00809472799301147	0.621146082878113	0.735003530979156	0.271932572126389	1646	4
2882	5.42524671554565	7.53672027587891	21.6694831848145	0.534743130207062	0.0026324070058763	0.819348275661469	-0.476911932229996	-0.318155914545059	1647	4
2883	5.44963026046753	7.57495737075806	21.7348384857178	0.375322461128235	0.00249999994412065	0.246915206313133	-0.605050206184387	-0.756932735443115	1647	4
2884	4.50886297225952	8.70915985107422	22.1817874908447	0.206362873315811	0.0170249789953232	-0.291990518569946	0.761523962020874	0.578638792037964	1649	4
2885	4.49443197250366	9.35636615753174	23.2855033874512	0.08060172945261	0.0223665330559015	-0.135321825742722	-0.957108795642853	-0.25618502497673	1667	4
2886	6.84201812744141	5.90270709991455	23.8095550537109	0.363818258047104	0.00374483107589185	0.416046410799026	-0.362406879663467	-0.834006369113922	1673	4
2887	5.38008880615234	5.34647178649902	21.0732421875	0.814822494983673	0.0151128694415092	0.601248860359192	0.452280551195145	0.658742785453796	1676	4
2888	4.49095630645752	5.37264728546143	20.6776218414307	0.391970157623291	0.0342533253133297	-0.594320595264435	0.620845437049866	0.511208355426788	1680	4
2889	4.68558549880981	5.41115379333496	20.747838973999	0.534322142601013	0.00504216970875859	-0.312584459781647	-0.949374377727509	-0.0312916450202465	1680	4
2890	1.00128388404846	5.95996809005737	20.6761169433594	0.194588333368301	0.0116094741970301	0.358619719743729	-0.202611580491066	-0.911230146884918	1681	4
2891	3.03325152397156	6.32123804092407	21.4368724822998	0.692108035087585	0.0539079718291759	0.460479408502579	-0.573518693447113	0.677521169185638	1682	4
2892	3.27430987358093	6.16419649124146	21.3960514068604	0.193895846605301	0.082027293741703	0.990407586097717	-0.0134471450001001	0.137520909309387	1682	4
2893	2.51775670051575	5.90467548370361	20.9353103637695	1.18082141876221	0.0303914360702038	0.341965138912201	-0.826267719268799	0.447595298290253	1682	4
2894	2.35222220420837	5.83826208114624	20.7217292785645	0.41543847322464	0.0387408770620823	-0.00641329074278474	0.307079255580902	-0.951662302017212	1682	4
2895	1.79780316352844	6.28961420059204	21.1008777618408	0.15830110013485	0.0214610733091831	-0.613406956195831	0.781847834587097	0.111560441553593	1686	4
2896	4.16120290756226	7.50383949279785	21.4205989837646	0.475180625915527	0.00249999994412065	-0.857865750789642	0.509153783321381	0.0694894045591354	1695	4
2897	1.26779675483704	7.06522464752197	22.6221828460693	0.464288115501404	0.0100381746888161	0.261482506990433	-0.370971947908401	-0.891070544719696	1704	4
2898	0.794654488563538	7.54741144180298	22.4342918395996	0.53110671043396	0.0460422076284885	-0.645559132099152	0.275680392980576	-0.712217450141907	1706	4
2899	0.827608704566956	7.52340221405029	22.4738998413086	0.771978080272675	0.0451128147542477	-0.459275931119919	0.886303603649139	0.0594259724020958	1706	4
2900	0.76093065738678	7.54037046432495	22.4520702362061	0.672765910625458	0.0637333914637566	-0.588911890983582	0.802684187889099	-0.0942382290959358	1706	4
2901	0.634553194046021	7.46910810470581	22.5452003479004	0.414653897285461	0.0292109251022339	-0.586700320243835	0.0501453429460526	0.808250069618225	1706	4
2902	1.61171495914459	8.31315517425537	22.3134632110596	0.720599889755249	0.0195210948586464	-0.589520812034607	0.394931852817535	-0.704623281955719	1716	4
2903	4.24848699569702	6.11642169952393	23.0797882080078	0.396034389734268	0.00609936518594623	-0.717964708805084	-0.594183802604675	0.362591117620468	1723	4
2904	5.16882848739624	5.58266925811768	23.3744029998779	0.837118864059448	0.0204763989895582	-0.141274705529213	0.805459558963776	0.575566112995148	1724	4
2905	3.86327147483826	5.21544790267944	24.2325820922852	0.960753619670868	0.0756813287734985	0.527718901634216	0.762989699840546	0.37330886721611	1726	4
2906	4.73409557342529	7.21492767333984	22.8060626983643	0.522662281990051	0.0123287998139858	-0.997551083564758	-0.0432049110531807	0.0550021678209305	1736	4
2907	4.09118747711182	7.17666387557983	23.4923877716064	0.306113034486771	0.0180486552417278	-0.836763739585876	-0.509103655815125	0.201593369245529	1740	4
2908	3.97866630554199	7.07389497756958	23.1537704467773	0.339831233024597	0.0382427014410496	0.688087999820709	0.304871320724487	-0.658474326133728	1740	4
2909	3.60896301269531	6.9358057975769	22.8860855102539	0.989885270595551	0.0144698545336723	0.193377956748009	-0.964922428131104	0.177565842866898	1740	4
2910	3.52472972869873	6.90715456008911	22.8226165771484	0.623120248317719	0.0645782798528671	-0.0709462612867355	-0.609276473522186	-0.78977769613266	1740	4
2911	3.41262936592102	7.07227993011475	22.8507347106934	0.776203155517578	0.116425901651382	-0.775775611400604	0.292821168899536	0.558952629566193	1740	4
2912	3.2372739315033	7.00567865371704	22.6809005737305	0.514744341373444	0.0296409260481596	-0.648186504840851	-0.416747748851776	0.637318968772888	1740	4
2913	7.35422515869141	4.79532337188721	23.4421291351318	0.318170100450516	0.00717469863593578	-0.729197800159454	-0.154680907726288	-0.666591644287109	1748	4
2914	8.2448616027832	5.2866268157959	23.7005844116211	0.773281633853912	0.0268590562045574	-0.777130424976349	0.4744713306427	0.413455337285995	1749	4
2915	8.31853771209717	5.3234715461731	23.6722011566162	0.38084477186203	0.0106486584991217	-0.845148324966431	0.446013182401657	-0.294612646102905	1749	4
2916	8.42764759063721	5.34460878372192	23.6767234802246	0.384647935628891	0.0177859701216221	0.696990549564362	0.300475358963013	0.651090443134308	1749	4
2917	8.5944185256958	5.38636159896851	23.6659049987793	0.249858230352402	0.0117676323279738	-0.100524686276913	-0.70520144701004	0.70184451341629	1749	4
2918	7.68159484863281	4.36279058456421	24.5995712280273	0.383057206869125	0.0193435586988926	-0.180640771985054	-0.803775131702423	-0.566846072673798	1751	4
2919	7.48484659194946	4.14275169372559	24.7605953216553	0.374223470687866	0.0270765591412783	-0.765591621398926	0.493910908699036	-0.412215292453766	1751	4
2920	8.43485546112061	4.14146947860718	24.8936767578125	0.438496232032776	0.0119770234450698	0.97625333070755	-0.215026587247849	-0.0263246819376945	1752	4
2921	7.74471473693848	5.1543664932251	25.71506690979	0.386621922254562	0.0304828826338053	0.773433864116669	-0.577299177646637	-0.26177442073822	1760	4
2922	7.2622184753418	3.46481704711914	25.1542701721191	0.441741555929184	0.00365547579713166	0.659392833709717	0.0836971774697304	-0.747125029563904	1772	4
2923	6.31927347183228	4.38662910461426	24.6102828979492	0.259474366903305	0.0166876167058945	-0.183542549610138	0.888789117336273	-0.419959545135498	1774	4
2924	7.3885498046875	4.72477340698242	25.7211132049561	0.427424073219299	0.0137766851112247	0.813553929328918	-0.352337598800659	-0.462588548660278	1779	4
2925	7.39811658859253	5.50031232833862	26.0330905914307	0.267223984003067	0.00436646211892366	-0.420242846012115	-0.609872102737427	-0.671901762485504	1781	4
2926	6.57030153274536	3.64116883277893	25.9150943756104	0.337084859609604	0.00936451461166143	-0.0335569232702255	-0.983337998390198	-0.178662821650505	1783	4
2927	6.70326948165894	3.68154549598694	25.9738216400146	0.247318983078003	0.0175265353173018	-0.654662787914276	-0.669977068901062	0.350067615509033	1783	4
2928	6.86310720443726	3.7710268497467	25.9750804901123	0.174589022994041	0.00926548615098	0.00702190957963467	-0.912643432617188	-0.408696442842484	1783	4
2929	5.99948501586914	4.9882664680481	25.7789516448975	0.247979119420052	0.0138302808627486	-0.701009631156921	-0.387762784957886	0.598519504070282	1787	4
2930	6.43495559692383	5.05310487747192	26.0288467407227	0.695013761520386	0.0437900647521019	-0.981860280036926	-0.184611916542053	0.0432287193834782	1787	4
2931	6.21548223495483	5.22758054733276	21.4641780853271	0.41350919008255	0.00871262792497873	0.750049889087677	-0.459864914417267	0.475341320037842	1790	4
2932	6.05302333831787	6.85344886779785	24.0487041473389	0.700567245483398	0.00830242410302162	0.188028007745743	0.901013910770416	-0.390921294689178	1803	4
2933	6.23382568359375	5.08774614334106	25.1918659210205	0.212517380714417	0.00648210383951664	0.593147218227386	0.0761438757181168	-0.801485180854797	0	0
2934	6.1221604347229	5.12105798721313	25.2543506622314	0.236449807882309	0.0158493109047413	0.190231755375862	-0.10035628080368	0.976596355438232	0	0
2935	5.06615877151489	5.03478193283081	24.9656963348389	0.330296605825424	0.0315422154963017	-0.00686461990699172	0.391436368227005	-0.920179545879364	1813	4
2936	4.65860080718994	4.62523078918457	25.2278232574463	0.481113284826279	0.0156872309744358	-0.785624742507935	0.486572563648224	-0.38215297460556	1817	4
2937	4.70649385452271	4.70631694793701	25.199987411499	0.327187210321426	0.0450380071997643	0.182677164673805	-0.512773036956787	0.838863968849182	1817	4
2938	4.37087106704712	4.27996492385864	25.0788764953613	0.327509999275208	0.00490333791822195	0.518238484859467	0.336805641651154	-0.786123931407928	1818	4
2939	5.0448956489563	5.93849563598633	28.0624809265137	0.45894131064415	0.0234867185354233	0.107017397880554	0.850724995136261	-0.514601171016693	1823	4
2940	5.0532922744751	5.82750844955444	28.0169620513916	0.300166398286819	0.0577050112187862	-0.645922958850861	-0.762843787670135	-0.0292043816298246	1823	4
2941	4.8957052230835	5.99286317825317	28.3628101348877	0.49245297908783	0.0521812364459038	-0.844119131565094	-0.250871270895004	-0.473842263221741	1823	4
2942	5.6154522895813	5.96480846405029	27.7689113616943	0.667077124118805	0.018788930028677	0.129752621054649	0.555401027202606	0.821397483348846	1824	4
2943	5.2507529258728	6.33109092712402	28.1937675476074	0.336552321910858	0.012965751811862	-0.904345095157623	0.224465414881706	0.36300864815712	1824	4
2944	6.24998903274536	5.17720031738281	27.1485233306885	0.196605354547501	0.00449727475643158	-0.493903487920761	-0.0764276906847954	0.866151332855225	1830	4
2945	6.27620410919189	7.11517095565796	27.1418380737305	0.177842602133751	0.0210880115628242	-0.846917867660522	-0.24870029091835	0.469976961612701	1841	4
2946	6.78807735443115	7.52528524398804	26.5415477752686	0.707022786140442	0.00647747470065951	0.39807403087616	0.510470449924469	0.762205362319946	1842	4
2947	6.17805051803589	7.67260265350342	27.1701946258545	0.352303147315979	0.0420295931398869	0.94404524564743	0.329527676105499	0.0137893091887236	1846	4
2948	5.82990169525146	7.75856685638428	27.3570137023926	0.60393226146698	0.0243522245436907	-0.681212246417999	0.694578588008881	0.231323540210724	1846	4
2949	5.45868921279907	6.69456815719604	27.3551654815674	0.284769594669342	0.00710316561162472	-0.214053750038147	0.974033832550049	0.0737502053380013	1852	4
2950	6.40259790420532	6.86789083480835	27.8061580657959	0.300532013177872	0.00888367183506489	-0.79607617855072	-0.0635974332690239	0.601845622062683	1854	4
2951	6.23857164382935	6.8446569442749	27.7702007293701	0.466900557279587	0.0266249775886536	-0.863359153270721	-0.247960135340691	0.43946173787117	1854	4
2952	6.15520477294922	7.06468868255615	26.6454296112061	0.40195494890213	0.00691179465502501	0.437428504228592	-0.563577950000763	0.700739741325378	1860	4
2953	5.91101789474487	6.72615098953247	25.4504909515381	0.640934646129608	0.0138749983161688	-0.33486607670784	-0.720942676067352	-0.606717765331268	1861	4
2954	7.23861169815063	7.42208290100098	27.0800762176514	0.253069758415222	0.0145187946036458	0.112231224775314	0.0335502848029137	-0.993115544319153	1864	4
2955	7.35775995254517	7.44591379165649	27.1937160491943	0.380527079105377	0.00279550370760262	-0.612012326717377	0.144735157489777	0.777491271495819	1866	4
2956	6.70054483413696	7.70346069335938	27.690450668335	0.312691867351532	0.0133885238319635	-0.426518827676773	-0.780961215496063	-0.456268936395645	1868	4
2957	6.7401442527771	7.92688369750977	27.5158634185791	0.818412721157074	0.0455368347465992	0.631658971309662	0.771448075771332	-0.0766470059752464	1869	4
2958	6.3358416557312	5.1406421661377	27.9948959350586	0.186473205685616	0.00439844746142626	0.521172225475311	-0.851139843463898	-0.0627725496888161	1880	4
2959	7.54086923599243	7.15093231201172	10.0740337371826	0.207407414913177	0.00249999994412065	0.911949515342712	-0.389649868011475	-0.128534510731697	1898	5
2960	5.97971963882446	4.06192350387573	9.64388561248779	0.287465631961823	0.0173907540738583	-0.690333724021912	0.713082015514374	-0.122283957898617	1907	5
2961	6.53814744949341	3.94414734840393	10.4197158813477	0.543811976909637	0.00752189802005887	-0.78037440776825	0.490787297487259	-0.387483477592468	1910	5
2962	10.2313556671143	6.27917909622192	10.3040838241577	0.896430492401123	0.0210000146180391	-0.359767884016037	-0.932795584201813	-0.0214346013963223	1913	5
2963	9.97449016571045	6.83564805984497	10.867015838623	0.510482430458069	0.033331498503685	-0.597172021865845	-0.537109911441803	-0.595733463764191	1913	5
2964	10.2574768066406	6.22166681289673	10.247314453125	0.925910830497742	0.021279351785779	0.644254624843597	0.732611358165741	-0.219582512974739	1913	5
2965	10.5578880310059	6.48215103149414	10.0992231369019	0.590185284614563	0.00796518195420504	0.195076674222946	-0.756936073303223	-0.62369304895401	1919	5
2966	8.01476955413818	7.7206859588623	11.0797576904297	0.503197252750397	0.0311556532979012	-0.608833968639374	0.718737363815308	0.335764557123184	1922	5
2967	7.19467067718506	8.74878406524658	11.7079601287842	0.524646461009979	0.0281218718737364	0.461617648601532	0.847936987876892	-0.260599434375763	1926	5
2968	7.23512077331543	8.75398349761963	11.7043523788452	0.424306243658066	0.00573646184056997	0.416213274002075	0.858483076095581	-0.299621939659119	1926	5
2969	7.49401807785034	8.78836345672607	11.6806583404541	0.536575257778168	0.0420896299183369	0.843145787715912	0.379809498786926	-0.380591541528702	1926	5
2970	10.6196184158325	7.69522857666016	9.74997043609619	0.455589145421982	0.0306312218308449	-0.0270723532885313	-0.323352694511414	0.945891201496124	1929	5
2971	10.8014440536499	7.63055753707886	9.34740829467773	0.241596147418022	0.0143509432673454	-0.0615240260958672	-0.927589356899261	0.368500739336014	1931	5
2972	8.5424747467041	7.40102338790894	12.3761463165283	0.646951735019684	0.00712498975917697	-0.919852137565613	-0.312069356441498	0.237665414810181	1938	5
2973	9.80758762359619	8.58344173431396	11.5687456130981	0.0942539423704147	0.0444676354527473	-0.94225150346756	-0.325773656368256	0.0776769369840622	0	0
2974	10.4720821380615	8.58055782318115	11.283579826355	0.753252863883972	0.00301712192595005	-0.902578234672546	0.429025828838348	0.0359071418642998	1944	5
2975	10.1458826065063	9.02239227294922	13.0911474227905	0.263873279094696	0.0105671510100365	-0.717399060726166	-0.447003751993179	0.534346640110016	1947	5
2976	10.1028699874878	9.05039119720459	13.7666673660278	0.906900703907013	0.0381086319684982	0.481511026620865	0.692451775074005	0.537268698215485	1955	5
2977	9.92981052398682	9.25130367279053	13.8657369613647	0.465753436088562	0.0116257946938276	0.154282167553902	0.6556316614151	0.739151000976562	1955	5
2978	10.0551519393921	9.10499477386475	13.7936372756958	1.27649033069611	0.0401502400636673	0.146474719047546	-0.744129359722137	0.651779532432556	1955	5
2979	13.3897218704224	7.03050422668457	21.1964874267578	0.741962194442749	0.0285852607339621	-0.98262894153595	-0.0467915497720242	0.179585248231888	1978	5
2980	11.0068759918213	8.11589813232422	19.6009750366211	0.585950672626495	0.00260015507228673	-0.897981107234955	0.257603257894516	0.356749802827835	1982	5
2981	13.5049076080322	6.82981300354004	20.7524356842041	0.179949045181274	0.0131951896473765	0.073432520031929	-0.803851842880249	0.590279579162598	1993	5
2982	12.1277236938477	8.81139850616455	20.8903541564941	0.47086825966835	0.0367413759231567	0.720577955245972	0.40475457906723	0.562975168228149	1999	5
2983	11.4616994857788	9.3387975692749	20.9733028411865	0.40132749080658	0.0146167036145926	0.420053720474243	0.576647102832794	0.700737476348877	2005	5
2984	12.0916500091553	6.7779426574707	21.2964324951172	0.343691349029541	0.017261166125536	-0.207677036523819	0.878254294395447	0.430743098258972	2007	5
2985	10.0744161605835	7.23290109634399	14.5313138961792	0.644261240959167	0.0318057127296925	0.955333352088928	0.209503456950188	0.208438411355019	2016	5
2986	10.3300008773804	7.16880655288696	14.3681640625	0.729776263237	0.0375781692564487	0.396454185247421	-0.626963913440704	-0.670626819133759	2016	5
2987	10.4467506408691	7.14780044555664	14.2942609786987	0.523923933506012	0.0162044595927	0.402246862649918	-0.699940204620361	0.590153455734253	2016	5
2988	10.7290344238281	7.05286121368408	14.1559114456177	0.507206618785858	0.00937726907432079	0.17999991774559	-0.885453045368195	0.428454041481018	2016	5
2989	10.8164262771606	7.90882253646851	15.6448154449463	0.293365657329559	0.00745994783937931	-0.603797852993011	-0.743901014328003	0.286425113677979	2019	5
2990	10.7753868103027	7.41957759857178	16.0896224975586	0.237950220704079	0.0200267545878887	0.654261231422424	0.494002431631088	0.572628915309906	2021	5
2991	10.7801637649536	7.42649173736572	16.0713996887207	0.449264824390411	0.0102681294083595	0.962246358394623	0.261704653501511	-0.0747842788696289	2021	5
2992	10.8160400390625	7.4412579536438	15.964204788208	0.440827220678329	0.0106945596635342	0.956215798854828	-0.287054896354675	0.0570157319307327	2021	5
2993	10.7095260620117	6.95556020736694	17.4657154083252	0.479991227388382	0.00694895396009088	-0.387908160686493	0.00924981664866209	-0.921651661396027	2032	5
2994	10.25950050354	6.20477342605591	17.2060489654541	0.514119625091553	0.00997042190283537	0.672504842281342	0.565364837646484	-0.477598041296005	2034	5
2995	10.4393062591553	6.07834243774414	17.3447093963623	0.251383036375046	0.0123049868270755	0.376999914646149	0.885988712310791	-0.269990742206573	2034	5
2996	13.4224014282227	6.76264810562134	19.2715625762939	0.499233931303024	0.0522270910441875	-0.540846705436707	0.0932462736964226	0.835936546325684	2053	5
2997	13.5256776809692	7.13423442840576	18.9638614654541	0.383972704410553	0.0101999063044786	0.329681813716888	-0.797761797904968	0.504862368106842	2060	5
2998	10.4003019332886	6.08867979049683	19.2055244445801	0.524585604667664	0.00260986783541739	-0.799244999885559	-0.600999474525452	0.00262876646593213	2066	5
2999	11.3027324676514	7.31817150115967	18.7923698425293	0.185942620038986	0.00748524535447359	0.95334804058075	-0.245623841881752	0.175489187240601	2084	5
3000	11.4858512878418	7.33697986602783	18.8705387115479	0.569034159183502	0.00296190893277526	-0.123616591095924	0.547169208526611	-0.827843546867371	2084	5
3001	10.8479528427124	7.60686683654785	19.3573951721191	0.379453510046005	0.0112650785595179	0.430867314338684	-0.625568866729736	0.650397598743439	2088	5
3002	10.8921604156494	7.75855207443237	19.3961906433105	0.386524468660355	0.0113665489479899	-0.916942358016968	-0.382379442453384	0.114029034972191	2088	5
3003	12.2601766586304	8.54496383666992	19.38547706604	0.51305764913559	0.0377074927091599	0.793193161487579	-0.60393887758255	0.0781181529164314	2096	5
3004	11.6548471450806	8.31762218475342	20.2563323974609	0.641985416412354	0.00792411062866449	0.958075284957886	0.0628964006900787	0.279527992010117	2101	5
3005	12.4930076599121	8.56343173980713	20.2305202484131	0.425972074270248	0.00988833606243134	0.601848244667053	-0.574480950832367	-0.554752469062805	2101	5
3006	12.0152988433838	8.59247875213623	20.7072105407715	0.641407310962677	0.00385683472268283	-0.848011076450348	0.483900189399719	-0.216142892837524	2104	5
3007	12.5412731170654	5.72315835952759	20.0515098571777	0.969936192035675	0.00984325259923935	-0.280275791883469	-0.959653675556183	-0.0225907862186432	2114	5
3008	12.305534362793	5.85955858230591	20.1566371917725	1.06882178783417	0.00999323092401028	0.204019501805305	-0.78224641084671	0.588614225387573	2114	5
3009	12.7626962661743	5.64382076263428	20.0164566040039	0.473421603441238	0.01186703145504	-0.324232459068298	-0.945760428905487	-0.0202611293643713	2114	5
3010	12.7380342483521	5.65526437759399	20.0149803161621	0.87882536649704	0.00771025847643614	-0.0745901986956596	-0.909482598304749	-0.408995985984802	2114	5
3011	12.9819402694702	5.56930685043335	19.9740161895752	0.488050043582916	0.0117715029045939	0.155526772141457	-0.983325004577637	-0.0942516624927521	2114	5
3012	12.8992643356323	5.59855079650879	19.9876956939697	0.358197271823883	0.0381962358951569	0.811265647411346	-0.0652361363172531	-0.581026911735535	2114	5
3013	11.4125299453735	5.56766700744629	20.2243232727051	0.56283563375473	0.0040013357065618	0.64046835899353	0.734423339366913	-0.224549993872643	2121	5
3014	10.5549411773682	7.84133958816528	21.3900337219238	0.421128392219543	0.0103364065289497	0.259243339300156	-0.963740587234497	0.063222236931324	2123	5
3015	10.5574502944946	7.84100770950317	21.3927803039551	0.483739227056503	0.00276812282390893	-0.790207982063293	-0.59381765127182	-0.151499092578888	2123	5
3016	10.7183809280396	9.40845012664795	23.3857040405273	0.345552146434784	0.00337893585674465	-0.335728257894516	0.94195830821991	-0.00103770603891462	2139	5
3017	11.5913505554199	7.23278713226318	22.1341552734375	0.303779602050781	0.00297978846356273	0.623386383056641	-0.0575586445629597	0.779792547225952	2142	5
3018	12.1802711486816	8.60509872436523	22.1660995483398	0.580945491790771	0.0107748275622725	0.869535446166992	0.457445472478867	0.186149746179581	2144	5
3019	12.227725982666	7.88343238830566	22.8814468383789	0.811615347862244	0.0334778875112534	0.241162464022636	0.403222948312759	0.882752478122711	2147	5
3020	12.3557987213135	7.98578262329102	22.8759670257568	1.14300274848938	0.032391931861639	0.0327552556991577	0.650920808315277	0.758438766002655	2147	5
3021	12.2549924850464	7.90499305725098	22.8803367614746	0.933844149112701	0.0144153172150254	0.48881208896637	0.582117199897766	0.649770975112915	2147	5
3022	12.9059591293335	8.43747711181641	22.8501605987549	0.425433665513992	0.014249486848712	0.671825408935547	-0.532735347747803	0.514629542827606	2147	5
3023	12.7761287689209	8.32626914978027	22.855281829834	0.677462458610535	0.00852867867797613	0.328738152980804	-0.678285121917725	0.657160937786102	2147	5
3024	12.3054170608521	7.79999685287476	23.514030456543	0.461042493581772	0.0103904409334064	0.530493974685669	0.585097670555115	0.613381564617157	2148	5
3025	12.1616239547729	7.58315181732178	23.201473236084	0.455035209655762	0.0332450121641159	0.820238947868347	0.10609382390976	-0.562096178531647	2149	5
3026	12.4781150817871	7.50371408462524	23.3473148345947	0.409608036279678	0.00979228131473064	0.722619950771332	0.662522912025452	-0.197189718484879	2149	5
3027	11.9271726608276	7.83896160125732	23.5127658843994	0.63273561000824	0.0260127708315849	0.61670333147049	0.168806836009026	0.768883228302002	2151	5
3028	11.9327735900879	8.56023216247559	23.4971008300781	0.573233246803284	0.00870908331125975	0.476982533931732	-0.725352704524994	0.496337741613388	2151	5
3029	11.8796186447144	8.45688819885254	23.4758052825928	0.279496729373932	0.0196267627179623	0.913978695869446	-0.397859156131744	0.0796933025121689	2151	5
3030	12.4032249450684	7.33871746063232	23.9776668548584	0.363393098115921	0.00818369165062904	0.93252432346344	0.194381102919579	-0.30432602763176	2152	5
3031	12.0880155563354	8.64920806884766	22.5581569671631	0.550885498523712	0.0747075825929642	0.954180657863617	-0.18451115489006	0.235573619604111	2157	5
3032	11.6011209487915	9.22012329101562	22.4824409484863	0.500808894634247	0.0260202810168266	0.0521750375628471	0.575808703899384	0.81591784954071	2158	5
3033	12.4106569290161	8.85293960571289	22.9894676208496	0.34906131029129	0.0112910559400916	0.210949033498764	-0.862642228603363	0.459726899862289	2159	5
3034	11.9409265518188	9.1810188293457	23.1759777069092	0.32096728682518	0.0135087631642818	0.417716264724731	0.417431026697159	0.80700957775116	2160	5
3035	12.5572633743286	9.26657962799072	23.4558029174805	0.350757449865341	0.040903739631176	0.23319186270237	-0.243643313646317	0.941413581371307	2163	5
3036	12.6868782043457	9.30042171478271	23.41383934021	0.0948185101151466	0.0131120774894953	0.127574294805527	0.235002636909485	0.963586270809174	2164	5
3037	12.7639827728271	9.21114921569824	23.4778385162354	0.200603291392326	0.00319114490412176	0.703026115894318	0.321301192045212	-0.63444447517395	2164	5
3038	10.591456413269	5.85140991210938	20.4184665679932	0.676964819431305	0.0336883403360844	-0.0543777570128441	0.992728650569916	0.107391841709614	2175	5
3039	10.8451223373413	5.61002779006958	20.3308048248291	0.392532765865326	0.0134832337498665	-0.455356657505035	0.685070931911469	0.568619430065155	2177	5
3040	10.3942432403564	5.04279136657715	21.0367298126221	0.232314839959145	0.0162658523768187	0.0214491169899702	-0.998558044433594	0.0492118708789349	0	0
3041	11.8790969848633	4.75633907318115	21.0080757141113	0.601301848888397	0.00577559135854244	0.956902086734772	0.0737759098410606	-0.280883431434631	2178	5
3042	11.8124313354492	4.92829608917236	20.9149990081787	0.394296288490295	0.0244239959865808	-0.0161373950541019	0.185309156775475	-0.982547760009766	2178	5
3043	11.8508548736572	4.82923412322998	20.9686260223389	0.220769107341766	0.0265950858592987	-0.68550181388855	0.301281005144119	-0.662810027599335	2178	5
3044	11.8046579360962	4.94849443435669	20.9040946960449	0.698541224002838	0.00382196344435215	0.667711496353149	-0.361133843660355	-0.65095591545105	2178	5
3045	11.661940574646	5.31646680831909	20.7048931121826	0.251485347747803	0.00610535545274615	0.264496028423309	-0.961437463760376	0.0753655210137367	2178	5
3046	11.6909732818604	5.24208641052246	20.7452507019043	0.523392498493195	0.01204614341259	0.489893883466721	-0.634659886360168	0.597671210765839	2178	5
3047	10.6000738143921	4.79526567459106	20.7194709777832	0.581394553184509	0.0319816954433918	0.251513868570328	0.967140436172485	-0.0371500141918659	2179	5
3048	10.6971826553345	4.75884056091309	20.7191104888916	0.638933002948761	0.0311500877141953	0.597310483455658	0.33268216252327	0.729755282402039	2179	5
3049	10.838038444519	4.68552875518799	20.7047061920166	0.474460482597351	0.0334673337638378	0.878239393234253	-0.283636718988419	0.385027080774307	2179	5
3050	11.0034255981445	4.57911586761475	20.6947002410889	0.694707989692688	0.0104095926508307	0.57564914226532	0.792972385883331	0.199556842446327	2179	5
3051	11.0914278030396	4.52054834365845	20.6913394927979	0.567606210708618	0.023688368499279	0.759227991104126	0.576470136642456	-0.302084296941757	2179	5
3052	11.0631084442139	4.53955984115601	20.6921367645264	0.716017067432404	0.0108743691816926	0.88217967748642	0.34216246008873	0.323548942804337	2179	5
3053	11.3150367736816	4.36506700515747	20.6940536499023	0.739082396030426	0.0272378642112017	-0.916350483894348	0.352448552846909	0.189952298998833	2179	5
3054	11.4493780136108	4.26957750320435	20.6966400146484	0.528645873069763	0.00711468420922756	-0.343009740114212	-0.552258253097534	0.759838938713074	2179	5
3055	12.5687026977539	4.115553855896	20.6599082946777	0.319390326738358	0.00393762160092592	0.299455046653748	-0.568958282470703	-0.765906691551208	2183	5
3056	5.85586404800415	7.09447717666626	22.2903633117676	0.591917157173157	0.00733487075194716	0.00111492397263646	0.999688863754272	-0.0249182283878326	2192	5
3057	6.47774505615234	7.31066465377808	22.3097686767578	0.334422200918198	0.0104531794786453	-0.641671299934387	0.0816016122698784	0.762626469135284	2196	5
3058	6.42343235015869	7.18734884262085	22.2773780822754	0.30983230471611	0.0159134324640036	0.666706740856171	-0.725711107254028	0.169839754700661	2196	5
3059	6.62378883361816	7.5438117980957	22.3286228179932	0.441773921251297	0.031961377710104	0.0443620719015598	0.564561903476715	0.82419764995575	2196	5
3060	6.64932537078857	7.57999420166016	22.3310241699219	0.462835967540741	0.00703230360522866	0.891536891460419	-0.4443379342556	-0.0878968834877014	2196	5
3061	6.07483196258545	8.27927017211914	22.2950305938721	0.292932748794556	0.0117873447015882	-0.592828392982483	0.582789719104767	0.555797457695007	2197	5
3062	6.53357267379761	8.74841594696045	22.3137512207031	0.406703680753708	0.0327309966087341	-0.0422888696193695	0.855726778507233	-0.515697002410889	2204	5
3063	6.75613641738892	8.60495185852051	22.6222114562988	0.749673187732697	0.014984630048275	-0.36309552192688	0.917876601219177	-0.160200625658035	2204	5
3064	6.6487717628479	8.79827880859375	22.4441337585449	0.405254155397415	0.0232040379196405	0.991095721721649	-0.0202358085662127	-0.13160452246666	2204	5
3065	6.65152835845947	9.4271068572998	22.1713542938232	0.420455038547516	0.0105947311967611	0.950985312461853	0.220042198896408	0.217275008559227	2205	5
3066	8.03140926361084	7.22328853607178	22.9996109008789	0.711085736751556	0.0131467618048191	-0.223530530929565	-0.944612503051758	-0.240294262766838	2208	5
3067	8.60113430023193	7.30002069473267	23.7184505462646	0.546142339706421	0.0187414884567261	0.516933143138885	0.84478759765625	0.138253718614578	2208	5
3068	8.63245487213135	9.20865154266357	24.2395515441895	1.36810457706451	0.0827603787183762	-0.761339902877808	0.61528480052948	0.204416453838348	2211	5
3069	8.79886913299561	8.15153121948242	22.9546718597412	0.0861055254936218	0.00798085331916809	-0.0974435359239578	0.250652939081192	-0.963160336017609	2212	5
3070	9.13834381103516	8.37105751037598	22.9896240234375	1.06241476535797	0.0416206158697605	0.647607147693634	0.618368923664093	-0.445224344730377	2212	5
3071	9.2576961517334	8.44818687438965	23.0031433105469	0.934035420417786	0.0350233726203442	0.962045252323151	0.11112130433321	0.249240577220917	2212	5
3072	9.14090251922607	9.3746337890625	23.8686676025391	0.547669410705566	0.0106914630159736	0.406106501817703	0.186233729124069	-0.894647657871246	2215	5
3073	9.15074062347412	9.38414096832275	23.8709983825684	0.428792476654053	0.0121460640802979	0.752546310424805	0.351428925991058	-0.556930661201477	2215	5
3074	9.22530460357666	9.45446872711182	23.8936347961426	0.342885464429855	0.00638171471655369	-0.485604614019394	0.423970580101013	-0.764484822750092	2215	5
3075	8.04106903076172	8.55483913421631	24.1318912506104	0.76284646987915	0.00448151538148522	0.198719218373299	0.80095386505127	-0.564786314964294	2217	5
3076	7.97381591796875	8.50057888031006	24.1464328765869	0.310738354921341	0.00940369162708521	0.61934220790863	0.563712477684021	-0.546482741832733	2217	5
3077	9.0306339263916	9.35383319854736	24.409912109375	0.626464664936066	0.00867531169205904	-0.0676454305648804	0.574255466461182	0.815876722335815	2218	5
3078	9.02917289733887	9.62614345550537	24.4233055114746	0.375428110361099	0.0449750870466232	0.634171366691589	0.613196671009064	0.470974177122116	2221	5
3079	7.37588930130005	7.74532127380371	24.1508255004883	0.377177715301514	0.0153945665806532	-0.340394854545593	-0.915539741516113	-0.214285984635353	2229	5
3080	7.39632272720337	7.65714359283447	24.0744514465332	0.431680560112	0.00975751131772995	0.496986776590347	-0.750348150730133	-0.435868889093399	2229	5
3081	7.17831945419312	8.19780731201172	24.6808204650879	0.401763468980789	0.0138777270913124	0.0724839419126511	-0.841151714324951	-0.535919725894928	2231	5
3082	7.25038576126099	8.14652252197266	24.6035976409912	0.450266301631927	0.0105427429080009	-0.748742282390594	-0.0387153401970863	-0.661729633808136	2231	5
3083	7.96695423126221	7.75775051116943	24.6574115753174	0.693135619163513	0.0513968393206596	0.00292306579649448	0.577206790447235	0.816592752933502	2235	5
3084	7.91537523269653	7.65867614746094	24.7428245544434	0.921638309955597	0.014598460868001	0.693856656551361	0.459072232246399	0.554811298847198	2235	5
3085	7.91637229919434	7.66052532196045	24.7412223815918	1.17953610420227	0.0349106714129448	0.2953841984272	0.779582858085632	0.552266836166382	2235	5
3086	7.86198759078979	7.56309461593628	24.8263111114502	1.45664381980896	0.0386711657047272	0.324789136648178	0.903511822223663	0.279604226350784	2235	5
3087	8.56147480010986	7.7921085357666	25.3433723449707	0.483702182769775	0.00283653754740953	0.293991416692734	-0.530402779579163	-0.795136392116547	2238	5
3088	8.3747444152832	8.31946849822998	24.6716403961182	0.480000048875809	0.0106481947004795	0.925872623920441	0.054339561611414	-0.373907834291458	2239	5
3089	8.37298011779785	8.30777263641357	24.6787757873535	0.558288395404816	0.0130593786016107	0.0383920408785343	0.997400403022766	0.060979712754488	2239	5
3090	7.44777488708496	8.36771202087402	24.7677879333496	0.474299550056458	0.0129459453746676	0.17247486114502	0.85770046710968	-0.484357625246048	2243	5
3091	6.29914045333862	8.82373523712158	25.1694641113281	0.761441230773926	0.0448778718709946	-0.721185624599457	-0.0138897756114602	0.692602574825287	2250	5
3092	6.10839462280273	9.03703594207764	25.2185955047607	0.9658442735672	0.0684090703725815	-0.758085489273071	0.145670086145401	0.635678052902222	2250	5
3093	5.82633781433105	9.38739585876465	25.2968635559082	0.576359868049622	0.00521054584532976	0.789592742919922	-0.1593858897686	0.592570185661316	2250	5
3094	5.93695735931396	9.26645278930664	25.2676239013672	0.465963989496231	0.0296296719461679	0.406423538923264	0.356515496969223	0.841258943080902	2250	5
3095	5.2827262878418	9.02478313446045	25.0741405487061	0.452272117137909	0.00661238888278604	0.783774435520172	0.0510246157646179	0.618946015834808	2253	5
3096	9.52810764312744	7.54021883010864	20.4200115203857	0.32658976316452	0.00244193943217397	0.713514387607574	0.692513048648834	0.106408394873142	2270	5
3097	9.03383922576904	7.51428747177124	20.6610584259033	0.492315202951431	0.0100166406482458	0.511930823326111	0.733931720256805	-0.446397989988327	2271	5
3098	9.01896286010742	7.43897581100464	20.5353717803955	0.372032672166824	0.00301581365056336	0.673796355724335	-0.479584276676178	-0.56213653087616	2271	5
3099	8.22939682006836	9.73538589477539	22.012056350708	0.349566578865051	0.0385312288999557	0.308901607990265	0.597284734249115	-0.740155875682831	2280	5
3100	8.55166149139404	9.90929222106934	22.6779766082764	0.367032378911972	0.0195449627935886	0.176224499940872	0.47360172867775	0.862928986549377	2282	5
3101	8.65711402893066	10.0536775588989	22.6473407745361	0.285686135292053	0.0115266814827919	-0.501836657524109	0.861800253391266	-0.0738941505551338	2282	5
3102	8.70582485198975	10.0939655303955	22.6394004821777	0.424868553876877	0.00767859537154436	0.825389981269836	0.312646061182022	-0.470089167356491	2282	5
3103	8.17145824432373	10.8427410125732	23.1013526916504	1.2547322511673	0.0302828550338745	0.536597669124603	0.0553028732538223	-0.842024028301239	2283	5
3104	8.58947658538818	10.4911365509033	23.5947208404541	0.575330793857574	0.00759933376684785	0.220947861671448	0.713180243968964	-0.665248811244965	2283	5
3105	7.42804574966431	9.7888126373291	22.7223243713379	0.699700176715851	0.03537318110466	-0.531820833683014	-0.531384706497192	0.659391283988953	2284	5
3106	7.94457054138184	9.54538631439209	22.9551582336426	0.523248136043549	0.0122091555967927	-0.458979159593582	0.339317888021469	0.821097850799561	2284	5
3107	7.55128765106201	9.7373571395874	22.7754516601562	0.541835129261017	0.00968778878450394	0.116341426968575	0.970400154590607	0.211632266640663	2284	5
3108	7.56428623199463	9.73439693450928	22.7794742584229	0.54144275188446	0.0106175476685166	-0.131614804267883	0.830531179904938	-0.541198253631592	2284	5
3109	7.66309261322021	10.806622505188	22.8758716583252	0.245628461241722	0.00610574008896947	0.504554092884064	0.636744558811188	-0.583079397678375	2287	5
3110	9.49986934661865	10.5296173095703	23.2069530487061	0.545583546161652	0.00469009717926383	-0.0496796108782291	0.753511071205139	-0.655555486679077	2290	5
3111	9.56565475463867	9.91995048522949	22.9173545837402	0.127163261175156	0.00565524352714419	0.29060971736908	-0.95355236530304	0.0792708322405815	2291	5
3112	10.0615177154541	10.3085289001465	23.1125583648682	0.144971385598183	0.00249999994412065	0.501784324645996	-0.750939786434174	-0.42930394411087	2292	5
3113	8.80904674530029	9.42666244506836	23.2159309387207	0.386023759841919	0.00292780925519764	0.123841561377048	-0.98884505033493	0.0827570334076881	2293	5
3114	9.21573925018311	9.91031837463379	23.4427928924561	0.318806499242783	0.00636708363890648	0.410807490348816	0.836948812007904	-0.361599117517471	2296	5
3115	8.90721988677979	10.1520967483521	23.7100028991699	0.208634972572327	0.0178271234035492	-0.632948935031891	0.109608449041843	0.766395270824432	2297	5
3116	9.44624328613281	6.23416423797607	23.033447265625	0.591290175914764	0.00802390929311514	-0.996381223201752	-0.0839813426136971	-0.0131029579788446	2309	5
3117	9.52787590026855	5.50018882751465	22.8627090454102	0.393820852041245	0.010001702234149	0.787952899932861	0.230165272951126	-0.571099102497101	2312	5
3118	9.45678901672363	6.1581974029541	22.4329204559326	0.978176772594452	0.0740565657615662	0.754928827285767	0.135719984769821	-0.641609311103821	2313	5
3119	11.0497035980225	6.74232482910156	22.5596904754639	1.10512101650238	0.00638490496203303	-0.486968725919724	0.82386714220047	0.290007799863815	2314	5
3120	9.93318271636963	6.17441129684448	23.0447292327881	0.398293256759644	0.0395562648773193	0.317744374275208	-0.938305258750916	0.136461779475212	2315	5
3121	10.0290565490723	6.82111787796021	22.9283123016357	0.67040342092514	0.0511253885924816	-0.529508471488953	-0.845530271530151	0.0685521066188812	2316	5
3122	10.0479192733765	6.92309856414795	22.8663673400879	0.665401697158813	0.0441139414906502	-0.746059775352478	0.665457725524902	0.0236798413097858	2316	5
3123	10.0963144302368	7.2452540397644	22.6542282104492	0.589552938938141	0.0185831766575575	-0.779802620410919	0.520217835903168	-0.348254799842834	2316	5
3124	10.6252498626709	5.95449542999268	22.9222984313965	0.386484801769257	0.0117204310372472	0.51534241437912	0.502524673938751	-0.694183766841888	2320	5
3125	10.9920692443848	5.91793203353882	22.8522415161133	0.344741195440292	0.0277459640055895	0.45823734998703	-0.61174064874649	-0.644819259643555	2320	5
3126	11.1504364013672	5.90190601348877	22.8283081054688	0.568278610706329	0.0111972000449896	0.138512015342712	-0.943567276000977	-0.300823986530304	2320	5
3127	11.3003120422363	5.8911657333374	22.7961673736572	0.596311569213867	0.0123324636369944	0.43075880408287	-0.895596027374268	0.111150562763214	2320	5
3128	11.3807249069214	5.88252830505371	22.7851867675781	0.533702850341797	0.0122657017782331	0.779135406017303	-0.548418760299683	-0.303619533777237	2320	5
3129	11.1058673858643	5.90517044067383	22.8403720855713	0.490229934453964	0.0468470305204391	0.689227879047394	0.378597438335419	-0.617761135101318	2320	5
3130	10.8006572723389	5.62381935119629	22.1840572357178	0.797712802886963	0.00747642526403069	0.880983889102936	0.356264621019363	-0.311356455087662	2322	5
3131	11.2271814346313	7.52094078063965	23.312707901001	0.439872205257416	0.0343301258981228	0.652700066566467	-0.489293575286865	0.578424096107483	2323	5
3132	11.2814502716064	7.99467706680298	23.6630096435547	1.09832203388214	0.0443453080952168	-0.770048558712006	0.476460725069046	0.424276262521744	2324	5
3133	11.2364597320557	7.9745397567749	23.7583446502686	0.581646502017975	0.00946863554418087	0.419006019830704	0.905350863933563	-0.0690932273864746	2324	5
3134	11.195611000061	7.95872259140015	23.8343467712402	0.499384045600891	0.00513950549066067	0.945317387580872	0.225578680634499	-0.235561639070511	2324	5
3135	11.1867351531982	7.9553689956665	23.8505020141602	0.791645228862762	0.0516728721559048	0.530209481716156	-0.0171659998595715	0.847692847251892	2324	5
3136	11.2761821746826	7.99140024185181	23.6778869628906	0.832504987716675	0.014217734336853	-0.324030816555023	-0.212883457541466	0.921783447265625	2324	5
3137	10.8581962585449	7.83795213699341	24.4191055297852	0.398817956447601	0.0226962696760893	0.95745974779129	-0.287288635969162	0.0271311476826668	2324	5
3138	11.193076133728	7.95772457122803	23.8390426635742	1.08593416213989	0.0430736020207405	0.499548375606537	0.826307892799377	0.260128229856491	2324	5
3139	11.0928087234497	7.92143774032593	24.0165176391602	1.08517384529114	0.00830685906112194	0.384454607963562	0.759740054607391	0.524394690990448	2324	5
3140	11.0987396240234	7.92573261260986	24.0029621124268	1.18936812877655	0.0149596557021141	-0.0282998848706484	0.754419565200806	0.655782103538513	2324	5
3141	11.0096206665039	7.89541625976562	24.1564712524414	1.16332614421844	0.0084829768165946	0.264369994401932	0.739441275596619	0.619140684604645	2324	5
3142	10.7286834716797	7.80827665328979	24.6266040802002	1.01136350631714	0.0108974017202854	0.226216807961464	0.83794778585434	0.496658384799957	2324	5
3143	10.4789142608643	7.72733116149902	25.0450134277344	0.39189088344574	0.0101438770070672	0.608258306980133	-0.755656659603119	0.242909103631973	2324	5
3144	11.3782825469971	9.00290679931641	23.771900177002	0.764322340488434	0.00305408146232367	-0.168135240674019	0.967820763587952	0.187225639820099	2332	5
3145	11.8312311172485	6.28968143463135	23.2600688934326	0.512613773345947	0.0048400335945189	0.853165805339813	-0.176038965582848	0.491037905216217	2334	5
3146	12.8192167282104	6.61474895477295	23.3157348632812	0.269554704427719	0.0128125650808215	0.952595293521881	0.270174592733383	-0.139885500073433	0	0
3147	12.7027883529663	6.14703369140625	23.0524959564209	0.60148811340332	0.0129989460110664	-0.884805262088776	-0.323665052652359	0.335202127695084	2336	5
3148	11.6492176055908	6.92392301559448	24.244327545166	0.357092916965485	0.0445899181067944	-0.483921200037003	0.804500758647919	0.344381809234619	2340	5
3149	11.6617755889893	6.87179565429688	24.3087215423584	0.497809678316116	0.0499578379094601	-0.108528628945351	0.408125579357147	0.906451940536499	2340	5
3150	11.7738046646118	6.91161966323853	24.1633720397949	0.833854019641876	0.0392978712916374	-0.208436042070389	-0.623553693294525	0.753481984138489	2340	5
3151	11.9850978851318	6.20642042160034	24.1029071807861	0.573957681655884	0.0348588079214096	0.454391181468964	-0.02141273021698	0.890544950962067	2345	5
3152	12.1377544403076	5.94782257080078	24.0677433013916	0.476524502038956	0.0128137432038784	0.911215484142303	-0.077356718480587	-0.40460130572319	2345	5
3153	12.1369733810425	5.94585609436035	24.0699996948242	0.738513112068176	0.0124442782253027	0.346656084060669	0.878977656364441	-0.327456384897232	2345	5
3154	13.1656103134155	7.24996471405029	23.7553100585938	0.231550604104996	0.0166440717875957	0.133353427052498	-0.269066840410233	0.953844785690308	2347	5
3155	12.9930877685547	6.91921806335449	23.555477142334	0.385393589735031	0.0114932749420404	0.251463413238525	0.205284655094147	0.94584584236145	2348	5
3156	9.11040306091309	6.95469331741333	23.9605712890625	0.168368488550186	0.0576367899775505	0.454354524612427	0.792097151279449	-0.407607823610306	2350	5
3157	9.13170051574707	7.5293025970459	24.4045143127441	0.763762891292572	0.0554757863283157	0.246588855981827	0.968819379806519	-0.0241439417004585	2351	5
3158	9.23833179473877	8.12164497375488	24.5110111236572	1.16655933856964	0.062060009688139	0.89261257648468	0.450225025415421	0.0232434533536434	2351	5
3159	9.12358474731445	7.50812339782715	24.3986587524414	0.636976480484009	0.0116318333894014	0.840198636054993	0.151519298553467	-0.520680487155914	2351	5
3160	9.15539646148682	7.77297592163086	24.4422836303711	1.32265949249268	0.0516719780862331	0.735788702964783	-0.0233887005597353	-0.676807224750519	2351	5
3161	9.17073154449463	7.75721263885498	24.4443073272705	0.842761039733887	0.022157734259963	0.171290218830109	0.613963603973389	-0.770524799823761	2351	5
3162	9.20043754577637	7.96143007278442	24.4792537689209	0.379867881536484	0.0909430235624313	-0.420387774705887	-0.0571562573313713	-0.905542492866516	2351	5
3163	9.22486877441406	8.05757713317871	24.4987525939941	1.23491358757019	0.0257991272956133	0.641224443912506	0.367774128913879	-0.673478662967682	2351	5
3164	9.22134494781494	8.03986835479736	24.4954242706299	1.9483608007431	0.0934237837791443	0.362733423709869	0.885382354259491	-0.290727704763412	2351	5
3165	9.57553958892822	9.13002490997314	24.9921951293945	0.706781089305878	0.0103116687387228	0.756940543651581	0.0645393580198288	0.650288879871368	2352	5
3166	9.30755996704102	8.54517364501953	24.5968265533447	0.448194980621338	0.020279785618186	-0.259795099496841	0.845053851604462	-0.467322677373886	2352	5
3167	9.30850601196289	8.48832225799561	24.7342147827148	0.54988831281662	0.0576532930135727	-0.309375822544098	-0.941638588905334	0.132677838206291	2352	5
3168	9.43408203125	8.71654415130615	24.8079624176025	0.639975368976593	0.0483097396790981	0.255785286426544	0.566622078418732	0.783270955085754	2352	5
3169	9.50486660003662	8.91711711883545	24.8942432403564	1.50864577293396	0.0503055639564991	0.785751044750214	-0.503945887088776	0.358655631542206	2352	5
3170	9.53693675994873	9.00937843322754	24.9346199035645	1.00982320308685	0.00930461194366217	0.784483432769775	-0.586045742034912	0.202820658683777	2352	5
3171	9.36600971221924	8.54432010650635	24.7416858673096	1.29731857776642	0.0577238872647285	0.355221509933472	0.412930727005005	0.838633298873901	2352	5
3172	9.23447895050049	6.82156229019165	24.2173347473145	0.919421255588531	0.0381749682128429	0.376884549856186	0.367827236652374	0.850094795227051	2353	5
3173	9.01945209503174	6.68479871749878	24.5564060211182	0.475584179162979	0.0311490334570408	0.741402149200439	0.204821199178696	0.639039218425751	2353	5
3174	8.92673778533936	6.6525616645813	24.6547832489014	0.891397058963776	0.015276956371963	-0.55571985244751	0.830916345119476	-0.0274505913257599	2353	5
3175	9.90221118927002	6.66790151596069	25.2707977294922	0.969626545906067	0.0441283173859119	0.763206720352173	-0.642257392406464	0.0708587393164635	2354	5
3176	9.96117305755615	6.75995588302612	25.3086547851562	1.65909945964813	0.0488201007246971	0.884323239326477	-0.313007146120071	0.34640845656395	2354	5
3177	9.91932678222656	6.69245052337646	25.2822113037109	1.52072703838348	0.0639364123344421	0.25606644153595	0.458794355392456	0.850845217704773	2354	5
3178	10.0245761871338	6.86230087280273	25.3510456085205	0.484532237052917	0.0796786323189735	-0.473215371370316	0.880447566509247	-0.0296534597873688	2354	5
3179	9.7952880859375	7.28890609741211	25.3366775512695	2.026850938797	0.0538355596363544	0.0272078309208155	0.999628186225891	0.00182844151277095	3178	5
3180	9.14485549926758	7.36472654342651	26.6088237762451	0.746286630630493	0.0146747659891844	-0.682968556880951	0.156417280435562	-0.713503777980804	2355	5
3181	9.92478370666504	7.17201137542725	25.5773658752441	1.34638452529907	0.0530700124800205	-0.235906064510345	0.735628247261047	0.634979844093323	2355	5
3182	9.73881053924561	7.19776344299316	25.8064250946045	1.37698423862457	0.0457299128174782	0.222425431013107	0.968959450721741	0.107909798622131	2355	5
3183	9.67770385742188	7.20510768890381	25.8859176635742	0.176430091261864	0.0699883177876472	0.620896100997925	-0.777917385101318	0.0966052189469337	2355	5
3184	9.49925136566162	7.25878620147705	26.1279582977295	1.10115134716034	0.0105682648718357	-0.845268905162811	0.0648599937558174	-0.530390024185181	2355	5
3185	9.50199031829834	7.25641441345215	26.1238899230957	0.96135276556015	0.0577975958585739	-0.0270631033927202	0.463815629482269	0.885518312454224	2355	5
3186	9.37957382202148	7.29074430465698	26.2894039154053	0.531971216201782	0.0146194053813815	-0.785685479640961	-0.503573536872864	-0.359321624040604	2355	5
3187	9.38420486450195	7.29418563842773	26.2843074798584	0.18937548995018	0.016881488263607	-0.681033730506897	0.722237408161163	-0.120690159499645	2355	5
3188	9.25373077392578	7.32846355438232	26.4600391387939	0.450198948383331	0.0384530797600746	-0.743645250797272	-0.667324662208557	-0.0408585369586945	2355	5
3189	9.10430717468262	7.37994337081909	26.6651077270508	0.824778318405151	0.0237934831529856	-0.890082061290741	-0.157511875033379	-0.427719384431839	2355	5
3190	9.00226402282715	7.41255950927734	26.8047943115234	0.635735332965851	0.0225798338651657	-0.90672779083252	-0.410147935152054	0.0980983376502991	2355	5
3191	8.93744659423828	7.43487787246704	26.8946189880371	0.781257927417755	0.022566044703126	-0.29361030459404	0.91378653049469	-0.280690521001816	2355	5
3192	9.4071798324585	6.82400417327881	24.0937805175781	0.451370805501938	0.00278087775222957	0.820468604564667	0.56864869594574	0.0589059814810753	2356	5
3193	10.6055793762207	7.15590238571167	25.2752914428711	0.604827404022217	0.0170422103255987	0.8444002866745	-0.320256382226944	-0.429446190595627	2357	5
3194	10.5862865447998	7.14238977432251	25.2679309844971	0.812389135360718	0.0430846400558949	0.596358478069305	0.771941840648651	-0.220141589641571	2357	5
3195	10.684757232666	7.2091212272644	25.3064365386963	0.427236884832382	0.0180704444646835	0.425629705190659	-0.848903357982635	0.313372820615768	2357	5
3196	9.69427680969238	5.74219465255737	25.5717315673828	0.820686459541321	0.0871673300862312	0.486143708229065	-0.852107584476471	0.193847641348839	2358	5
3197	9.65849208831787	5.70365619659424	25.5408306121826	0.957542657852173	0.0250425208359957	-0.415332317352295	-0.396835833787918	0.818547785282135	2358	5
3198	9.52627086639404	5.54443883895874	25.422550201416	0.609042942523956	0.0159069579094648	-0.447604984045029	-0.316181033849716	0.836468398571014	2358	5
3199	9.35824203491211	5.33623504638672	25.2676296234131	0.320960998535156	0.0113555351272225	0.892328679561615	-0.302993297576904	-0.334581285715103	2358	5
3200	10.8251943588257	4.8085823059082	25.9445419311523	0.562743484973907	0.0555142425000668	0.249496966600418	0.314477205276489	0.915890455245972	2363	5
3201	9.14264869689941	7.0536847114563	25.6151332855225	0.670534133911133	0.00972108729183674	-0.596213102340698	-0.342193782329559	-0.726246118545532	2366	5
3202	7.23101854324341	7.64495086669922	25.3502521514893	0.593657076358795	0.0187656506896019	-0.0373641811311245	-0.955911993980408	-0.291266798973083	2369	5
3203	7.32282066345215	7.59749317169189	25.3384685516357	0.47116807103157	0.0197844449430704	-0.0123164290562272	0.955084919929504	0.296076029539108	2369	5
3204	5.7371129989624	7.45720529556274	26.1397323608398	0.268023252487183	0.0100082801654935	-0.74623167514801	-0.00331622152589262	-0.665678083896637	2371	5
3205	6.44165706634521	7.09365653991699	25.3982849121094	0.989961445331573	0.0715479850769043	-0.776647686958313	0.566417932510376	0.275661140680313	2371	5
3206	6.13659811019897	7.24360418319702	25.717960357666	0.797855019569397	0.0356379598379135	-0.264808654785156	-0.395466655492783	0.879478573799133	2371	5
3207	6.03568649291992	7.29515314102173	25.823637008667	0.439835160970688	0.0197916086763144	-0.178698822855949	-0.858671903610229	0.480363637208939	2371	5
3208	5.21355485916138	8.35737895965576	23.7774696350098	0.381260454654694	0.021979808807373	0.342090159654617	-0.866335272789001	0.363919645547867	2383	5
3209	5.09372568130493	8.30989265441895	23.7676277160645	0.397255629301071	0.0452618002891541	-0.108408845961094	-0.97187340259552	0.20906837284565	2383	5
3210	5.5843243598938	9.05788993835449	22.8742256164551	0.553478062152863	0.00249999994412065	0.583864808082581	0.772115707397461	-0.250877112150192	2388	5
3211	5.57839345932007	9.92604637145996	23.0704936981201	0.83778578042984	0.00699877180159092	0.901236414909363	-0.412294119596481	-0.133366405963898	2390	5
3212	5.1431131362915	8.24410724639893	25.3264923095703	0.536099433898926	0.0211219564080238	-0.298495382070541	0.471059739589691	0.830062210559845	2398	5
3213	4.71997690200806	8.25219821929932	25.1853771209717	0.383421748876572	0.00666365446522832	-0.29704624414444	-0.592965722084045	-0.748435199260712	2398	5
3214	3.3960907459259	7.94016742706299	24.7616539001465	0.227628707885742	0.0113881016150117	-0.708147943019867	0.0205814335495234	-0.705764055252075	2405	5
3215	9.46652698516846	6.38775730133057	26.31396484375	0.461305171251297	0.0324657186865807	-0.974026918411255	0.112324744462967	0.19660809636116	2410	5
3216	9.38568592071533	6.54488515853882	26.3908786773682	0.355029881000519	0.0126524176448584	-0.727063059806824	0.257514715194702	-0.636447489261627	2410	5
3217	8.6005802154541	6.46408796310425	26.961009979248	0.175906106829643	0.0810448005795479	0.965807020664215	0.257640361785889	-0.0289507899433374	2414	5
3218	8.61206150054932	6.46583843231201	26.9964389801025	0.490700334310532	0.0486472025513649	-0.148273229598999	0.824808180332184	0.545624971389771	2414	5
3219	8.0198221206665	6.8049693107605	26.5472221374512	0.378798305988312	0.0650236383080482	0.623050689697266	0.712862133979797	0.321924418210983	2415	5
3220	7.34543085098267	6.9851016998291	26.2013359069824	0.401399403810501	0.011584616266191	-0.143177285790443	-0.976319015026093	0.16217714548111	0	0
3221	7.80659151077271	6.03121376037598	27.4243774414062	0.627251803874969	0.0213005822151899	0.1952795535326	-0.740824520587921	0.64268571138382	2433	5
3222	8.95940017700195	4.81804609298706	15.5445737838745	0.496843785047531	0.0123389484360814	0.730813324451447	0.351123929023743	-0.585340917110443	2440	5
3223	9.63085556030273	5.27227687835693	16.1760501861572	0.491621017456055	0.0106385219842196	0.872469961643219	0.469107776880264	0.136872410774231	2441	5
3224	9.45839405059814	5.96458864212036	15.8852272033691	0.459301471710205	0.00855344440788031	0.772700071334839	-0.325109928846359	-0.545195579528809	2442	5
3225	9.773756980896	5.9217677116394	16.1476306915283	0.229280188679695	0.00409871945157647	-0.0918609574437141	-0.522286832332611	0.847807765007019	2443	5
3226	10.1877975463867	5.66455268859863	15.8427152633667	0.331391751766205	0.0117275714874268	0.23156675696373	0.835396587848663	-0.498487085103989	2445	5
3227	10.2704429626465	5.63465642929077	15.7716484069824	0.266021192073822	0.0106215160340071	-0.12385306507349	-0.762772917747498	-0.634694993495941	2445	5
3228	10.4030885696411	5.72432851791382	15.7449865341187	0.269801825284958	0.0128606474027038	0.643379390239716	-0.647785425186157	-0.407966941595078	2445	5
3229	6.51423168182373	4.86668491363525	14.5138940811157	0.731042921543121	0.0383821241557598	-0.876538932323456	-0.378768444061279	-0.297008395195007	2449	5
3230	5.60739421844482	5.56914854049683	14.5163097381592	0.639664113521576	0.0572685375809669	0.658661127090454	0.227438062429428	-0.717242956161499	2449	5
3231	5.91610908508301	5.32994508743286	14.5013494491577	0.933781683444977	0.0579706989228725	-0.875549018383026	-0.390861958265305	-0.283973395824432	2449	5
3232	6.35538339614868	4.04108190536499	14.3330059051514	0.785559713840485	0.0196088328957558	0.0327557064592838	0.817095339298248	-0.575571238994598	2452	5
3233	5.43981647491455	3.97377753257751	13.9328517913818	0.529748439788818	0.0087542561814189	-0.257900565862656	0.78595644235611	-0.561925113201141	2452	5
3234	7.29962062835693	3.65173268318176	14.688193321228	1.0464186668396	0.0100983204320073	0.996716797351837	0.000856004015076905	0.0809615328907967	2453	5
3235	7.62284231185913	3.18405222892761	14.619236946106	0.731414318084717	0.0108367288485169	0.948689818382263	-0.207038715481758	0.239003270864487	2453	5
3236	7.03564310073853	3.01326560974121	14.8130931854248	0.518257856369019	0.0677636861801147	-0.172930315136909	-0.980960369110107	-0.0883844420313835	2456	5
3237	6.24097871780396	3.15380239486694	14.3576889038086	0.186539262533188	0.056267999112606	0.202624633908272	0.133680582046509	-0.970089077949524	2457	5
3238	6.38477516174316	3.13139820098877	14.4752130508423	0.554033756256104	0.0733188167214394	0.174905091524124	-0.924106597900391	0.3397576212883	2457	5
3239	6.30481672286987	3.14798283576965	14.4196920394897	0.501073122024536	0.0444151870906353	-0.744241774082184	-0.64450079202652	-0.175279170274734	2457	5
3240	6.83033847808838	2.68868803977966	15.4087438583374	0.137052059173584	0.0104544293135405	0.644856452941895	-0.283328533172607	0.709848701953888	2458	5
3241	6.8056263923645	2.61084675788879	15.4305477142334	0.550199329853058	0.00874661840498447	-0.693478226661682	-0.652961790561676	-0.304514020681381	2458	5
3242	5.37564182281494	2.60435891151428	14.3655242919922	0.754067182540894	0.0644839033484459	-0.311609983444214	0.452180624008179	-0.83572244644165	2460	5
3243	5.56396389007568	2.65632033348083	14.5348958969116	0.663864374160767	0.00947260484099388	-0.233399137854576	-0.868868470191956	-0.436568945646286	2460	5
3244	5.81021213531494	1.54787087440491	14.0934429168701	0.394314050674438	0.0172750353813171	0.486143738031387	0.107458673417568	0.867246747016907	2461	5
3245	6.107017993927	1.84217739105225	14.4743909835815	0.976296246051788	0.0726372897624969	-0.904805779457092	0.244654104113579	-0.348526656627655	2461	5
3246	5.96128463745117	1.70018911361694	14.2784671783447	0.340991854667664	0.0443209335207939	0.409329026937485	-0.621817171573639	-0.667677462100983	2461	5
3247	5.82406806945801	1.56584179401398	14.0866765975952	0.522788763046265	0.0181441847234964	-0.7804034948349	0.334219604730606	-0.528457820415497	2461	5
3248	6.44299459457397	1.8112576007843	14.2726917266846	0.444672137498856	0.0489066317677498	0.971128404140472	-0.22789891064167	0.0705102682113647	2462	5
3249	6.30398035049438	1.98232746124268	16.1627235412598	0.773629426956177	0.04847726598382	0.675955653190613	0.615797340869904	-0.404817879199982	2463	5
3250	6.52734470367432	1.98471307754517	16.2293529510498	0.373517870903015	0.00941696111112833	0.330037236213684	0.904237866401672	0.270978629589081	2463	5
3251	6.99599504470825	1.82409691810608	15.4411783218384	0.781951487064362	0.0146067691966891	-0.246648654341698	0.944501638412476	0.216981679201126	2464	5
3252	7.00042772293091	1.8242449760437	15.4387922286987	0.794973611831665	0.018344359472394	0.632297456264496	0.0155923431739211	-0.774568796157837	2464	5
3253	6.80145645141602	1.74545121192932	15.491626739502	0.575529456138611	0.0214791353791952	0.232431098818779	-0.967583358287811	-0.0987843349575996	2464	5
3254	7.00990772247314	1.82485151290894	15.4337663650513	0.574016809463501	0.0175012983381748	0.483134031295776	-0.846894919872284	-0.222149759531021	2464	5
3255	7.52138471603394	1.99672484397888	15.2214040756226	0.624055564403534	0.0200892612338066	-0.256050229072571	0.887650370597839	0.382772922515869	2464	5
3256	6.84639596939087	1.79450833797455	15.5083923339844	0.855130314826965	0.0599222742021084	0.0381974801421165	0.993466079235077	-0.107545800507069	2464	5
3257	6.88046598434448	4.29912710189819	13.423529624939	0.604229509830475	0.0554790571331978	-0.531454145908356	0.832580804824829	-0.156095385551453	2469	5
3258	6.99842166900635	4.24533271789551	13.1938877105713	0.733289837837219	0.034967590123415	-0.686318159103394	0.587391138076782	-0.428881078958511	2469	5
3259	7.06791877746582	4.19710922241211	13.0632390975952	0.456066340208054	0.0170355476438999	-0.105069793760777	-0.892653048038483	-0.438327342271805	2469	5
3260	8.77922248840332	3.5302939414978	14.1395177841187	0.215510353446007	0.0184508394449949	0.396125316619873	-0.579983115196228	0.71183168888092	2471	5
3261	8.82447052001953	3.84927153587341	14.8578720092773	0.400389075279236	0.00538257323205471	-0.047049056738615	-0.925905704498291	0.374813288450241	2473	5
3262	9.35800170898438	3.58160853385925	14.6542043685913	1.15926897525787	0.00465950323268771	-0.263100385665894	0.962167978286743	-0.0707875117659569	2475	5
3263	9.19316959381104	3.70597410202026	14.6482934951782	0.760060787200928	0.0342610850930214	-0.860743939876556	0.0749270841479301	0.50349348783493	2475	5
3264	9.08643627166748	3.78928637504578	14.6411666870117	0.713140964508057	0.043412160128355	0.320502281188965	0.887541830539703	-0.330979943275452	2475	5
3265	8.58955383300781	4.17892789840698	14.6059999465942	0.386608004570007	0.0114517053589225	0.06527329236269	0.940594255924225	-0.33319941163063	2475	5
3266	9.37846660614014	3.07586264610291	14.5310573577881	0.289488732814789	0.010057401843369	0.278773635625839	0.630720317363739	-0.724207937717438	2480	5
3267	8.83350563049316	2.07275652885437	14.1613750457764	1.1436516046524	0.0154823074117303	-0.934004127979279	-0.105098947882652	-0.341453522443771	2483	5
3268	8.55330657958984	1.39005398750305	13.5489959716797	0.606150507926941	0.0389467477798462	-0.727658450603485	0.685357928276062	0.0282412599772215	2483	5
3269	8.64981746673584	1.65658187866211	13.7781715393066	0.558107197284698	0.0182296372950077	0.258640438318253	-0.712092578411102	0.652709126472473	2483	5
3270	9.96606540679932	1.84709811210632	14.3468713760376	0.423980295658112	0.00969493575394154	0.330204844474792	0.930400311946869	-0.159122556447983	2487	5
3271	9.27306461334229	1.47500145435333	14.2110319137573	0.687885761260986	0.0351757518947124	0.444315522909164	-0.800624549388885	-0.401975333690643	2488	5
3272	8.87659072875977	2.02630472183228	14.2857303619385	0.290335893630981	0.00560107547789812	-0.875915288925171	0.327647477388382	0.354146182537079	2489	5
3273	9.45923519134521	1.92472124099731	14.3255634307861	0.268600344657898	0.0110121686011553	0.175730064511299	-0.974222242832184	-0.141456767916679	2494	5
3274	8.80520915985107	1.84277403354645	18.4387454986572	0.300297051668167	0.0135433962568641	-0.678439736366272	-0.678608417510986	0.281443059444427	2498	5
3275	8.59698581695557	1.28588128089905	18.6053447723389	0.227003395557404	0.0120637835934758	-0.100239336490631	0.541349112987518	0.834801256656647	2498	5
3276	8.98798942565918	2.46285438537598	17.5573749542236	1.27302610874176	0.0671393722295761	0.199191734194756	-0.966790735721588	0.160119608044624	2500	5
3277	8.43624401092529	3.22760367393494	17.7321681976318	0.870800316333771	0.0532913021743298	0.573591947555542	-0.335822910070419	-0.74713808298111	2499	5
3278	8.41284847259521	2.96120452880859	17.6293354034424	0.600932598114014	0.0144054153934121	0.662768483161926	-0.426231116056442	-0.615682482719421	2500	5
3279	8.32335186004639	2.94678735733032	17.6663684844971	1.16174781322479	0.0588788874447346	-0.318668186664581	-0.83665943145752	-0.44547900557518	2500	5
3280	9.65147972106934	1.9934241771698	17.3998031616211	1.02232670783997	0.032850120216608	0.695151925086975	-0.711344420909882	0.103697128593922	2500	5
3281	10.3819408416748	1.54738903045654	17.2020168304443	0.308450162410736	0.0175792295485735	0.794225215911865	0.423389285802841	-0.435830026865005	2500	5
3282	10.0444183349609	1.71812653541565	17.3056621551514	0.527239203453064	0.0329716391861439	0.438556283712387	0.672874629497528	-0.59574168920517	2500	5
3283	10.3452739715576	1.54450070858002	17.2115726470947	0.336764127016068	0.020360941067338	-0.438844531774521	-0.834994256496429	0.331963866949081	2500	5
3284	9.33829116821289	0.699071049690247	18.2057132720947	0.344304025173187	0.0162379201501608	-0.774674773216248	-0.275754898786545	-0.56906795501709	2505	5
3285	8.99439334869385	0.93670654296875	18.1696910858154	0.167093947529793	0.0187579225748777	-0.807736039161682	-0.357900500297546	-0.468475937843323	2509	5
3286	9.48088073730469	0.845624804496765	18.2026023864746	0.514364719390869	0.0103897443041205	-0.949998199939728	-0.304844558238983	0.0676257833838463	2510	5
3287	8.12985706329346	2.80900239944458	18.838846206665	1.93448328971863	0.0545894093811512	0.971127390861511	0.167418494820595	-0.169949233531952	2518	5
3288	8.15056800842285	2.56006741523743	18.9286727905273	0.294940531253815	0.0126200867816806	-0.927313566207886	-0.305375546216965	0.216414555907249	2518	5
3289	8.13876438140869	2.69680643081665	18.8797016143799	0.376199781894684	0.024656068533659	0.72528213262558	-0.688450217247009	0.00146524212323129	2518	5
3290	8.19811820983887	1.94836020469666	19.1475353240967	0.515876770019531	0.038991529494524	0.757681131362915	0.278797775506973	0.590077221393585	2518	5
3291	8.18050003051758	2.21182012557983	19.0528755187988	1.05072319507599	0.0285856500267982	0.902937293052673	-0.416434794664383	-0.10623699426651	2518	5
3292	8.22804546356201	1.64307415485382	19.2543888092041	0.460145175457001	0.0405537150800228	0.856222629547119	-0.480108231306076	0.190732717514038	2518	5
3293	8.21284580230713	1.81319785118103	19.1945705413818	0.445731103420258	0.0406972356140614	-0.953655898571014	-0.260825216770172	-0.150035426020622	2518	5
3294	8.24447441101074	1.51993215084076	19.2965927124023	0.786131143569946	0.030980421230197	0.738667368888855	0.646898686885834	0.189453527331352	2518	5
3295	8.26284503936768	1.39056313037872	19.3400173187256	0.242834627628326	0.00802297610789537	-0.896494925022125	0.129428684711456	0.423727601766586	2518	5
3296	8.23071479797363	1.63920927047729	19.2553157806396	0.39003574848175	0.020619560033083	0.517518937587738	0.10487499833107	0.849220514297485	2518	5
3297	8.2486629486084	1.47679150104523	19.311710357666	0.407076150178909	0.00838651228696108	0.366852283477783	-0.684863388538361	0.629588425159454	2518	5
3298	8.27419948577881	4.14879083633423	18.912712097168	0.605481147766113	0.0469591319561005	-0.260390341281891	0.942762017250061	0.208318561315536	2524	5
3299	8.39803504943848	4.22818374633789	18.9703674316406	0.063201330602169	0.0401180982589722	-0.572539627552032	0.819863498210907	-0.00470791338011622	2524	5
3300	7.99073934555054	3.50328087806702	19.2335109710693	1.04960370063782	0.0108499983325601	0.627776920795441	-0.313650846481323	0.712403833866119	2526	5
3301	7.88616847991943	3.43806052207947	19.2851829528809	1.14073216915131	0.0588090792298317	0.0699154734611511	-0.106948420405388	0.991803348064423	2526	5
3302	8.10345840454102	3.22370982170105	19.9918880462646	1.43036675453186	0.052967943251133	0.636078357696533	0.770047426223755	-0.0493089891970158	2527	5
3303	8.11434745788574	3.18150472640991	20.1176300048828	1.36248731613159	0.00906018260866404	0.825913429260254	0.31542643904686	0.467304050922394	2527	5
3304	8.12467002868652	3.16169476509094	20.1725006103516	0.855396032333374	0.0331111922860146	0.833741962909698	-0.112407885491848	0.54059112071991	2527	5
3305	8.14133071899414	3.11230540275574	20.2971649169922	0.860878050327301	0.00995641201734543	0.687247931957245	0.532530307769775	0.494066625833511	2527	5
3306	8.13818264007568	3.10907363891602	20.3098850250244	0.490882337093353	0.0109385121613741	0.142860069870949	0.679928779602051	0.719227254390717	2527	5
3307	8.16201972961426	3.02749729156494	20.4845237731934	1.00947797298431	0.0501292832195759	0.677929401397705	-0.571069002151489	-0.462916731834412	2527	5
3308	8.57938575744629	2.47036623954773	20.8512706756592	0.438151985406876	0.0100200017914176	0.822200000286102	0.555599570274353	-0.12367781996727	2528	5
3309	8.08861064910889	3.07562923431396	20.4580211639404	0.625366032123566	0.0111638708040118	-0.462987989187241	0.697059571743011	0.547494292259216	2528	5
3310	9.3070707321167	1.51220524311066	21.5148639678955	0.507862985134125	0.0446915030479431	0.862483739852905	0.455579340457916	-0.220384493470192	2528	5
3311	9.34104824066162	1.37807357311249	21.6882152557373	0.279356509447098	0.0438400991261005	-0.999189138412476	0.0396165885031223	0.00719634350389242	2528	5
3312	7.80181550979614	2.55186820030212	20.0251560211182	0.599906384944916	0.00655446341261268	0.487049907445908	-0.873249709606171	0.014739747159183	2531	5
3313	7.66705656051636	2.36646199226379	20.1812210083008	0.726018905639648	0.0146991899237037	0.563021659851074	-0.614305078983307	0.552843451499939	2531	5
3314	7.50871229171753	2.14161658287048	20.3631801605225	0.807913541793823	0.0486359223723412	-0.709823250770569	0.677799463272095	-0.191673636436462	2531	5
3315	7.39416646957397	1.99346280097961	20.4843521118164	0.271817713975906	0.0160156991332769	-0.832417786121368	0.0408749803900719	-0.552638947963715	2531	5
3316	9.44205856323242	1.53936100006104	20.1583213806152	0.380880028009415	0.00342688732780516	0.559352159500122	0.601313948631287	-0.570567011833191	2533	5
3317	9.71309757232666	2.41832280158997	19.2555809020996	0.500892519950867	0.00879437290132046	0.761225879192352	0.216901317238808	-0.611137509346008	2543	5
3318	10.4385328292847	1.27014517784119	19.3181800842285	1.06969404220581	0.0293149370700121	-0.55860823392868	0.360864490270615	0.746815741062164	2545	5
3319	11.7482776641846	1.83094596862793	20.1556816101074	0.337705910205841	0.0118119232356548	-0.0271610282361507	-0.527947068214417	0.848842859268188	2546	5
3320	10.6568126678467	2.23173522949219	20.6231441497803	0.5859414935112	0.0451879687607288	0.227659583091736	0.971068799495697	-0.0720860958099365	2551	5
3321	11.6211681365967	2.13820767402649	20.7560081481934	0.681909799575806	0.0507355406880379	-0.0383743867278099	0.963166117668152	0.26615509390831	2558	5
3322	11.9581184387207	1.86543643474579	20.7298278808594	0.333045840263367	0.0141022652387619	0.856553673744202	-0.00227397121489048	0.516052901744843	2559	5
3323	12.0563926696777	1.84693014621735	20.6715850830078	0.32767128944397	0.00886531453579664	0.0382929258048534	0.999176681041718	0.0133997593075037	2559	5
3324	11.5290307998657	1.59236598014832	20.9144401550293	0.372907251119614	0.00402756547555327	0.667648553848267	-0.307275235652924	0.678105771541595	2562	5
3325	9.85731315612793	3.27720212936401	21.2335433959961	0.944098293781281	0.0133052580058575	-0.675531148910522	0.627460956573486	-0.387234300374985	2564	5
3326	9.8869743347168	3.14377999305725	21.3795738220215	0.475868314504623	0.0413289926946163	-0.54982715845108	-0.155017971992493	-0.820767641067505	2564	5
3327	9.87063217163086	3.22314405441284	21.2972450256348	0.757572948932648	0.0109050581231713	-0.850313603878021	0.364815473556519	0.379310578107834	2564	5
3328	9.87443447113037	3.20030665397644	21.3182754516602	1.35712504386902	0.0697591453790665	-0.776650846004486	0.356733381748199	0.519186735153198	2564	5
3329	9.99117660522461	2.71528840065002	21.8733024597168	1.3154034614563	0.0583063699305058	0.735530078411102	-0.611702978610992	-0.291230231523514	2564	5
3330	9.98740863800049	2.74243688583374	21.8567371368408	0.64294445514679	0.0196388959884644	0.156187668442726	-0.0367949120700359	-0.987041771411896	2564	5
3331	10.2908735275269	2.23321223258972	20.5187091827393	0.444305866956711	0.0168499127030373	-0.478515803813934	-0.878053784370422	-0.00664966041222215	2568	5
3332	10.4179430007935	1.23269402980804	21.1671028137207	0.432456851005554	0.0535833835601807	0.864803194999695	-0.441919982433319	0.238374009728432	2570	5
3333	10.4434471130371	1.02137231826782	21.4529666900635	0.153570920228958	0.049592636525631	-0.635480999946594	0.500755965709686	0.587713718414307	2570	5
3334	10.233850479126	1.24399244785309	21.0341262817383	0.642005503177643	0.0634491071105003	-0.0573744550347328	-0.210248842835426	0.975962936878204	2570	5
3335	10.524847984314	0.810218036174774	21.5001487731934	0.648083925247192	0.0254432689398527	-0.035072423517704	0.236395254731178	-0.971023738384247	2570	5
3336	10.7003316879272	1.51624512672424	21.020149230957	0.361341029405594	0.0100734336301684	0.132543832063675	0.405431836843491	0.904465138912201	2572	5
3337	11.7919225692749	2.14729332923889	21.3727283477783	0.232958987355232	0.00365233514457941	0.871668517589569	-0.0762623474001884	0.484126091003418	2578	5
3338	11.8933744430542	2.91421031951904	21.9513759613037	0.274017125368118	0.00756303453817964	0.845595240592957	0.395283728837967	-0.358774900436401	2579	5
3339	11.9637365341187	3.23465418815613	21.7691783905029	0.262625724077225	0.00271107349544764	0.695957899093628	0.628563582897186	0.34720367193222	2584	5
3340	3.6967556476593	4.60010862350464	15.9261693954468	0.434089213609695	0.0167613700032234	0.176203995943069	-0.982094764709473	-0.0666490122675896	2596	5
3341	5.77359390258789	8.15117263793945	15.1671524047852	0.388499587774277	0.00350241921842098	-0.0567860268056393	0.975468695163727	-0.212688013911247	2607	5
3342	5.43474769592285	9.7068395614624	21.3767929077148	0.496321111917496	0.00433060619980097	-0.92205798625946	-0.237972259521484	-0.305251181125641	2612	5
3343	5.8555269241333	2.1161801815033	17.5343017578125	0.361126273870468	0.00786836817860603	0.601396977901459	-0.11876355856657	-0.790073990821838	2615	5
3344	4.63130617141724	8.46019649505615	18.5188045501709	0.376226365566254	0.0257535986602306	0.293619602918625	0.751768171787262	0.590450823307037	2624	5
3345	3.9334192276001	6.32222509384155	20.0138168334961	0.378107279539108	0.0165819227695465	-0.270795673131943	0.873631834983826	-0.404273450374603	2627	5
3346	2.2887237071991	7.62554502487183	18.5222358703613	1.02765500545502	0.00962605513632298	0.702708542346954	0.67137223482132	-0.235499292612076	2636	5
3347	2.32602548599243	5.93401050567627	18.2246189117432	0.244725167751312	0.00250271311961114	-0.879474341869354	0.210178419947624	-0.427024453878403	2644	5
3348	2.41875171661377	5.68821907043457	18.0557250976562	0.264348834753036	0.00289616920053959	-0.878964364528656	-0.237481638789177	-0.413550496101379	2645	5
3349	6.26910161972046	3.10070252418518	18.9773101806641	0.274695634841919	0.0140046523883939	-0.779916286468506	0.179081499576569	-0.599716901779175	2657	5
3350	5.62843751907349	5.43111753463745	19.7193775177002	0.998605966567993	0.040100883692503	-0.846157908439636	-0.512985110282898	-0.144440785050392	2664	5
3351	5.33706998825073	5.57453632354736	19.6337585449219	0.539891600608826	0.00933237466961145	0.0508136674761772	0.518240571022034	0.853724002838135	2664	5
3352	5.30675888061523	5.58728981018066	19.6274814605713	0.867498755455017	0.00985637586563826	0.666764974594116	0.74098402261734	-0.0797943472862244	2664	5
3353	5.04588794708252	5.69648885726929	19.5751762390137	0.936677694320679	0.00989211909472942	0.105760388076305	0.973078429698944	-0.204775556921959	2664	5
3354	4.91735887527466	5.74950933456421	19.5538368225098	0.60431706905365	0.0120504423975945	-0.369923025369644	0.910483121871948	-0.184871554374695	2664	5
3355	6.09803867340088	5.0321888923645	20.4484825134277	0.614183962345123	0.00946781504899263	-0.985692083835602	0.076448105275631	-0.15022237598896	2668	5
3356	6.17516326904297	4.97157907485962	20.4446353912354	0.847410500049591	0.0106137171387672	-0.691664159297943	0.333309203386307	-0.64070725440979	2668	5
3357	8.08927345275879	2.54514932632446	22.399730682373	0.441770851612091	0.00900411978363991	-0.570789515972137	0.643340349197388	-0.510208427906036	2679	5
3358	8.33598709106445	3.2018883228302	22.4435634613037	0.395557284355164	0.0052258730866015	-0.202853679656982	0.768300652503967	0.607095181941986	2680	5
3359	8.32408428192139	3.18043613433838	22.4231033325195	0.680114269256592	0.0140612460672855	-0.212264850735664	-0.729117870330811	0.6506387591362	2680	5
3360	9.11762619018555	3.09053373336792	22.1848411560059	0.548768699169159	0.0195015743374825	-0.68463921546936	-0.442139625549316	0.579466640949249	2690	5
3361	4.76013088226318	4.32164812088013	20.0517864227295	0.439135074615479	0.00254817469976842	-0.734886229038239	0.276456594467163	-0.619284987449646	2700	5
3362	6.02587509155273	3.35346126556396	21.7245540618896	0.621210157871246	0.0151479700580239	0.999246895313263	-0.0310253798961639	0.0233041513711214	2701	5
3363	6.00760269165039	3.22414350509644	21.7996788024902	0.907461941242218	0.0215228628367186	0.740965068340302	0.56478750705719	-0.363298416137695	2701	5
3364	6.67689371109009	4.20095872879028	21.9631309509277	0.764761865139008	0.0189040042459965	0.388592392206192	0.535503387451172	0.749821424484253	2703	5
3365	7.05118370056152	4.28455066680908	22.1987743377686	0.333990693092346	0.0100113479420543	-0.517698228359222	-0.315383732318878	0.795312285423279	2703	5
3366	7.14236497879028	4.30543947219849	22.2546730041504	0.378853887319565	0.0108973449096084	0.510183453559875	-0.400196760892868	0.761285364627838	2703	5
3367	5.517653465271	3.84280586242676	21.8357467651367	0.467391729354858	0.0312644280493259	-0.616817235946655	-0.672525703907013	-0.408956825733185	2705	5
3368	5.96095895767212	3.79168701171875	22.0356502532959	0.431517720222473	0.00875873770564795	0.136821776628494	-0.791826605796814	0.595223009586334	2706	5
3369	5.82971048355103	3.64212083816528	21.9025402069092	0.459417790174484	0.00889659114181995	-0.0108192386105657	-0.999940931797028	-0.00102961284574121	2706	5
3370	10.1543445587158	4.0992226600647	24.8287181854248	0.443591475486755	0.0227392036467791	0.518820822238922	-0.777950167655945	-0.354427099227905	2715	5
3371	10.4606342315674	4.5305233001709	24.8921031951904	0.992176055908203	0.0104750441387296	0.466122686862946	-0.841784954071045	-0.272264152765274	2715	5
3372	10.2343797683716	4.23007774353027	24.8327331542969	0.910081446170807	0.0196267738938332	0.535690665245056	-0.833150923252106	0.137459322810173	2715	5
3373	9.30587673187256	4.36262321472168	24.8873596191406	0.630419254302979	0.0669659003615379	-0.407648533582687	0.749440491199493	0.521691143512726	2719	5
3374	9.24851989746094	3.39341449737549	25.2032833099365	0.188459306955338	0.0114377243444324	0.586571574211121	-0.333167135715485	-0.738196074962616	0	0
3375	10.4389553070068	4.52617359161377	25.6645278930664	0.356972187757492	0.00249999994412065	0.671575248241425	-0.147376865148544	-0.726131319999695	2723	5
3376	8.96403789520264	4.0386848449707	25.9063415527344	0.383290201425552	0.00249999994412065	0.76971423625946	-0.244837820529938	-0.589571416378021	2724	5
3377	10.345911026001	3.24325942993164	25.7984428405762	0.95774507522583	0.0169572234153748	-0.087735503911972	0.592040359973907	-0.801118433475494	2741	5
3378	9.96415424346924	3.83920574188232	25.4891510009766	0.698201417922974	0.0233819633722305	0.955965757369995	0.00291893142275512	0.293463915586472	2741	5
3379	10.2071599960327	3.46284556388855	25.6978511810303	0.373245894908905	0.0509669817984104	0.881304383277893	-0.456852078437805	0.120783895254135	2741	5
3380	9.76301670074463	4.60403394699097	26.0427284240723	0.38172647356987	0.0100097190588713	-0.196325361728668	-0.836960434913635	0.510836184024811	2742	5
3381	10.2838277816772	3.75135350227356	26.4400405883789	0.54445743560791	0.0106346206739545	0.223681703209877	0.888262033462524	-0.401194602251053	2744	5
3382	8.46431922912598	4.95931720733643	21.6323432922363	0.553518176078796	0.00268177501857281	0.985162317752838	-0.0448677390813828	0.165656492114067	2753	5
3383	8.20829486846924	5.41575717926025	23.0634441375732	0.48282378911972	0.0540567971765995	-0.0701097771525383	0.761305928230286	-0.644591212272644	2756	5
3384	8.14791011810303	5.48710012435913	23.0894336700439	0.577201902866364	0.0147363394498825	0.280399471521378	0.956114828586578	0.0849745497107506	2756	5
3385	8.12892150878906	5.50212812423706	23.0961112976074	0.582639038562775	0.0464847013354301	0.722709357738495	-0.638693928718567	0.264123558998108	2756	5
3386	10.7254495620728	3.01002669334412	22.4947052001953	0.242435052990913	0.0195889938622713	-0.151594191789627	0.799915373325348	-0.580650210380554	0	0
3387	10.8986577987671	3.04018497467041	22.4776554107666	0.558954417705536	0.0429515913128853	0.0699310153722763	-0.885940134525299	0.458497107028961	2759	5
3388	11.1327705383301	3.02305030822754	22.4749355316162	0.615023612976074	0.0658490061759949	-0.129612550139427	-0.258526921272278	0.957269251346588	2759	5
3389	10.2365522384644	2.74136757850647	22.318998336792	0.617422699928284	0.0047338604927063	-0.411790192127228	-0.198862507939339	0.889315724372864	2763	5
3390	10.7658338546753	2.33676862716675	23.9706745147705	0.300033420324326	0.017859548330307	-0.0470140837132931	-0.645129323005676	0.762625634670258	2766	5
3391	10.7903413772583	2.91985034942627	23.1241035461426	0.300499349832535	0.00249999994412065	0.476025730371475	-0.74033534526825	-0.474661082029343	2769	5
3392	11.0136671066284	1.99328088760376	22.7929744720459	0.564073443412781	0.00249877292662859	0.960177659988403	-0.244910016655922	0.134453952312469	2771	5
3393	11.13463306427	2.3457396030426	23.2375946044922	0.603820145130157	0.0273345839232206	-0.620439350605011	0.603259801864624	-0.501131415367126	2772	5
3394	10.5763864517212	3.54111051559448	22.5558643341064	0.251585602760315	0.00346636376343668	0.734829902648926	0.677974820137024	0.0193702485412359	2778	5
3395	10.6570205688477	4.52980804443359	22.7205486297607	0.286762148141861	0.0389999710023403	0.934514701366425	0.0330238342285156	-0.354389309883118	2786	5
3396	10.6837148666382	4.48466491699219	22.6990718841553	0.453131943941116	0.0298824459314346	0.488054871559143	-0.849535346031189	-0.200230121612549	2786	5
3397	10.937891960144	4.22747468948364	22.399040222168	0.452201992273331	0.0558886490762234	0.723365724086761	0.602662801742554	-0.336956411600113	2787	5
3398	11.1989688873291	4.15050458908081	22.4897270202637	0.324930787086487	0.0072743664495647	-0.778044104576111	-0.535614669322968	0.328274726867676	2787	5
3399	11.1449413299561	5.05854082107544	23.9192047119141	0.299594938755035	0.01474963221699	0.380492568016052	-0.899203360080719	0.216006428003311	2789	5
3400	11.3454666137695	5.10852575302124	23.8460254669189	0.358931839466095	0.0120439706370234	0.313842356204987	-0.400434613227844	-0.860903680324554	2789	5
3401	12.1682281494141	5.66670417785645	24.8199291229248	0.308761805295944	0.00372002436779439	-0.704944550991058	0.577309966087341	0.412027150392532	2791	5
3402	10.4129571914673	5.13648796081543	23.8260498046875	0.902005672454834	0.0394455157220364	0.0342474766075611	0.128162667155266	0.991161644458771	2792	5
3403	10.4999513626099	5.32014417648315	24.2072772979736	0.907385587692261	0.0141190085560083	0.572622537612915	0.777218043804169	-0.260836273431778	2792	5
3404	11.3813409805298	5.17726945877075	24.2677402496338	0.407578825950623	0.0129201468080282	0.173982068896294	-0.767989873886108	0.616377949714661	2796	5
3405	11.4723281860352	3.94344830513	23.901517868042	0.236566379666328	0.00249999994412065	-0.549041330814362	0.26059952378273	0.794129371643066	2809	5
3406	6.99619436264038	9.76460266113281	16.2271919250488	0.538035154342651	0.0352595113217831	-0.238060906529427	0.102818161249161	-0.965792715549469	2834	5
3407	5.45921754837036	8.85408306121826	16.6949901580811	0.703367352485657	0.020367830991745	-0.93899792432785	0.330048471689224	0.0967006087303162	2840	5
3408	5.52977228164673	8.65795993804932	16.5690765380859	0.815004706382751	0.0325532034039497	0.0227739624679089	0.980177283287048	0.196809157729149	2840	5
3409	5.50035572052002	8.73630619049072	16.6160583496094	0.631490051746368	0.0157115124166012	-0.935647785663605	0.316457241773605	-0.156263098120689	2840	5
3410	9.80784320831299	10.5860023498535	21.4823093414307	0.544068157672882	0.00267678289674222	-0.0944737941026688	0.947808980941772	0.304520547389984	2855	5
3411	9.44766044616699	10.5415182113647	21.6048049926758	0.436707019805908	0.00530150160193443	0.663032114505768	0.31237518787384	-0.680301487445831	2855	5
3412	11.8078384399414	10.3619804382324	21.36403465271	0.390589624643326	0.0122560206800699	0.667614161968231	-0.743875980377197	-0.0306570734828711	2857	5
3413	10.009578704834	10.8514013290405	21.14670753479	0.538888812065125	0.00251966365613043	-0.510101616382599	0.60098123550415	0.615319430828094	2862	5
3414	10.2251396179199	11.4567956924438	20.8608856201172	0.504698157310486	0.00294262659735978	0.8012575507164	-0.459656834602356	0.383016794919968	2862	5
3415	10.162654876709	11.2923727035522	20.9375896453857	0.413162738084793	0.00324471620842814	-0.850201606750488	0.367737859487534	-0.376730710268021	2862	5
3416	2.97590088844299	6.35170841217041	21.4553184509277	0.435477823019028	0.0203737821429968	-0.722281932830811	0.311322093009949	0.6175656914711	2891	5
3417	3.24094581604004	5.99957323074341	21.8396186828613	0.811293721199036	0.0127455899491906	-0.861362755298615	0.30559366941452	-0.405791372060776	2891	5
3418	3.16332864761353	6.10223817825317	21.7282733917236	0.421138405799866	0.00940977595746517	-0.542320251464844	-0.838552236557007	0.0521427281200886	2891	5
3419	3.12394905090332	6.15334701538086	21.6714363098145	0.5409175157547	0.0148437172174454	-0.293896824121475	0.207589790225029	0.933022618293762	2891	5
3420	3.70359635353088	6.53434419631958	22.9187183380127	0.519335746765137	0.00429705530405045	-0.53230893611908	-0.645462512969971	-0.547745645046234	2909	5
3421	8.54722118377686	4.31409788131714	25.1911010742188	0.166054531931877	0.010839706286788	0.818330943584442	-0.528561174869537	-0.225737884640694	0	0
3422	5.85086679458618	4.88843059539795	25.9125862121582	0.194118976593018	0.00249305763281882	0.81424081325531	0.249267369508743	0.524287819862366	2929	5
3423	6.12483978271484	5.01991891860962	26.1597900390625	0.510264992713928	0.0146549651399255	0.089325025677681	-0.931215763092041	0.353352814912796	2930	5
3424	5.94692325592041	4.97879123687744	26.1546268463135	0.279910802841187	0.0117115136235952	-0.439358085393906	-0.854815602302551	0.276142627000809	2930	5
3425	5.06471157073975	6.20737028121948	27.8722496032715	0.154404446482658	0.00300709623843431	-0.919534206390381	0.160696282982826	-0.358655214309692	2939	5
3426	6.64962816238403	7.59332513809204	27.6403503417969	0.205138757824898	0.00612938357517123	-0.362739205360413	-0.782827496528625	0.505570411682129	2956	5
3427	10.1827697753906	6.10697555541992	10.3123340606689	0.489599853754044	0.00392968626692891	-0.876159310340881	0.183563858270645	-0.4457006752491	2962	6
3428	10.6371479034424	6.45094585418701	10.0955305099487	0.290590167045593	0.00249999994412065	0.389467388391495	-0.920694410800934	0.0252374522387981	2965	6
3429	7.66018629074097	8.83712100982666	11.5725173950195	0.665457189083099	0.0106775565072894	0.280967950820923	-0.959313333034515	-0.0278381891548634	2969	6
3430	10.3226327896118	8.65137481689453	11.292534828186	0.394620418548584	0.00337569881230593	-0.630828022956848	0.76280814409256	0.142055317759514	2974	6
3431	10.2635908126831	9.23368549346924	14.166934967041	0.631837010383606	0.00659845443442464	-0.555812537670135	0.63039642572403	-0.541915774345398	2976	6
3432	10.2696647644043	9.24603176116943	14.1707286834717	0.208142355084419	0.0100293345749378	0.42199632525444	-0.317241817712784	0.849280118942261	2976	6
3433	9.99038791656494	8.83864974975586	14.2640933990479	0.83097630739212	0.0291468966752291	0.472768545150757	0.736132442951202	0.484354138374329	2978	6
3434	10.0141744613647	8.75813007354736	14.297212600708	0.592867791652679	0.00796367507427931	-0.984741151332855	0.107702367007732	0.136693775653839	2978	6
3435	10.0298471450806	8.70746898651123	14.3218402862549	0.534441351890564	0.0114475237205625	-0.889443039894104	-0.330309092998505	0.31589087843895	2978	6
3436	12.3709764480591	5.59406757354736	20.353666305542	0.615904629230499	0.0103484718129039	-0.411615997552872	0.441117882728577	0.79748809337616	3008	6
3437	12.3420181274414	5.70037937164307	20.276346206665	0.439581215381622	0.00283650914207101	0.497070819139481	0.54534125328064	0.674924790859222	3008	6
3438	12.2721385955811	8.02366161346436	23.1699333190918	0.280933111906052	0.0116900969296694	0.422364443540573	-0.242348656058311	0.873427391052246	3019	6
3439	12.3432264328003	8.13979148864746	23.4008045196533	0.504808604717255	0.0096474327147007	-0.896106064319611	0.375563323497772	-0.236529111862183	3019	6
3440	12.2750453948975	7.93827962875366	23.9075698852539	0.352663964033127	0.00482837483286858	-0.00150624010711908	0.523237228393555	-0.852185726165771	3027	6
3441	12.1366195678711	8.60076332092285	22.5285243988037	0.46991240978241	0.0312103051692247	0.64064359664917	-0.653246581554413	-0.403540313243866	3031	6
3442	10.6194067001343	5.89942741394043	20.4377937316895	0.577460169792175	0.0333847217261791	0.860093533992767	-0.436195313930511	0.26452374458313	3038	6
3443	10.5876798629761	6.29805421829224	20.4934272766113	0.44467768073082	0.00839747581630945	0.907537341117859	0.0652174800634384	-0.414876669645309	3038	6
3444	10.6562471389771	5.05740404129028	20.805908203125	0.639941573143005	0.0280959121882915	0.799573957920074	0.389855176210403	0.456830829381943	3047	6
3445	10.9261674880981	4.55010557174683	20.8202247619629	0.282999366521835	0.0376105085015297	0.267821341753006	-0.388040155172348	0.881871044635773	3053	6
3446	11.1264934539795	4.51884746551514	20.8223896026611	0.313014358282089	0.00786810182034969	-0.840770065784454	0.046244990080595	0.539413690567017	3053	6
3447	10.7486591339111	4.57958602905273	20.8307304382324	0.29573455452919	0.0284136421978474	-0.663256704807281	0.0706513673067093	0.745049595832825	3053	6
3448	10.9112501144409	4.55259847640991	20.8205089569092	0.320854902267456	0.00607105623930693	-0.588846623897552	0.199671119451523	0.783192873001099	3053	6
3449	8.32128620147705	9.23073291778564	24.3442192077637	0.508467078208923	0.0227834917604923	-0.813586592674255	0.159856289625168	0.559037506580353	3068	6
3450	8.34880256652832	9.2609920501709	24.3607616424561	0.529095232486725	0.0356614924967289	0.733575224876404	0.62656843662262	0.263209998607635	3068	6
3451	8.29708385467529	9.31674194335938	24.3777961730957	0.815844774246216	0.0179327763617039	0.442123830318451	0.462407290935516	0.768573939800262	3068	6
3452	7.90073347091675	9.71263217926025	24.5011348724365	0.373566120862961	0.0748382955789566	0.225606814026833	0.833728909492493	-0.50398188829422	3068	6
3453	8.98660469055176	7.86047744750977	22.9409294128418	0.461546450853348	0.00311482022516429	-0.49720174074173	0.677336096763611	0.542223453521729	3069	6
3454	9.42273139953613	8.4602518081665	22.8302726745605	0.31192871928215	0.00859622098505497	-0.127249836921692	0.399286448955536	-0.907952547073364	3070	6
3455	7.98654079437256	8.66805267333984	24.1082725524902	0.779325246810913	0.00247085699811578	-0.494892954826355	0.612210214138031	-0.616668224334717	3075	6
3456	7.28667688369751	7.48416948318481	24.1196403503418	0.379033327102661	0.00249999994412065	0.527865171432495	0.0252701472491026	0.848952174186707	3079	6
3457	8.46235656738281	8.09496974945068	25.2604846954346	0.173652336001396	0.00416450249031186	0.848799884319305	0.429765492677689	0.30796155333519	3084	6
3458	8.15025424957275	8.32288455963135	25.1003742218018	0.813553214073181	0.00999999977648258	-0.435746133327484	-0.89951103925705	0.0317042283713818	3086	6
3459	8.12189769744873	8.24203681945801	25.0751419067383	0.832326412200928	0.00684224627912045	-0.634696364402771	-0.758244395256042	-0.1490837931633	3086	6
3460	8.41948795318604	8.78531551361084	24.710506439209	0.367110013961792	0.00251117651350796	-0.00785571336746216	-0.738104581832886	0.674640595912933	3089	6
3461	7.54042720794678	8.40328979492188	24.8399257659912	0.403786212205887	0.00405403133481741	0.330718755722046	0.0102385319769382	0.943673849105835	3090	6
3462	7.53113222122192	8.51278972625732	24.7524909973145	0.250660717487335	0.00442356849089265	0.815519332885742	0.483132481575012	0.318608343601227	3090	6
3463	7.53117656707764	8.37391948699951	24.8425178527832	0.359509617090225	0.00406466843560338	-0.506607711315155	0.671562433242798	-0.540696322917938	3090	6
3464	8.40364074707031	10.8872327804565	22.6923274993896	0.493171602487564	0.01078418828547	0.508719384670258	0.858375668525696	-0.0663008093833923	3103	6
3465	8.60009479522705	10.9001207351685	22.3760452270508	0.677386879920959	0.00580551335588098	-0.355972111225128	-0.706345081329346	0.611850082874298	3103	6
3466	8.53435707092285	10.9007816314697	22.487325668335	0.441834896802902	0.00938520859926939	0.556009948253632	0.655285239219666	-0.511325895786285	3103	6
3467	8.53631401062012	10.8960695266724	22.4782390594482	0.547995805740356	0.0647057443857193	-0.382205307483673	0.524848580360413	-0.760561108589172	3103	6
3468	8.70578956604004	10.9026565551758	22.2066879272461	0.564570307731628	0.00766835268586874	0.180756628513336	-0.139181941747665	0.97363007068634	3103	6
3469	7.18162059783936	9.53816509246826	23.1134052276611	0.373892366886139	0.0046393945813179	0.128688722848892	0.967865288257599	-0.216046452522278	3105	6
3470	8.97186660766602	6.1784496307373	23.0403919219971	0.543660461902618	0.00316651724278927	0.664955973625183	-0.319384843111038	-0.675149500370026	3116	6
3471	9.60003089904785	6.16685056686401	22.4077339172363	0.365675330162048	0.0153395673260093	0.882668554782867	0.101592592895031	0.458884686231613	3118	6
3472	11.2774324417114	5.93256664276123	22.7063407897949	0.290738970041275	0.0293118916451931	0.209471896290779	0.891177237033844	0.402398586273193	3129	6
3473	11.4051856994629	6.11552286148071	22.5267543792725	0.526520431041718	0.0072066062130034	-0.978473544120789	0.0920708328485489	0.184695914387703	3129	6
3474	11.4208059310913	8.09263706207275	24.1286602020264	0.42521795630455	0.0108747556805611	-0.0232330560684204	-0.161476343870163	0.986603021621704	3135	6
3475	11.491738319397	8.43692016601562	24.0176963806152	0.649447798728943	0.040169857442379	0.784503102302551	-0.220947161316872	0.579428315162659	3138	6
3476	12.2199983596802	5.97121286392212	23.239049911499	0.215463027358055	0.0254367720335722	-0.190913662314415	0.112977787852287	0.975083529949188	3147	6
3477	9.2588005065918	7.9445972442627	24.2938461303711	0.41675078868866	0.0177692603319883	-0.612730324268341	0.512349247932434	0.601714134216309	3157	6
3478	9.82829666137695	8.58778381347656	24.2011909484863	0.781395256519318	0.0179834850132465	0.569730520248413	0.816601097583771	0.0925731211900711	3158	6
3479	9.8892183303833	8.604660987854	24.2673873901367	0.408076614141464	0.0365936271846294	-0.872597754001617	-0.463214069604874	0.15493831038475	3158	6
3480	10.0423355102539	8.64605140686035	24.3836975097656	0.657208204269409	0.0124169765040278	-0.857572078704834	-0.267421633005142	0.439381241798401	3158	6
3481	9.77665901184082	7.82086706161499	23.772008895874	0.521470189094543	0.0137145360931754	0.257025808095932	0.871304929256439	0.418049603700638	3160	6
3482	9.80926322937012	8.45695018768311	23.7535800933838	0.224876955151558	0.00826360750943422	0.69477778673172	-0.462076902389526	0.551152169704437	3163	6
3483	9.67403030395508	8.95592975616455	23.9366302490234	0.798957347869873	0.0543001927435398	0.196867272257805	0.642769038677216	-0.740331888198853	3164	6
3484	9.81898212432861	9.24690914154053	23.9272804260254	0.459624350070953	0.0706849470734596	0.317945152521133	-0.201302602887154	-0.926492393016815	3164	6
3485	10.2609968185425	8.37402153015137	25.2964916229248	0.379633694887161	0.058590043336153	0.880543112754822	0.451179057359695	-0.145193830132484	3169	6
3486	9.50647449493408	7.06005382537842	24.8420925140381	0.258666962385178	0.0420704409480095	-0.636705935001373	0.61867892742157	0.46026286482811	3172	6
3487	10.1194314956665	6.91979026794434	25.762186050415	1.29655861854553	0.0548340566456318	0.956805050373077	-0.223685905337334	-0.185711309313774	3177	6
3488	10.2241373062134	7.10748195648193	26.1141967773438	0.423404812812805	0.0668065622448921	0.893245279788971	0.0158681124448776	0.449289470911026	3177	6
3489	10.2392826080322	7.1345329284668	26.161096572876	0.493325501680374	0.0510632582008839	0.781871974468231	0.588795304298401	-0.204929828643799	3177	6
3490	9.84410667419434	9.2325267791748	25.2865524291992	0.623333334922791	0.00786822941154242	-0.476283818483353	-0.788839101791382	-0.388441234827042	3179	6
3491	9.76218605041504	7.71295690536499	25.3675632476807	0.16740570962429	0.00688320444896817	0.969319343566895	0.0278572775423527	-0.244221165776253	3179	6
3492	9.76181125640869	7.72264862060547	25.3666133880615	0.843717396259308	0.0305675715208054	-0.840697944164276	0.494658201932907	0.220318302512169	3179	6
3493	9.76702976226807	7.86446046829224	25.3688793182373	0.594315767288208	0.0536845922470093	-0.0489902496337891	0.789616703987122	0.611641585826874	3179	6
3494	9.82610130310059	7.45100784301758	25.7052154541016	0.532517969608307	0.0586698539555073	-0.0570627227425575	-0.503552615642548	0.862078189849854	3181	6
3495	9.81523990631104	7.61983108520508	25.8766536712646	0.981274366378784	0.0535005927085876	0.722959041595459	0.243604406714439	0.646519243717194	3181	6
3496	9.91678810119629	7.3193211555481	25.6222171783447	0.756738543510437	0.054275494068861	0.94241589307785	0.330278128385544	0.0526176579296589	3181	6
3497	9.79805850982666	7.71637725830078	26.0017223358154	0.506947934627533	0.0206072237342596	0.639936029911041	-0.715922713279724	-0.279171198606491	3181	6
3498	8.97717761993408	7.26085805892944	25.7429084777832	0.390218168497086	0.00352227524854243	-0.311640501022339	-0.778150498867035	-0.545309126377106	3184	6
3499	9.45919227600098	7.46253108978271	26.4154510498047	0.305308133363724	0.015067639760673	0.603560090065002	0.631309032440186	0.486995041370392	3185	6
3500	9.54752063751221	5.6273455619812	25.9680156707764	0.484101206064224	0.0225874427706003	-0.217697635293007	-0.743692696094513	0.632082939147949	3196	6
3501	9.81379413604736	5.41326379776001	25.8862800598145	0.357553064823151	0.0397268682718277	-0.883675515651703	-0.468072563409805	0.0050730612128973	3196	6
3502	9.14457035064697	5.62654304504395	25.6043529510498	0.274074524641037	0.022038459777832	0.924314975738525	0.232003450393677	0.303011983633041	0	0
3503	10.8582620620728	4.89900779724121	26.0371780395508	0.396899878978729	0.0295451786369085	0.154995545744896	0.984969973564148	0.0762266889214516	3200	6
3504	7.14532232284546	7.3138484954834	25.8031711578369	0.283879548311234	0.0121933631598949	-0.164395526051521	-0.913179576396942	0.372930645942688	0	0
3505	6.54348087310791	7.07009601593018	25.4317378997803	0.932287693023682	0.064824566245079	0.167635306715965	-0.502771377563477	0.848009049892426	3205	6
3506	6.43674278259277	7.15501070022583	25.4662036895752	0.61273980140686	0.082586444914341	0.125464543700218	0.299045503139496	0.945954859256744	3205	6
3507	6.13074159622192	7.3738112449646	25.5770416259766	0.710584700107574	0.0156295131891966	0.261958062648773	0.813371777534485	0.519426822662354	3205	6
3508	6.36645078659058	4.72853660583496	14.4641199111938	0.40896463394165	0.00498380046337843	-0.61255669593811	-0.726217031478882	0.312062680721283	3229	6
3509	5.39162826538086	2.70587921142578	14.0043230056763	0.609766006469727	0.0337676629424095	0.103446118533611	-0.886730015277863	-0.450565069913864	3242	6
3510	5.18193435668945	2.016850233078	14.0508413314819	0.336720913648605	0.0133652146905661	-0.186401024460793	-0.963472664356232	-0.192289248108864	3245	6
3511	6.5251989364624	2.29646968841553	16.0904140472412	0.427009731531143	0.012471335940063	-0.96905505657196	0.106430530548096	-0.222721427679062	3249	6
3512	7.09021377563477	1.81763625144958	15.4221954345703	0.362303197383881	0.00666156318038702	0.530165076255798	-0.54143899679184	-0.65250962972641	3252	6
3513	6.93721151351929	2.59793925285339	15.4234189987183	0.455926418304443	0.0121550038456917	0.78874796628952	0.56207937002182	0.248884320259094	3256	6
3514	6.93070507049561	2.68090510368347	15.4451532363892	0.382414668798447	0.00258303969167173	0.447316944599152	0.651921391487122	-0.612295746803284	3256	6
3515	8.41546535491943	1.95090138912201	14.2279663085938	0.385609358549118	0.00459599401801825	-0.212278887629509	-0.782819390296936	-0.584920048713684	3267	6
3516	8.98674488067627	1.97760736942291	17.6916484832764	1.00812220573425	0.0358250513672829	-0.854486048221588	-0.439629107713699	-0.276730686426163	3276	6
3517	9.02301979064941	1.81788945198059	17.7151050567627	0.681096732616425	0.0545381903648376	0.941327691078186	0.059862744063139	0.332142382860184	3276	6
3518	8.65298080444336	2.79316115379333	17.4044456481934	0.320360869169235	0.00611763913184404	0.271672606468201	-0.879767835140228	-0.390131384134293	3278	6
3519	10.1593942642212	1.39537942409515	17.5017566680908	0.538562834262848	0.00479505117982626	-0.861500382423401	-0.299166232347488	-0.410264074802399	3280	6
3520	9.2496862411499	3.05225229263306	18.6648330688477	0.632691144943237	0.0465610809624195	-0.0774285271763802	-0.871533274650574	0.48418453335762	3287	6
3521	9.88640594482422	3.16066479682922	18.5561542510986	0.397644072771072	0.0165198892354965	-0.618572473526001	-0.35142457485199	0.702758014202118	3287	6
3522	9.44056224822998	3.08311033248901	18.6354522705078	0.539674401283264	0.0135669000446796	0.290798753499985	0.91145646572113	0.291003733873367	3287	6
3523	8.38838577270508	2.24267506599426	19.2203750610352	0.724447071552277	0.0330257602035999	0.897285521030426	0.0277365725487471	-0.440578371286392	3291	6
3524	8.72088623046875	2.01139068603516	19.1144256591797	0.451252728700638	0.00786607898771763	0.902467370033264	-0.154387578368187	-0.402140617370605	3291	6
3525	8.36221790313721	3.34918689727783	19.7195434570312	0.619063377380371	0.00273897754959762	-0.396484553813934	-0.395124286413193	0.828659653663635	3300	6
3526	8.87358283996582	4.07570457458496	19.9399452209473	0.395230621099472	0.0150281377136707	-0.968505263328552	-0.243218779563904	0.053311862051487	3302	6
3527	8.66218185424805	3.3007550239563	20.5504169464111	0.267387509346008	0.0104002421721816	-0.675792217254639	-0.666235387325287	0.315333545207977	3304	6
3528	8.53996276855469	2.76472687721252	20.2748012542725	0.336821496486664	0.0133288549259305	-0.341477423906326	-0.895375907421112	0.285823553800583	3307	6
3529	8.60983371734619	2.70784187316895	20.2248706817627	0.340399414300919	0.0137707265093923	0.291692048311234	-0.631621181964874	0.71831077337265	3307	6
3530	9.58703231811523	1.59127068519592	21.3516216278076	0.312270730733871	0.0106190107762814	0.405757278203964	0.890076398849487	0.207665786147118	3310	6
3531	7.35351848602295	2.31745100021362	20.4163436889648	0.487657994031906	0.0178386270999908	-0.530684232711792	-0.650868356227875	-0.542903900146484	3314	6
3532	9.91091918945312	1.64150094985962	20.0635433197021	0.425334841012955	0.00394008820876479	0.665546476840973	0.584243059158325	-0.46444371342659	3318	6
3533	10.0437297821045	1.54954600334167	19.8924140930176	0.587189674377441	0.0261783562600613	0.830339789390564	-0.557165205478668	0.010131343267858	3318	6
3534	9.1000394821167	3.6122989654541	21.8140506744385	0.34373551607132	0.0137466564774513	-0.443139463663101	-0.753395617008209	-0.485821485519409	3328	6
3535	10.1512565612793	2.50722479820251	21.7859592437744	0.439152032136917	0.0141003215685487	0.0588945187628269	-0.997705578804016	-0.0333909317851067	3329	6
3536	10.6445531845093	2.11912941932678	21.5605621337891	0.418190538883209	0.0229038707911968	0.334680676460266	0.906136512756348	-0.258660942316055	3329	6
3537	10.3023023605347	1.05043423175812	21.5443248748779	0.250578880310059	0.00494884513318539	0.912552177906036	0.0180479809641838	0.408561706542969	3333	6
3538	3.77351593971252	4.24330520629883	15.9129476547241	0.315911710262299	0.00427188957110047	0.713158309459686	-0.379612594842911	0.589321136474609	3340	6
3539	2.69946646690369	7.88756227493286	18.2962913513184	0.378595918416977	0.00249999994412065	-0.347968935966492	0.529006540775299	-0.773995935916901	3346	6
3540	5.42689800262451	5.32272672653198	19.7247524261475	0.558520078659058	0.008158422075212	0.0932091325521469	0.995221138000488	0.0291026700288057	3350	6
3541	6.53180503845215	3.3316638469696	21.7529144287109	0.352491080760956	0.00281163910403848	-0.0633526295423508	-0.970825135707855	0.231268495321274	3362	6
3542	10.9032354354858	2.85061645507812	22.734748840332	0.12416909635067	0.0129821533337235	0.679919362068176	-0.242162615060806	-0.6921466588974	3387	6
3543	10.8133001327515	3.59946656227112	22.1654891967773	0.216839253902435	0.0168082602322102	-0.343020081520081	-0.742749571800232	0.57503068447113	0	0
3544	10.8223161697388	4.5196704864502	22.8578090667725	0.141556903719902	0.0236270036548376	-0.976668477058411	-0.0714564025402069	-0.202515378594398	0	0
3545	10.4029922485352	5.25169563293457	24.568920135498	0.89033567905426	0.0157268289476633	-0.580518364906311	0.412226140499115	-0.702188074588776	3402	6
3546	10.6695241928101	5.5186505317688	24.0593452453613	0.350863605737686	0.00511555559933186	0.454843014478683	-0.160660102963448	-0.875960111618042	3403	6
3547	10.9716911315918	5.98159790039062	23.980770111084	0.607442498207092	0.00427615502849221	-0.285521805286407	-0.550432085990906	0.78453928232193	3403	6
3548	7.1744236946106	7.71086597442627	19.2035160064697	0.244226604700089	0.013353100977838	0.90931648015976	-0.237150862812996	0.341910839080811	0	0
3549	7.30851936340332	4.43786859512329	25.8775844573975	0.185929358005524	0.0254954732954502	0.385403335094452	-0.660745024681091	0.644112050533295	0	0
3550	10.962251663208	4.47269773483276	20.9039173126221	0.603713572025299	0.00590131571516395	0.23795984685421	-0.942182838916779	-0.235937863588333	3445	7
3551	12.1824626922607	5.96400928497314	23.3537483215332	0.60718697309494	0.00456674583256245	-0.390461981296539	-0.89976042509079	0.194860324263573	3476	7
3552	9.9707612991333	8.61081409454346	24.4206314086914	0.657479763031006	0.00947732571512461	-0.94185596704483	-0.321321994066238	-0.0982829704880714	3480	7
3553	9.76234531402588	9.34173202514648	23.4682445526123	0.367631524801254	0.00942086055874825	0.788254737854004	-0.443236351013184	-0.426844209432602	3483	7
3554	10.0645742416382	8.21904468536377	25.2990760803223	0.332096368074417	0.0139041943475604	0.95302140712738	-0.249290496110916	-0.172059550881386	3485	7
3555	10.7395534515381	6.66713762283325	25.7255306243896	0.507217645645142	0.0125013627111912	0.601119220256805	0.566518664360046	0.563659846782684	3487	7
3556	9.56719398498535	8.76806259155273	25.0688247680664	0.432773679494858	0.00276588276028633	-0.416660696268082	0.819002211093903	0.394498765468597	3490	7
3557	9.20358657836914	7.90949201583862	25.4671821594238	0.323748201131821	0.0373930148780346	-0.303044766187668	0.94097912311554	-0.150738820433617	3492	7
3558	9.12227821350098	8.00358200073242	25.4979801177979	0.342840611934662	0.028081588447094	-0.299773752689362	-0.484534621238708	0.821804106235504	3492	7
3559	10.2577857971191	7.73567628860474	26.3193588256836	0.46470782160759	0.0202083811163902	-0.762411534786224	0.543865323066711	0.350626915693283	3495	7
3560	6.65531873703003	6.88972663879395	25.8421096801758	0.974670886993408	0.0115254716947675	-0.102776229381561	0.95832747220993	0.266543656587601	3505	7
3561	6.5970401763916	7.39949083328247	26.0371532440186	0.842911064624786	0.00255674682557583	0.236791878938675	0.507127106189728	-0.828704833984375	3506	7
3562	5.38191795349121	2.53903341293335	13.9406700134277	0.327878624200821	0.00890635792165995	-0.781767249107361	-0.225018844008446	-0.581555306911469	3509	7
3563	9.79239749908447	3.0932469367981	18.682674407959	0.479458391666412	0.0164895467460155	0.23766353726387	-0.91869330406189	-0.315465837717056	3521	7
3564	8.70881843566895	2.24680733680725	19.0993499755859	0.199212089180946	0.01073401235044	-0.0145723316818476	0.884841859340668	-0.465663552284241	3523	7
3565	10.0202188491821	2.28938889503479	21.7551403045654	0.25462207198143	0.00372411636635661	0.625890970230103	0.779254972934723	0.031971164047718	3535	7
3566	9.98493576049805	2.3237612247467	21.7247867584229	0.533975064754486	0.0124015938490629	0.572443842887878	-0.740929245948792	-0.35118642449379	3535	7
3567	10.8042993545532	5.65341758728027	24.4413070678711	0.194279983639717	0.00249999994412065	0.419645220041275	0.735148549079895	-0.532404363155365	3547	7
